category_name,question_text,option_a,option_b,option_c,option_d,correct_answer,complexity,disabled,image_url
Celebrities,One of Johnny Depps earliest film roles was as Gator Lerner in what 1986 movie?,The Color of Money,Platoon,Top Gun,Aliens,B,medium,false,
Celebrities,"Which of these Tim Burton films, starring Johnny Depp, came first?",Charlie and the Chocolate Factory,Ed Wood,Sleepy Hollow,Edward Scissorhands,D,medium,false,
Celebrities,"This Scottish author, portrayed by Johnny Depp in the movie Finding Neverland, created the fictional character Peter Pan.",John Dunne,George Eliot,Joseph Grimm,James Barrie,D,medium,false,
Celebrities,"In the 2001 movie Blow, Johny Depps role is based on the real life story of his character.",True,False,,,A,medium,false,
Celebrities,What is the first name of Johnny Depps character in the 2004 film Secret Window?,Tom,Alan,Lou,Mort,D,medium,false,
Celebrities,Johnny Depp played the role of Inspector Fred Abberline in what 2001 film?,From Hell,Nick of Time,Chocolat,The Astronauts Wife,A,medium,false,
Celebrities,"Johnny Depp publicly stated that he, in part, had based his portrayal of Captain Jack Sparrow in Pirates of the Caribbean: The Curse of the Black Pearl on which musician?",Jim Morrison,Ozzy Osbourne,Mick Jagger,Keith Richards,D,medium,false,
Celebrities,"In the 1993 movie Whats Eating Gilbert Grape, Gilbert Grape is the name of the character played by Johnny Depp.",False,True,,,B,medium,false,
Celebrities,When was Elvis born?,"January 8, 1935","January 8, 1977","August 16, 1935","August 8, 1977",A,medium,false,
Celebrities,Who were Elviss parents?,Billy and Joseph,Gladys and Vernon,Lisa Marie and Vernon,Priscilla and Dee,B,medium,false,
Celebrities,What is Elviss mansion called?,Neverland,Swampland,Kingstown,Graceland,D,medium,false,
Celebrities,What town was Elvis born in?,Branson,Memphis,Tupelo,Nashville,C,medium,false,
Celebrities,He played Nicholas Bradford on the ultra popular 70s sitcom Eight is Enough.,Adam Rich,Jason Bateman,Meeno Peluce,Danny Pintauro,A,medium,false,
Celebrities,Rapper turned actor Will Smith married this actress in 1997.,Brandy Norwood,Nia Long,Jada Pinkett,Shia LeBeouf,C,medium,false,
Celebrities,Former tennis great Steffi Graf married this former tennis great in 2001.,John McEnroe,Boris Becker,Andre Agassi,Jimmy Connors,C,medium,false,
Celebrities,"In 1997, Actor Matthew Broderick married this Sex and the City star.",Kristen Davis,Sarah Jessica Parker,Cynthia Nixon,Kim Catrall,B,medium,false,
Celebrities,What famous actor did Catherine Zeta Jones marry in 2000?,Kirk Douglas,Michael Douglas,Jeff Bridges,Lloyd Bridges,B,medium,false,
Celebrities,Actor James Brolin married this famous singer in 1998.,Aretha Franklin,Barbra Streisand,Bette Midler,Maria Muldaur,B,medium,false,
Celebrities,Singer Jennifer Lopez married this famous singer in 2004.,Dave Grohl,Enrique Iglesias,Gavin Rossdale,Mark Anthony,D,medium,false,
Celebrities,Actor Ben Stiller married this actress in 2000.,Pam Anderson,Nikki Taylor,Christine Taylor,Heather Graham,C,medium,false,
Celebrities,"In 2002, pop diva Gwen Stefani married the former lead singer of the band Bush. What is the name of Stefanis significant other?",Ross Gavindale,Nigel Pulsford,Gavin Rossdale,Chris Traynor,C,medium,false,
Celebrities,What actor did Demi Moore marry in 2005?,Ashton Kutcher,Bruce Willis,Brendan Fraser,Patrick Dempsey,A,medium,false,
Celebrities,"In 2005, actress Jennifer Garner married this Hollywood movie star.",Matt Houston,Matt Damon,Ben Affleck,John Stamos,C,medium,false,
Celebrities,"This actor made his film debut in Rubberface and followed it with appearances in Copper Mountain, Once Bitten and Peggy Sue Got Married before he hit the big time.",Dean Cain,Jim Carrey,Matt Dillon,Alan Cumming,B,medium,false,
Celebrities,This American actor played the roles of Mr. Big in the 007 film Live and Let Die and Parker in the hit Sci-Fi movie Alien.  He later starred in the TV show Homicide: Life on the Street.,Yaphet Kotto,Nicholas Downs,Dana Carvey,George Chakiris,A,medium,false,
Celebrities,This British actor is the eldest of a pair of twins and who played George Weasley in the Harry Potter series of films.,Yaphet Kotto,Sean Astin,Samuel Sarpong,Oliver Phelps,D,medium,false,
Celebrities,This American actor was one of the child stars of The Goonies and also played a brave and helpful hobbit in Lord Of The Rings.,Orlando Bloom,Garrett Hedlund,Sean Astin,Norman Reedus,C,medium,false,
Celebrities,"This American actor has received two Academy Award nominations for Best Actor in a Leading Role, winning it once for his portrayal of a suicidal alcoholic in Leaving Las Vegas.",Steve Buscemi,Nicholas Cage,Macaulay Culkin,Danny Glover,B,medium,false,
Celebrities,"This British actor came to fame playing a drug addict in Trainspotting and has appeared in a variety of independent and blockbuster movies, including the recent Star Wars films.",Ian McKellen,Ryan Reynolds,Norman Wisdom,Ewan McGregor,D,medium,false,
Celebrities,"This American is an actor, producer, director and general philanthropist.  He is responsible for setting up the Sundance Independent Film Festival.",Stephen Dorff,Matthew Broderick,Nick Nolte,Robert Redford,D,medium,false,
Celebrities,"This British actor is mainly known for his portrayal of a schoolboy wizard, but has also appeared on stage naked!",Frank Converse,Kenneth Branagh,Ewan McGregor,Daniel Radcliffe,D,medium,false,
Celebrities,"This versatile young actor has played a diverse range of characters in films, but is known best as a heroic little hobbit in Peter Jacksons blockbuster trilogy of Lord Of The Rings.",Haley Joel Osment,Elijah Wood,Ryan Reynolds,Edward Speleers,B,medium,false,
Celebrities,This British actor is probably best known for playing the villain Blofeld in the James Bond series of films and Dr. Loomis in the Halloween movies.,Stuart Townsend,Samuel West,Donald Pleasence,Tom Baker,C,medium,false,
Celebrities,"Which actor, who played Legolas in The Lord of the Rings trilogy, was born on January 13, 1977?",Elijah Wood,Sean Astin,Orlando Bloom,Viggo Mortensen,C,medium,false,
Celebrities,"What more than 10-time Grammy Award winning pop singer was born on February 2, 1977.",Nelly Furtado,Pink,Mya,Shakira,D,medium,false,
Celebrities,"This actress, who starred in the movie I Know What You Did Last Summer, was born on April 14, 1977. What is her name?",Rachael Leigh Cook,Jennifer Love Hewitt,Sarah Michelle Gellar,Brandy,C,medium,false,
Celebrities,"Which singer, born on January 28, 1977, was a member of the popular boy-band N Sync?",Joey Fatone,Lance Bass,Nick Carter,Justin Timberlake,A,medium,false,
Celebrities,"This actor, who is also an animal rights activist, was born on August 2, 1977. He was arrested in Kentucky for attempting to free lobsters from a grocery store.",Chris Klein,Macaulay Culkin,Edward Norton,Edward Furlong,D,medium,false,
Celebrities,What instrument did Louis Armstrong play?,Saxophone,Trumpet,Clarinet,Violin,B,medium,false,
Celebrities,What instrument did jazz musician Benny Goodman play?,Drums,Flute,Clarinet,Saxophone,C,medium,false,
Celebrities,Prince can play the drums.,False,True,,,B,medium,false,
Celebrities,"Matt Cameron, who has been a member of Soundgarden and Pearl Jam, plays what instrument?",Keyboards,Drums,Bass,Guitar,B,medium,false,
Celebrities,Bobby Militello of The Dave Brubeck Quartet plays the piano.,False,True,,,A,medium,false,
Celebrities,"Adam Yauch, one of the founding members of the Beastie Boys, plays which of the following instruments?",Turntable,Bass,Keyboards,Guitar,B,medium,false,
Celebrities,Buddy Guy played a Fender Stratocaster.,True,False,,,A,medium,false,
Celebrities,"David Bowie plays many instruments, which of the below does he also play?",French Horn,Cello,Flute,Bass,B,medium,false,
Celebrities,Nick Rhodes from Duran Duran plays what instrument?,Keyboards,Tuba,Symbols,Drums,A,medium,false,
Celebrities,What is the middle name of John Stamos?,Jesse,Ronald,Roy,Phillip,D,medium,false,
Celebrities,Actor John Stamos didnt play in which one of these shows?,Full House,General Hospital,Different Strokes,ER,C,medium,false,
Celebrities,John Stamos original family name was Stamotopoulos.,False,True,,,B,medium,false,
Celebrities,"John Stamos dated singer and American Idol judge, Paula Abdul.",No,Yes,,,B,medium,false,
Celebrities,Was John Stamos cast in the role of the main character Jake in Jake in Progress?,Yes,No,,,A,medium,false,
Celebrities,The TV sitcom Fullhouse ran on ABC for how many seasons?,1,6,8,11,C,medium,false,
Celebrities,"John Stamos was born in Cypress, California on what date?","August, 2","August, 19","July, 11","August, 12",B,medium,false,
Celebrities,Did Rebecca Romijn and John Stamos divorce in 2005?,Yes,No,,,A,medium,false,
Celebrities,John Stamos appeared in an episode of Friends.,True,False,,,A,medium,false,
Celebrities,"The song A Day in the Life, from the Beatles Sgt. Peppers album, contains a Paul McCartney death clue that supposedly reveals what?",Pauls age when he died,Who took Pauls place in the band,The manner of Pauls death,Why Pauls death was kept a secret,C,medium,false,
Celebrities,"Who took Paul McCartneys place in the Beatles, according to a death clue in the song Sgt. Peppers Lonely Hearts Club Band on the album of the same name?",Mr. Kite,Sgt. Pepper,Billy Shears,An unnamed replacement,C,medium,false,
Celebrities,"The Paul is dead myth holds that Paul McCartney died on November 9, 1966.  Which of the following is not a clue suggesting that date?","The bass drum on the Sgt. Peppers album cover has a hidden message, visible by holding a mirror through the middle of the drum, indicating 11/9.","The lyrics of Shes Leaving Home include the line, Wednesday morning at five oclock, and November 9, 1966, was a Wednesday.",The repetition of number nine in the song Revolution 9 means November nine.,The Beatles had released nine albums by the time Paul supposedly died.,D,medium,false,
Celebrities,"Richard Kiel, who is 72 tall, remains best known for which role in the James Bond movies?",Jaws,Mr. Kidd,Largo,Mister Big,A,medium,false,
Celebrities,Sean Connery was placed third in the tall mans division of 1953 Mr. Universe Bodybuilding Contest.,True,False,,,A,medium,false,
Celebrities,"Which of the following James Bond movies, starring Sean Connery, was released first?",Thunderball,Never Say Never Again,From Russia with Love,Dr. No,D,medium,false,
Celebrities,What of these was the last movie Sean Connery made?,Finding Forrester,The League of Extraordinary Gentlemen,First Knight,The Avengers,B,medium,false,
Celebrities,Sean Connery was offered a role in The Matrix but turned it down.,True,False,,,A,medium,false,
Celebrities,Sean Connery has done voice-over work in a video game.,True,False,,,A,medium,false,
Celebrities,Sean Connery got tattoos while he was in the Navy.,False,True,,,B,medium,false,
Celebrities,Why was Sean Connerys service in the Navy shortened?,Bad conduct,none of the above,injury to his back,stomach ulcer,D,medium,false,
Celebrities,"This actor gave his voice to the popular animated cartoon cat Garfield. He was also known as the voice of Carlton, the doorman on the television comedy Rhoda, a spin-off of the Mary Tyler More Show.",Lorenzo Music,Billy Gilbert,Ernie Sabella,Peter Falk,A,medium,false,
Celebrities,"An elephant in Dumbo, the Queen of Hearts in Alice in Wonderland, and Flora in Sleeping Beauty were some of the best roles of this voice actress.",Edith Head,Nancy Cartwright,Lucille La Verne,Verna Felton,D,medium,false,
Celebrities,"You remember this actress voice from Mulan (Grandmother Fa), Cinderella (Lucifer the Cat) and The Smurfs (Jokey Smurf and Mother Nature). She was also Granny, the owner of Tweety and Sylvester the cat.",Adriana Caselotti,Mary K. Bergman,Shaaron Claridge,June Foray,D,medium,false,
Celebrities,"Which of these characters was voiced by Adriana Caselotti, an Italian-American actress of a musical family?",Roger Rabbit,Snow White,The Little Mermaid,Cinderella,B,medium,false,
Celebrities,"This TV and voice actor is from a Jewish family from Greece. He has had many voice roles (numerous characters on the The Simpsons, Eddie Brock in the Spider-Man animated series), several Emmys, and roles in many movies and TV shows.",Mike Judge,Johnny Knoxville,Hank Azaria,Paul Giamotti,C,medium,false,
Celebrities,"To which of these animated films has popular American actress and voice artist, Mae Questel not contributed?",Who Framed Roger Rabbit,Popeye the Sailor,Micky Mouse,Betty Boop,C,medium,false,
Celebrities,"This remarkable ventriloquist voiced Scooby-Doo, Papa Smurf, Astro (the Jetsons dog), Hampton Pig, Boo-Boo (Yogi Bears buddy) and Ruff from Ruff n Reddy.",Don Messick,Thurl Ravenscroft,Trey Parker,Hans Conreid,A,medium,false,
Celebrities,"This voice actor was often called the king of the movie trailer, having voiced the trailers for over 3,000 movies. He is given credit for such movie clichés as A one man army.... and In a world, where....",Isaac Hayes,Peter Cullen,Don La Fontaine,Melvin Franklin,C,medium,false,
Celebrities,"This actor from Paterson, New Jersey voiced Joe Swanson in Family Guy, Kronk in The Emperors New Groove, and Tick in TV series, Tick.",Mike Judge,Daws Butler,Tex Brasher,Patrick Warburton,D,medium,false,
Celebrities,"Bill Scott, a voice actor, writer, and producer of animated cartoons, primarily in association with Jay Ward, was the voice of three of these characters. Name the one he did not voice.",Boris Badenough,Bullwinkle,Mr. Big,George of the Jungle,A,medium,false,
Celebrities,"This American actress, born in Paris, is best known for voicing Lisa Simpson from The Simpsons series. She also appeared on the situation comedies Hermans Head and Dharma and Greg.",Julie Kravner,Yeardley Smith,Nancy Cartwright,Daniella Castellaneta,B,medium,false,
Celebrities,Her name is Memphis Eve. Who is her famous dad?,Bono,Todd Rundgren,Shaquille ONeal,Gregg Allman,A,medium,false,
Celebrities,"He changed his family name to separate himself from his famous uncle, but he named his son Kal-El.",Jack Black,Nicholas Cage,Elliot DePalma,John Soderburgh,B,medium,false,
Celebrities,"She has named her children Six, Seven, Fly and Puma.",Erykah Badu,Shakira,Mel B.,Mel C.,A,medium,false,
Celebrities,"This Hawaiian born actress/singer starred in A Knights Tale; Kiss, Kiss, Bang, Bang; and appeared as a guest star on several TV shows. She named her son Audio Science Clayton.",Edie Falco,Shannon Sossamon,Keira Knightly,Bette Midler,B,medium,false,
Celebrities,Singer Sarah McLachlan has children named India Ann Sushil and Tajah Summer.,False,True,,,B,medium,false,
Celebrities,"This actor and friend of Jimmy Stewart served on board the U.S.S. destroyer, Satterlee. He served honorably in war, yet his daughter spent most of her early life protesting the Vietnam War.",Robert Mitchum,Kirk Douglas,John Wayne,Henry Fonda,D,medium,false,
Celebrities,"It was clear...frankly my dear, he did give a damn. He served honorably in WWII in the air force.",Spencer Tracy,Clark Gable,Douglas Fairbanks,Lee Marvin,B,medium,false,
Celebrities,Nicolas Cage played one of the protagonists in the movie Fast Times at Ridgemont High.,True,False,,,B,medium,false,
Celebrities,In which of these movies has Nicolas Cage not appeared?,Face Off,Crash (2004),Con Air,The Family Man,B,medium,false,
Celebrities,What was the occupation of Nicolas Cages character in the movie It Could Happen to You?,a painter,a lawyer,a judge,a police officer,D,medium,false,
Celebrities,In which of these movies does Nicolas Cage play an arms dealer?,Warlord,The Warlords,Lord of War,War,C,medium,false,
Celebrities,Which of these war movies stars Nicolas Cage?,Black Hawk Down,Saving Private Ryan,Windtalkers,Thin Red Line,C,medium,false,
Celebrities,Does Willem Dafoe star with Nicolas Cage in the 1990 movie Wild at Heart?,Yes,No,,,A,medium,false,
Celebrities,Nicolas Cage plays Andrew Sterling in the movie Amos  Andrew.,False,True,,,A,medium,false,
Celebrities,What was the name of Nicolas Cages character in the movie City of Angels?,Steven,Nate,Nathaniel,Seth,D,medium,false,
Celebrities,Nicolas Cage won an Academy Award for his performance as a suicidal alcoholic in this movie.,Wild at Heart,8mm,Leaving Las Vegas,Adaptation,C,medium,false,
Celebrities,"The movie Captain Corellis Mandolin, starring Nicolas Cage, is set during which war?",The Vietnam War,None of these,WWII,WWI,C,medium,false,
Celebrities,"What was the full name of Hardy, of the famous comedy partnership, Laurel and Hardy?",Oliver Norwell Hardy,Oliver Wendell Hardy,Wendell Oliver Hardy,Norton Oliver Hardy,A,medium,false,
Celebrities,"What was the full name of Laurel, of the famous comedy duo, Laurel and Hardy?",Stanley Arthur Jefferson,Wolliam Wendell Laurel,Arthur Stanley Jefferson,Arthur Stanley Laurel,C,medium,false,
Celebrities,"Which was the first movie in which Stan Laurel and Oliver Hardy both appeared in 1921, albeit not as a team?",A Lucky Dog,The Second Hundred Years,The Bohemians,The  Piano Movers,A,medium,false,
Celebrities,"What was the last movie famous comedy duo, Laurel and Hardy made together?",The Bohemians,Atoll K (aka Utopia),The Jerks at Sea,The Kentucky Gentlemen,B,medium,false,
Celebrities,"Which of these is not a name comedy duo Laurel and Hardy went by, in European countries?",Dick und Dorf,Da Schoene und da Huebsche,El Gordo y El Flaco,Stallio and Ollio,B,medium,false,
Celebrities,Which of the two members of comedy team Laurel and Hardy won a Lifetime Achievement Academy Award from the Screen Actors Guild ?,Neither,Laurel,They won as a team,Hardy,B,medium,false,
Celebrities,"What was the cause of American actor, Oliver Hardys death on August 7, 1957?",Stroke,Tuberculosis,Cancer,Heart attack,A,medium,false,
Celebrities,"Which of comedy team, Laurel and Hardys films won an Oscar for Best Comedy Short Subject in 1932?",The Music Box,The Tie Twiddler,The Bohemian Girl,Two Jerks at Sea,A,medium,false,
Celebrities,Which was the first movie in which actors Stan Laurel and Oliver Hardy officially appeared as a team?,The Second Hundred Years (June 1927),Babes in Toyland (1934),The Lucky Dog (1921),The Music Box (1932),A,medium,false,
Celebrities,Who co-starred with Elvis in Flaming Star?,Debra Paget,Juliet Prowse,Shelly Fabares,Barbara Eden,D,medium,false,
Celebrities,Which actress was Elviss love interest in Blue Hawaii?,Joan Blackman,Judy Tyler,Debra Paget,Carolyn Jones,A,medium,false,
Celebrities,Loving You stars Elvis Presley and this actress.,Diana Goodwin,Judy Tyler,Barbara Eden,Dolores Hart,D,medium,false,
Celebrities,"Elviss first film, Love Me Tender, stars what leading lady?",Dolores Hart,Judy Tyler,Dianna Goodwin,Debra Paget,D,medium,false,
Celebrities,Elviss girlfriend in Charro was played by this actress.,Carolyn Jones,Ina Balin,Barbara Eden,Dolores Hart,B,medium,false,
Celebrities,Stay Away Joe was a completely different image for Elvis.  Who starred with him in this film?,Ann-Margret,Katy Jurado,Carolyn Jones,Shelly Fabares,B,medium,false,
Celebrities,"Of all the movie stars Elvis Presley worked with, she was the only one to attend his funeral.",Juliet Prowse,Ann-Margret,Stella Stevens,Shelly Fabares,B,medium,false,
Celebrities,"Who did Elvis dance the Flamenco with, in movie Girls, Girls, Girls?",Laura Goodwin,Donna Douglas,Stella Stevens,Juliet Prowse,A,medium,false,
Celebrities,"What actress starts in Live A Little Love A Little,  alongside Elvis?",Nancy Sinatra,Connie Stevens,Michele Cary,Debra Paget,C,medium,false,
Celebrities,"There is more than one lady after Elviss attention in the move Fun In Acapulco, but only this one can be his Bosa Nova Baby.",Elsa Cardenas,Ann-Margret,Joan Blackman,Ursula Andress,A,medium,false,
Celebrities,It Happened at the Worlds Fair (1963) stars Elvis and this beauty.,Elsa Cardenas,Ursula Andress,Joan OBrien,Ann-Margret,C,medium,false,
Celebrities,"In the film,Wild in the Country, Elvis had to choose between three of these four leading ladies. Which actress did he pick?",Tuesday Weld,Millie Perkins,Hope Lange,Laura Goodwin,A,medium,false,
Celebrities,Which R  B songstress named her child Puma?,Toni Braxton,Erykah Badu,Lauryn Hill,Mary J. Blige,B,medium,false,
Celebrities,Diezel is the child of which R  B songstress?,Vanessa Williams,Toni Braxton,Brandy,Lauryn Hill,B,medium,false,
Celebrities,Kal-el is the child of which Oscar winning actor?,Dustin Hoffman,Nicholas Cage,Russell Crowe,Tom Hanks,B,medium,false,
Celebrities,This Oscar winning actress named her daughter Apple.,Helen Hunt,Frances McDormand,Gwyneth Paltrow,Hilary Swank,C,medium,false,
Celebrities,This former supermodel named her child Sailor Lee.,Kathy Ireland,Rachel Hunter,Cheryl Tiegs,Christie Brinkley,D,medium,false,
Celebrities,Which television and movie actor has a child named Thyme?,Patrick Dempsey,Kevin Bacon,Bruce Willis,Isiah Washington,D,medium,false,
Celebrities,This movie star named his child Reignbeau.,Damon Wayans,Jamie Foxx,Ving Rhames,Samuel L. Jackson,C,medium,false,
Celebrities,Which Australian born actress named her child Banjo?,Rachel Griffiths,Toni Collette,Naomi Watts,Nicole Kidman,A,medium,false,
Celebrities,Which comedian has a child named Moxie Crimefighter?,Adam Carolla,Penn Jillette,Jason Alexander,Chris Kattan,B,medium,false,
Celebrities,Which musician has a son named Speck Wildhorse?,Jon Bon Jovi,John Denver,John Mellancamp,Bono,C,medium,false,
Celebrities,"Which Aerosmith song are the following lyrics from: Sing with me, sing for the year, sing for the laughter, sing for tear..?",Walk This Way,I Dont Want To Miss A Thing,Dream On,Rag Doll,C,medium,false,
Celebrities,"Which is the missing word from the lyrics of the popular Aerosmith song I Dont Want To Miss A Thing: “I could stay awake, just to hear you _________”?",Sleeping,Blinking,Walking,Breathing,D,medium,false,
Celebrities,"The following lyrics are from the song Walk On Water by Aerosmith: “Cruised into a bar on the, her picture graced the grime on the door.”",True,False,,,B,medium,false,
Celebrities,"What Aerosmith song are the following lyrics from: “Get ready for the big time, tap dancing on a land mine”?",Rag Doll,Angel,Walk This Way,Cryin,A,medium,false,
Celebrities,"What is the missing word in these lyrics by Aerosmith: “I was _____ when I met you, now Im dying to forget you”?",Angry,Crazy,Cryin,Sad,C,medium,false,
Celebrities,"What song by Aerosmith has the following lyrics: You talk about things that nobody cares, you’re wearing out things that nobody wears?",Dream On,Sweet Emotion,Amazing,Janies Got A Gun,B,medium,false,
Celebrities,"The following lyrics are from the song Amazing by Aerosmith: Lifes a journey, not a destination, and theres just no telling what tomorrow brings.",False,True,,,B,medium,false,
Celebrities,"What Aerosmith song are the following lyrics from: That kind of lovin, sends a man, to his grave?",Cryin,Love In An Elavator,Crazy,Angel,C,medium,false,
Celebrities,What is the most popular nickname of TV talk show host Jay Leno?,The Boss,The Grandpa,The Wig,The Chin,D,medium,false,
Celebrities,Justin Timberlakes very curly blond hair has earned him this funny nickname.,Perm,Surly-Curly,Curly Spice,Noddle Hair,C,medium,false,
Celebrities,What was the reason Madonna was called Madge in Great Britain?,Because she mentions Joe DiMaggio in her song Vogue,It is just a pet name for Madonna,It is short for Your Majesty,Because she resembles Mary Magdalene,C,medium,false,
Celebrities,What is actress Courtney Coxs nickname that she was given by her family and friends as a child?,Tsetse,CeCe,Coxie,CoCo,B,medium,false,
Celebrities,"Reportedly president George W. Bush liked to call himself this, being a big fan of nicknames.",The Decider,The Big Brother,The Manager,The Big Bad Boss,A,medium,false,
Celebrities,Gwen Stefani has been called this nickname because of her smile and her signature platinum blond hair.,Sunshine,Sunrise,Barbie,Marilyn,A,medium,false,
Celebrities,What female singer has been called Booty because of her impressive buttocks?,Shakira,Beyonce,Jennifer Lopez,Janet Jackson,D,medium,false,
Celebrities,What nickname was given to actor Charlie Sheen which rhymes with his last name?,Teen,Spleen,Mean,Masheen,D,medium,false,
Celebrities,Aerosmiths lead singer Steven Tyler was called this nickname to refer to his powerful voice and signature vocalization.,Soundwave,The Deafening Monster,Demon of Screaming,Gigahertz,C,medium,false,
Celebrities,What American actor was given the ingenious nickname Italian Stallion?,Robert De Niro,Leonardo DiCaprio,Sylvester Stallone,Ray Liotta,C,medium,false,
Celebrities,For which film did Frank Sinatra get his Oscar?,Suddenly,Kings go Forth,From Here to Eternity,Can-Can,C,medium,false,
Celebrities,Which film starring Frank Sinatra was based on the life of the comedian Joe E. Lewis?,The Tender Trap,Pal Joey,The Joker is Wild,Meet Danny Wilson,C,medium,false,
Celebrities,In which movie did Frank Sinatra make his starring debut?,Higher and Higher,Take Me Out to the Ballgame,Miracle of the Bells,On the Town,A,medium,false,
Celebrities,Which of these movies stars both Doris Day and Frank Sinatra?,On the Town,The Tender Trap,Oceans 11,Young at Heart,D,medium,false,
Celebrities,Name the 1955 film in which Frank Sinatra co-starred with Debbie Reynolds and David Wayne.,The Pride and the Passion,The Lady in Cement,The Tender Trap,The Devil at 4 OClock,C,medium,false,
Celebrities,Which of these is a Rat Pack film starring Frank Sinatra set in the Old West?,Dirty Dingus McGee,Assult on a Queen,The Miracle of the Bells,Sergeants Three,D,medium,false,
Celebrities,Which western spoof co-starred George Kennedy and Frank Sinatra as an outlaw with a $10.00 (ten dollar) price on his head?,Way Out West,Dirty Dingus McGee,Miracle of the Bells,Suddenly,B,medium,false,
Celebrities,In which film did Frank Sinatra play the owner of a naughty Parisian night spot?,The French Twist,The Joker is Wild,I Remember Paris,Can-Can,D,medium,false,
Celebrities,Which 1966 Frank Sinatra films plot centred around a heist on an ocean liner?,War and Peace at Sea,Assault on a Queen,Oceans Eleven,The Cruise Ship Caper,B,medium,false,
Celebrities,"In which film did Frank Sinatra and Jules Munshin sing the emblematic theme song New York, New York?",In Old New York,On the Town,"New York, New York",Wonderful Town,B,medium,false,
Celebrities,In which Frank Sinatra film did Old Blue Eyes play Nathan Detroit?,On the Town,Can-Can,Guys and Dolls,"New York, New York",C,medium,false,
Celebrities,"Which movie, for which Frank Sinatra was already cast, saw him pull out when he learned he would have to film each scene in two different technologies?",Carousel,My Fair Lady,Guys and Dolls,Oklahoma,A,medium,false,
Celebrities,When and where was Robert Duvall born?,"January 5, 1931in SanDiego, California","January 5, 1951in Dumont, Texas","January 5, 1956 in Des Moines, Iowa","January 5, 1941in Annapolis, Maryland",A,medium,false,
Celebrities,"Which statement is incorrect about Luciana Pedraza, Robert Duvalls fourth wife?",She is over 40 years younger than he is.,She was the writer and director of the movie Portrait of Billy Joe.,She and Robert are avid Tango dancers.,"She was born in Verz Cruz, Mexico.",D,medium,false,
Celebrities,Robert Duvall and his good friend Dustin Hoffman studied with the same famous acting  teacher. Who was he?,Sanford Meisner,Uta Hagen,Lee Strassberg,Tyrone Guthrie,A,medium,false,
Celebrities,Robert Duvalls acting teacher got him a part in the play The Midnight Caller. Who was the author of this play?,Tom Stoppard,Sanford Meisner,David Mamet,Horton Foote,D,medium,false,
Celebrities,Robert Duvall was the first actor to play Major Frank Burns.,False,True,,,B,medium,false,
Celebrities,For which of these movies did Robert Duvall win the Best Actor Oscar?,The Godfather,The Apostle,Apocalypse Now,Tender Mercies,D,medium,false,
Celebrities,Robert Duvall is known to be aligned with which political party?,The Republican Party,The Green Party,The Libertarian Party,The Democratic Party,A,medium,false,
Celebrities,"In the Godfather movies, how many men did Robert Duvalls character personally kill?",1,5,0,2,C,medium,false,
Celebrities,"In which movie does Robert Duvall not portray Lt. Col. Meacham, a fighter pilot?",The Gift of Fury,The Ace,The Great Santini,The Pilot,D,medium,false,
Celebrities,To which famous American can Robert Duvall trace his lineage?,Robert E. Lee,U.S. Grant,George Washington,William T. Sherman,A,medium,false,
Celebrities,Which of these roles was not played by Robert Duvall?,Josef Stalin,James Earl Jones brother,Adolph Eichmann,Kit Carson,D,medium,false,
Celebrities,Which of these characters was not portrayed by Robert Duvall?,Joseph Pulitzer,Dwight D. Eisenhower,Robert E. Lee,Jimmy Carter,D,medium,false,
Celebrities,"The following lyrics are from a song by the Rolling Stones, released in 1971 as the first single of the album, Sticky Fingers.  Name the song.",,,,,A,medium,false,
Celebrities,"The following lyrics are from Miss You, a 1978 hit song by the Rolling Stones:",,,,,A,medium,false,
Celebrities,"These are the opening lines of a song by The Rolling Stones, which first appeared as the opening track on the 1968 album, Beggars Banquet.  Guess the song.",,,,,A,medium,false,
Celebrities,"These lyrics come from Fool to Cry, a song which appears on The Rolling Stones album, Black and Blue:",,,,,A,medium,false,
Celebrities,Which statement concerning Bernie Mac is true?,"Bernie was born October 5 1963 in Compton, California.","Bernie was born October 5 1958 in Chicago, Illinois.","Bernie was born October 5 1962 in Oakland, California.","Bernie was born October 5 1960 in Philadelphia, Pennsylvania.",B,medium,false,
Celebrities,In 1992  Bernie Mac made his film debut in this comedy about a con artist who gets a job at a credit card  company.,MoMoney,Im Gonna Git You Sucka,Punchline,Blankman,A,medium,false,
Celebrities,"In 1993 Bernie Mac was in a movie about two totally inept barbers, starring Ice-T and Ed Lover.",Barber Shop,Friday,Above Heaven,Whos the Man,D,medium,false,
Celebrities,Bernie Mac tours with three other entertainers known as The Kings of Comedy. Which of the following is  not one of them?,Steve Harvey,Cedric the Entertainer,Chris Rock,D.L. Hughley,C,medium,false,
Celebrities,What was the name of the HBO special which Bernie Mac did in 1995 in Chicago?,Mac Attack,Just Bernie,Midnight Mac,The Bernie Mac Hour,C,medium,false,
Celebrities,"Which 2003 movie, written and directed by Chris Rock, starred Bernie Mac as Chris Rocks brother?",Friday,Colors,Get on the Bus,Head of State,D,medium,false,
Celebrities,From which ailment is Bernie Mac known to suffer?,Type II Diabetes,Bucelosis,Sarcoidosis,Type I Diabetes,C,medium,false,
Celebrities,"In this 2004 movie, Bernie Mac portrayed a baseball player who had to return to the game to get his 3000th hit.",Mr. 3000,The Last Season,Its All in the Game,Major League,A,medium,false,
Celebrities,"In Oceans 11and 12, Bernie Mac plays Frank Catton. What is his specialty in the movie?",Infiltration,Weaponry,Gymnastics,Electronic,A,medium,false,
Celebrities,"In The Bernie Mac Show, Bernie is married to a beautiful woman portrayed by this actress.",Jamie Suarez,Camille Winbush,Dee Dee Davis,Kelita Smith,D,medium,false,
Celebrities,"Harrison Ford was going to appear in this movie, but his scene was deleted in the final cut.",E.T.,Bull Durham,Poltergeist,Daddy Day Care,A,medium,false,
Celebrities,In this movie Harrison Ford plays a man on vacation who gets involved in a terrorist attack on the U.K.s Royal Family.,Patriotism,Patriot Games,Time of the Patriot,The Patriot,B,medium,false,
Celebrities,Harrison Ford made his first movie appearance in this 1966 movie.,Cold in the Park,A Cold Winter,Dead Heat on a Marry Go-Round,Heat of the Desert,C,medium,false,
Celebrities,Harrison Ford is an avid pilot.,True,False,,,A,medium,false,
Celebrities,When was Harrison Ford born?,"July 14, 1942","July 14, 1941",none of these,"July 14, 1943",C,medium,false,
Celebrities,"George Lucas wanted Han Solo to die in Return of the Jedi, but Harrison Ford talked him out of it.",False,True,,,A,medium,false,
Celebrities,Harrison Ford is an avid fan of this sport.,Mixed Martial Arts,Drag Racing,Badminton,Fishing,A,medium,false,
Celebrities,For which movie did Harrison Ford receive an Oscar Award nomination?,Patriot Games,Witness,The Fugitive,all of these,B,medium,false,
Celebrities,When was Will Ferrell born?,August 5 1969,September 18 1965,July 16 1967,October 20 1970,C,medium,false,
Celebrities,Will Ferrells real name is John William Ferrell.,True,False,,,A,medium,false,
Celebrities,How tall is actor Will Ferrell?,65,6 3,60,510,B,medium,false,
Celebrities,Has actor Will Ferrell been married?,No,Yes,,,B,medium,false,
Celebrities,Is actor Will Ferrell a drop out?,Yes,No,,,B,medium,false,
Celebrities,Actor Will Ferrell had surgery when he was a teen.,True,False,,,B,medium,false,
Celebrities,In what movie did Will Ferrell play an auditor whose life was guided by his watch?,Melinda and Melinda,Stranger Than Fiction,Wedding Crashers,Old School,B,medium,false,
Celebrities,In what 2005 movie did Will Ferrell play a rocker who wore eyeliner?,Kicking  Screaming,The Wendell Baker Story,Bewitched,Winter Passing,D,medium,false,
Celebrities,Will Ferrell appeared in Austin Powers: International Man of Mystery.,True,False,,,A,medium,false,
Celebrities,For what movie did Meryl Streep win her first Academy Award for Best Actress?,Sophies Choice,The Bridges of Madison County,Music of the Heart,Kramer vs. Kramer,A,medium,false,
Celebrities,What famous actress was originally chosen for the role of Roberta Guaspari Demetras for the 1999 movie Music of the Heart? (the role was eventually given to Meryl Streep),Celine Dion,Cher,Sheryl Crow,Madonna,D,medium,false,
Celebrities,What disease is Meryl Streeps character in the 1998 movie One True Thing diagnosed with?,Cancer,Diabetes,AIDS,Alzheimers disease,A,medium,false,
Celebrities,What character does Meryl Streep portray in the 2002 movie The Hours?,Laura Brown,Vanessa Bell,Clarissa Vaughan,Virginia Woolf,C,medium,false,
Celebrities,In what Robert De Niro movie does Meryl Streep play a supporting role as the female character Linda?,The Deer Hunter,True Confessions,Angel Heart,Falling in Love,A,medium,false,
Celebrities,"How many Academy Awards did the 1985 movie Out of Africa, starring Meryl Streep and Robert Redford, receive?",Five,Seven,Fifteen,None,B,medium,false,
Celebrities,With whom does Meryl Streeps character Francesca from the movie The Bridges of Madison County fall in love?,Her brother,A homeless man,A photographer,A construction worker,C,medium,false,
Celebrities,How many children does Meryl Streeps character have in the 2006 comedy-drama The Devil Wears Prada?,Twin daughters,A son,None,Three boys,A,medium,false,
Celebrities,What character did Meryl Streep voice in the 2006 computer-animated movie The Ant Bully?,The Queen Ant,Doreen Nickle,Kreela,Hova,A,medium,false,
Celebrities,In what movie did Meryl Streep play a Catholic nun called Sister Aloysius?,Doubt,Death Becomes Her,Dark Matter,A Prairie Home Companion,A,medium,false,
Celebrities,Who is Jack Blacks partner in the duo Tenacious D?,Jack White,Kyle Gas,Garth Brooks,Kyle Bass,B,medium,false,
Celebrities,"In the movie Tenacious D in The Pick of Destiny, who plays the part of young Jack Blacks father?",Alice Cooper,Ozzy Osbourne,Gene Simmons,Meat Loaf,D,medium,false,
Celebrities,Jack Blacks full name is Theodore Jack Black.,False,True,,,A,medium,false,
Celebrities,What is the name of Jack Black and Tanya Hadens first child?,David,Jonathan,Samuel,Jessica,C,medium,false,
Celebrities,What body organ did Jack Black have removed?,Pancreas,Spleen,A kidney,Gall Bladder,D,medium,false,
Celebrities,What is the profession of Jack Blacks parents?,Marine biologist,Journalists,Rocket scientists,Dentists,C,medium,false,
Celebrities,Jack Blacks wife Tanya Haden is a twin.,True,False,,,B,medium,false,
Celebrities,Which of the following movies has Jack Black not played a part in?,Shark Tale,School of Rock,Nacho Libre,Powder,D,medium,false,
Celebrities,Jack Blacks father is Jewish and his mother converted to Judaism.,False,True,,,A,medium,false,
Celebrities,Jack Black was the host of The Nickelodeon Kids Choice Awards show in 2006.,False,True,,,B,medium,false,
Celebrities,When and where was actor Leonard Nimoy born?,"26 March 1934 in Vancover, British Columbia, Canada","26 March 1931 in Boston, Massachusetts","26 March 1935 in Hartford, Connnecticut","26 March 1925 in Toronto, Ottawa, Canada",B,medium,false,
Celebrities,Leonard Nimoy and fellow Star Trek star William Shatner were born only 4 days apart to parents of the same ethnic group.,True,False,,,A,medium,false,
Celebrities,Leonard Nimoy and fellow Star Trek actor William Shatner suffer from the same ailment. What is it?,Tinnitus,Peripheral neuropathy,Shingles,Diabetes,A,medium,false,
Celebrities,"Mr. (or commonly referred to as Dr.) Spock, portrayed by Leonard Nimoy, puts his fingers into a certain position whenever he says, live long and prosper. Where did he get this gesture from?",From a signal used by referees in ice hockey,"From a gesture used by his acting teacher meaning, Slow!",From his religion,From the V for the victory signal of WWII,C,medium,false,
Celebrities,"When the Star Trek series ended, what did Leonard Nimoy started doing to support himself?",He directed movie trailers.,He opened a pet store.,He became a ghost writer for several off-Broadway plays.,He ghost-wrote several episodes of TJ Hooker and Mission: Impossible.,B,medium,false,
Celebrities,"Who dreamed up the haircut that Leonard Nimoys character on Star Trek, Dr. Spock wore?",Gene Rodenberry,Nimoys father,William Shatner,Norman Lear,B,medium,false,
Celebrities,Which statement about Leonard Nimoy is untrue?,Leonard Nimoy is the only Star trek cast member to be in every episode.,Leonard Nimoy has an honorary doctorate.,Both William Shatner and Leonard Nimoy have been married 4 times.,Shatner and Nimoy are both vegetarians.,C,medium,false,
Celebrities,For which Rock and Pop band did Leonard Nimoy direct a music video?,Bananarama,Blondie,The Beatles,The Bangles,D,medium,false,
Celebrities,Leonard Nimoy was the tallest member of the regular Star Trek cast.,True,False,,,A,medium,false,
Celebrities,In which of these series did Leoanrd Nimoy not appear?,Mission: Impossible,American Dad,T. J. Hooker,Gunsmoke,B,medium,false,
Celebrities,"In the Star Trek TV series, which actors portrayed Mr. Spocks parents?",Christopher Plummer and Rosana DeSoto,Ward Bond and Elizabeth Rogers,Kurtwood Smith and Grace Lee Whiteley,Jane Wyatt and Mark Leonard,D,medium,false,
Celebrities,"Finish the chorus of System of a Downs song B.Y.O.B from their album Mezmerize: Kneeling roses disappearing, Into Moses’ dry mouth, Breaking into Fort Knox, Stealing our ........",Intentions,Inventions,Ingredients,Freedom,A,medium,false,
Celebrities,Andy Khachaturian is a former drummer of alternative metal band System of a Down.,True,False,,,A,medium,false,
Celebrities,"Shavo Odadjian, famous as the bassist of System of a Down, was born in what year?",1972,1976,1974,1970,C,medium,false,
Celebrities,The albums Hypnotize and Mezmerize were both released in the same year by alternative metal band System of a Down.,True,False,,,A,medium,false,
Celebrities,Which song by System of a Down contains the following lines: Banana banana banana banana terracotta banana terracotta terracotta pie! Banana banana banana banana terracotta banana terracotta terracotta pie!?,Shes Like Heroin,B.Y.O. B,Vicinity of Obscenity,Radio/Video,C,medium,false,
Celebrities,"Complete these lyrics from Chop Suey!, the first single from System of a Downs album Toxicity: Wake up, Grab a brush and put a little (makeup), Grab a brush and put a little, Hide the scars to fade away the (shakeup) Hide the scars to fade away the, Whyd you leave the keys upon the table? Here you go create another................",maple,table,fable,cable,C,medium,false,
Celebrities,"What is the missing word in these lyrics from System of a Downs song Chic N Stu: This ballgames in the refrigerator, The door is closed, The lights are out, And the butters getting .............?",hard,soft,smart,dark,A,medium,false,
Celebrities,Complete the chorus of System of a Downs song This Cocaine Makes Me Feel Like Im On This Song: Theres something wrong with me Theres something wrong with you Theres something wrong with me I hope your stepson doesnt eat the fish And were crying for our next ........,Pics,Mix,Fix,Mixes,C,medium,false,
Celebrities,For what movie did Robin Williams receive his first Academy Award?,Dead Poets Society,Good Will Hunting,Moscow on the Hudson,Patch Adams,B,medium,false,
Celebrities,"How does Chris find out that Mrs. Doubtfire is a man in the 1993 movie Mrs. Doubtfire, starring Robin Williams?",He catches her urinating upright.,He hears her talk on the phone.,He finds photos in her purse.,He sees her dressing up.,A,medium,false,
Celebrities,What popular female singer and actress appeared alongside Robin Williams in the 1996 movie Jack?,Mariah Carey,Madonna,Jennifer Lopez,Beyonce,C,medium,false,
Celebrities,"What was the tagline on the theatrical poster of the 1998 dramedy movie Patch Adams, starring Robin Williams?",Save our souls.,The heart comes first.,Laughter is contagious.,The most precious things are invisible.,C,medium,false,
Celebrities,What is the name of the android portrayed by Robin Williams in the 1999 movie Bicentennial Man?,Andrew,Partick,Steve,George,A,medium,false,
Celebrities,What character did Robin Williams voice in the 1992 Walt Disney animated movie Aladdin?,Prince Ali Ababwa,The Genie,Jafar,Iago,B,medium,false,
Celebrities,"What actor was rumored to have been considered for the leading role in the 1989 movie Dead Poets Society, starring Robin Williams?",Bill Murray,Liam Neeson,All of these,Dustin Hoffman,C,medium,false,
Celebrities,What Academy Award-winning actor co-starred with Robin Williams in the 1990 drama movie Awakenings?,Dustin Hoffman,Christopher Walken,Robert De Niro,Tom Hanks,C,medium,false,
Celebrities,"Why doesnt Kenneth Zevo want his son to inherit his toy factory in the 1992 comedy movie Toys, starring Robin Williams?",Because he spends too much money,Because hes incompetent,Because he has a disease,Because he is immature,D,medium,false,
Celebrities,What character did Robin Williams portray in the 1991 movie Hook?,Tootles,Jack Banning,Peter Pan,Captain Hook,C,medium,false,
Celebrities,When was American actor Adam Sandler born?,"September 11th, 1966","September 9th, 1966","November 23,1971","October 5th, 1965",B,medium,false,
Celebrities,Where was actor Adam Sandler born?,"Boston, Mass","Brooklyn, New York","Chicago, Illinois","New York, New york",B,medium,false,
Celebrities,Adam Sandler had a role in the movie The Hot Chick.,True,False,,,A,medium,false,
Celebrities,In which of these movies did Adam Sandler NOT have a part?,Blossoms And Blood,Good Luck Chuck,The Animal,Coneheads,B,medium,false,
Celebrities,What was the first movie Adam Sandler had a major role in?,The WaterBoy,Billy Madison,8 crazie nights,Big Daddy,B,medium,false,
Celebrities,Actor Adam Sandler is of Jewish origin.,False,True,,,B,medium,false,
Celebrities,"Actor Adam Sandler had his first girlfriend in the sixth grade, but sadly, he was dumped one night during dinner.",False,True,,,B,medium,false,
Celebrities,Adam Sandler started performing in comedy clubs by taking the stage at a club in New York.,True,False,,,B,medium,false,
Celebrities,What country was Heath Ledger born in?,Australia,New Zealand,England,Wales,A,medium,false,
Celebrities,This well known Actor/ Director/ Producer  Icon was the co-star with Heath Ledger in the movie The Patriot.,James Cann,Mel Gibson,Will Smith,Robert Redford,B,medium,false,
Celebrities,Which of the following names is NOT one of the names used by Heath Ledgers character in the movie A Knights Tale?,William Thatcher,Sir Ulrich von Lichtenstein,Wart,Sir William Thatcher,C,medium,false,
Celebrities,Heath Ledger portrayed Harry Faversham in the 2002 remake of this Classic Film.,Dial M For Murder,The Four Feathers,Treasure Of The Sierra Madre,Casablanca,B,medium,false,
Celebrities,For which movie was Heath Ledger nominated for an Academy Award for Best Actor?,Brokeback Mountain,10 Things I Hate About You,A Knights Tale,The Patriot,A,medium,false,
Celebrities,"Heath Ledger suffered from this (these) ailments, which may have lead to his death.","Asthma, Pulmonary Emphysema",Rickets Disease,"Insomnia, Anxiety, Depression","Heart Arrhythmia, Hypertension",C,medium,false,
Celebrities,Heath Ledger is survived by a daughter named Matilda Rose Ledger.,False,True,,,B,medium,false,
Celebrities,Which of these did Heath Ledger NOT accomplish during his lifetime.,Act in a Music Video directed by Terry Gilliam,Golden Globe for Best Actor,Direct Music Videos,Junior Chess Champion,B,medium,false,
Celebrities,This member of the Beat Movement lived briefly with The Grateful Dead and is immortalised in their song Thats It For the Other One.,Greg Corso,Jack Kerouac,Allen Ginsberg,Neal Cassady,D,medium,false,
Celebrities,How many different musicians played the keyboards as members of The Grateful Dead?,6,8,4,2,A,medium,false,
Celebrities,"In 1967, The Grateful Dead performed at the legendary Monterey Pop Festival.",False,True,,,B,medium,false,
Celebrities,"Friend of the Devil, Box of Rain and Attics of My Life are songs by The Grateful Dead, included in which album?",Anthem of the Sun,American Beauty,Without a Net,Infrared Roses,B,medium,false,
Celebrities,"The Grateful Deads final concert was on July 9th, 1995, in which city?",Chicago,New York,Los Angeles,San Francisco,A,medium,false,
Celebrities,"Following Jerry Garcias death in 1995, some of the remaining members of The Grateful Dead occasionally toured under what name?",The Other Ones,The Remaining Ones,The Dead Ones,The Alive,A,medium,false,
Celebrities,Which founding member of The Grateful Dead once dated Janis Joplin?,Ron Pigpen McKernan,Bill Kreutzman,Bob Weir,Jerry Garcia,A,medium,false,
Celebrities,Name the movie for which Albert Finney did NOT receive an Academy Award nomination.,Tom Jones,Erin Brockovich,Big Fish,Murder on the Orient Express,C,medium,false,
Celebrities,Albert Finney won an Emmy Award for outstanding actor in a 2002 mini-series for which character?,Ebenezer Scrooge,Hercule Poirot,Tom Jones,Winston Churchill,D,medium,false,
Celebrities,In what 2000 TV series did Albert Finney play a Cornish country gentlemen looking after his grand nephew?,"Uncle, Uncle, Uncle",Tom Jones,My Uncle Silas,Cold Lazarus,C,medium,false,
Celebrities,"Albert Finney passed away in June of 2006, within weeks of fellow actor and friend Alec Guinness.",False,True,,,A,medium,false,
Celebrities,Which statement regarding actor John Lithgow is correct?,"John Arthur Lithgow was born in 1945 in Rochester, New York.","John Allen Lithgow was born in 1943 in  Hartfod, Connecticut.","John Arliss Lithgow was born in 1942 in Shaker Heoghts, Ohio.","John Alfred Lithgow was born in 1944 in Chelmsford, Massachusetts.",A,medium,false,
Celebrities,John Lithgows mother was a retired actress and his father ran a theater.,True,False,,,A,medium,false,
Celebrities,John Lithgow graduated magna cum laude with a degree in history and literature from Harvard and is a licensed Pastor.,False,True,,,B,medium,false,
Celebrities,"In 1979 John Lithgow had a role in a movie about dancers starring Roy Scheider, Jessica Lange, Ann Reinking, Cliff Gorman, Ben Vereen and Max Wright. What was the name of this movie?",Chicago,Meet Me in St. Louis,All That Jazz,Legs Donavan,C,medium,false,
Celebrities,In 1981John Lithgow played a murderer in this John Travolta film.,Blow Up,Mr. Nash,Hangman,Blow Out,D,medium,false,
Celebrities,"In 1982 John Lithgow acted in this movie about a womans struggles which starred Jill Clayburgh, Nicol Williamson and Diane Wiest.",Im Dancing as Fast as I Can,A Day in My Life,An Unmarried Woman,This is My Life,A,medium,false,
Celebrities,"In 1982 John Lithgow played Robert/Roberta Muldoon, a former All-Pro NFL player who has a sex change operation. What is the name of this movie that starred Robin Williams, Glenn Close and Warren Berlinger?",The World According to Garp,Patch Adams,Out and In,In and Out,A,medium,false,
Celebrities,"In 1983 John Lithgow played Sam Burns in this chick movie that starred Shirley MacLaine, Debra Winger, Jeff Daniels and Jack Nicholson.",Terms of Endearment,Thelma and Louise,White Oleander,Leaves of  Autumn,A,medium,false,
Celebrities,John Lithgow appeared as a  judge in this1998 film starring John Travolta. The film was about the legal implications of the dumping of industrial chemicals.,Love Canal,Corporate Practice,The Rainmaker,A Civil Action,D,medium,false,
Celebrities,In 2001 John Lithgow added his voice to the wonderful Shrek. What character did he voice?,Donkey,Lord Farquaad,Monsieur Hood,Shrek,B,medium,false,
Celebrities,How many Oscars did John Lithgow win in the 1980s?,3,2,1,0,D,medium,false,
Celebrities,What character did John Lithgow portray in NBCs 3rd Rock from the Sun from 1996-2001?,"Dr. Dick Solomon, a pediatrician","Dr. Dick Solomon, an anthropology professor","Dr. Stone Phillips, an economics professor","Dr. Dick Solomon, a physics professor",D,medium,false,
Celebrities,Which of these actors did not have a role in 3rd Rock from the Sun?,Chris Penn,Joseph Gordon-Levitt,Wayne Knight,William Shatner,A,medium,false,
Celebrities,John Lithgow has won a Razzie for Worst Actor in a Supporting Role.,False,True,,,A,medium,false,
Celebrities,Both Corey Haim and Corey Feldman were born in 1971.,False,True,,,B,medium,false,
Celebrities,Both Corey Feldman and Corey Haim agreed not to sign for a second season of The Two Coreys.,False,True,,,A,medium,false,
Celebrities,Forest Whitaker suffers from a medical condition commonly referred to (but incorrectly) as lazy eye.,False,True,,,B,medium,false,
Celebrities,Forest Whitaker has directed some movies as well as acted in them. Whitney Houston and Sandra Bullock  were under his direction in what two movies released in 1995 and 1998?,The Preachers Wife and Miss Congeniality,Waiting to Exhale and Hope Floats,The Bodyguard and Hope Floats,Waiting to Exhale and Speed,B,medium,false,
Celebrities,Forest Whitaker was born in this state but was raised in South Central Los Angeles.,Mississippi,New York,Texas,Wyoming,C,medium,false,
Celebrities,Forest Whitaker attended California State Polytechnic University on what kind of scholarship?,Music,Theater,Football,Basketball,C,medium,false,
Celebrities,In what movie did Forest Whitaker play his first major role?,Fast Times at Ridgemont High,Bird,Downtown,Platoon,A,medium,false,
Celebrities,Forest Whitaker was in this blockbuster movie directed by Oliver Stone.,Any Given Sunday,JFK,Platoon,Born on the Fourth of July,C,medium,false,
Celebrities,Academy Award-winning actor Forest Whitaker has shown some powerful performances on television. Two characters stand out - a patient named Curtis Ames and Lt Jon Kavanaugh. What are the shows featuring these characters?,Scrubs and Boston Legal,Chicago Hope and Hill Street Blues,ER and The Shield,House and NYPD Blue,C,medium,false,
Celebrities,"In 1987 Forest Whitaker starred in two movies, one with Emilio Estevez as Jack Pismo and the other with Robin Williams as Edward Garlick. Name the movies. Which were these movies?",Young Guns and Cadillac Man,Stakeout and Good Morning Vietnam,Repo Man and Club Paradise,Maximum Overdrive and Bicentennial Man,B,medium,false,
Celebrities,In which pair of movies were Forest Whitakers characters shown in flashbacks?,First Daughter and Stakeout,The Crying Game and The Last King of Scotland,Bloodsport and Jasons Lyric,Jasons Lyric and The Crying Game,D,medium,false,
Celebrities,Prior to 2007 Forest Whitaker portrayed mainly doctors in movies and television.,False,True,,,A,medium,false,
Celebrities,Forest Whitaker was a choice to play Sawyer on the television show Lost.,True,False,,,A,medium,false,
Celebrities,Which of the following is NOT an album by Iron Maiden?,2 Minutes to Midnight,Piece of Mind,Dance of Death,Brave New World,A,medium,false,
Celebrities,Which of the following is NOT a song by Iron Maiden?,The Prophecy,The Clairvoyant,Infinite Dreams,The Philosopher,D,medium,false,
Celebrities,The song Only the Good  Die Young appears on which Iron Maiden album?,Powerslave,A Matter of Life and Death,Killers,Seventh Son of a Seventh Son,D,medium,false,
Celebrities,On which of Iron Maidens album covers does Eddie appear wearing a straight jacket?,Iron Maiden,Fear of the Dark,Killers,Piece of Mind,D,medium,false,
Celebrities,On which of the following Iron Maidens album covers does Eddie appear as a face in the clouds?,Brave New World,No Prayer for the Dying,Piece of Mind,Seventh Son of a Seventh Son,A,medium,false,
Celebrities,"On the Iron Maiden album Live after Death, the intro before the first song, Aces High, contains which of the following?",planes and gunfire,excerpt from a speech by Winston Churchill,air raid siren,bomb dropping and exploding,B,medium,false,
Celebrities,Which of the following is a song by Iron Maiden?,Edward XI,Vlad the Impaler,Alexander the Great,Edward the Great,C,medium,false,
Celebrities,"Which song by Iron Maiden contains the following lyrics ...at 5 oclock they take me to the gallows pole, the sands of time for me are running low...?",Wrathchild,Flash of the Blade,Still Life,Hallowed be Thy Name,D,medium,false,
Celebrities,"...Take my life but Ill take yours too, youll fire your musket but Ill run you through... are lyrics appearing in what song by Iron Maiden?",Running Free,These colors dont run,Die with your boots on,The Trooper,D,medium,false,
Celebrities,What is the name of the prostitute character that features in several songs by Iron Maiden?,Elizabeth,Belle,Judith,Charlotte,D,medium,false,
Celebrities,What was the lineup of Iron Maiden for their 2006 world tour (A matter of Life and Death)?,"Nicko McBrain, Janick Gers, Steve Harris, Adrian Smith, Dave Murray, Bruce Dickinson","Nicko McBrain, Steve Harris, Bruce Dickinson, Dave Murray, Adrian Smith, Doug Sampson","Clive Burr, Janick Gers, Steve Harris, Bruce Dickinson, Dave Murray, Paul DiAnno","Bruce Dickinson, Nicko McBrain, Steve Harris, Adrian Smith, Dennis Stratton, Janick Gers",A,medium,false,
Celebrities,Where was the majority of Iron Maidens album Live After Death recorded?,"Long Beach, USA","London, England","Manchester, England","Warsaw, Poland",A,medium,false,
Celebrities,Which of the following is not a song from the Iron Maiden album Killers?,Wrathchild,Children of the Damned,Murders in the Rue Morgue,Purgatory,B,medium,false,
Celebrities,Which of the following statements about the band Iron Maiden is true?,Paul DiAnno performs vocals on the original recording of Phantom of the Opera.,Bruce Dickinson performs vocals on the original recording of The Clansman.,Blaze Bayley performs vocals on the original recording of No Prayer for the Dying.,Bruce Dickinson performs vocals on the original recording of Man on the Edge.,A,medium,false,
Celebrities,Which of the following is  the title of a song by Iron Maiden?,Belles World,Different World,Real World,Dying World,B,medium,false,
Celebrities,"...When Im walking a dark road, I am a man who walks alone...are lyrics from which of the following Iron Maiden songs?",Innocent Exile,Fear of the Dark,Stranger in a Strange Land,The Journeyman,B,medium,false,
Celebrities,On what date was Canadian actor Kiefer Sutherland born?,"October 20, 1972","March 8, 1962","December 21, 1966","May 15, 1970",C,medium,false,
Celebrities,How many middle names does actor Kiefer Sutherland have?,0,2,1,5,D,medium,false,
Celebrities,What was the name of actor Kiefer Sutherlands first wife?,Shirley Douglas,Kelly Douglas,Kelly Winn,Camelia Kath,D,medium,false,
Celebrities,How tall is Canadian actor Kiefer Sutherland?,62 (1.87 m),59 (1.75 m),60 (1.82 m),57 (1.70 m),B,medium,false,
Celebrities,Kiefer Sutherland did not know his dad was an actor until the age of 18.,False,True,,,B,medium,false,
Celebrities,Canadian actor Kiefer Sutherland was engaged to Angelina Jolie.,True,False,,,B,medium,false,
Celebrities,In what popular show did Kiefer Sutherland play an agent from the Counter Terrorist Unit?,Brotherhood of Justice,Fallen Angels,24,Amazing Stories,C,medium,false,
Celebrities,Was actor Kiefer Sutherland arrested for driving while intoxicated in 2003?,Yes,No,,,B,medium,false,
Celebrities,Does actor Kiefer Sutherland have any siblings?,No,Yes,,,B,medium,false,
Celebrities,Actor Kiefer Sutherland is a keen tennis player.,True,False,,,B,medium,false,
Celebrities,Which of these was one of Benny Hills many jobs before he turned to acting and stand-up comedy?,Pastry cook,Teacher,Waiter,Milkman,D,medium,false,
Celebrities,What character does actor Eddie Murphy voice in the computer-animated Shrek movies?,Pinocchio,Donkey,Shrek,Puss in Boots,B,medium,false,
Celebrities,"How did actress Caryn Elaine Johnson, better known as Whoopi Goldberg, get her interesting stage name?",Her mother gave her this name.,It was the name of her favorite cat.,From a raspberry cushion,She used the sound whoopi a lot as a child.,C,medium,false,
Celebrities,"In interviews in 1999 and 2001 actor Ben Stiller confessed he was suffering from this disorder, and in 2006 he said he was joking back then.",Bipolar disorder,Heart disease,Diabetes,Alopecia,A,medium,false,
Celebrities,Robin Williams passion for a certain sport resulted in his massive collection of these objects.,Baseballs,Boxing gloves,Tennis rackets,Bicycles,D,medium,false,
Celebrities,What funny character did actress Ellen DeGeneres voice in the 2003 animated movie Finding Nemo?,Dory,Flo,Peach,Deb,A,medium,false,
Celebrities,"After comedian Steve Martin was elected for the student counsel at Garden Grove High School Comedian, he reportedly made a giant banner shaped like this object that stated Thank you for your support.",Condom,Tighty whities,Bra,Girdle,C,medium,false,
Celebrities,What famous painting did Rowan Atkinsons character Mr. Bean ruin in his 1997 Bean: The Ultimate Disaster Movie?,Mona Lisa,Whistlers Mother,Anatomy Lesson of Dr. Nicolaes Tulp,Girl with a Pearl Earring,B,medium,false,
Celebrities,What was the name of the song that actor Jackie Chan recorded for the 2008 Summer Olympics?,We Are Ready,The Spirit,We Are The Champions,The Time Has Come,A,medium,false,
Celebrities,What does Charlie Chaplins starving character eat in his 1925 film The Gold Rush?,A glove,His boot,A cat,His belt,B,medium,false,
Celebrities,What actor was originally considered for the role of the Terminator in the 1984 movie The Terminator?,Denzel Washington,Sylvester Stallone,O. J. Simpson,Dolph Lundgren,C,medium,false,
Celebrities,What is the name of the character portrayed by Arnold Schwarzenegger in the 1985 movie Commando?,Kurt Dynamo,John Matrix,Lester Fryer,Skyler,B,medium,false,
Celebrities,What funny tagline was used for the theatrical poster of the 1988 comedy movie Twins?,Only their mother can tell them apart.,Youve never seen two people so identical.,"Seriously, these guys here are twins.","No, you are not seeing double. Arnold Schwarzenegger and Danny DeVito are twins.",A,medium,false,
Celebrities,What character did Arnold Schwarzenegger play in the 1997 movie Batman  Robin?,Alfred Pennyworth,Dr. Jason Woodrue,Mr. Freeze,Batman,C,medium,false,
Celebrities,What happens to Arnold Schwarzeneggers character in the 1994 movie Junior?,He gets pregnant.,A plant starts growing out of his ear.,He grows a third arm.,He is abducted by aliens.,A,medium,false,
Celebrities,What is the name of the wheel which Conan is forced to push in the 1982 movie Conan the Barbarian?,Wheel of Sorrow,Wheel of Torture,Wheel of Death,Wheel of Pain,D,medium,false,
Celebrities,"In the 1994 movie True Lies, Arnold Schwarzeneggers character lies to his family that this is his real job.",Computer salesman,Shoe salesman,Masseur,Book salesman,A,medium,false,
Celebrities,What singer and actress starred alongside Arnold Schwarzenegger in the 1996 movie Eraser?,Cher,Madonna,Gloria Estefan,Vanessa Williams,D,medium,false,
Celebrities,"What celebrity made a cameo appearance in the 1993 movie Last Action Hero, starring Arnold Schwarzenegger?",All of these,Sylvester Stallone,Little Richard,Tina Turner,A,medium,false,
Celebrities,What is the nickname of Arnold Schwarzeneggers character in the 1987 movie Predator?,Spike,Dutch,Blade,Rush,B,medium,false,
Celebrities,Where was American billionaire Mark Cuban born?,California,Utah,Texas,Pennsylvania,D,medium,false,
Celebrities,As a 12-year-old Mark Cuban sold garbage bags.,False,True,,,B,medium,false,
Celebrities,How did billionaire Mark Cuban help pay his college tuition?,Playing basketball on a scholarship,On an academic scholarship,Playing basketball for money,Selling stamps,D,medium,false,
Celebrities,Which colleges did American billionaire Mark Cuban attend?,UCLA and Stanford,Pittsburgh and Indiana,Indiana and Texas,Brigham Young and Utah,B,medium,false,
Celebrities,"After several jobs, which firm did billionaire Mark Cuban start?",BusinessNet,MicroSolutions,Open Business.Net,MicroNet,B,medium,false,
Celebrities,"In 1995, Mark Cuban started AudioNet with his friend Todd Wagner. How did this company make money?",It broadcast music videos over the Internet.,It was an online technical support company.,It broadcast live sports events over the Internet.,It broadcast live musical events over the Internet.,C,medium,false,
Celebrities,Billionaire Mark Cuban and Todd Wagner sold their company Broadcast.com for 5.4 billion dollars. Who did they sell it to?,AOL,Apple,Arnet,Yahoo,D,medium,false,
Celebrities,In 2005 Mark Cuban was a producer for a Stephen Soderbergh movie about a murder in a decaying Midwestern town. What was the name of this movie?,Build or Bust,Back in the Day,Bubble,Banned,C,medium,false,
Celebrities,Which NBA team was bought by American billionaire Mark Cuban in 2000?,Houston Rockets,Utah Jazz,Dallas Mavericks,San Antonio Spurs,C,medium,false,
Celebrities,"Billionaire Mark Cuban is largely responsible for the development of this firm, founded in 1974 by theater owner Gary Meyer.",Sunnyside Theaters,Houston Theaters,Ft. Worth Enterprises,Landmark Theaters,D,medium,false,
Celebrities,Mark Cuban is an advocate of whose philosophy?,Everett L. Foresters,Immanuel Kants,Garrett Kahns,Ayn Rands,D,medium,false,
Celebrities,In 2005 Mark Cuban was executive producer for the film Good Night and Good Luck. What was the film about?,Global warming,The Cuban missible crisis,the conflict between Edward R. Murrow and U.S. Senator Joseph McCarthy,The Enron trial,C,medium,false,
Celebrities,"What is the name of Mark Cubans production company that is responsible for the movies Villains, The Chosen Few, and What Just Happened?",Provo Productions,Pittsburgh Productions,AllNet,2929,D,medium,false,
Celebrities,In 1944 Grogory Peck starred in his first big  film which was based on a James Hilton novel. What was the name of this movie about the life of a very fine priest?,Lost Horizon,The Keys of the Kingdom,Shangri La,Goodbye Mr. Chips,B,medium,false,
Celebrities,In 1945 Gregory Peck starred in his first Hitchcock movie as John Ballantine. Name the movie.,The 39 Steps,Rope,The Parradine Woman,Spellbound,D,medium,false,
Celebrities,"Gregory Peck starred in this 1946 movie about a young boy who adopts a fawn. The movie required five fawns, 8  black bears, horses, donkeys and a host of other animals.",Old Yeller,The Fawn,The Afternoon of the Fawn,The Yearling,D,medium,false,
Celebrities,"What is the name of Gregory Pecks first western, made in 1946, in which he starred as Lewton Lewt McCanless?",The Lawman,Duel in the Sun,Lust in the Dust,Johnny Ringo,B,medium,false,
Celebrities,Gregory Peck starred in these two movies based on Hemingway stories.,The Paradine Case and A Walk in the Sun,Islands in the Stream and A Farewell to Arms,The Snows of Kilimanjaro and The Macomber Affair,The Bullfighter and  A Year in Spain,C,medium,false,
Celebrities,In 1947 Gregory Peck starred as Phillip Schuyler Green aka Greenberg in this movie about antisemitism in the USA.,Gentlemans Agreement,The Greenberg Affair,The Cabal,Spellbound,A,medium,false,
Celebrities,Gregory Peck starred in this 1949 movie about the US Air Force in World War II and the effects of war on  enlisted men.,Twelve OClock High,Below Us the War,A Wing and a Prayer,The Billy Mitchell Story,A,medium,false,
Celebrities,"Although he was not  particularly good at them, Gregory Peck made several Westerns. In this 1950 Western he plays a gunfighter  who wants to get out of the gunfighting business and dies trying to quit.",Tombstone Territory,Johnny Ringo,The Westerner,The Gunfighter,D,medium,false,
Celebrities,Gregory Peck portrayed a character based on Horatio Nelson in this movie about the British navy.,The Yardarm,"Captain Horatio Hornblower, R.N.",Only the Valiant,Two Years Below the Mast,B,medium,false,
Celebrities,Gregory Peck starred in this Biblical movie which was not a big hit.,The Bible,Samson and Delilah,Quo Vadis,David and Bathsheba,D,medium,false,
Celebrities,"What was the name of Gregory Pecks first movie with Audry Hepburn, which was filmed in 1953 and told the story of a rich princess who fell in love with an American?",Three Coins in the Fountain,Roman Holiday,The Ponte Vecchio,Milan Mon Amour,B,medium,false,
Celebrities,In this 1956 movie Gregory Peck plays an ex-soldier who must support his family and make ethical choices.,A Soldiers Story,The Man in the Gray Flannel Suit,Captain Newman,True Days,B,medium,false,
Celebrities,Gregory Peck twice appeared in movies based on Moby Dick. What role did he have in the 1956 version?,Ahab,Ishmael,Father Maple,Starbuck,A,medium,false,
Celebrities,In 1959 Gregory Peck starred in this anti-war movie.,A Walk in the Sun,Troopers,Hamburger Hill,Pork Chop Hill,D,medium,false,
Celebrities,In 1959 Gregory Peck starred in this movie about nuclear war which is often remade.,North by Northwest,The New Eden,Beloved Infidel,On the Beach,D,medium,false,
Celebrities,"In 1961 Gregory Peck acted in this war movie which co-starred  David Niven, Anthony Quinn, Stanley Baker, Irne Pappas, James Robertson Justice, and Richard Harris.",The Guns of the Navarone,The Day That Never Ended,Captain Nye,Quo Vadis,A,medium,false,
Celebrities,In what 1976 movie did Gregory Peck star as Ambassador Robert Thorn?,Quo Vadis,Y+The Guns of the Navarone,How the West Was Won,The Omen,D,medium,false,
Celebrities,Gregory Peck starred in I Walk the Line.,True,False,,,A,medium,false,
Celebrities,In 2005 the American Film Institute voted Gregory Pecks role as Atticus Finch in this movie the #1 role in film history.,"Captain Newman , M.D.",How the West Was Won,To Kill a Mocking Bird,High Noon,C,medium,false,
Celebrities,"Actors Macaulay Culkin (Home Alone, 1990) and Chris Pine (Princess Diaires 2: Royal Engagement, 2004) share the same birthday.",False,True,,,B,medium,false,
Celebrities,"This actress, born in 1980, is famous for her roles in That 70s Show and October Road.",Mila Kunis,Laura Prepon,Jessica Simpson,Lisa Robin Kelly,B,medium,false,
Celebrities,Actress Marla Sokoloff shares a birthday with Jake Gyllenhaal.,False,True,,,B,medium,false,
Celebrities,"This actor, born February 17, 1980, co-starred with Oliver James and Hilary Duff in Raise Your Voice (2004). His father was also an actor.",Jason Ritter,Ben Savage,Matthew Lawrence,Nick Cannon,A,medium,false,
Celebrities,Christina Ricci shares her birthday with Matthew Lawrence.,True,False,,,B,medium,false,
Celebrities,"This sports star, born in 1980, comes from a family of sports stars. He is following in the footsteps of both his father and his grandfather.",Kasey Kahne,Albert Pujols,Randy Orton,Josh Beckett,C,medium,false,
Celebrities,Which statement concerning Burt Young is true?,"He was born April 30, 1950 in Philadelphia, PA.","He was born April 30, 1940 in Queens, New York.","He was born April 30, 1945 in Brooklyn, New York.","He was born April 30, 1950 in Newark, New Jersey.",B,medium,false,
Celebrities,What was Burt Youngs name at birth?,Jerry Louise,"Burton Charles Youngman, Jr.",Dominick Yannetti,Guillermo Yonnetto,A,medium,false,
Celebrities,Which statement is true about Burt Youngs acting education?,Burt studied with Lee Strassberg at The Actors Studio.,Burt studied drama with Uta Hagen.,Burt studied drama at Temple University in Philadelphia.,Burt is a self-taught actor.,A,medium,false,
Celebrities,Which statement about Burt Young is true?,Burt played the town drunk in Gunsmoke.,Burt played William Conrads assistant in Cannon.,Burt played the driver in Hart to Hart.,Burt played Robert Blakes brother in Baretta.,D,medium,false,
Celebrities,"Burt Young is very well known for his portrayal of Paulie, Rocky Balboas brother-in-law. Which statement is true?","Burt, Sly, and Talia Shire were in all six Rocky movies.",Only Sylvester Stallone and Burt were in all six Rocky movies.,Paulie never quit his job at the meat packing plant.,Burt was in the first five Rocky movies but not in the sixth movie.,C,medium,false,
Celebrities,One of Burt Youngs first big breaks came when he landed a role in this 1971 mob movie.,The French Connection,The Godfather,The Gang That Couldnt Shoot Straight,The Seven-Ups,C,medium,false,
Celebrities,"Burt Young was in this movie about three small time criminals who steal $300,000 from some very important mobsters.",Mean Streets,The Seven-Ups,The Gang That Couldnt Shoot Straight,Across 110Th Street,D,medium,false,
Celebrities,In which movie did Burt Young play Lt. Palumbo?,Murder By Death,Murder Can Hurt You,Clue,Mrs. Columbo,B,medium,false,
Celebrities,"Burt Young opened a high-end restaurant in The Bronx, New York.",True,False,,,A,medium,false,
Celebrities,What is professional wrestler The Rocks birth name?,Dwayne Douglas Kaui,Dwayne Douglas Jackson,Dwayne Douglas Johnson,John Douglas Jackson,C,medium,false,
Celebrities,What two nationalities does WWF wrestler The Rock have?,Spanish/African-American,Samoan/Caucasion,Samoan/African-Canadian,Samoan/Spanish,C,medium,false,
Celebrities,The professional wrestler The Rock received a collegiate football scholarship.,True,False,,,A,medium,false,
Celebrities,What did WWF wrestler The Rock major in college?,Criminology,Pre-med,Law,Psycology,A,medium,false,
Celebrities,What is the name of the foundation professional wrestler The Rock started in 2006?,The Dwayne Johnson Rock Foundation,The Dwayne Johnson Foundation,The Rock Foundation,The Dwayne Rock  Johnson Foundation,A,medium,false,
Celebrities,Which one of the following shows did wrestler The Rock not appear in?,That 70s show,8 Simple Rules,Star Trek:Voyager,Cory in the House,B,medium,false,
Celebrities,What is the capital city of Australia?,Canberra,Melbourne,Sydney,Perth,A,medium,false,
Celebrities,This Australian city is a popular tourist destination which has a bridge nicknamed The Coat Hanger and an opera house that looks like egg shells.,The Gold Coast,Sydney,Brisbane,Geelong,B,medium,false,
Celebrities,Most Australians live in coastal areas.,False,True,,,B,medium,false,
Celebrities,Which Australian city would you be in if you saw the Yarra River?,Melbourne,Darwin,Bendigo,Adelaide,A,medium,false,
Celebrities,Which Australian city was wiped out by tropical cyclone Tracey in 1974?,Alice Springs,Cairns,Darwin,Brisbane,C,medium,false,
Celebrities,Which Australian state or territory would you be in if you visited Ayres Rock?,Queensland,Tasmania,Australian Capital Territory,Northern Territory,D,medium,false,
Celebrities,What year did Australia go through a constitutional crisis?,1975,1971,1979,1977,A,medium,false,
Celebrities,Name the Australian Prime Minister who was dismissed by Governor General Sir John Kerr?,John Howard,Kevin Rudd,Malcolm Fraser,Gough Whitlam,D,medium,false,
Celebrities,In 1983 Australia defeated America for the first time in this international sporting event.,The Admirals Cup,The Davis Cup,The Americas Cup,The Egg and Spoon Race,C,medium,false,
Celebrities,This giant Australian state takes up a third of Australias area.,Western Australia,Tasmania,Victoria,New South Wales,A,medium,false,
Celebrities,What is Mark Ruffalos full name?,Marcus Ruffalo DiGiamo,Mark Anthony Ruffalo,Mark Anthony DiGiamo,Mark Alan Ruffalo,D,medium,false,
Celebrities,"Mark Ruffalo spent his teen years in Virginia Beach, Virginia.",True,False,,,A,medium,false,
Celebrities,What nationality is Mark Ruffalo?,Native American,Greek,Italian,Lebanese,C,medium,false,
Celebrities,Which of these movies has Mark Ruffalo not appeared in?,My Life Without Me,In The Bedroom,We Dont Live Here Anymore,The Dentist,B,medium,false,
Celebrities,Has Mark Ruffalo ever been nominated for a Tony Award?,No,Yes,,,B,medium,false,
Celebrities,Mark Ruffalo starred in the 2007 film Zodiac.,True,False,,,A,medium,false,
Celebrities,What is the unusual name of Mark Ruffalos wife?,Moondance,Sunshine,Star,Sunrise,D,medium,false,
Celebrities,Mark Ruffalo co-starred with this actress in the 2005 film Just Like Heaven.,Jennifer Aniston,Kate Winslet,Reese Witherspoon,Jennifer Garner,C,medium,false,
Celebrities,Has Mark Ruffalo ever played in a movie with Jamie Foxx?,Yes,No,,,A,medium,false,
Celebrities,"This legendary Canadian stand-up comedian and actor, starred in many hit movies, such as  Ace Ventura: Pet Detective, The Mask, Dumb and Dumber and many many more.",Jim Carrey,Jeff Foxworthy,Eddie Murphy,Bob Hope,A,medium,false,
Celebrities,"Which late comedian does the following quote belong to: I am a comedian and poet, so anything that doesnt get a laugh … is a poem.?",Phil Hartman,Mitch Hedberg,Bill Hicks,Richard Pryor,C,medium,false,
Celebrities,"This Canadian stand-up comedian hosted Saturday Night Lives Weekend Update for three years, before he was fired from the show.",Colin Quinn,Chris Kattan,Norm Macdonald,Will Ferrell,C,medium,false,
Celebrities,"This Scottish actor began his career as a boilermaker, and later switched to folk singing, before he found his true calling as a comedian.",Billy Connolly,Bill Dewar,Boothby Graffoe,Daniel Kitson,A,medium,false,
Celebrities,"This English stand-up comedians trademark is cross-dressing, on and off stage.",John Moloney,Mike Yates,James Campbell,Eddie Izzard,D,medium,false,
Celebrities,Which famous comedian and late night show host said My job is to be booed by the people of America; its in my contract.?,Johnny Carson,Conan OBrien,Jay Leno,David Letterman,B,medium,false,
Celebrities,This American stand-up comedian hosted the Comedy Central show Insomniac.,Jim Breuer,Jon Stewart,Dave Atell,Mitch Hedberg,C,medium,false,
Celebrities,Which of these comedians is not a part of the Blue Collar Comedy Tour?,Larry the Cable Guy,Bill Engvall,Dane Cook,Jeff Foxworthy,C,medium,false,
Celebrities,"Which comedy legend said When another comedian has a lousy show, Im the first one to admit it?",Woody Allen,Jack Benny,George Carlin,Eddie Murphy,B,medium,false,
Celebrities,"This American ventriloquist and stand-up comedian is best known for acts, which include puppets, such as Achmed, the Dead Terrorist.",Jim David,Meghan Miller,Blake Clark,Jeff Dunham,D,medium,false,
Celebrities,Joaquin Phoenix won a Grammy Award for his work on the album Walk the Line.,True,False,,,A,medium,false,
Celebrities,Joaquin Phoenix is known to have been a vegan since the age of three.,True,False,,,A,medium,false,
Celebrities,Which of the following movies did Joaquin Phoenix not appear in?,8mm,Backdraft,Signs,Hotel Rwanda,B,medium,false,
Celebrities,Who co-starred in We Own the Night with Joaquin Phoenix?,Robert Duvall,Mark Wahlberg,Eva Mendes,All of these,D,medium,false,
Celebrities,What 2003 animated Disney film did Joaquin Phoenix lend his voice to?,Tarzan,Aladdin,Brother Bear,Nemo,C,medium,false,
Celebrities,Judd Hirsch was born  in 1935. Where was he born?,"Chicago, Illinois","The Bronx, New York","Brooklyn , New York","Montreal, Quebec, Canada",B,medium,false,
Celebrities,From 1988-1992 Judd Hirsch starred in this NBC sitcom about a divorced English teacher.,The Teachers Room,Teacher of One,Day for Night,Dear John,D,medium,false,
Celebrities,What role did Judd Hirsch play in the 2001 movie A Beautiful Mind?,He played John Nashs doctor.,He played a spy who existed in John Nashs mind.,He played a high ranking member of Princetons math department.,He played John Nashs father.,C,medium,false,
Celebrities,Jude Hirsch stars as the father of a math genius and of an FBI officer in this CBS series.,Criminal Minds,CSI:N.Y.,Numb3rs,Law and  Order :Criminal Intent,C,medium,false,
Celebrities,For which two plays has Judd Hirsch won Tony Awards for Best Actor in a Drama?,The Ladder and A Night in Calabrese,Im Not Rappaport and Conversations with My Father,Urine Town and  Avenue Q,Rent and The Line,B,medium,false,
Celebrities,In what show did Judd Hirsch voice a man who was building a nuclear bomb for the Keebler elves?,Family Guy,Carmen San Diego,Dora the Explorer,South Park,A,medium,false,
Celebrities,Where was actor/director/writer/producer Peter Riegert born?,"Los Angeles, CA","Bethesda, MD","Chicago, IL","New York City, NY",D,medium,false,
Celebrities,What was the name of this 1988 comedy movie that starred Peter Riegert as a pickle salesman who was set up by a professional matchmaker on the lower Eastside of New York City.,Crossing Delancey,My New Man,The Courtesy,"Bell, Book , and Candle",A,medium,false,
Celebrities,Peter Riegert plays the crude detective Lt. Kellaway in this 1994 comedy.,Has Anyone Here Seen Canada?,Ace Ventura Pet Detective,Be Political Not Polite,The Mask,D,medium,false,
Celebrities,What role did Peter Riegert play in the TV comedy series Seinfeld?,"Franklin Delano Rockafeller, the man who wishes Kramer dead","Cassidy, the man who installs illegal cable TV","Kimbrough, the man who finally approves Jerrys sitcom","Joe Manchetti, Kramers friend who makes bootleg tapes",C,medium,false,
Celebrities,Which statement is untrue about Peter Riegert?,He is a former eighth-grade teacher.,In his first show business role he portrayed Chico Marx.,He was nominated for a Tony Award for his role in Chicago.,He lived with Bette Midler during the 1970s.,C,medium,false,
Celebrities,"In 2001 Peter Riegert was nominated for an Oscar for his short movie By Courier. He directed it, produced it  and wrote the film adaptation. Who wrote the original story?",O. Henry,Mark Twain,Don DeLillo,John Grisham,A,medium,false,
Celebrities,"In 2004 Peter Riegert directed, starred in, produced and wrote the adaptation for the movie King of the Corner. It starred Eli Wallach, Dominic Chianese, Peter Friedman, Rita Moreno, Harris Yullin and this star of Law and Order: Criminal Intent.",Judy Reyes,Eric Bogosian,Beverly DAngelo,Vincent DOnofrio,B,medium,false,
Celebrities,Scenes in the 1997 movie Austin Powers: International Man of Mystery were inspired by what James Bond movie?,All of these,Goldfinger,You Only Live Twice,Casino Royale,A,medium,false,
Celebrities,"What kind of creature is Shrek, voiced by Mike Myers in the 2001 computer-animated comedy movie Shrek?",Alien,None of these,Large frog,Ogre,D,medium,false,
Celebrities,What character did Mike Myers portray in the 2003 comedy movie The Cat in the Hat?,Nevins the Dog,The Cat,Lawrence Larry Quinn,Thing One,B,medium,false,
Celebrities,"What actress starred as Anita Randazzo in the 1998 movie 54, also featuring Mike Myers?",Cameron Diaz,Sandra Bullock,Jennifer Lopez,Salma Hayek,D,medium,false,
Celebrities,What female singer and actress starred alongside Mike Myers in the 2002 comedy movie Austin Powers in Goldmember?,Ashanti,Foxy Brown,Vanessa Williams,Beyonce Knowles,D,medium,false,
Celebrities,What is the name of Mike Myers character in the 2008 comedy movie The Love Guru?,Guru Jacques Grande,Guru Rajneesh,Guru Tugginmypudha,Guru Maurice Pitka,D,medium,false,
Celebrities,What happens to Shrek in the 2007 animated comedy Shrek the Third?,He gets married.,He divorces Princess Fiona.,All of these,He becomes a father.,D,medium,false,
Celebrities,Why was Mike Myers cast as General Ed Fenech in the 2009 movie Inglourious Basterds?,All of these,He was a fan of director Quentin Tarantino.,His parents were in the British Armed Forces.,He had inquired about making an appearance in the movie.,A,medium,false,
Celebrities,What actress starred as Felicity Shagwell alongside Mike Myers in the 1999 comedy movie Austin Powers: The Spy Who Shagged Me?,Heather Graham,Rebecca Romijn,Elizabeth Hurley,Uma Thurman,A,medium,false,
Celebrities,"What character made their debut in the 2004 movie Shrek 2, featuring the voices of Mike Myers, Eddie Murphy and Cameron Diaz?",Big Bad Wolf,Gingerbread Man,Pinocchio,Puss in Boots,D,medium,false,
Celebrities,Where was Emmy-winning actor Larry David born?,Brooklyn,The Bronx,Queens,Manhattan,A,medium,false,
Celebrities,How much did Larry David get for the sale of the syndication rights for his role of co-creator of Seinfeld?,$10 million,$100 million,$200 million,$50 million,C,medium,false,
Celebrities,Where did Larry graduate from college?,New York University,Yale University,University of Maryland,Harvard University,C,medium,false,
Celebrities,Did Larry David ever write for Saturday Night Live?,Yes,No,,,A,medium,false,
Celebrities,How many children does Larry David have from his marriage to Laurie Lennard?,5,1,2,3,C,medium,false,
Celebrities,On what popular Disney childrens show has Larry David appeared?,So Weird,Even Stevens,Hannah Montana,Lizzie McGuire,C,medium,false,
Celebrities,How many times was Larry  David nominated for an Emmy award for his work on the Seinfeld series?,6,19,7,12,D,medium,false,
Celebrities,The filming of the comedy series Curb Your Enthusiasm helped clear a mans name in an actual murder trial.,True,False,,,A,medium,false,
Celebrities,Linda Blair was born in which Midwest City?,"Des Moines, IA","Minneapolis, MN","St. Louis, Missouri","Kansas City, KS",C,medium,false,
Celebrities,What year did the film The Exorcist debut?,1974,1973,1972,1971,B,medium,false,
Celebrities,"Prior to her debut as the head spinner, Blair starred in several commercials including this long running commercial, which advertised what?",Craftman Tools,Hostess Twinkies,Heinz Ketchup,Guldens Mustard,D,medium,false,
Celebrities,"Exorcist II was an equally huge box office hit, that helped propel Blairs career even further.",False,True,,,A,medium,false,
Celebrities,Linda Blair starred on two episodes of the TV show Barnaby Jones with Buddy Ebsen.,Yes,No,,,B,medium,false,
Celebrities,"What type of character is Vincent Vega, portrayed by John Travolta in the 1994 movie Pulp Fiction?",Actor,Hitman,Drug dealer,Bootlegger,B,medium,false,
Celebrities,"What is the cause for George Malleys extraordinary abilities in the 1996 movie Phenomenon, starring John Travolta?",Brain tumor,None of these,He is possessed by a demon.,Alien abduction,A,medium,false,
Celebrities,What is the name of John Travoltas character in the 1978 movie Grease?,Sonny LaTierri,Tom Chisolm,Danny Zuko,Vince Fontaine,C,medium,false,
Celebrities,What does John Travoltas character James Ubriacco do for a living in the 1989 comedy movie Look Whos Talking?,He is a cab driver.,He is a nurse.,He is a hair stylist.,He is a professional nanny.,A,medium,false,
Celebrities,"What Hollywood actor directed the 1983 movie Staying Alive, starring John Travolta?",Sylvester Stallone,Mel Gibson,Kevin Costner,John Travolta,A,medium,false,
Celebrities,What animal character did John Travolta voice in the 2008 animated movie Bolt?,Cat,Tortoise,Hamster,Dog,D,medium,false,
Celebrities,"What popular musician appeared in the 2005 movie Be Cool, starring John Travolta?",Steven Tyler,Wyclef Jean,Christina Milian,All of these,D,medium,false,
Celebrities,In what 1998 war movie did John Travolta portray Brigadier General Quintard?,Red Heat,The Thin Red Line,The Generals Daughter,Crimson Tide,B,medium,false,
Celebrities,"The 1998 movie Primary Colors, starring John Travolta, was inspired by the life of this U.S. President.",Bill Clinton,Ronald Reagan,George H. W. Bush,Jimmy Carter,A,medium,false,
Celebrities,What real-life person did John Travolta portray in the 1998 movie A Civil Action?,Murderer,Important crime witness,Attorney,Judge,C,medium,false,
Celebrities,Which is the official bird of Newfoundland?,White-winged Dove,Spotted Towhee,Atlantic Puffin,Black-Capped Chickadee,C,medium,false,
Celebrities,"The people of this tribe were the aboriginal natives of Newfoundland, Canada.",Beothuk,Acadia,Eskasoni,Malpeque,A,medium,false,
Celebrities,Newfoundland entered Confederation with Canada in what year?,1933,1926,1951,1949,D,medium,false,
Celebrities,There are no bears in Newfoundland.,True,False,,,B,medium,false,
Celebrities,Which of these is the name of a rum made in Newfoundland?,Castillo,Screech,Scratch,Ron Llave,B,medium,false,
Celebrities,"During the Christmas season in Newfoundland, homes are visited by a band of masked strangers. What are they called?",Shellies,Dowdies,Mummers,Villancicos,C,medium,false,
Celebrities,"In WWI, Newfoundland lost about how many of its young men?",2%,10%,25%,5%,C,medium,false,
Celebrities,Newfoundland is in what time zone?,Atlantic Standard Time,Newfoundland Standard Time,Eastern Standard Time,Meridian Standard Time,B,medium,false,
Celebrities,What is the accepted date of James Browns birth?,"May 3, 1933","May 9, 1929","May 12, 1937","May 6, 1943",A,medium,false,
Celebrities,Why did James Brown undergo surgery in 2004?,He was diagnosed with leukemia.,He was diagnosed with prostate cancer.,He was diagnosed with lung cancer.,He was diagnosed with throat cancer.,B,medium,false,
Celebrities,Where did James Brown first become part of a singing group?,in the army,in jail,at high school,in church,B,medium,false,
Celebrities,What was the name of  James Browns first singing group?,The Fabulous Flames,The Avons,The Fames,The Gospel Starlighters,D,medium,false,
Celebrities,"In 1956, James Browns group signed a contract with what famous record company?",Motown,AM Records,King/Federal Records,Chess Records,C,medium,false,
Celebrities,Which of these titles was never used by James Brown?,Soul Brother Number One,The Fabulous One,Mr. Dynamite,"Mr. Please, Please, Please",B,medium,false,
Celebrities,"In October, 1957 this famous singer cancelled a tour because he found religion. James Brown took over the tour for him.",Ike Turner,Little Richard,Chuck Berry,Bo Didley,B,medium,false,
Celebrities,Which statement about James Brown is untrue?,Brown has never had a number one song on The Billboard Hot 100.,Browns eyebrows are tattoos.,Brown was once a minor league baseball player.,"Brown has sold more albums, singles, and CDs than Elvis Presley.",D,medium,false,
Celebrities,One of the biggest steps in James Browns career was his live show at The Apollo Theater in Harlem. Who financed the show?,Quincy Jones,Leonard Chess,Herb Alpert,James Brown,D,medium,false,
Celebrities,"In 1974, James Brown performed in Africa as part of a week of entertainment leading to a famous  boxing match. Who fought in the match?",Ali-Frazier,Ali-Foreman,Frazier-Foreman,Duran-Leonard,B,medium,false,
Celebrities,When did James Brown become one of the charter members of the Rock and Roll Hall of Fame?,1976,1986,1981,1996,B,medium,false,
Celebrities,How long did James Brown serve in prison in 1986?,26 days,26 months,3 years,26  weeks,B,medium,false,
Celebrities,"In 1985, James Browns song Living in America was used in a famous movie. Who starred in the  movie?",Sylvester Stallone,Harrison Ford,Will Smith,Leonardo DiCaprio,A,medium,false,
Celebrities,"What do James Brown, Carol Burnett, Itzak Perlman, Loretta Lynn, and Mike Nichols have in common?",They received a Kennedy Center Honor in 2003.,They received an Ammy  Award in 2004.,They were born on the same day.,Thy were born in the same year.,A,medium,false,
Celebrities,Dustin Hoffman was born in 1937 in a Jewish family.,False,True,,,B,medium,false,
Celebrities,How many children did Dustin Hoffman have with his first wife?,3,2,4,6,B,medium,false,
Celebrities,"While still an aspiring actor in the 50s, Dustin Hoffman befriended this fellow actor, who later also rose to fame.",Robert Redford,Robert Duval,Warren Beaty,Gene Hackman,D,medium,false,
Celebrities,Dustin Hoffman was born under what sign of the Zodiac?,Taurus,Leo,Capricorn,Virgo,B,medium,false,
Celebrities,What character did Dustin Hoffman play in the film ‘Little Big Man’?,a drug-addict,a hustler and smuggler in New York,a white man raised by Indians,a priest who tries to convert Indians to Christianity,C,medium,false,
Celebrities,For what 1979 movie did Dustin Hoffman win his fist Oscar?,Tootsie,Straw Dogs,Midnight Cowboy,Kramer vs. Kramer,D,medium,false,
Celebrities,"Dustin Hoffman, alongside the likes of Robert De Niro and Al Pacino, is known to be a method actor.",True,False,,,A,medium,false,
Celebrities,In this film Dustin Hoffman portrays a lawyer representing two young men who were molested as children and later murdered their molester.,Sleepers,Wag the Dog,Finding Neverland,Hero,A,medium,false,
Celebrities,Dustin Hoffman does not appear in which of the following movies?,Wag the Dog,American Buffalo,Moonlight Mile,The Squid and the Whale,D,medium,false,
Celebrities,"Dustin Hoffman was named after Dustin Farnum, the favorite writer of his parents.",True,False,,,B,medium,false,
Celebrities,Dustin Hoffman won his second Academy Award for his role in “Rain Man”. From what developmental disorder did Hoffmans character suffer?,Retrograde amnesia,Dyslexia,Rett’s syndrome,Autism,D,medium,false,
Celebrities,Marlon Brando received his first Academy Award for Best Actor for his performance in this 1954 movie.,Julius Caesar,Mutiny on the Bounty,On the Waterfront,The Godfather,C,medium,false,
Celebrities,In what 1954 film did Marlon Brando portray Napoleon Bonaparte?,Desiree,The Young Lions,Napoleon,The Wild One,A,medium,false,
Celebrities,This 1961 Western is the only movie directed by Marlon Brando. He also portrayed the lead character in the movie.,The Fugitive Kind,The Chase,The Wild One,One-Eyed Jacks,D,medium,false,
Celebrities,What historical figure did Marlon Brando portray in the 1953 movie Julius Caesar?,Julius Caesar,Cassius,Mark Antony,Brutus,C,medium,false,
Celebrities,"Marlon Brando won an Academy Award for Best Actor for his performance in this 1972 movie, but he turned down the award.",Last Tango in Paris,Mutiny on the Bounty,On the Waterfront,The Godfather,D,medium,false,
Celebrities,What character did Marlon Brando portray in the 1978 movie Superman?,Clark Kent,Jor-El,Otis,Lex Luthor,B,medium,false,
Celebrities,"What celebrated film director worked on the 1979 war movie Apocalypse Now, starring Marlon Brando?",Stanley Kubrick,Martin Scorsese,Francis Ford Coppola,Quentin Tarantino,C,medium,false,
Celebrities,"In what 1962 movie did Marlon Brandos character, Lt. Fletcher Christian, deliver the following line: One more order, Mr. Bligh, and Ill have your head on this deck. By Heaven, I swear it!?",Mutiny on the Bounty,The Young Lions,The Appaloosa,The Missouri Breaks,A,medium,false,
Celebrities,What was the name of Marlon Brandos character in the 1952 biographical movie Viva Zapata!?,Emiliano Zapata,Francisco Indalecio Madero,Pancho Villa,Eufemio Zapata,A,medium,false,
Celebrities,Marlon Brando starred in the 1957 film Sayonara as Maj. Lloyd Ace Gruver. What does the Japanese word sayonara mean?,Forever,Love,Goodbye,Impossible,C,medium,false,
Celebrities,What extraordinary name was given to Jason Lee and Beth Riesgrafs son?,Pilot Inspektor,Slick Investor,Swift Decoderr,Concrete Driller,A,medium,false,
Celebrities,"Nicolas Cages son, who was born on October 3, 2005, was named Kal-El. What was he named after?",A superhero,A guitar brand,A dog movie character,A motorcycle,A,medium,false,
Celebrities,What is the name of Michael Jacksons third child?,Count Michael Jackson II,King Michael Jackson II,Duke Michael Jackson II,Prince Michael Jackson II,D,medium,false,
Celebrities,What interesting name was given to actor Rob Morrows daughter from his marriage with actress Debbon Ayer?,Tri,Tu,For,Six,B,medium,false,
Celebrities,Which of these is the name of one of Bob Geldof and Paula Yates daughters?,Peaches Honeyblossom,Fifi Trixibell,All of these,Little Pixie,C,medium,false,
Celebrities,Comedian and illusionist Penn Jillette chose this unusual name for his daughter.,Trixie FireStarter,Moxie CrimeFighter,Dolly DoubleDecker,Baby MiddleFinger,B,medium,false,
Celebrities,"What interesting name was given to actress and musician Shannyn Sossamons son, born in 2003?",Computer Science,Video Science,Film Science,Audio Science,D,medium,false,
Celebrities,Actress Gwyneth Paltrow gave her second child this biblical name.,Jesus,Noah,Jeremiah,Moses,D,medium,false,
Celebrities,Musician Steve Vai gave the name of this element to one of his children.,Water,Earth,Air,Fire,D,medium,false,
Celebrities,How many members were there in Slipknot at the time of the recording of the Iowa album?,8,9,11,10,B,medium,false,
Celebrities,Some of the dreads on the old dreadlock mask usually worn by Slipknot member Corey Taylor were actually his own.,False,True,,,B,medium,false,
Celebrities,"How long is the nose on the famous Pinocchio style mask, often worn by Slipknots member Chris Fehn?",About 20 inches,About 3 inches,About 12 inches,About 7 inches,D,medium,false,
Celebrities,"The sample in Slipknots song Diluted, in which a man says: I dont have time for the living, was taken from what movie?",Buried Alive,Cemetery Man,Man in the Cemetery,Death on the Grave,B,medium,false,
Celebrities,The members of nu metal band Slipknot bought the rights to the barcode number 742617000027.,True,False,,,A,medium,false,
Celebrities,How long were the nails on the leather mask worn by Slipknots member Craig?,10 inches,8 inches,6 inches,5 inches,C,medium,false,
Celebrities,Finish the last line of Slipknots song Wait and Bleed from their album Slipknot: Ive felt the hate rise up in me Kneel down and clear the stone of leaves I wander out where you cant see .................................................................?,"Inside my shawl, I wipe and bleed","Inside my shell, I wait and bleed",Beside you I can wait and bleed,Outside my mind you fade and bleed,B,medium,false,
Celebrities,Shawn Clown Crahan was one of the first members of Slipknot to wear a strange mask which later became part of their image.,False,True,,,B,medium,false,
Celebrities,Slipknots member Craig Jones is also known by his nickname - 133 Mz.,True,False,,,A,medium,false,
Celebrities,Terrence Howard appeared in which of the following television series?,Fresh Prince of Bel Air,Law and Order,Picket Fences,Sex in the City,C,medium,false,
Celebrities,Terrence Howard had a role in the box office bomb Glitter.,False,True,,,B,medium,false,
Celebrities,What was Camerons profession in the movie Crash?,Actor,TV Director,TV Producer,Reporter,B,medium,false,
Celebrities,In which one of these biographical movies does Terrence Howard play the lead?,Ray,King of the World,The Jacksons: An American Dream,The OJ SImpson Story,B,medium,false,
Celebrities,Terrence Howard starred in Torque and Biker Boys.,True,False,,,B,medium,false,
Celebrities,Terrence Howard played a crazy escaped felon in the movie Big Mommas House.,True,False,,,A,medium,false,
Celebrities,In which of the following movies did Terrence Howard play a police officer?,Animal,Four Brothers,Hustle and Flow,Street Time,B,medium,false,
Celebrities,What year was Steve Carell born?,1972,1959,1960,1962,D,medium,false,
Celebrities,In which film did Steve Carell make his debut?,Curly Sue,Biodome,Splash,Bruce Almighty,A,medium,false,
Celebrities,In the 1990s Steve Carell was writing for this television show.,South Park,The Dana Carvey Show,The Daily Show,Jiminy Glick,B,medium,false,
Celebrities,Who did Steve Carell marry in the 1990s?,Chelsea Handler,Nancy Walls,Tina Faye,Sarah Silverman,B,medium,false,
Celebrities,Steve Carell is a graduate of Denison University. Where is its campus located?,"Granville, Ohio","New York City, New York","St. Louis, Missouri","Terre Haute, Indiana",A,medium,false,
Celebrities,Which of these parts does Steve Carell usually play on television and in movies?,Lawyer,Waiter,Fisherman,News Reporter,D,medium,false,
Celebrities,What was the name of the high school newspaper that Steve Carell worked on?,Daily Lion,Inside the Lions Den,Viking News,The Lions Roar,D,medium,false,
Celebrities,Steve Carell played the part of Andy in the 40-Year-Old Virgin. Which of the following statements is NOT true about the film?,Andy collects action figures and his friends refer to his house as Neverland Ranch.,"In the scene where Andy is having his chest hair waxed, Steve Carell really is getting his chest hair removed.",Morgan Freeman played the part of Andys boss at the electronic superstore.,Andys girlfriend works at a We Sell It on Ebay Store.,C,medium,false,
Celebrities,Steve Carell played the part of Michael Scott in the television series The Office. What type of show is it?,Reality,Medical Drama,Soap Opera,Mockumentary,D,medium,false,
Celebrities,What was the profession of Steve Carells mother?,Drug Counselor,Anthropologist,High School Principal,Psychiatric Nurse,D,medium,false,
Celebrities,Which of these musicians is the original bassist for Alice in Chains?,Mike Starr,John Baker Saunder,Jeff Ament,Mike Inez,A,medium,false,
Celebrities,Alice in Chains played at the Lollapalooza Festival in 1993.,False,True,,,B,medium,false,
Celebrities,"What year did Layne Staley, the original lead singer of Alice in Chains, die?",1998,2003,2000,2002,D,medium,false,
Celebrities,Alice in Chains performed live in the movie Singles.,False,True,,,B,medium,false,
Celebrities,Alice in Chains lead singer William DuVall was a member of what band prior to joining Alice in Chains?,Sevendust,Black Label Society,Brian Jonestown Massacre,Comes With the Fall,D,medium,false,
Celebrities,The Alice in Chains song Rooster is based on singer Layne Staleys uncles experiences in the Vietnam War.,False,True,,,A,medium,false,
Celebrities,Sting gained popularity as a member of this rock band.,Uriah Heep,The Who,Smokie,The Police,D,medium,false,
Celebrities,What does the name of Somali model and actress Iman mean in Arabic?,Queen,River,Sunshine,Faith,D,medium,false,
Celebrities,In what country was singer and songwriter Shakira born?,Chile,Mexico,Colombia,Lebanon,C,medium,false,
Celebrities,What other stage name did rapper Eminem adopt?,All of these,Soulja Boy,Slim Shady,Dirty Marshall,C,medium,false,
Celebrities,Football star Edison Arantes do Nascimento is best known by this nickname.,Pele,Ronaldinho,Maradona,Kaka,A,medium,false,
Celebrities,"Of what descent is American singer, songwriter and producer Akon?",Senegalese,Somalian,Ghanaian,Nigerian,A,medium,false,
Celebrities,"What is the stage name of popular English model Katie Price, born Katrina Amy Alexandria Alexis Infield?",Jordan,Giselle,Tyra,Tyrese,A,medium,false,
Celebrities,What is the real birth name of recording artist and actor Usher?,William,Richard,Ulysses,Usher,D,medium,false,
Celebrities,Of what descent is vocalist and composer Enya?,Romanian,Finnish,Irish,Spanish,C,medium,false,
Celebrities,What is the birth name of American rapper and actress Eve?,Eleonore,Eveline,Emily,Eve,D,medium,false,
Celebrities,Which city is the capital of Denmark?,Stockholm,Oslo,Copenhagen,Odense,C,medium,false,
Celebrities,All Scandinavian countries have a cross on their flags. What colors are the cross and the background of the Danish flag?,a blue cross on white background,a yellow cross on blue background,a white cross on red background,a large white cross on blue background,C,medium,false,
Celebrities,Hans Christian Andersen is probably the best known Dane. What is he famous for?,Composing the anthem of the European Union,Writing fairy tales,Sculpting,Being the first man to circumvent the world,B,medium,false,
Celebrities,Which territory is an autonomous province of Denmark?,Iceland,The Isle of Wight,Spitsbergen,Greenland,D,medium,false,
Celebrities,Which ethnic group that invaded Britain came from Denmark?,Jutes,Normans,Saxons,Angles,A,medium,false,
Celebrities,Which country does Denmark share a land border with?,Poland,Sweden,Norway,Germany,D,medium,false,
Celebrities,Which of the following was introduced as the currency of Denmark in 1873?,Krone (Crown),Mark,Danish Pound,Euro,A,medium,false,
Celebrities,Which of these indoor sports is most popular in Denmark?,Volleyball,Handball,Water polo,Basketball,B,medium,false,
Celebrities,Who is the head of the Danish state?,The prime minister,The monarch,The head of the Danish national church,The president,B,medium,false,
Celebrities,Which world ranking had Denmark at the top in 2008?,The most competitive economy,The least corrupt country,The highest per capita GDP,The most peaceful country,B,medium,false,
Celebrities,Which English king was of Danish origin?,Canute the Great,Alfred the Great,William the Conqueror,Edred,A,medium,false,
Celebrities,Which of these is most likely to be Danish?,Piotr Piotrowski,Olof Olofsson,John Johnson,Niels Nielsen,D,medium,false,
Celebrities,When was Kellie Pickler born?,"September 22, 1986","June 28, 1986","June 28, 1985","March 18, 1984",B,medium,false,
Celebrities,What is Kellie Picklers full name?,Kellie Dawn Pickler,Kellie Mae Pickler,Kellie Rose Pickler,Kellie Renee Pickler,A,medium,false,
Celebrities,Where was Kellie Pickler born?,"Albemarle, North Carolina","Nashville, Tennessee","Columbus, Ohio","Topeka, Kansas",A,medium,false,
Celebrities,What are Kellie Picklers parents names?,Kathy and Dale,Cynthia and Clyde,Mary and John,Mary and Dean,B,medium,false,
Celebrities,Which of the following does Kellie Pickler consider the major influence in her life?,Grandfather,Father,Sister,Mother,A,medium,false,
Celebrities,"In high school, Kellie Pickler was a cheerleader and dancer.",True,False,,,A,medium,false,
Celebrities,Has Kellie Pickler worked as a waitress?,No,Yes,,,B,medium,false,
Celebrities,What was Kellie Picklers first single?,I Wonder,Small Town Girl,Some Hearts,Red High Heels,D,medium,false,
Celebrities,"Helen Hayes Brown, the daughter of a patent office clerk and a part-time butcher, was born in this U.S. city.",St. Louis,Philadelphia,Scotts Bluff,"Washington, D.C.",D,medium,false,
Celebrities,"Helen Hayes son, James, starred in this 70s police drama.",Starskey and Hutch,Barnaby Jones,Mannix,Hawaii 5-0,D,medium,false,
Celebrities,"Helen Hayes was hospitalized several times for this health condition, which ultimately forced her retirement from the stage.",heart disease,emphysema,asthma,arthritis,C,medium,false,
Celebrities,"When this actress died, she left the majority of her significant estate to Helen Hayes. However, Helen Hayes died shortly after her dear friend and most of the two ladies estates were turned over to various charities.",Ginger Rogers,June Lockhart,Lillian Gish,Bette Davis,C,medium,false,
Celebrities,Helen Hayes was a pro-business Republican and a member of this organized religion.,None of these,Lutheran,Jewish Orthodox,Mormon,A,medium,false,
Celebrities,Helen Hayes is one of only a few people to do what?,serve as head of the Republican Committee and the Screen Actors Guild,"appear on Carson, Leno, Paar, Tom Snyder and Dick Cavett in their lifetime","win an Emmy, Oscar, Grammy and a Tony in their lifetime.","star in one year in commercials, television sitcoms, movies and the theatre (1977).",C,medium,false,
Celebrities,When was actress Raquel Welch born?,"October 5, 1941","September 5, 1940","September 5, 1941","October 5, 1940",B,medium,false,
Celebrities,Raquel Welch is the birth name of the popular actress.,False,True,,,A,medium,false,
Celebrities,Did Raquel Welch play Lt. White on the TV show McHales Navy?,Yes,No,,,B,medium,false,
Celebrities,Playboy magazine named Raquel Welch the Most Desired Woman of this decade.,1990s,1980s,1960s,1970s,D,medium,false,
Celebrities,In what 1966 movie did Raquel Welch play Loana?,One Million Years B.C.,Lady in Cement,Myra Breckinridge,Fathom,A,medium,false,
Celebrities,Did Raquel Welch record the single This Girls Back in Town?,No,Yes,,,B,medium,false,
Celebrities,"What part did Raquel Welch play on the sitcom Sabrina, the Teenage Witch?",aunt Vesta,aunt Hilda,aunt Zelda,great-aunt Irma,A,medium,false,
Celebrities,Name the two actors who co-starred with Raquel Welch in the 1968 western Bandolero!?,Jimmy Stewart and John Wayne,John Wayne and Dean Martin,Dean Martin and Jerry Lewis,Jimmy Stewart and Dean Martin,D,medium,false,
Celebrities,Did Raquel Welch appear in an Elvis Presley movie?,Yes,No,,,A,medium,false,
Celebrities,In what 1966 movie did Raquel Welch wear a scuba diving outfit?,Lady in Cement,Bluebeard,The Last of Sheba,Fantastic Voyage,D,medium,false,
Celebrities,What is the name of Rachael Rays magazine?,None of these,Rachael Ray Lifestyle,Tasty Travels,Everyday with Rachael Ray,D,medium,false,
Celebrities,Which of the following is not a show that has been hosted by Rachael Ray?,Inside Dish,Cooking with Rachael,30 Minute Meals,$40 a Day,B,medium,false,
Celebrities,Rachael Rays first job was at an ice cream shop in New York City.,False,True,,,A,medium,false,
Celebrities,"In late 2005, Rachael signed a deal with King World Productions and this TV personality to host a syndicated day time talk show.",Martha Stewart,Oprah Winfrey,Dr. Phil,Maury Provich,B,medium,false,
Celebrities,"Rachael Ray has appeared on the popular childrens program, Sesame Street.",False,True,,,B,medium,false,
Celebrities,Rachael Ray posed  for a mens magazine in 2003.,True,False,,,A,medium,false,
Celebrities,Sammy Davis Jr. was performing professionally by the age of four.,False,True,,,B,medium,false,
Celebrities,Sammy Davis Jr. and Sammy Davis Sr. were part of a dance trio. Who was the third party?,Will Mastin,Charles Honi Coles,John Bubbles,Stepin Fetchit,A,medium,false,
Celebrities,"Sammy Davis Jr. made his stage debut at an early age. There were laws against someone Sammys age working professionally, (plus he should have been in school), so to get around this, he was billed as which of the following?",Little Sam - The Tap Dance Man,Silent Sam - The Dancing Midget,Big Sam - The Little Man,Small Sammy - The Singing Dwarf,B,medium,false,
Celebrities,Is it true that Will Mastin was Sammy Davis Jr.s uncle?,Yes,No,,,B,medium,false,
Celebrities,Sammy Davis Jr. played the trumpet and the drums along with everything else he did on stage. He learned to play these instruments from his dad and Will Mastin.,False,True,,,A,medium,false,
Celebrities,"Sammy Davis Jr. was too young to enlist when WWII broke out, but he was drafted later. What going away gift did he receive his from dad and Will ?",a gold star of David,a new pair of tap shoes,a gold watch,a new suit,C,medium,false,
Celebrities,"Because Sammy Davis Jr.s education didnt qualify him for any of the armys special schools, they just kept sending him back to basic training over and over.",True,False,,,A,medium,false,
Celebrities,"Sammy Davis Jr. starred on Broadway more than once, but which of these was his first show there?",Mr. Wonderful,Golden Boy,Bye Bye Birdie,Stop the World - I want to Get off,A,medium,false,
Celebrities,In 1958 Sammy Davis Jr. made this film about a woman of ill-repute.,Anna Lucasta,Porgy and Bess,Carmen Jones,Of Love and Desire,A,medium,false,
Celebrities,What multi-talented performer urged Sammy Davis Jr. to include comedy and impressions into the groups act?,Mickey Rooney,Jerry Lewis,Frank Sinatra,Humphrey Bogart,A,medium,false,
Celebrities,"After years of hard work, The Will Mastin Trio - Featuring Sammy Davis Jr., officially made it big. At what famous nightclub did this momentous event occur?",The Trocadero,Ciros,The Coconut Grove,Mocambos,B,medium,false,
Celebrities,How many times was Sammy Davis Jr. married?,5,2,6,3,D,medium,false,
Celebrities,In which movie did Robert De Niro portray mafioso Paul Vitti?,Righteous Kill,Casino,Jacknife,Analyze This,D,medium,false,
Celebrities,In what popular animated movie did Robert De Niro voice a fish character named Don Lino?,Finding Nemo,Shark Tale,The Little Mermaid,None of these,B,medium,false,
Celebrities,"This famous actress and singer starred opposite Robert De Niro in the 1977 musical movie New York, New York.",Cher,Barbra Streisand,Liza Minnelli,Vanessa Williams,C,medium,false,
Celebrities,Name the movie in which Robert De Niro portrays mercenary and slaver Rodrigo Mendoza.,Brazil,The Mission,Godsend,Backdraft,B,medium,false,
Celebrities,Finish these lyrics from the song Grand Theft Autumn/Where Is Your Boy  by Fall Out Boy: Where is your boy tonight? I hope he is a gentleman. Maybe he wont find out what I know: you were the last good thing about this part of.................,School,Cheese,Person,Town,D,medium,false,
Celebrities,"Finish the last line of Fall Out Boys song Dance, Dance: Dance, Dance Were falling apart to half time Dance, Dance And these are the lives youd love to lead Dance, this is the way theyd love .................",If they knew how misery hated me,If they knew how misery loved me,If they knew how misery liked me,If they knew how misery wanted  me,B,medium,false,
Celebrities,"Fill in the missing words from the single A Little Less Sixteen Candles, a Little More Touch Me, released by Fall Out Boy: I confess, I messed up dropping Im sorry like youre still around And I know you dressed up ...................",hey kid will you ever live this down,hey kid can you live this down,hey kid youll never live this down,would you live this down,C,medium,false,
Celebrities,My Heart Will Always Be the B-Side to My Tongue is an acoustic EP released by Fall Out Boy in 2004.,False,True,,,B,medium,false,
Celebrities,In how many movies did Sean Connery portray the legendary agent James Bond between 1962 and 1983?,Five,Seven,Nine,Eleven,B,medium,false,
Celebrities,What kind of creature did Sean Connery voice in the 1996 fantasy movie Dragonheart?,Ghost,Dragon,Magician,Horse,B,medium,false,
Celebrities,Which character did Sean Connery portray in the 1986 fantasy movie Highlander?,Dugal MacLeod,Juan Sanchez Villa-Lobos Ramirez,Sunda Kastagir,Connor MacLeod,B,medium,false,
Celebrities,Name the movie for which Sean Connery received his first Academy Award.,The Hunt for Red October,Indiana Jones and the Last Crusade,The Name of the Rose,The Untouchables,D,medium,false,
Celebrities,Sean Connery starred opposite this actor in the 1993 movie Rising Sun.,Wesley Snipes,Denzel Washington,Will Smith,Morgan Freeman,A,medium,false,
Celebrities,"Sean Connery portrayed Colonel Arbuthnott in this 1974 mystery movie, based on a novel by Agatha Christie.",Death on the Nile,Evil Under the Sun,Murder on the Orient Express,Ten Little Indians,C,medium,false,
Celebrities,Which of these actors did not star opposite Sean Connery in the 1989 movie Family Business?,Dustin Hoffman,Matthew Broderick,Robert De Niro,All of these,C,medium,false,
Celebrities,"What is the first movie directed by Sylvester Stallone, in which he also starred as Cosmo Carboni?",Escape to Victory,F.I.S.T.,Paradise Alley,Nighthawks,C,medium,false,
Celebrities,"What actor was originally considered for the role of John Rambo in the 1982 movie First Blood, which was eventually given to Sylvester Stallone?",Dustin Hoffman,Al Pacino,Clint Eastwood,All of these,D,medium,false,
Celebrities,"Why were detectives Tango and Cash, portrayed by Sylvester Stallone and Kurt Russell, imprisoned in the 1989 movie Tango  Cash?",They were framed for murder.,They refused to obey an order.,They were drug smugglers.,None of these,A,medium,false,
Celebrities,"In what U.S. city is there a statue of fictional boxer Rocky Balboa, portrayed by Sylvester Stallone in the Rocky movies?",Chicago,New York City,Philadelphia,Phoenix,C,medium,false,
Celebrities,In what sport does Sylvester Stallones character Lincoln Hawk compete in the 1987 movie Over the Top?,Chess,Arm wrestling,Car racing,Boxing,B,medium,false,
Celebrities,"Sylvester Stallone has stated this was the worst movie he ever made, yet it became quite popular.",All of these,Cobra,Stop! Or My Mom Will Shoot,Oscar,C,medium,false,
Celebrities,In which 1994 action movie did Sylvester Stallone star alongside Sharon Stone?,Get Carter,Demolition Man,Rocky Balboa,The Specialist,D,medium,false,
Celebrities,In what animated movie did Sylvester Stallone voice a character named Weaver?,Antz,Fly,Bee Movie,Grasshoppers,A,medium,false,
Celebrities,In what action movie does Sylvester Stallone rival Antonio Banderas in performing a dangerous task?,Demolition Man,Assassins,The Specialist,Get Carter,B,medium,false,
Celebrities,In what 1997 movie did Sylvester Stallone star opposite Robert De Niro?,Judge Dredd,Cop Land,Assassins,Cliffhanger,B,medium,false,
Celebrities,Which Arquette sibling is the oldest?,Rosanna,Richmond,David,Patricia,A,medium,false,
Celebrities,Richmond Arquette had a part in the movie Seven.,False,True,,,B,medium,false,
Celebrities,What member of the Arquette family was married to Nicholas Cage?,Rosanna,Alexis,Rosanna and Patricia,Patricia,D,medium,false,
Celebrities,Richmond Arquette married Courtney Cox in 1999.,False,True,,,A,medium,false,
Celebrities,This Arquette showed up on The Surreal Life in 2005.,David,Alexis,Rosanna,Richmond,B,medium,false,
Celebrities,In 1987 this Arquette starred in A Nightmare on Elm Street 3: Dream Warriors.,David,Patricia,Rosanna,Alexis,B,medium,false,
Celebrities,Alexis and Patricia Arquette co-starred in a movie called Last Exit to Brooklyn.,True,False,,,B,medium,false,
Celebrities,All of the Arquette siblings were born in a commune in Virginia.,True,False,,,B,medium,false,
Celebrities,This Arquette stars in the television series Medium.,Patricia,David,Alexis,Rosanna,A,medium,false,
Celebrities,Rosanna Arquette starred in the 2004 film Crash with Terrence Howard.,True,False,,,B,medium,false,
Celebrities,"Actors David, Rosanna, Alexis, Richmond and Patricia Arquette are descendants of American explorer Meriwether Lewis.",False,True,,,B,medium,false,
Celebrities,All zodiac signs have an opposite (called a polarity). Taurus is ruled by Venus and its opposite sign is ruled by Pluto. What zodiac sign is Tauruss polarity?,Leo,Cancer,Gemini,Scorpio,D,medium,false,
Celebrities,"Born April 24, 1942 this singer is the first one to have Billboard #1s in 4 decades: 60s, 70s, 80s and 90s.  Shes had many hits including: The Way We Were (1974), Woman in Love (1980) and I Finally Found Someone (1996).",Carole King,Helen Reddy,Cher,Barbara Streisand,D,medium,false,
Celebrities,Which element is Taurus associated with?,Earth,Air,Water,Fire,A,medium,false,
Celebrities,The world of foreign nobility is no stranger to the zodiac sign of Taurus. Many of the following figures were born in April or May. Which of these royalties are correctly matched with their country?,Queen Elizabeth  II - Britain; Catherine the Great - Russia; Hirhito - Japan,Queen Elizabeth - Britain; Catherine the Great - Russia; Louis VIII - Portugal,Queen Elizabeth - Britain; Peter The Great - Yugoslavia; Catherine de Medici - France,Henry VIII - Britain; Catherine the Great - Russia; Catherine de Medici - Spain,A,medium,false,
Celebrities,"Match the following 3 signature movies with the famous Taureans who acted in them: The Shining, Its A Wonderful Life and Reservoir Dogs.",Jack Nicholson-James Stewart-Harvey Keitel,Gary Cooper-Lee Majors-Robert Montgomery,Lee Majors-Harvey Keitel-James Stewart,Stewart Granger-Lionel Barrymore-Tim Roth,A,medium,false,
Celebrities,Which part of the body does Taurus mostly govern?,stomach,throat,legs,heart,B,medium,false,
Celebrities,"These three people were all born on May 12th. One of them was a notable humanitarian born in 1820 and part of the Royal Red Cross, the other one was a famous actress born in 1907 who won an Oscar for a role in On Golden Pond and the third one was a famous comedian born in 1937 who had 5 Emmy nominations.",Florence Nightingale-Candice Bergan-Tim Conway,Henry Dunant-Jane Fonda-Chevy Chase,Florence Nightingale-Katerine Hepburn-George Carlin,Karl Marx-Candice Bergen-Mort Sahl,C,medium,false,
Celebrities,"Renée Zellweger was born in Kathy, Texas under this star sign.",Taurus,Gemini,Aries,Cancer,A,medium,false,
Celebrities,In 1991 Renée Zellweger graduated from the University of Texas at Austin. What was her major?,German Language,Theater - Acting,Art,English Language,D,medium,false,
Celebrities,"Although Renée Zellweger had appeared in more than a dozen films before that, it was the 1996 sports movie “Jerry Maguire” which made her famous. What award did Zellweger win for it?",Screen Actors Guild Award for Outstanding Performance by a Female Actor in a Supporting Role,all of these,Satellite Award for Best Supporting Actress,Broadcast Film Critics Association for Breakthrough Artist,D,medium,false,
Celebrities,In 2001 Renée Zellweger starred alongside Hugh Grant and Colin Firth in the British comedy “Bridget Jones’s Diary”. What did the actress do to make the Bridget Jones character more believable?,She stopped smoking for 6 months.,She gained 20 pounds.,She took singing lessons for 10 months.,She shaved her head.,B,medium,false,
Celebrities,Who did Renée Zellweger marry in 2005 only to annul the marriage seven months later?,George Clooney,Jim Carrey,Jack White,Kenny Chesney,D,medium,false,
Celebrities,"Prior to her winning the Academy Award for Best Supporting Actress in 2003, how many nominations did Renée Zellweger have in the category of Best Actress?",one,two,none,three,B,medium,false,
Celebrities,"In which of her movies did Renée Zellwegers character develop an obsession for her favorite soap actor, played by Greg Kinnear?",Cinderella Man,Nurse Betty,Bridget Jones: The Edge of Reason,"Me, Myself  Irene",B,medium,false,
Celebrities,For which Academy Award for Best Picture winner did Renée Zellweger take dancing lessons for 10 months?,Shakespeare in Love,Moulin Rouge!,Chicago,Jerry Maguire,C,medium,false,
Celebrities,Name the film in which Renée Zellweger was the voice of Vanessa Bloom.,Bee Movie,Shrek,Shark Tale,Finding Nemo,A,medium,false,
Celebrities,For which of these movies did Renée Zellweger win an Oscar for Best Supporting Actress?,Bridget Jones’s Diary,Cold Mountain,Chicago,Moulin Rouge!,B,medium,false,
Celebrities,Marilyn Monroes first movie appearance was in this 1947 musical comedy movie.,The Shocking Miss Pilgrim,You Were Meant for Me,Scudda Hoo! Scudda Hay!,Dangerous Years,A,medium,false,
Celebrities,Marilyn Monroe starred opposite this celebrated Hollywood actress in the 1952 romantic comedy movie Were Not Married!.,Katharine Hepburn,Ginger Rogers,Greta Garbo,Judy Garland,B,medium,false,
Celebrities,Marilyn Monroe won a Golden Globe for Best Actress in Musical or Comedy for her portrayal of a character named Sugar in this1959 movie.,Some Like It Hot,None of these,Monkey Business,The Prince and the Showgirl,A,medium,false,
Celebrities,In what 1953 movie does Marilyn Monroe perform the song Diamonds are a Girls Best Friend?,How to Marry a Millionaire,Theres No Business Like Show Business,Some Like It Hot,Gentlemen Prefer Blondes,D,medium,false,
Celebrities,What 1950 movie featuring Marilyn Monroe set a long-running record by receiving fourteen Academy Award nominations?,Lets Make It Legal,Theres No Business Like Show Business,Some Like It Hot,All About Eve,D,medium,false,
Celebrities,"What does the chimpanzee Esther accidentally create in the 1952 comedy movie Monkey Business, starring Marilyn Monroe?",Love potion,Youth potion,Beauty potion,Growth potion,B,medium,false,
Celebrities,Why did Laurence Olivier reportedly decide to quit directing movies after he worked with Marilyn Monroe in the movie The Prince and the Showgirl?,Because he fell in love with Marilyn but she rejected him,All of these,Because he was annoyed by Marilyns behavior,Because Marilyn assured him he was not talented enough as a director,C,medium,false,
Celebrities,In what 1953 romantic comedy movie did Marilyn Monroe star as golddigger Pola Debevoise?,How to Marry a Millionaire,The Seven Year Itch,The Prince and the Showgirl,Gentlemen Prefer Blondes,A,medium,false,
Celebrities,What 1955 movie starring Marilyn Monroe featured the unforgettable scene with her white dress blown up by the wind?,Some Like It Hot,The Seven Year Itch,Theres No Business Like Show Business,Gentlemen Prefer Blondes,B,medium,false,
Celebrities,"This was the last movie that Marilyn Monroe started filming, but it remained unfinished because of her sudden death.",Somethings Got to Give,Green Grass of Wyoming,The Misfits,Lets Make Love,A,medium,false,
Celebrities,"In 1990, Charles Lane was rushed to the hospital with chest pains and when the doctor asked him if he was a smoker, he replied, No, I quit the habit 45 minutes ago.",False,True,,,B,medium,false,
Celebrities,"In 1965, Charles Lane played Uncle Abner in this program.",Petticoat Junction,Beverly Hillbillies,Get Smart,The Doris Day Show,C,medium,false,
Celebrities,What is Ozzy Osbournes real name?,Ozzy Osbourne,John Osbourne,Jack Russel Osbourne,Marion Osbourne,B,medium,false,
Celebrities,Which of these is one of Black Sabbaths former names?,Elf,Solitude,Earth,Dark Church,C,medium,false,
Celebrities,Where did Black Sabbath take their name from?,a church in their native town,a book by Tony Iommis  father,a Boris Karloff film,graffiti on a tombstone,C,medium,false,
Celebrities,What Black Sabbath members right hand was damaged as a result of an industrial accident?,Tony Iommi,Geezer Butler,Ozzy Osbourne,Bill Ward,A,medium,false,
Celebrities,In what city was Black Sabbath formed?,Amsterdam,Birmingham,Oslo,London,B,medium,false,
Celebrities,"In 1968, Toni Iommi briefly left Black Sabbath to play in this band.",Jethro Tull,Deep Purple,Led Zeppelin,Rolling Stones,A,medium,false,
Celebrities,Which of these movies did guitarist Tony Iommi appear in?,The Bands The Last Waltz,The Beatles A Hard Days Night,Pink Floyds The Wall,The Rolling Stones Rock and Roll Circus,D,medium,false,
Celebrities,What was the last Black Sabbath studio album with Ozzy Osbourne as lead singer?,Technical Ecstasy,Sabotage,Never Say Die!,Master of Reality,C,medium,false,
Celebrities,Which of these singers never recorded albums with Black Sabbath in the period 1968-2008?,Tony Martin,Ronnie James Dio,Ian Gillan,Joe Lynn Turner,D,medium,false,
Celebrities,Which statement is true about Gregory Pecks birth?,"He was born Eldred Gregory Peck on April 5, 1916 in La Jolla, California.","He was born Ronald Richard Gregory on April 5, 1914 in San Francisco, California.","He was born Richard Gregory Peck on April 5, 1917 in Santa Barbara, California.","He was born Gregory Edward Peck on April 5, 1915 in Pasadena, California.",A,medium,false,
Celebrities,Select the correct statement about Gregory Pecks life.,His father ran a small theater outside of Los Angeles.,He never completed his college degree at U Cal Berkley.,At about 23 he left California to become an actor in New York City.,He had a very stable childhood living in the suburbs of Los Angeles.,C,medium,false,
Celebrities,Gregory Peck felt that the American Film Institute was just a useless organization.,True,False,,,B,medium,false,
Celebrities,In 1947 Gregory Peck founded this important theater with the help of Mel Ferrer and Dorothy McGuire.,L.A. Theater Works,Second City,The Trio Playhouse,La Jolla Playhouse,D,medium,false,
Celebrities,In 1967 Gregory Peck received The Jean Hersholt Award from the Academy of Motion Pictures Arts  Science. This award is given for which of the following?,Being a member of the Academy for at least 40 years,Never receiving an Oscar and being in many movies,Humanitarian activities,Lifetime achievement in motion pictures,C,medium,false,
Celebrities,Gregory Peck was well known as an active supporter of the Republican Party.,True,False,,,B,medium,false,
Celebrities,"What do Gene Autry, Kirk Douglas, Gregory Peck and Jimmy Stewart have in common?",They all served on B-17s during World War II.,Their stars on Hollywoods Walk of Fame were stolen.,They all helped Ronald Reagans campaign for the Presidency.,They were speakers at Governor Schwarzeneggers inauguration.,B,medium,false,
Celebrities,Gregory Peck had many  close friends. Which of the following was not one of them?,Ronald Reagan,Mary Badham,Tony Danza,Michael Jackson,A,medium,false,
Celebrities,In 1980 Gregory Peck made unpaid ads for the Chrysler Automobile Corporation .,False,True,,,B,medium,false,
Celebrities,"After starring in 1958s  The Bravados, Gregory Peck made this decision.",To move to Texas,To help form section of the Motion Picture Academy for cowboy actors.,To buy a real working ranch and raise horses,To never make another western,C,medium,false,
Celebrities,Gregory Peck won one Oscar. For which movie did he get the Oscar for The Best Actor?,Gentlemans Agreement,The Yearling,Twelve OClock High,To Kill a Mocking Bird,D,medium,false,
Celebrities,In the late 1960s Gregory Peck fought very hard but unsuccessfully for this cause.,"To get statehood for Washington, D.C.",To pass the Equal Rights Amendment,To get the US out of the UN,To make full-length animated films eligible for the Best Picture Oscar,D,medium,false,
Celebrities,Which statement is untrue about Gregory Peck?,He never appeared in an anti-war movie.,"Like todays stars, he owned his own production company.",He was an opponent of nuclear weapons.,He was an opponent of gun control.,D,medium,false,
Celebrities,Gregory Peck appeared as a hero in a Marvel comic book.,True,False,,,A,medium,false,
Celebrities,Find the untrue statement about Gregory Peck.,He considered running for president against Ronald Reagan.,He did most of his own fight scenes.,He met his second wife when she was sent to interview him.,He had two adopted children.,A,medium,false,
Celebrities,"Over 3,000 people tried to attend Gregory Pecks funeral. To insure that Pecks friends and relatives would have seats they were told to give this password to the ushers.",Omen,Gentleman,Atticus,Ahab,C,medium,false,
Celebrities,What is Hank Williams Jr.s nickname?,Bocephus,Jr.,Willie,Hanky Panky,A,medium,false,
Celebrities,"Steve is Hank Williams, Jr.s real first name.",False,True,,,A,medium,false,
Celebrities,"In 1975, country singer Hank Williams Jr. fell of off which mountain?",The Ozarks,Ajax Mountain,Mt. Everest,The Smokey Mountains,B,medium,false,
Celebrities,What was Hank Williams Jr. first wifes name?,Sarah,Stephanie,Audrey,June,D,medium,false,
Celebrities,Hank Williams Jr. was 14 when his dad died.,True,False,,,B,medium,false,
Celebrities,"When was Hank Williams, Jr. born?","April 26, 1949","April 3, 1950","May 26, 1949","May 3, 1950",C,medium,false,
Celebrities,"Is there a movie based on Hank Williams, Jr.s life?",No,Yes,,,B,medium,false,
Celebrities,What is the first name of Hank Williams Jr.s son?,Shelton,John,Merle,Bobby,A,medium,false,
Celebrities,Which of these is not a Hank Williams Jr. song?,Cajan Baby,Jambalya,Standing in the Shadows,Thats the Kind of Life I Live,B,medium,false,
Celebrities,What was Hank Williams Jr.s first number one album on the country charts?,Five-O,Montana Cafe,Songs My Father Left Me,Major Moves,C,medium,false,
Celebrities,Who was the first European explorer to visit Costa Rica?,Hernan Cortez,Francisco Pizarro,Christopher Columbus,Vasco Nunez de Balboa,C,medium,false,
Celebrities,Which of these animals cannot be found in Costa Rica?,Manatee,Jaguar,Coyote,Giant Armadillo,D,medium,false,
Celebrities,"In 2007, Gaston Fournier was selected to be artistic coordinator in this famous Opera House.",Royal Opera House in London,La Scala in Milan,Opera Garnier in Paris,Metropolitan Opera House in New York,B,medium,false,
Celebrities,"In 2006, Costa Rica was the second exporter in the world of what crop?",oranges,olives,bananas,apples,C,medium,false,
Celebrities,What city is the capital of Austria?,Prague,Berlin,Vienna,Budapest,C,medium,false,
Celebrities,Which great composer was not from Austria?,Wolfgang Amadeus Mozart,Johann Strauss,Joseph Haydn,Johann Sebastian Bach,D,medium,false,
Celebrities,Which of these famous actors was born in Austria?,Jean Claude van Damme,Sylvester Stallone,Danny De Vitto,Arnold Schwarzenegger,D,medium,false,
Celebrities,Hermann Maier (Herminator) was an Austrian star of which winter sport?,Ski jumping,Cross-country skiing,Ice hockey,Alpine skiing,D,medium,false,
Celebrities,What is the official language of Austria?,Swiss,German,Austrian,Tyrolean,B,medium,false,
Celebrities,"Austria is a landlocked country, which shares borders with how many other landlocked countries?",5,1,0,3,A,medium,false,
Celebrities,What is the meaning of the word from which the name Austria is derived?,Southern land,Eastern realm,Land in the mountains,Little Australia,B,medium,false,
Celebrities,Which mountain range covers most of Austrias territory?,the Pyrenees,the Carpathians,the Alps,the Sudeten Mountains,C,medium,false,
Celebrities,The House of Habsburg was a powerful dynasty from Austria that once ruled half of Europe. Which of these thrones was never occupied by a Habsburg?,Polish,Dutch,Spanish,Hungarian,A,medium,false,
Celebrities,Austria-Hungary was a vast empire that covered much of Central Europe. Which present day country was not part of this empire?,Bosnia and Herzegovina,Serbia,Czech Republic,Slovakia,B,medium,false,
Celebrities,What movie brought Anthony Hopkins his first Academy Award?,The Remains of the Day,The Silence of the Lambs,The Hunchback of Notre Dame,Shadowlands,B,medium,false,
Celebrities,What popular painter did Anthony Hopkins portray in a 1996 movie directed by James Ivory?,Rembrandt,Johannes Vermeer,James Abbott McNeill Whistler,Pablo Picasso,D,medium,false,
Celebrities,What historical figure did Anthony Hopkins portray in the 1981 television film The Bunker?,Otto von Bismarck,Winston Churchill,Adolf Hitler,Heinrich Himmler,C,medium,false,
Celebrities,"Who is the director of the 1992 horror movie Dracula, featuring Anthony Hopkins as Professor Abraham Van Helsing?",Steven Spielberg,Francis Ford Coppola,Luc Besson,Anthony Hopkins,B,medium,false,
Celebrities,What American President did Anthony Hopkins portray in the 1997 Steven Spielberg movie Amistad?,James Monroe,Andrew Jackson,Martin Van Buren,John Quincy Adams,D,medium,false,
Celebrities,What character did Anthony Hopkins voice in the 2000 movie How the Grinch Stole Christmas?,Max the Dog,Officer Wholihan,The narrator,Mayor Augustus Maywho,C,medium,false,
Celebrities,"What was the name of the 2001 sequel to the 1991 thriller The Silence of the Lambs, both starring Anthony Hopkins?",The Quiet Desperation of the Lambs,Hannibal,Manhunter,The Cannibal,B,medium,false,
Celebrities,What character did Anthony Hopkins portray in the 2007 movie Beowulf?,Beowulf,Unferth,King Hrothgar,Grendel,C,medium,false,
Celebrities,"What actor was originally considered for the role of US President Richard Nixon in the 1995 movie Nixon, eventually played by Anthony Hopkins?",Robin Williams,Jack Nicholson,All of these,Tom Hanks,C,medium,false,
Celebrities,Anthony Hopkins portrayed this character in the 1993 movie The Remains of the Day.,Head Butler Mr James Stevens,Lord Darlington,Congressman Trent Lewis,William Stevens,A,medium,false,
Celebrities,Comedians Abbott and Costellos most famous routine is Whos on First?.  Which is the only baseball position not mentioned in that routine?,Centerfield,Leftfield,Rightfield,Shortstop,C,medium,false,
Celebrities,Which mathematical equation does American comedian Lou Costello in a routine use to prove that thirteen 7’s equal 28?,All of these,Multiplication,Division,Addition,A,medium,false,
Celebrities,"In which of these sports can a father be a mudder, as explained to Costello by Abbott in one of their comedy routines?",horse racing,polo,wrestling,golf,A,medium,false,
Celebrities,"In the movie Hold That Ghost, what animals does Camille Brewster (Joan Davis) tell Lou Costello she cannot go to bed without?",Deer,Doves,Sheep,Mules,D,medium,false,
Celebrities,Can you pick the words that sets off a deranged derelict to beat up Lou Costello every time he hears them mentioned in the movie Lost in a Harem?,Off With His Head,Grand Canyon,Sultans Wives,Niagara Falls,D,medium,false,
Celebrities,"In the movie Naughty Nineties, what does the American comedian Abbott do to prove to his partner Costello that he cannot hit him while they are both standing on the end of a handkerchief?",Makes Costello stand on one leg,Draws a line,Folds it in half,Closes the door over his half,D,medium,false,
Celebrities,"In the movie Abbott  Costello Meet Frankenstein”, Costello does a type of magic trick. What is it?",He makes a coin disappear.,He pulls out the tablecloth without upsetting the candles and dinnerware.,He pulls a rabbit out of a hat.,He makes Sandra disappear.,B,medium,false,
Celebrities,"In Abbott and Costello’s routine Susquehanna Company, almost all the items that Lou Costello was to deliver were destroyed by people hearing the mention of that companys name. What were those items?",Gloves,Hats,Pants,Belts,B,medium,false,
Celebrities,"Which of these foods is the name of a street in comedians Abbott and Costello’s routine, where Costello gets beaten up by mentioning that name?",Orange,Bacon,Bagel,Custard,C,medium,false,
Celebrities,What year was Lou Ferrigno born?,1950,1955,1954,1951,D,medium,false,
Celebrities,Lou Ferrigno lost some of his hearing as a child.,True,False,,,A,medium,false,
Celebrities,In what 1977 competition did Lou Ferrigno place 4th?,Mr. Olympia,Mr. Universe,Mr. America,Worlds Strongest Man,D,medium,false,
Celebrities,Which of the following shows did Lou Ferrigno not appear in?,Friends,My Wife and Kids,Home Improvement,Reno 911,A,medium,false,
Celebrities,What popular sitcom did Lou Ferrigno play himself in?,Friends,Everybody loves Raymond,King of Queens,8 Simple Rules,C,medium,false,
Celebrities,Argentina is the second largest country in terms of area and population on the continent it is located.,True,False,,,A,medium,false,
Celebrities,The name of Argentina comes from a Latin word which means silver.,False,True,,,B,medium,false,
Celebrities,What is the official language of Argentina?,Spanish,Italian,Guaraní,German,A,medium,false,
Celebrities,What is the predominant religion in Argentina?,The Church of Jesus Christ of Latter-day Saints,Islam,Protestantism,Roman Catholicism,D,medium,false,
Celebrities,What is the motto of Argentina?,Por la Razón o la Fuerza,La unión es la fuerza!,Ordem e Progresso,En unión y libertad,D,medium,false,
Celebrities,What is the national anthem of Argentina?,Himno Nacional de Argentina,Hino Nacional Argentino,Hino Nacional de Argentina,Himno Nacional Argentino,D,medium,false,
Celebrities,What is the capital of Argentina?,Buenos Aires,San Juan,Rosario,La Plata,A,medium,false,
Celebrities,What is the currency of Argentina?,colón,peso,dollar,daler,B,medium,false,
Celebrities,Who is the first president of Argentina?,Bernardino Rivadavia,Manuel Dorrego,Vicente López y Planes,Justo José de Urquiza,A,medium,false,
Celebrities,On what continent is Argentina located?,Asia,South America,North America,Europe,B,medium,false,
Celebrities,Stephen Fry was born in 1957 to an English father and an Austrian-Jewish mother. Which borough of London was he born in?,Richmond upon Thames,Wandsworth,Harrow,Camden,D,medium,false,
Celebrities,Stephen Fry was expelled from two schools between the ages of 14 and 16,True,False,,,A,medium,false,
Celebrities,"At the age of seventeen, Stephen Fry was imprisoned for 3 months for what illegal activity?",Assault,Reckless driving,Fraud,Indecency,C,medium,false,
Celebrities,"Following his release from prison, Stephen Fry studied hard to successfully gain entrance to which University?",Edinburgh,Oxford,Cambridge,Bristol,C,medium,false,
Celebrities,"While at University, Stephen Fry joined an amateur theatrical group where he met his comedy partner Hugh Laurie. What was the name of the theatrical group?",Footlights,Revue,Fringe,Old Vic,A,medium,false,
Celebrities,Stephen Fry first came to public attention when he partnered Hugh Laurie on Saturday Live. This led to him being cast as Lord Melchett in which successful comedy series?,"Filthy, Rich and Catflap",Three of a Kind,Blackadder II,The Young Ones,C,medium,false,
Celebrities,What was the title of the 4-season long TV sketch show created by Stephen Fry and Hugh Laurie?,Saturday Night Fry,Moab is my Washpot,Jeeves and Wooster,A Bit of Fry and Laurie,D,medium,false,
Celebrities,What is the link between Stephen Fry and popular boy-wizard Harry Potter?,Fry is J K Rowlings cousin.,Fry owned the cafeteria at which J K Rowling wrote a lot of the early notes for Harry Potter and the Philosophers Stone.,Fry is the voice of the audiobook versions of the Harry Potter stories and their videogame adaptations.,Fry was originally offered the part of Dumbledore in the Harry Potter films.,C,medium,false,
Celebrities,"Whilst appearing in the stage play, Cell Mates, in 1995 Stephen Fry suffered a nervous breakdown and disappeared for a number of days. In which country did he reappear in public?",France,Belgium,Holland,Germany,B,medium,false,
Celebrities,What does Brad Pitts tattoo written in French on his left forearm mean?,Life is absurd.,The sun will rise again.,God is within me.,My heart belongs to me.,A,medium,false,
Celebrities,What flower did Cher have tattooed on her ankle?,Carnation,Sunflower,Orchid,Rose,D,medium,false,
Celebrities,Which of the following did Beyonce have tattooed on her hips?,Roses,A heart,A cross,An angel,D,medium,false,
Celebrities,What animal did actor Nicolas Cage have tattooed on his back?,A horse,A lizard,A tiger,A dog,B,medium,false,
Celebrities,On what part of her body did actress and singer Dolly Parton get a butterfly tattoo?,On her wrist,On her shoulder,Her lower back,On her chest,D,medium,false,
Celebrities,A portrait of whom did Sylvester Stallone have tattooed on his right shoulder?,His daughters,His wife,Marilyn Monroe,Che Guevara,B,medium,false,
Celebrities,What does the Hebrew script running down from Victoria Beckhams neck to her back read?,Thou shall not tempt me.,He who increases knowledge increases sorrow.,"I am my beloveds, my beloved is mine.","As ye sew, so shall ye reap.",C,medium,false,
Celebrities,What king of tattoo did Gisele Bundchen get done on the inside of her left wrist?,Her mothers initials,A bunny,A star,A strawberry,C,medium,false,
Celebrities,What number did Eva Longoria have tattooed in English on the back of her neck?,Eleven,Nine,Three,Seventeen,B,medium,false,
Celebrities,What cartoon character did Christina Aguilera have tattooed on her lower abdomen?,Bugs Bunny,Mickey Mouse,Flounder,Winnie-the-Pooh,B,medium,false,
Celebrities,Alec Baldwin received his first Academy Award nomination for his performance in this 2003 movie.,The Aviator,The Cooler,Pearl Harbor,Along Came Polly,B,medium,false,
Celebrities,In what 1997 movie did Alec Baldwin portray ambitious fashion photographer Robert Green?,The Edge,The Acting Class,Notting Hill,The Confession,A,medium,false,
Celebrities,What animal character did Alec Baldwin voice in the 2008 animated movie Madagascar: Escape 2 Africa?,Zebra,Lemur,Lion,Penguin,C,medium,false,
Celebrities,"In what 2006 Martin Scorsese movie did Alec Baldwin portray Captain George Ellerby, commander of the Special Investigations Unit?",The Departed,The Edge,The Aviator,Pearl Harbor,A,medium,false,
Celebrities,What Academy Award-winning actress starred opposite Alec Baldwin in the 1996 drama movie Ghosts of Mississippi?,Oprah Winfrey,Halle Berry,All of these,Whoopi Goldberg,D,medium,false,
Celebrities,Alec Baldwin portrayed a man who dies and turns into a ghost in this 1988 movie.,Heavens Prisoners,Ghost,Malice,Beetlejuice,D,medium,false,
Celebrities,Who is the director of the 2004 biographical drama movie The Aviator that featured Alec Baldwin among others?,Steven Spielberg,Martin Scorsese,Tim Burton,James Cameron,B,medium,false,
Celebrities,Alec Baldwin starred opposite this Hollywood actress in the 1992 romantic fantasy movie Prelude to a Kiss?,Melanie Griffith,Julia Roberts,Kim Basinger,Meg Ryan,D,medium,false,
Celebrities,What animal did Alec Baldwin voice in the 2001 comedy movie Cats  Dogs?,Mouse,Guinea pig,Dog,Cat,C,medium,false,
Celebrities,In what 2006 spy movie did Alec Baldwin star as FBI Agent Sam Murach?,The Last Shot,The Good Shepherd,Mercury Rising,State and Main,B,medium,false,
Celebrities,Tom Cruise received his first Academy Award nomination for his outstanding performance in this 1989 movie.,Rain Man,Born on the Fourth of July,A Few Good Men,Top Gun,B,medium,false,
Celebrities,In what movie did Tom Cruise portray Dr. Bill Harford?,Minority Report,Magnolia,Eyes Wide Shut,The Color of Money,C,medium,false,
Celebrities,Tom Cruises performance in the 2005 movie War of the Worlds brought him a nomination for this award.,Golden Globe Award,All of these,Golden Raspberry Award,Academy Award,C,medium,false,
Celebrities,"What is the occupation of Jerry Maguire, portrayed  by Tom Cruise in the 1996 movie Jerry Maguire?",Sports agent,Rugby player,Baseball player,American football coach,A,medium,false,
Celebrities,"What is the offensive title of the book written by Frank T.J. Mackey, played by Tom Cruise, in the 1999 movie Magnolia?",How To Get Laid For Less Money,She Is Only After Your Wallet,The Superior Sex,Seduce And Destroy,D,medium,false,
Celebrities,"How does Tom Cruises character, David Aames, get disfigured in the 2001 movie Vanilla Sky?",He was burned with acid as a child.,None of these,In a car crash,His ex-girlfriend cuts his face out of jealousy.,C,medium,false,
Celebrities,What is the name of the character portrayed by Tom Cruise in the Mission: Impossible movie series?,Ethan Hawke,Ray Ferrier,Jim Phelps,Ethan Hunt,D,medium,false,
Celebrities,What is the title of the 2003 movie in which Tom Cruise starred as war veteran Captain Nathan Algren?,The Last Warrior,The Last Soldier,The Last Ninja,The Last Samurai,D,medium,false,
Celebrities,In which 1992 drama movie did Tom Cruise star opposite Jack Nicholson and Demi Moore?,Mission: Impossible II,A Few Good Men,Top Gun,Born on the Fourth of July,B,medium,false,
Celebrities,What is the nickname of Tom Cruises character in the 1986 movie Top Gun?,Iceman,Maverick,Cougar,Viper,B,medium,false,
Celebrities,"Duke Ellington was born on April 29, 1899 in which city?","Baltimore, Maryland","Washington, D.C.","Atlanta, Georgia",New York City,B,medium,false,
Celebrities,"This book, published in 1973, is Duke Ellingtons autobiography.",Ellington:In A Mellow Mood,Music Is My Mistress,Sir Duke,The Duke From Baltimore,B,medium,false,
Celebrities,"According to Duke Ellingtons autobiography, his childhood dream was what?",To play the piano,To play the violin,To be an actor,To be a baseball player,D,medium,false,
Celebrities,Jazz musician Duke Ellington attended which high school?,Peebles High School,Armstrong Manual Training School,Grand Valley High School,West Union High School,B,medium,false,
Celebrities,"In 1917, Duke Ellington formed his first music group, named what?",The Dukes Serenaders,The Orioles,The Moochers,The Washingtonians,A,medium,false,
Celebrities,"In 1927, Duke Ellington and his band, The Washingtonians were offered a permanent job at which famous Harlem club?",The Hollywood Club,The Cotton Club,The Savoy Ballroom,The Apollo,B,medium,false,
Celebrities,"This composer and pianist wrote Take the A Train, which became the signature tune of Duke Ellington.",Fats Navarro,Fats Waller,Billy Strayhorn,Billie Holiday,C,medium,false,
Celebrities,Which of these is not a famous piece by Duke Ellington?,One OClock Jump,Mood Indigo,Such Sweet Thunder,Sophisticated Lady,A,medium,false,
Celebrities,Which of these prominent musicians did not play in Duke Ellingtons orchestra?,Sonny Greer,Ray Willis Nance,Harry Carney,Freddie Green,D,medium,false,
Celebrities,"Which statement, concerning the awards and honors received by Duke Ellington, is true?",He was awarded the Legion of Honor by France in 1973,He was awarded the Presidential Medal of Freedom,A 22 cent commemorative stamp with his name and picture was issued in 1986,All of these are true,D,medium,false,
Celebrities,When was Gary Cooper born?,1931,1941,1901,1921,C,medium,false,
Celebrities,From what disease did Gary Cooper die?,Cancer,Heart attack,Malaria,Liver infection,A,medium,false,
Celebrities,In which Hall of Fame was Gary Cooper inducted?,The ASCAP Hal of Fame,The Screen Actors Guild  Hall of Fame,The National Hall of Great Americans,National Cowboy and Western Heritage Museum,D,medium,false,
Celebrities,How did Frank James Cooper become Gary Cooper?,He was given that name by Ron Howard.,His football coach at UCLA gave him the name.,"Spencer Tracy said, He looks like a Gary.","His agent was born in Gary, Indiana.",D,medium,false,
Celebrities,How many times was Gary Cooper married?,"Three times: to Marlene Dietrich, Patricia Neal, and Gloria Swanson",Once to a woman not in show  business,"Four times: to Clara Bow, Evelyn Brent, Carole Lombard, and Ingrid Bergman",Never,B,medium,false,
Celebrities,Which two movies earned Gary Cooper Academy Awards?,Mr. Deeds Goes to Town and Today We Live,A Farewell to Arms and For Whom the Bells Toll,The Plainsman and The Westerner,Sergeant York and High Noon,D,medium,false,
Celebrities,Gary Cooper was present when an escalator was put into a movie theater for the first time.,True,False,,,A,medium,false,
Celebrities,Gary Cooper is referenced in an Irving Berlin song.,False,True,,,B,medium,false,
Celebrities,Gary Cooper starred in A Farewell to Arms and For Whom the Bell Tolls. What do these movies have  in common?,They are based on novels by Ernest  Hemingway.,They both co-starred John Wayne.,They both were directed by Fritz Lang.,They are based on novels by John Steinbeck.,A,medium,false,
Celebrities,1939 has often been described as a banner year for movies. Which of these 1939 movies starred Gary Cooper?,The Wizard of Oz,Beau Geste,Stagecoach,Gone With the Wind,B,medium,false,
Celebrities,"Although John Wayne and Gary Cooper were good friends, John Wayne hated this Gary Cooper role.",Cole Harden in The Westerner,Will Kane in High Noon,Casanova Brown in Casanova Brown,Ashley Wilkes in Gone With the Wind,B,medium,false,
Celebrities,Gary Cooper is famous for his portrayal of this athlete.,Lou Gehrig,Jim Thorpe,Alvin York,Babe Ruth,A,medium,false,
Celebrities,Gary Cooper appeared at the House Un-American Activities Committee in the 1950s. Which best describes his testimony?,He named ten writers who were Communists.,He said he feared Communism but did not mention any names.,He said there was no danger from Communism in Hollywood.,He named ten people in Hollywood who were Communists.,B,medium,false,
Celebrities,Gary Cooper was a man of many hobbies. Which of these was one of them?,taxidermy,chess,poetry,stamp collecting,A,medium,false,
Celebrities,"Before becoming a star, Gary Cooper was a guide in this US Park.",Grand Teton,Yellowstone,Yosemite,Mount Rushmore,C,medium,false,
Celebrities,Find the incorrect statement concerning Gary Cooper.,Tony Soprano often referred to Gary Cooper as the strong silent  type.,A poster of Cooper was used to help win free elections in Poland.,John Wayne learned to ride a horse from Gary Cooper.,Gary Coopers daughter once spat at the actress Patricia Neal.,C,medium,false,
Celebrities,"By some quirk of  fate, Gary Cooper was distantly related to this actress.",Brooke Shields,Holly Hunter,Kyra Sedgewick,Michelle Pfeiffer,A,medium,false,
Celebrities,"Five individuals were the regular hosts of this radio theatre program, that ran from 1979-1981. Richard Widmark was the Friday night adventure host.",Wells Fargo Theatre,RKO,Wagon Train Theatre,Sears Radio Theatre,D,medium,false,
Celebrities,Actor Richard Widmark nearly lost an important part because his ears were too big.,False,True,,,A,medium,false,
Celebrities,Richard Widmarks daughter was married to this baseball great.,Roger Maris,Sandy Koufax,Joe Dimaggio,Mark McGuire,B,medium,false,
Celebrities,"When Richard Widmark married his second wife, he became the step-father to Amy. Amy was the daughter of Susan Blanchard and this actor legend.",Fred MacMurray,Henry Fonda,Glen Ford,James Stewart,B,medium,false,
Celebrities,Why was Richard Widmark unable to serve in the military during WWII?,flat feet,perforated eardrum,asthma,poor eyesight,B,medium,false,
Celebrities,"Richard Widmark starred in this movie in the 70s, that was an adaptation of a book by Agatha Christie.","And, Then There Were None","One Little, Two Little, Three Little Indians",Darkness Inconvenienced,Murder on The Orient Express,D,medium,false,
Celebrities,"Richard Widmark appeared on I Love Lucy as himself, in an episode in which Lucy pretends to be infatuated with Widmark.",True,False,,,A,medium,false,
Celebrities,In what eastern state was actor Ron Perlman born?,Florida,Virginia,Maryland,New York,D,medium,false,
Celebrities,Ron Perlman has done s a lot of voice over work in cartoons and games. Which of the following is not one of his projects?,Lord Terrence Hood,Jagger Valance,Clayface,Superman,D,medium,false,
Celebrities,"In 2008, Ron Perlman became the oldest actor to play a main superhero.",False,True,,,B,medium,false,
Celebrities,Ron Perlman played Bernie Marx back in the 70s on this daytime soap opera.,Knots Landing,Days of Our Lives,General Hospital,Ryans Hope,D,medium,false,
Celebrities,"What movie starring Ron Perlman is this exchange from? X: [while stitching up  forearm] How long did he touch you? Y: I dont know? About 5 seconds? X: [pulls three eggs out of his forearm] Touched you five seconds, laid three eggs. Y: Didnt even buy me a drink.",Hellboy,Beauty and the Beast,Alien,The Last Super,A,medium,false,
Celebrities,"Revolutions studio wanted someone like Vin Diesel to play the part of Hellboy, but it was eventually given to Ron Perlman.",False,True,,,B,medium,false,
Celebrities,Ron Perlman did not win an Emmy for the TV series Beauty and the Beast.,True,False,,,A,medium,false,
Celebrities,In which of these films did Ron Perlman co-star with Wesley Snipes?,Blade II,Blade III,Art of War,Aliens,A,medium,false,
Celebrities,"Microsoft co-founder William Henry Gates III, a.k.a. Bill Gates, was born on October 28, 1955 in this US state.",Arizona,Kentucky,Washington,Delaware,C,medium,false,
Celebrities,"TV host and actress Oprah Winfrey was born on January 29, 1954 in this US state.",Minnesota,Michigan,Mississippi,Missouri,C,medium,false,
Celebrities,"In what country was Academy Award winner Robert De Niro born on August 17, 1943?",Germany,the United States,Australia,Italy,B,medium,false,
Celebrities,"Writer Agatha Christie, who became the best-selling author of all time, was born in this country on September 15, 1890.",Wales,Ireland,England,Scotland,C,medium,false,
Celebrities,"Soccer star David Beckham was born on May 2, 1975 in what English city?",Birmingham,London,Manchester,Liverpool,B,medium,false,
Celebrities,"Singer and songwriter Celine Dion was born on March 30, 1968 in this country.",Belgium,France,the United States,Canada,D,medium,false,
Celebrities,"The 44th President of the United States Barack Obama was born on August 4, 1961 in this US state.",California,Hawaii,Florida,Texas,B,medium,false,
Celebrities,"Legendary actress Greta Garbo was born on September 18, 1905 in this European country.",Sweden,Switzerland,Finland,Denmark,A,medium,false,
Celebrities,"In what US state was music legend Ray Charles born on September 23, 1930?",Colorado,Maryland,Georgia,Florida,C,medium,false,
Celebrities,"Hollywood actor Omar Sharif was born on April 10, 1932 in this African country.",Egypt,Morocco,Libya,South Africa,A,medium,false,
Celebrities,This Baldwin met his future wife on the set of The Marrying Man in 1991.,Alec,William,Daniel,Stephen,A,medium,false,
Celebrities,"Which Baldwin was born May 12, 1966, making him the youngest of the brothers?",William,Alec,Daniel,Stephen,D,medium,false,
Celebrities,In 1993 this Baldwin was cast in the Baltimore-based cop show Homicide: Life on the Street.,Alec,Stephen,WIlliam,Daniel,D,medium,false,
Celebrities,"This Baldwin appeared in the 1990 movie Flatliners, as Joe Hurley.",Daniel,Stephen,Alec,William,D,medium,false,
Celebrities,Alec Baldwin starred in the 1995 movie The Usual Suspects.,False,True,,,A,medium,false,
Celebrities,Three of the four Baldwin brothers appeared in the 1989 movie Born On The Fourth of July.,False,True,,,B,medium,false,
Celebrities,Which Baldwin starred in the 1996 movie Mulholland Falls with Nick Nolte?,William,Daniel,Stephen,Alec,B,medium,false,
Celebrities,There are no sisters to the Baldwin brothers.,False,True,,,A,medium,false,
Celebrities,"In 1960s The Alamo, John Wayne played this famous frontiersman.",Colonel William Travis,Colonel Jim Bowe,Colonel Davy Crockett,General Sam Houston,C,medium,false,
Celebrities,Julia Roberts was the first actress to appear on the cover of this popular magazine.,Elle,Cosmopolitan,Harpers Bazaar,Vogue,D,medium,false,
Celebrities,What was the occupation of Julia Roberts parents when they first met?,Actors and playwrights,Professional dancers,Fashion designers,Butchers,A,medium,false,
Celebrities,What musical instrument did Julia Roberts learn to play when she was a student?,Flute,Trombone,Clarinet,Violin,C,medium,false,
Celebrities,What was Julia Roberts dream job when she was a little girl?,Model,Astronaut,Singer,Veterinarian,D,medium,false,
Celebrities,"In what movie, released in 1989, did Julia Roberts make her acting debut?",Mystic Pizza,Lonely Traveler,Blood Red,Blue Sunrise,C,medium,false,
Celebrities,What disease did Julia Roberts character have in the 1989 dramedy movie Steel Magnolias?,Diabetes,Cancer,Tuberculosis,AIDS,A,medium,false,
Celebrities,"What name did Julia Roberts give to her first-born daughter who was born on November 28, 2004, together with her fraternal twin brother?",Ginger,Hazel,Apple,Coco,B,medium,false,
Celebrities,What famous actor did Julia Roberts date before she married cameraman Daniel Moder?,Liam Neeson,Benjamin Bratt,All of these,Matthew Perry,C,medium,false,
Celebrities,What type of character did Julia Roberts voice in the 2006 computer-animated movie The Ant Bully?,A worker ant,Queen ant,A nurse ant,A little girl,C,medium,false,
Celebrities,What was the name of Julia Roberts character in the 1991 Steven Spielberg movie Hook?,Wendy Darling,Princess Galathea,Tinker Bell,Medea,C,medium,false,
Celebrities,What is Christopher Walkens real first name?,George,Ronald,Harry,Edward,B,medium,false,
Celebrities,What did Christopher Walken eat for an entire week in order to prepare for his role in the 1978 movie The Deer Hunter?,Rice and bananas,Eggs,Steamed broccoli,Chicken and pork,A,medium,false,
Celebrities,In what Madonna video has actor Christopher Walken made an appearance?,Youll See,Bad Girl,Oh Father,All of these,B,medium,false,
Celebrities,What is the name of actor Christopher Walkens first-born child?,Sandra,Deborah,None of these,Matthew,C,medium,false,
Celebrities,Complete the following popular phrase that originated from Chris Walkens performance in an episode of Saturday Night Live: Gotta have more ...,Cowbell,Jackass,Booty,Beehive,A,medium,false,
Celebrities,What character did actor Christopher Walken portray in the 1992 movie Batman Returns?,Chip Shreck,Max Shreck,The Penguin,The Mayor,B,medium,false,
Celebrities,What animated character did Christopher Walken voice in the 1998 animated movie Antz?,Colonel Cutter,General Mandible,Z,Weaver,A,medium,false,
Celebrities,In what Denzel Washington movie did Christopher Walken appear as Denzels ex-colleague from CIA?,Man on Fire,The Bone Collector,American Gangster,Training Day,A,medium,false,
Celebrities,"In what movie did Christopher Walken play the role of a World War II veteran and father of Frank Abagnale, Jr.?",Catch Me If You Can,The Opportunists,Last Man Standing,The Funeral,A,medium,false,
Celebrities,"What legendary musician was the main character in the 1995 play Him, written by Christopher Walken?",John Lennon,Jimi Hendrix,Fred Astaire,Elvis Presley,D,medium,false,
Celebrities,Which state was American actress and singer Hilary Duff born in?,New York,Kansas,California,Texas,D,medium,false,
Celebrities,Which of these is a name of one of Hilary Duffs albums?,Most Wanted,In Love,Broken,Fly,A,medium,false,
Celebrities,"In which of these movies does Hilary co-star with her sister, Haylie Duff?",Cadet Kelly,Material Girls,Parent Trap,The Perfect Man,B,medium,false,
Celebrities,When was Hilary Duff born?,"October 28th, 1987","August 5th, 1986","November 29th, 1985","September 28th, 1987",D,medium,false,
Celebrities,"Alternative rock band, Weezer has had the same members throughout their career.",False,True,,,A,medium,false,
Celebrities,"Where is the name of alternative rock band, Weezer derived from?",Rivers Cuomos childhood nickname,The street one of the members lived on,It doesnt mean anything,Patrick Wilsons grandfather,A,medium,false,
Celebrities,"Rivers Cuomo of the band, Weezer, has converted to Buddhism.",False,True,,,A,medium,false,
Celebrities,"Directed by Spike Jonze, this was the first video of alternative rock band, Weezer.",Say it Aint So,Island in the Sun,Undone (The Sweater Song),Buddy Holly,C,medium,false,
Celebrities,"Finish the lyric by American alternative rock band, Weezer:",,,,,A,medium,false,
Celebrities,"What was the first video of the band, Weezer, that Scott Shriner was featured in?",Keep Fishin,Photograph,Island in the Sun,Dope Nose,B,medium,false,
Celebrities,Who directed the video for Weezers Say It Aint So?,Mark Romanek,Sophie Muller,Anton Corbijn,Spike Jonze,B,medium,false,
Celebrities,"How many animals and insects are referenced on Weezers second album, Pinkerton?",3,2,11,7,C,medium,false,
Celebrities,"Michael Jackson was born in this US state on August 29, 1958.",Virginia,Louisiana,Maryland,Indiana,D,medium,false,
Celebrities,"John F. Kennedy, 35th President of the United States, was born in this US state on May 29, 1917.",Nevada,North Carolina,Utah,Massachusetts,D,medium,false,
Celebrities,"In what US city was Academy Award winner Jane Fonda born on December 21, 1937?",Los Angeles,New York City,Houston,Boston,B,medium,false,
Celebrities,Composer Ludwig van Beethoven was born around 16 December 1770 in this German city.,Dusseldorf,Bonn,Berlin,Hamburg,B,medium,false,
Celebrities,"In what Latin American country was revolutionary Che Guevara born on June 14, 1928?",Bolivia,Mexico,Argentina,Cuba,C,medium,false,
Celebrities,"Film legend Charlie Chaplin was born on April 16, 1889 in this country of the United Kingdom.",Ireland,Wales,Scotland,England,D,medium,false,
Celebrities,"In what US state was The King of Rock n Roll Elvis Presley born on January 8, 1935?",Texas,Missouri,South Carolina,Mississippi,D,medium,false,
Celebrities,"In what country was Academy Award-winning actor Anthony Hopkins born on December 31, 1937?",Scotland,England,Wales,Ireland,C,medium,false,
Celebrities,"In what European country was Oscar-winning actress Audrey Hepburn born on May 4, 1929?",France,England,Belgium,Netherlands,C,medium,false,
Celebrities,"Academy Award winner Tom Hanks was born on July 9, 1956 in this US state.",Florida,California,New York,Pennsylvania,B,medium,false,
Celebrities,Which statement is true about Will Lee?,"He was born in Philadelphia, PA, in 1922.",He was born in Pittsburgh in 1916.,"He was born in Halifax, Nova Scotia in 1919.","He was born in Brooklyn, New York in 1908.",D,medium,false,
Celebrities,"Of course, Will Lees most famous role was that of Mr. Hooper on Sesame Street. What was Mr. Hoopers first name?",Hector,Harold,Herman,Henry,B,medium,false,
Celebrities,Which member of Sesame Street had a lot of trouble saying Mr. Hooper?,Bert,Big Bird,Cookie Monster,Ernie,B,medium,false,
Celebrities,Who ran the store on the childrens show Sesame Street immediately after Mr. Hoopers death?,David and Gina,Maria and Luis,Bert and Ernie,Alan and Mary,A,medium,false,
Celebrities,"In episode 335 of Sesame Street, Alan went on vacation. Who ran the store while he was away?",Natalie,Bob and Kermit,Big Bird,Maria and Luis,A,medium,false,
Celebrities,Will Lee began his acting career doing Broadway musicals.,True,False,,,B,medium,false,
Celebrities,"Just like many fine American actors, Will Lee was blacklisted from 1951-1956. Who was responsible for the blacklistings?",Alan Dulles,Senator Joseph McCarthy,President Eisenhower,John Foster Dulles,B,medium,false,
Celebrities,In 1953 Will Lee appeared in this great American movie.,The Farmers Daughter,Little Fugitive,Pickup on South Street,Titanic,B,medium,false,
Celebrities,"In the 1930s, Will Lee was a member of this famous theater group.",The American Repertory Troupe,The Group Theater,The Actors Studio,The Northwestern Actors Theater,B,medium,false,
Celebrities,"In 1980, Will Lee played Shmuel in this movie.",Playing for Time,One Trick Pony,A Small Circle of Friends,Stardust Memories,A,medium,false,
Celebrities,"In what US state was the 43rd President of the United States George W. Bush born on July 6, 1946?",Texas,Kentucky,Connecticut,Oregon,C,medium,false,
Celebrities,"In what country was Academy Award winner Katharine Hepburn born on May 12, 1907?",Australia,United States,United Kingdom,Canada,B,medium,false,
Celebrities,"Author and poet Oscar Wilde was born in this European country on October 16, 1854.",Denmark,Ireland,Scotland,England,B,medium,false,
Celebrities,"Albert Einstein was born on March 14, 1879 on the territory of what present day country?",Switzerland,Hungary,Germany,Austria,C,medium,false,
Celebrities,"In what US state was Academy Award winner Meryl Streep born on June 22, 1949?",New Jersey,North Carolina,Virginia,Maine,A,medium,false,
Celebrities,"Madonna Louise Ciccone, known as simply Madonna, was born on August 16, 1958 in this country.",Italy,the United States,Mexico,Spain,B,medium,false,
Celebrities,"In what US state was movie director and producer Steven Spielberg born on December 18, 1946?",Tennessee,Mississippi,Oregon,Ohio,D,medium,false,
Celebrities,"In what country was composer Johann Sebastian Bach born on March 31, 1685?",Switzerland,Germany,Austria,Hungary,B,medium,false,
Celebrities,"African-American civil rights movement leader Martin Luther King, Jr. was born in this US state on January 15, 1929.",Alabama,Louisiana,Georgia,Illinois,C,medium,false,
Celebrities,"Academy Award winner Dustin Hoffman was born on August 8, 1937 in this US city.",San Francisco,New York,Chicago,Los Angeles,D,medium,false,
Celebrities,What did supermodel Naomi Campbell study in the Italia Conti Academy where she was accepted at the age of 10?,Fashion design,Acting,Painting,Ballet,D,medium,false,
Celebrities,What popular fashion brand did supermodel Christy Turlington represent from 1987 to 2007?,Versace,Calvin Klein,Ralph Lauren,Armani,B,medium,false,
Celebrities,In what popular Macaulay Culkin movie has supermodel Claudia Schiffer made an appearance?,Home Alone 2: Lost in New York,My Girl,Richie Rich,Party Monster,C,medium,false,
Celebrities,Supermodel Cindy Crawford won an academic scholarship to major in this field at Northwestern University.,Chemical engineering,Medicine,Physics,Information technology,A,medium,false,
Celebrities,What is the name of supermodel Kate Moss daughter born on 29 September 2002?,Lenee,Leona,Lily,Lila,D,medium,false,
Celebrities,"What fashion designer called supermodel Linda Evangelista top of the tops and stated, There is not another model in the world as professional as she is?",Stefano Gabbana,Roberto Cavalli,Karl Lagerfeld,John Galliano,C,medium,false,
Celebrities,In what popular TV sitcom did supermodel Elle Macpherson make a guest appearance in 1999?,Friends,Will And Grace,Two Guys and a Girl,Veronicas Closet,A,medium,false,
Celebrities,What actress did supermodel Tyra Banks co-star with in the 2000 Disney film Life-Size?,Hilary Duff,Ashley Olsen,Lindsay Lohan,Dakota Fanning,C,medium,false,
Celebrities,What member of Bon Jovi did model Eva Herzigova marry in September 1996?,David Bryan,Jon Bon Jovi,Tico Torres,Richie Sambora,C,medium,false,
Celebrities,Model Helena Christensen admitted she was addicted to this food and was even considering getting a shoulder tattoo of it.,Fish,Broccoli,Mushrooms,Cheese,D,medium,false,
Celebrities,"What popular person once said, The history of dance on film begins with Astaire?",Kirk Douglas,Marlon Brando,Gene Kelly,Steven Spielberg,C,medium,false,
Celebrities,What musical instrument did Fred Astaire learn to play when he was a child?,All of these,Accordion,Clarinet,Piano,A,medium,false,
Celebrities,Where did Fred Astaire and his sister Adele suposedly take their stage name Astaire from?,From their uncles name,From their dance instructor,From a book character,From the name of a cafeteria,A,medium,false,
Celebrities,What did Fred Astaires screen test report for RKO Pictures read according to him?,Cant act.,Cant talk.,Cant dance.,Cant sing.,A,medium,false,
Celebrities,"What is the name of Fred Astaires first-born child, born in 1936?",Ava,Phyllis,Peter,"Fred, Jr.",D,medium,false,
Celebrities,How did Fred Astaire break his wrist when he was seventy-eight?,He fell from a bicycle.,He slipped by the swimming pool.,He fell from his grandsons skateboard.,He lost balance while doing a headstand.,C,medium,false,
Celebrities,What peculiar clause does Fred Astaires will contain?,All his money and possessions should go to charity.,He should never be portrayed in films.,His favorite horse should be buried with him.,His daughter should never get married if she wants to inherit his fortune.,B,medium,false,
Celebrities,What animal costume did young Fred Astaire wear at his first ever stage performance?,Ant costume,Frog costume,Lobster costume,Bear costume,C,medium,false,
Celebrities,What award did Fred Astaire receive from his long-time professional partner Ginger Rogers in 1950?,Nobel Prize,Emmy Award,Grammy Lifetime Achievement Award,Academy Award,D,medium,false,
Celebrities,What legendary actress starred alongside Fred Astaire in the 1957 musical movie Funny Face?,Audrey Hepburn,Grace Kelly,Marilyn Monroe,Ginger Rogers,A,medium,false,
Celebrities,What is Kirk Douglas birth name?,David Mois,Dmitri Sanglel,Izzy Demsky,Issur Danielovitch,D,medium,false,
Celebrities,What job did Kirk Douglas have before he turned to acting?,Wrestler,All of these,Newspaper boy,Gardener,C,medium,false,
Celebrities,In which war did Kirk Douglas participate after he joined the U.S. Navy?,World War II,Vietnam War,All of these,Korean War,A,medium,false,
Celebrities,How many children did Kirk Douglas father?,Four,One,Two,Seven,A,medium,false,
Celebrities,What famous painter did Kirk Douglas portray in the 1956 movie Lust for Life?,Rembrandt,Vincent Van Gogh,Paul Gauguin,Pablo Picasso,B,medium,false,
Celebrities,What expression did Kirk Douglas use to describe the majority of characters he has played in movies?,Nasty bastards,None of these,Slimy thugs,Sons of bitches,D,medium,false,
Celebrities,In what movie did Kirk Douglas portray manipulative film producer Jonathan Shields?,The Bad and the Beautiful,For Love or Money,Is Paris Burning,Man Without a Star,A,medium,false,
Celebrities,"Which popular Jules Verne character did Kirk Douglas portray in the 1954 movie 20,000 Leagues Under the Sea?",Conseil,Professor Pierre Arounax,Ned Land,Professor Pierre Arounax,C,medium,false,
Celebrities,What accident did Kirk Douglas survive in 1991?,Plane crash,Shipwreck,Car crash,Helicopter crash,D,medium,false,
Celebrities,What character did Kirk Douglas portray in the 1949 movie Champion that brought him his first Oscar nomination?,Baseball player,Sprinter,Boxer,Horse rider,C,medium,false,
Celebrities,"Actor and director George Clooney was born on May 6, 1961 in this US state.",Ohio,Delaware,Kentucky,Kansas,C,medium,false,
Celebrities,What medical condition did George Clooney develop when he was a student?,Dyslexia,All of these,Insomnia,Bells palsy,D,medium,false,
Celebrities,George Clooney tried to play this sport professionally when he was younger.,Tennis,Rugby,Baseball,Football,C,medium,false,
Celebrities,Actor and director George Clooney planned to start a career in this field when he was a student.,Medicine,Law,Psychology,Computer technology,B,medium,false,
Celebrities,What job did George Clooney have before he started his film career?,Battery tester,Veterinary assistant,Underwear salesman,Tree planter,C,medium,false,
Celebrities,What was the name of George Clooneys character on NBCs medical drama ER?,Dr. Peter Benton,Dr. Mark Greene,Dr. John Carter,Dr. Douglas Ross,D,medium,false,
Celebrities,What was the movie for which George Clooney received his first Academy Award?,"Good Night, and Good Luck",Oceans Thirteen,Michael Clayton,Syriana,D,medium,false,
Celebrities,"In what kind of accident was George Clooney injured on September 21, 2007?",He was attacked by a crocodile.,He slipped in the bathroom.,Hunting accident,Motorcycle crash,D,medium,false,
Celebrities,George Clooney had this large animal as a pet between 1987 and 2006.,Panda,Pig,Llama,Tiger,B,medium,false,
Celebrities,Which of these movies was directed by George Clooney?,All of these,Confessions of a Dangerous Mind,One Fine Day,The Perfect Storm,B,medium,false,
Celebrities,What magazine rated actor Patrick Swayze The Sexiest Man Alive in 1991?,Rolling Stone,Elle,Vogue,People,D,medium,false,
Celebrities,"What member of Patrick Swayzes family was a dancer, choreographer and dance instructor?",His father,His mother,His eldest sister,His eldest brother,B,medium,false,
Celebrities,"What does Jennifer Greys character, Baby, bring to the party in the 1987 movie Dirty Dancing, also starring Patrick Swayze?",A pumpkin pie,A whole roasted duck,A basket of homemade cookies,A watermelon,D,medium,false,
Celebrities,In what 1979 movie did Patrick Swayze make his debut appearance?,Red Dawn,Uncommon Valor,The Outsiders,"Skatetown, U.S.A.",D,medium,false,
Celebrities,For his performance in what movie did Patrick Swayze receive his first Golden Globe Award nomination for Best Actor?,Dirty Dancing,"To Wong Foo, Thanks for Everything! Julie Newmar",Ghost,Next of Kin,A,medium,false,
Celebrities,"What is the meaning of the slang phrase Im Swayze, popular in hip-hop culture and referring to Patrick Swayzes role in Ghost?",Im leaving,Im dead tired,Im a great lover,Im here even when youre unaware,A,medium,false,
Celebrities,What animals did actor Patrick Swayze breed in his ranches in California and New Mexico?,Parrots,Arabian horses,Golden Retrievers,Penguins,B,medium,false,
Celebrities,"What is the name of the actress whom Patrick Swayze married in June 12, 1975?",Paula Abdul,Jennifer Grey,Jennifer Milmore,Lisa Niemi,D,medium,false,
Celebrities,For what 1991 movie was actor Patrick Swayze nominated for the MTV Movie Award for Most Desirable Male?,"To Wong Foo, Thanks for Everything! Julie Newmar",City of Joy,Point Break,Ghost,C,medium,false,
Celebrities,What was the last movie that actor Patrick Swayze appeared in before his death?,Christmas in Wonderland,Keeping Mum,Powder Blue,Jump!,C,medium,false,
Celebrities,Where was Milla Jovovich born?,Russia,"Kiev, USSR","Los Angeles, CA","London, UK",B,medium,false,
Celebrities,What year was Milla Jovovich born?,1975,1977,1974,1973,A,medium,false,
Celebrities,In 1994 Milla Jovovich released a musical album.,False,True,,,B,medium,false,
Celebrities,What is the name of Milla Jovovichs mother?,Natasha Loginova,Galina Jovovich,Bogdana Jovovich,Milica Loginova,B,medium,false,
Celebrities,In which movie did Milla Jovovich make her film debut?,Two Moon Junction,Ultraviolet,The Fifth Element,Resident Evil,A,medium,false,
Celebrities,Milla Jovovich has been on the cover of more than one hundred magazines worldwide.,True,False,,,A,medium,false,
Celebrities,Milla Jovovich went to high school with which of the following?,Angelina Jolie,Reese Witherspoon,Christina Applegate,Christina Aguilera,C,medium,false,
Celebrities,In 2003 Milla Jovovich got engaged to this director.,Zalman King,Steven Spielberg,Paul W.S. Anderson,Luc Besson,C,medium,false,
Celebrities,When did Louis Prima live?,1909-1969,1910- 1978,1923-1999,1914-1992,B,medium,false,
Celebrities,Which was  Louis Primas  first instrument ?,accordion,violin,trombone,trumpet,B,medium,false,
Celebrities,What was Louis Primas nickname?,The Master of  Swing,The King of Swing,The Swingman,The King of Swingers,D,medium,false,
Celebrities,With which singer was Louis Prima  most closely  aligned ?,Peggy Lee,Adela Hunter,Doris Day,Keely Smith,D,medium,false,
Celebrities,The band usually backed up Louis Prima for most of his career.,Sam Butera and the Witnesses,The New Orleans Swingers,The Band of Renown,The Dixie Five,A,medium,false,
Celebrities,Both David Lee Roth and  Brian Setzer had hits with remakes of this song popularized by Louis Prima.,Just A Gigolo,Angelina,Bona Sera Signorina,Jump Jive and Then You Wail,A,medium,false,
Celebrities,Which of these was not a Louis Prima  song ?,Robin Hood,Josephina No Leana on the Bell,"Day In, Day Out",Bacciagaloop (Makes  Love on the Stoop.),C,medium,false,
Celebrities,"Ella Fitzgerald, Etta James, Jo Stafford, The Harptones, and Christina Aquilera all had  big hits with this Louis Prima  written song.",Felicia No Capicia,A Sunday Kind of Love,Oh Marie,Bell Bottom Trousers,B,medium,false,
Celebrities,Louis Prima was one of the top performers in Las Vegas for many years. How was his show publicized?,The Swingingest Show in Vegas,Oh Baby!,The Wildest Show in Vegas,The New Orleans King and the band of Renown,C,medium,false,
Celebrities,Disney  used Louis Primas voice  for a character in this  movie.,Song of the South,The Jungle Book,Shrek,Pinnochio,B,medium,false,
Celebrities,Which was not a Louis Prima number ?,"Civilization (Bongo, Bongo, Bongo)",The Mouse That Roared,Bell Bottom Trousers,Banana Split for My Baby,B,medium,false,
Celebrities,Justin Timberlakes What Goes Around.....Comes Around! video featured which of the following actresses?,Liv Tyler,None of these,Scarlett Johansson,Alicia Silverstone,C,medium,false,
Celebrities,What is the name of the record label that Justin Timberlake started in 2007?,Tennman Records,Tennman Productions,J.T. Productions,Timberland Records,A,medium,false,
Celebrities,Justin Timberlake started a fashion label called William Rast.,True,False,,,A,medium,false,
Celebrities,Who joined Justin Timberlake on his Justified/Stripped Tour in 2003?,Nelly Furtado,Britney Spears,Scarlett Johansson,Christina Aguilera,D,medium,false,
Celebrities,Which of the following movies does not star Justin Timberlake?,Shrek the Third,Black Snake Moan,Cabin Fever,Alpha Dog,C,medium,false,
Celebrities,At which of the follwing events did Justin Timberlake make a special guest performance in 2006?,Calvin Klein Fashion show,Tommy Hilfiger Fashion Show,None of these,Victorias Secret Fashion Show,D,medium,false,
Celebrities,Audrey Hepburn stated that this was the most traumatic moment of her life.,Her father leaving the family,Her mothers death,All of these,Losing her baby,A,medium,false,
Celebrities,What did Audrey Hepburn study at school along with the standard school curriculum?,Violin,Acting,Pottery,Ballet,D,medium,false,
Celebrities,What disorder did Audrey Hepburn develop as a result of malnutrition during the German occupation of the Netherlands?,All of these,Edema,Respiratory problems,Acute anemia,A,medium,false,
Celebrities,How did Audrey Hepburn like to kill time when she was a child?,By drawing,By knitting,By writing,By cooking,A,medium,false,
Celebrities,Audrey Hepburn became a goodwill ambassador to this organization after filming her last movie.,Greenpeace,UNICEF,The Red Cross,UNESCO,B,medium,false,
Celebrities,What unusual animal named Pippin did Audrey Hepburn have for a pet?,Koala,Iguana,Squirrel,Fawn,D,medium,false,
Celebrities,What song did Audrey Hepburn sing to President John F. Kennedy in 1963?,"Marry Christmas, Mr. President","Happy Birthday, Dear Jack",Amazing Grace,Singin in the Rain,B,medium,false,
Celebrities,What poem by Sam Levenson did Audrey Hepburn like to recite to her sons?,Time Will Not Erase,Eternal Beauty,Time Tested Beauty Tips,You Are A True Beauty,C,medium,false,
Celebrities,For her performance in what movie did Audrey Hepburn receive her first Academy Award?,Sabrina,Breakfast at Tiffanys,Roman Holiday,Wait Until Dark,C,medium,false,
Celebrities,What actress portrayed Audrey Hepburn in the TV film The Audrey Hepburn Story from 2000?,Sandra Bullock,Jennifer Love Hewitt,Courtney Cox,Hilary Duff,B,medium,false,
Celebrities,The portrayal of what movie character earned Angelina Jolie her first Academy Award?,Gia Marie Carangi,Christine Collins,Jane Smith,Lisa Rowe,D,medium,false,
Celebrities,"What was the nickname of character Sara Wayland, played by Angelina Jolie in the 2000 action movie Gone in 60 Seconds?",Twist,Sway,Memphis,Radar,B,medium,false,
Celebrities,What animal character did Angelina Jolie voice in the 2008 animated movie Kung Fu Panda?,Tigress,Panda,Viper,Goose,A,medium,false,
Celebrities,What did Angelina Jolie have to learn to do for her role in the 2008 drama movie Changeling?,Roller skate in high heels,Knit,All of these,Play the piano,A,medium,false,
Celebrities,"How long have Mr. and Mrs. Smith been married according to their own words in the 2005 movie Mr.  Mrs. Smith, starring Brad Pitt and Angelina Jolie?",An eternity,Five or six years,Longer than one would imagine,Less than two years,B,medium,false,
Celebrities,What is Angelina Jolies character Lara Croft looking for in the 2003 action movie Lara Croft Tomb Raider: The Cradle of Life?,Pandoras Box,The Dead Mans Chest,The Fountain of Youth,The Holy Grail,A,medium,false,
Celebrities,What is the name of Angelina Jolies character in the 2008 action movie Wanted?,Cross,The Butcher,Sloan,Fox,D,medium,false,
Celebrities,What type of sea creature did Angelina Jolie voice in the 2004 animated movie Shark Tale?,Shark,Lion fish,Clown fish,Jellyfish,B,medium,false,
Celebrities,How does Angelina Jolies character Gia Carangi die in the 1998 film Gia?,In a car crash,From AIDS,From a drug overdose,She is murdered.,B,medium,false,
Celebrities,What was the name of the French journalist portrayed by Angelina Jolie in the 2007 movie A Mighty Heart?,Josephine Pearl,Mariane Pearl,Natalie Pearl,Amelie Pearl,B,medium,false,
Celebrities,What is Dane Cooks full name?,Dane Jeffrey Cook,Dane William Cook,Dane Donald Cook,Dane Jon Cook,A,medium,false,
Celebrities,How tall is actor Dane Cook?,58,59,6 0,62,C,medium,false,
Celebrities,When was actor Dane Cook born?,May 25 1970,March 18 1972,October 20 1975,April 1 1973,B,medium,false,
Celebrities,Did Dane Cook say: You know youre drunk when you think the cab fare is the time.?,Yes,No,,,A,medium,false,
Celebrities,Is Dane Cook a fan of the baseball team the As?,No,Yes,,,A,medium,false,
Celebrities,Did actor Dane Cook work at Burger King?,Yes,No,,,A,medium,false,
Celebrities,Does Dane Cook have any siblings?,Yes,No,,,A,medium,false,
Celebrities,What was the name of the character played by Dane Cook in the movie Employee of the Month?,Max,Brad,Peter,Zack,D,medium,false,
Celebrities,Did Dane Cook appear in the movie Mr. 3000?,Yes,No,,,A,medium,false,
Celebrities,Did Dane Cook star in the 2006 movie RV?,No,Yes,,,A,medium,false,
Celebrities,"Who is the father of Lisa Marie Presleys twins, born on October 7, 2008?",Michael Jackson,Michael Lockwood,John Oszajca,Nicolas Cage,B,medium,false,
Celebrities,Who were actress Jane Seymours twins Johnny and Kris named after?,John Travolta and Christina Applegate,Johnny Bravo and Chris Rock,John Lennon and Christopher Lambert,Johnny Cash and Christopher Reeve,D,medium,false,
Celebrities,"Where did Julia Roberts marry the father of her twins Hazel and Finn, cameraman Daniel Moder?",Texas,New Mexico,Pennsylvania,South Carolina,B,medium,false,
Celebrities,When were Jennifer Lopez and Marc Anthonys twins Emme and Maximilian born?,"November 24, 2007","January 13, 2008","February 22, 2008","December 28, 2007",C,medium,false,
Celebrities,"What flowers were included in the names of Rebecca Romijn and Jerry OConnells twin girls born on December 28, 2008?",Rose and Tulip,Daisy and Lily,Hyacinth and Daffodil,Rose and Lily,A,medium,false,
Celebrities,"Angelina Jolie and Brad Pitts twins born on July 12, 2008  in this country.",Namibia,France,Mexico,Ethiopia,B,medium,false,
Celebrities,"What are the names of Sarah Jessica Parker and Matthew Brodericks twin girls born on June 22, 2009?",Christie and Ruth,Alicia and Farrah,Amelia and Tina,Marion and Tabitha,D,medium,false,
Celebrities,Which of these queens gave birth to twins?,Queen Victoria of the United Kingdom,Queen Cleopatra,Queen Nefertiti,Queen Elizabeth II of the United Kingdom,B,medium,false,
Celebrities,"What are the names of Margaret Thatchers twin children, born on 15 August 1953?",Benjamin and Laura,Martha and Jacob,Jeremy and Rachel,Carol and Mark,D,medium,false,
Celebrities,Where did actress Marcia Cross deliver her twin daughters Eden and Savannah?,New York,Paris,London,Los Angeles,D,medium,false,
Celebrities,Of what descent was American actress Brittany Murphy?,Italian,All of these,Eastern European,Irish,B,medium,false,
Celebrities,"Brittany Murphys first Hollywood role was in this TV sitcom, when she was only 14.","Sister, Sister",ALF,Drexells Class,The Fresh Prince of Bel-Air,C,medium,false,
Celebrities,What is the name of the penguin character voiced by Brittany Murphy in the 2006 animated movie Happy Feet?,Melanie,Gloria,Sylvia,Ophelia,B,medium,false,
Celebrities,"Why is Brittany Murphys character, Daisy Randone, held in a mental institution in the 1999 drama movie Girl, Interrupted?",She cuts herself.,She tried to kill her mother.,She likes to kill animals.,All of these,A,medium,false,
Celebrities,What famous Hollywood actor did Brittany Murphy start dating in 2002?,Ashton Kutcher,None of these,Keanu Reeves,Matthew Perry,A,medium,false,
Celebrities,What is the name of the 2006 song recorded by actress Brittany Murphy and Paul Oakenfold?,Faster Kill Pussycat,Billy Joe Elephant,Sharker Than a Shark,Yellow Hippopotamus,A,medium,false,
Celebrities,Actress Brittany Murphy was born in this month in 1977.,December,April,June,November,D,medium,false,
Celebrities,Brittany Murphy had her major film role in this 1995 comedy movie inspired by Jane Austens 1815 novel Emma.,Trixie,Clueless,Drop Dead Gorgeous,Freeway,B,medium,false,
Celebrities,Brittany Murphy starred opposite this popular American rapper in the 2002 movie 8 Mile.,Jay-Z,50 Cent,Eminem,Dr. Dre,C,medium,false,
Celebrities,In what 2005 movie did Brittany Murphy portray a barmaid named Shellie?,Uptown Girls,Sin City,Love and Other Disasters,The Dead Girl,B,medium,false,
Celebrities,"What is the name of Macaulay Culkins character in the 1989 movie Uncle Buck, where he plays the 8-year old son of the Russels?",Michael,Miles,Mike,Matthew,B,medium,false,
Celebrities,"What animated television series aired Saturday mornings from September 14, 1991 on NBC, where the main character looked like and was voiced like Macaulay Culkin?",Macaulay Culkin Goes Undercover,Wish Kid starring Macaulay Culkin,Make A Wish With Macaulay Culkin,The Magic Glove Of Macaulay Culkin,B,medium,false,
Celebrities,This 1991 movie was Macaulay Culkins third movie with John Hughes and his second movie with John Candy.,My Girl,Home Alone 2: Lost in New York,Jacobs Ladder,Only the Lonely,D,medium,false,
Celebrities,"How does Macaulay Culkins character, Thomas, die in the 1991 movie My Girl?",From an allergic reaction,He is shot dead,He drowns,In a car crash,A,medium,false,
Celebrities,"What is the name of the 1993 psychological thriller directed by Joseph Ruben and written by Ian McEwan, starring Macaulay Culkin?",Faces Of Evil,The Good Son,Little Evil,My Only Son,B,medium,false,
Celebrities,In what way was Macaulay Culkin supposed to change his appearance for the role in the 1994 movie Getting Even with Dad?,Dye his hair dark,Get a fake tattoo,Cut his hair,Pierce his ear,C,medium,false,
Celebrities,"What type of boy is Macaulay Culkins character, Richard Tyler, in the 1994 movie The Pagemaster?",Curious and audacious,Extremely naughty,Timid,Boaster,C,medium,false,
Celebrities,What controversial artist appears in the 2003 movie Party Monster alongside Macaulay Culkin?,RuPaul,Bjork,Marilyn Manson,Dita Von Teese,C,medium,false,
Celebrities,In what movie does Macaulay Culkin star alongside singer and actress Mandy Moore?,Richie Rich,Sex and Breakfast,Saved!,My Girl,C,medium,false,
Celebrities,In what popular American TV sitcom did Macaulay Culkin make a guest appearance in 2004?,"Yes, Dear",Everybody Loves Raymond,Friends,Will  Grace,D,medium,false,
Celebrities,You talkin to me? is a signature phrase of which movie character portrayed by Robert De Niro?,Jake LaMotta from Raging Bull,Vito Corleone from The Godfather: Part II,Johnny Boy from Mean Streets,Travis Bickle from Taxi Driver,D,medium,false,
Celebrities,"Name the first movie directed by Robert De Niro, in which he also starred as Lorenzo Anello.",A Brooklyn Tale,A Bronx Tale,A Manhattan Tale,A Queens Tale,B,medium,false,
Celebrities,"In which movie did Robert De Niro portray General Bill Sullivan, a character based on the real-life Major General William Joseph Donovan?",15 Minutes,Hide and Seek,Stone,The Good Shepherd,D,medium,false,
Celebrities,In which of these movies did Robert De Niro star opposite Al Pacino and Val Kilmer?,Marvins Room,Heat,Jackie Brown,All of these,B,medium,false,
Celebrities,"In what 1994 movie, based on a famous Gothic novel, did Robert De Niro portray a popular non-human creature?",Frankenstein,Strange Case of Dr Jekyll and Mr Hyde,Dracula,The Vampire Chronicles,A,medium,false,
Celebrities,"In what Martin Scorsese movie did Robert De Niro portray Sam Ace Rothstein, a character based on real-life sports handicapper Frank Lefty Rosenthal?",The Color of Money,Casino,The Age of Innocence,Gangs of New York,B,medium,false,
Celebrities,What two instruments can Terrence Howard play?,"Piano, Saxophone","Guitar, Violin","Drums, Guitar","Piano, Guitar",D,medium,false,
Celebrities,Which Jackson did Terrence Howard play in The Jacksons: An American Dream?,Marlon,Tito,Jackie,Randy,C,medium,false,
Celebrities,"At the age of 3, Terrence Howard witnessed his mother stab a man in self defense.",True,False,,,B,medium,false,
Celebrities,"Film and stage actor Terrence Howard was born on January 17, 1969.",True,False,,,B,medium,false,
Celebrities,What was Ben Stiller mostly interested in when he was a child?,Film making,Animals,Designing clothes,Cooking,A,medium,false,
Celebrities,In what 1987 Steven Spielberg movie did Ben Stiller play a small part?,Indiana Jones and the Last Crusade,The Land Before Time,Always,Empire of the Sun,D,medium,false,
Celebrities,Ben Stiller made a short movie about this huge music legend after he left the Saturday Night Live show in 1989.,Jimi Hendrix,Janis Joplin,Fred Astaire,Elvis Presley,D,medium,false,
Celebrities,What 1994 movie was Ben Stillers directorial debut?,The Cable Guy,Heavyweights,Reality Bites,Highway to Hell,C,medium,false,
Celebrities,What actress did Ben Stiller date before he married Christine Taylor in 2000?,Calista Flockhart,Jeanne Tripplehorn,All of these,Amanda Peet,C,medium,false,
Celebrities,What name did Ben Stiller and his wife Christine Taylor give to their first-born child?,Ella,Elizabeth,Benjamin,Quinlin,A,medium,false,
Celebrities,What animal does Ben Stillers character claim he has milked in the 2000 comedy movie Meet the Parents ?,A donkey,A cat,A rabbit,A sow,B,medium,false,
Celebrities,"Which of these actors does not appear in the 1996 dark comedy movie The Cable Guy, directed by Ben Stiller?",Ben Stiller,Jack Black,Owen Wilson,Adam Sandler,D,medium,false,
Celebrities,What animal character did Ben Stiller voice in the 2005 animated movie Madagascar and its sequel?,An Aye-aye,A zebra,A lemur,A lion,D,medium,false,
Celebrities,Which statement is true about character actor Mark Margolis?,"He was born 20 November 1945 in Toronto, Canada.","He was born 20 November 1949 in Brooklyn, New York.","He was born 20 November 1939 in Manchester, England.","He was born 20 November 1939 in Philadelphia, PA.",D,medium,false,
Celebrities,Which statement is true about Mark Margolis drama training?,He studied with Uta Hagen and Stanford Meisner.,He studied with Stella Adler and The Actors Studio.,He studied with the Royal Vic Shakespearean Company.,He studied drama at Northwestern University and the Screen Guild Playhouse in Los Angeles.,B,medium,false,
Celebrities,Which statement is untrue about Mark Margolis?,"His wife, Jacqueline Margolis, is an actress.","His daughter, Jennifer Margolis, is an actress.","His son, Morgan H. Margolis, is also an actor.","His son, Morgan H. Margolis, became the manager of the Los Angeles branch of the Knitting Factory, a music venue.",B,medium,false,
Celebrities,"Mark Margolis appears in the 2007 movie, Gone, Baby, Gone which is the first movie directed by this man to be released.",Ben Affleck,Morgan Freeman,Matt Damon,Casey Affleck,A,medium,false,
Celebrities,"Gone, Baby, Gone is a movie about two Boston detectives who investigate a kidnapping. Which one of these actors is not in the movie?",Morgan Freeman,Casey Affleck,Ben Affleck,Matt Damon,D,medium,false,
Celebrities,Mark Margolis plays Alberto the Shadow in the 1983 movie Scarface. Why does Al Pacinos character kill Alberto in this movie?,So Tony Monyana can gain more drug territory,So he cannot kill a child,Because Margolis character tries to arrest him,So Margolis character can not testify against him at trial,B,medium,false,
Celebrities,Mark Margolis plays a Connecticut soldier in this 1989 movie about an all black regiment in the Civil War.,The Blue and the Gray,The Regiment,Glory,The Band of Brothers,C,medium,false,
Celebrities,Mark Margolis played Fajngold in this movie about the Holocaust.,Everything Is Beautiful,Schindlers List,Jakob the Liar,The Black Book,C,medium,false,
Celebrities,What insect did actress Jessica Alba get tattooed on the back of her neck?,A bee,A ladybug,A grasshopper,An ant,B,medium,false,
Celebrities,What kind of tattoo did actress Susan Sarandon get on her upper back?,her childrens faces,her childrens initials,her childrens birth dates,her childrens fingerprints,B,medium,false,
Celebrities,What kind of tattoo did Mariah Carey get on her lower back?,A cloud,Roses,A butterfly,An angel,C,medium,false,
Celebrities,What number did Penelope Cruz get tattooed on her right ankle?,428,883,74,333,B,medium,false,
Celebrities,What letter did actor Kurt Russell get tattooed on his leg?,G,W,R,K,A,medium,false,
Celebrities,On what part of her body did actress Charlize Theron have a fish tattooed?,Wrist,Chest,Lower back,Ankle,D,medium,false,
Celebrities,What word did actor Frankie Muniz (Malcolm in the Middle) get tattooed on his arm?,Fame,Zero,Hero,Eternity,B,medium,false,
Celebrities,What kind of fake tattoo did Leonardo DiCaprio get on his shoulder for his role in the 2000 movie The Beach?,A marijuana leaf,A skull,Drops of blood,Scratches,D,medium,false,
Celebrities,What phrase did singer and actress Hilary Duff get tattooed on her right foot?,No doubt,Dont make me get up,Let it be,I am an angel,C,medium,false,
Celebrities,On what part of her body did Rihanna get a tattoo reading Love?,Finger,Lower back,Neck,Shoulder,A,medium,false,
Celebrities,What child actor starred alongside Charlie Chaplin as his adopted son and sidekick in the 1921 silent dramedy movie The Kid?,Carl Miller,Tom Wilson,Henry Bergman,Jackie Coogan,D,medium,false,
Celebrities,What is the name of the dog from Charlie Chaplins silent movie A Dogs Life from 1918?,Oscar,Scraps,Noodles,Fido,B,medium,false,
Celebrities,What kind of contest does Charlie Chaplins character enter to raise money for the poor blind girl in the 1931 silent movie City Lights?,Beauty pageant,Painting contest,Boxing contest,Jumping contest,C,medium,false,
Celebrities,"What disaster struck the studio where the 1928 Charlie Chaplin movie The Circus was being filmed, delaying the production of the movie and making it the most difficult experience in Chaplins career?",Earthquake,All of these,Fire,Flood,C,medium,false,
Celebrities,What type of food did Charlie Chaplin use for the celebrated dancing scene in the 1925 comedy movie The Gold Rush?,Bread rolls,Lemons,Radishes,Apples,A,medium,false,
Celebrities,What does Charlie Chaplins character do in order to get arrested and come back in jail in the 1936 comedy movie Modern Times?,Steals an expensive top hat,Hits a man on the street,Steals a car,Eats in a cafeteria without paying,D,medium,false,
Celebrities,This 1940 movie was Charlie Chaplins first true talking feature film and his most commercially successful film.,The Gold Rush,A Woman of Paris,The Great Dictator,Limelight,C,medium,false,
Celebrities,How does Charlie Chaplins character make money in his 1947 movie Monsieur Verdoux?,He sells stolen cars.,He sells all his possessions.,He robs banks.,He marries wealthy widows and murders them.,D,medium,false,
Celebrities,What does Charlie Chaplin dress like to get rid of his prison uniform in his 1923 movie The Pilgrim?,A doctor,A priest,A wrestler,An old lady,B,medium,false,
Celebrities,What does Charlie Chaplins character bring along in his suitcase when checking in the health spa in the 1917 short comedy film The Cure?,Cigarettes,Alcohol,Drugs,Candy,B,medium,false,
Celebrities,Cameron Diaz attended Long Beach Polytechnic High School at the same time as this rapper did.,The Game,Jay-Z,Snoop Dogg,Redman,C,medium,false,
Celebrities,On the cover of what popular magazine was young model Cameron Diaz featured in 1990?,Cosmopolitan,Harpers Bazaar,Seventeen,Vogue,C,medium,false,
Celebrities,At what point of her career did Cameron Diaz start taking acting lessons?,After getting the lead female role in The Mask,"She never did, as she said it was useless.",Right before shooting Charlies Angels,At school,A,medium,false,
Celebrities,"Cameron Diaz was supposed to star alongside Jim Carrey in this movie, but she dropped out in order to star in In Her Shoes.",Fun with Dick and Jane,"Me, Myself  Irene",Eternal Sunshine of the Spotless Mind,Bruce Almighty,A,medium,false,
Celebrities,A 1997 Time Magazine article claimed that Cameron Diaz had this pathological phobia.,Chemophobia,Germophobia,Osmophobia,Tokophobia,B,medium,false,
Celebrities,What member of N Sync did Cameron Diaz start dating in 2003?,Chris Kirkpatrick,Justin Timberlake,JC Chasez,Joey Fatone,B,medium,false,
Celebrities,What was the first animated movie in which Cameron Diaz voiced a character?,Ice Age,Shrek,Shark Tale,Finding Nemo,B,medium,false,
Celebrities,For her performance in what movie did Cameron Diaz receive her first Golden Globe award nomination for Best Actress in a Motion Picture Musical or Comedy?,Theres Something About Mary,My Best Friends Wedding,Charlies Angels,In Her Shoes,A,medium,false,
Celebrities,What is the name of the character portrayed by Cameron Diaz in the 2002 movie Gangs of New York?,Molly Everdeanne,Lisa Everdeanne,Jenny Everdeanne,Becky  Everdeanne,C,medium,false,
Celebrities,"What Academy Award-winning actor made a brief, unscripted appearance in the 2006 romantic comedy movie The Holiday, starring Cameron Diaz?",Christopher Walken,Dustin Hoffman,Robert De Niro,Heath Ledger,B,medium,false,
Celebrities,Heath Ledger received his first Oscar nomination for his role in this movie.,The Dark Knight,Monsters Ball,The Patriot,Brokeback Mountain,D,medium,false,
Celebrities,Name the 2005 movie in which Heath Ledger played a popular historical figure.,Picasso,Casanova,Rembrandt,Shakespeare in Love,B,medium,false,
Celebrities,What is the title of Heath Ledgers last movie?,The Imaginarium of Doctor Parnassus,Im Not There,The Dark Knight,Lords of Dogtown,A,medium,false,
Celebrities,In what 2005 fantasy movie did Heath Ledger portray a character named Jake?,The Snow Queen,Oscar Wilde,The Brothers Grimm,Little Red Riding Hood,C,medium,false,
Celebrities,Heath Ledger starred opposite this actor in the 2000 war movie The Patriot.,"Cuba Gooding, Jr.",Mel Gibson,Denzel Washington,Bruce Willis,B,medium,false,
Celebrities,"The 2007 biographical movie Im Not There, in which Heath Ledger appeared as Robbie Clark, was inspired by the life of this musician?",Johnny Cash,Bob Dylan,Kurt Cobain,Jim Morrison,B,medium,false,
Celebrities,In what 2001 adventure movie did Heath Ledger portray the character William Thatcher?,The Order,A Knights Tale,The Four Feathers,Two Hands,B,medium,false,
Celebrities,"In what big city was Susan Sarandon born on born October 4, 1946?",London,Paris,Los Angeles,New York,D,medium,false,
Celebrities,"What relative of Susan Sarandon was an advertising executive, television producer, and nightclub singer?",Her uncle,Her older brother,Her father,Her mother,C,medium,false,
Celebrities,In what movie did Susan Sarandon and Catherine Deneuve share a love scene?,Lady Liberty,The Hunger,Dragonfly,Something Short of Paradise,B,medium,false,
Celebrities,"Where did Susan Sarandon meet her first husband, actor Chris Sarandon, whom she married in 1967?",In college,On an airplane,On a movie set,He lived next door,A,medium,false,
Celebrities,In 1998 Susan Sarandon started a relationship with this Academy Award winning actor.,Robert Redford,Michael Douglas,Robert De Niro,Tim Robbins,D,medium,false,
Celebrities,What did Susan Sarandon announce she would do if John McCain were elected President of the United States?,She would retire.,She would become a vegetarian.,She would move out of the country.,She would shave her head.,C,medium,false,
Celebrities,Susan Sarandon received her first Academy Award for Best Actress for her role in this movie.,Thelma  Louise,Dead Man Walking,Lorenzos Oil,The Client,B,medium,false,
Celebrities,Which of these actresses does not appear alongside Susan Sarandon in the 1994 drama movie Little Women?,Winona Ryder,Claire Danes,Scarlett Johansson,Kirsten Dunst,C,medium,false,
Celebrities,What type of character did Susan Sarandon voice in a1995 episode of The Simpsons?,A famous actress,A ballet teacher,A nutty hairdresser,A cat,B,medium,false,
Celebrities,Whats the name of Rupert Jees deli?,The Dolly Deli,The Broadway Deli,The Hello Deli,Ruperts Room,C,medium,false,
Celebrities,When was Rupert Jee born?,1976,1956,1966,1986,B,medium,false,
Celebrities,When did Rupert Jee first appear on the Letterman show?,1973,1993,1983,2003,B,medium,false,
Celebrities,Which statement is true about Rupert Jee?,He was born and raised in China and entered the USA as an adult in 1970.,He was born and raised in the USA.,He was born and raised in China and entered the USA in 1980.,He was born in China and raised in New Jersey.,B,medium,false,
Celebrities,Which statement is true about Rupert Jees education?,He has a B.A. in Economics,He has a B.F.A. in Drama,He has a teaching degree from The University of Fujian in China,He has an M.S. in Biology,A,medium,false,
Celebrities,Which is not one of Rupert Jees favorite activities?,Ping Pong,Web surfing,Stock market trading,Tennis,D,medium,false,
Celebrities,"Besides in the Letterman show, Rupert Jee was in one film prior to 2008. What was the name of the film?",Comedy Centrals Punkd,Marginal Victory,American Stag,At the Improv,C,medium,false,
Celebrities,How much did Rupert Jee claim he made from the Hello Deli in 2007?,$1,"$225,000",$0,"$175,00",B,medium,false,
Celebrities,What is the address of the Hello Deli?,149 West 42 Street,5140 Madison Avenue,213 West 53 Street,3320 Broadway,C,medium,false,
Celebrities,What was the relationship between Kate Winslet and Leonardo DiCaprio after they finished filming Titanic?,They had a big fight.,They became good friends.,They became lovers.,She got pregnant with his child.,B,medium,false,
Celebrities,"In what country was Catherine de Medici, wife of King Henry II of France, born?",Portugal,France,Italy,Spain,C,medium,false,
Celebrities,"What was the name of Kat DeLunas debut single, released on May 15, 2007?",Lose Control,Whine Up,Work,Unstoppable,B,medium,false,
Celebrities,What actor did Catherine Zeta-Jones marry on 18 November 2000?,Kirk Douglas,Anthony Hopkins,Antonio Banderas,Michael Douglas,D,medium,false,
Celebrities,What is the name of the golden statue of model Kate Moss created by artist Marc Quinn in 2008?,Siren,Moss,Waif,Kate,A,medium,false,
Celebrities,What character did actress Kathleen Turner voice in the 2006 animated movie Monster House?,Constance the Giantess,Jennifer Bennet,Zee,Eliza,A,medium,false,
Celebrities,What actress portrayed Kate Tanner on the hit TV sitcom ALF?,Liz Sheridan,Anne Meara,Anne Schedeen,Andrea Elson,C,medium,false,
Celebrities,In which of these movies did Katie Holmes not appear?,The Princess Diaries,The Ice Storm,Batman Begins,Thank You for Smoking,A,medium,false,
Celebrities,In what popular TV series did actress Kate Walsh star as Dr. Addison Montgomery?,ER,Greys Anatomy,Law and Order,House,B,medium,false,
Celebrities,Actress Kate Bosworth claimed this was her favorite hobby.,Pottery,Scuba diving,Equestrianism,Chiromancy,C,medium,false,
Celebrities,"Name the lead singer of The Cardigans, who has also released a solo project, titled A Camp.",Peter Svensson,Magnus Sveningsson,Lars - Olaf Johansson,Nina Persson,D,medium,false,
Celebrities,The Cardigans first album Emmerdale  was named after a British soap opera.,False,True,,,B,medium,false,
Celebrities,Bengt Lagerberg started playing drums for The Cardigans in 1992.,False,True,,,B,medium,false,
Celebrities,Who is the lead guitarist and founding member of The Cardigans?,Bengt Lagerberg,Lars - Olaf Johansson,Magnus Sveningsson,Peter Svensson,D,medium,false,
Celebrities,What was the first single of The Cardigans sixth album Super Extra Gravity?,Dont Blame Your Daughter,"I Need Some Fine Wine And You, You Need To Be Nicer",Lovefool,Godspell,B,medium,false,
Celebrities,The song Lovefool by The Cardigans was featured on the Thirteenth Floor soundtrack.,False,True,,,A,medium,false,
Celebrities,What was the name of The Cardigans first B-sides and Rarities album?,The Dark Side of the Moon,The First Band on the Moon,The Other Side of the Moon,Life,C,medium,false,
Celebrities,"What year was the sixth album by The Cardigans, Super Extra Gravity, released?",2006,2005,2006,2004,B,medium,false,
Celebrities,What was the name of the fifth album recorded by The Cardigans?,For What Its Worth,Super Extra Gravity,Long Gone Before Daylight,Gran Turismo,C,medium,false,
Celebrities,"Danny Trejo, who often plays tough guys in movies, is best identified by his lined face, his long mustache and a large tattoo on his chest. What does this tattoo depict?",A woman in a sombrero,A Catholic cross,A bouquet of roses,A fire-breathing dragon,A,medium,false,
Celebrities,"As a youth Danny Trejo considered a career as a boxer. While this did not happen, Trejo did become the state prison champion in both the lightweight and welterweight divisions. In which state did this occur?",Nevada,California,Texas,New Mexico,B,medium,false,
Celebrities,"After his release from prison, Danny Trejo got involved with several drug rehabilitation and counseling programs. At one meeting Trejo met an actor who got him a role in this 1985 movie starring Jon Voight, Eric Roberts, and Rebecca De Mornay.",Tango and Cash,Blood Red,Table for Five,Runaway Train,D,medium,false,
Celebrities,"In the movie Anchorman: The Legend of Ron Burgundy, Danny Trejo has cameo as what type of character?",A newscaster,A bartender,A police man,A cameraman,B,medium,false,
Celebrities,"In this movie Danny Trejo plays Johnny-23, a serial rapist whose tattooed arm depicts his number of rape convictions.",From Dusk Till Dawn,Con Air,Desperado,Once Upon a Time in Mexico,B,medium,false,
Celebrities,"In this 2007 movie, Danny Trejo plays a sanitarium guard who attempts to befriend an institutionalized psychopath, but is brutally beaten to death when the man escapes.",House of 1000 Corpses,Blood in Blood Out,Halloween,The Devils Rejects,C,medium,false,
Celebrities,"Danny Trejo is the cousin of this film director, famous for his movies Desperado, The Faculty, Once Upon a Time in Mexico and Sin City.",George A. Romero,Robert Rodriguez,Quentin Tarantino,Mike Nichols,B,medium,false,
Celebrities,Danny Trejo played a biker named Slim in this 2001 comedy starring Jake Gyllenhaal and Swoosie Kurtz.,Sugar  Spice,Donnie Darko,Bubble Boy,Liar Liar,C,medium,false,
Celebrities,Danny Trejo has lent his voice and likeness to the video games Grand Theft Auto: Vice City and Grand Theft Auto: Vice City Stories.,True,False,,,A,medium,false,
Celebrities,"In this 2005 Rob Zombie film, Danny Trejo plays a bounty hunter named Rondo.",House of 1000 Corpses,Halloween,The Devils Rejects,Planet Terror,C,medium,false,
Celebrities,"In this 2001 movie that was nominated for a Kids Choice Award, Danny Trejo plays an inventor and the bitter estranged brother of Gregorio.",Spy Kids,Agent Cody Banks,My Dog Skip,The Little Vampire,A,medium,false,
Celebrities,"In 2007s Planet Terror, a fake trailer is shown before the movie. Danny Trejo is the star of this fictional movie about an ex-Federale hired to assassinate a U.S Senator but is betrayed by his employers. What is the name of his character  in this movie?",El Jefe,Razor Eddie,Machete,Vargas,C,medium,false,
Celebrities,On which TV series did Danny Trejo NOT appear in the period 1995-2005?,NYPD Blue,Desperate Housewives,Law and Order,Monk,C,medium,false,
Celebrities,"Danny Trejo has been in over 200 different movies and TV shows. While Trejos name is not widely known, he is often recognized and is known by this nickname.",The Moustache Guy,The Spider Guy,The Scary Guy,The Knife Guy,D,medium,false,
Celebrities,Find the correct statement about Lee Strasberg.,"He was born in 1901 in NYC and died in 1982 in Boca Raton, Florida",He was born in Chicago in 1909 and died in NYC in 2001.,He was born in 1901 in what is now Ukraine and died in 1982.,He was born in London in 1899 and died in Los Angeles in 1992.,C,medium,false,
Celebrities,In 1931 Lee Starsberg helped found this American acting school.,Group Theater,Method Theater,Guthrie Theater,Yale Drama School,A,medium,false,
Celebrities,Lee Strasberg was the father of this famous actress who died of breast cancer in 1999.,Marilyn Strasberg,Paula Strasberg,Susan Strasberg,Anna Strasberg,C,medium,false,
Celebrities,Lee Strasberg and Stella Adler had a big philosophical difference. Which statement  best describes  Starsbergs philosophy?,The actor must substitute his or her own personal life experience and pain to make the  scene real and believable.,The actor must use his or her five senses to know the scene and action to make the part real and believable.,The actor must change his or her acting method depending on the type of audience watching the performance.,The actor is really an attractor.,A,medium,false,
Celebrities,What part did Lee Strasberg play in The Godfather movies?,Jack Woltz,Tom Hagen,Sal Tessio,Hyman Roth,D,medium,false,
Celebrities,Which of these actors did not consider himself a Lee Strasberg student?,Marlon Brando,Al Pacino,Eli Wallach,Ben Gazzara,A,medium,false,
Celebrities,Which of these actresses was not a student of Lee Strasberg?,Kim Hunter,Kim Stanley,Anne Bancroft,Geraldine Page,A,medium,false,
Celebrities,"In this 1979 movie, Lee Strasberg played the father of a character who was portrayed by one of his most famous students. What was the movie?",Boardwalk,And Justice for All,Going in Style,The Tenant,B,medium,false,
Celebrities,In 1937 Lee Strasberg directed this Harold Clurman play about a young man who dreams of being a  violinist but becomes a boxer.,RUR,All My Sons,Golden Boy,Fifth Column,C,medium,false,
Celebrities,What is actress Jane Fondas real birth name?,Frances Fonda,Jayne Seymour,Lady Jayne Seymour Fonda,Frances Ford Seymour,C,medium,false,
Celebrities,Why did Jane Fonda seek treatment at a psychiatric hospital when she was a teen?,She was abused by a relative.,None of these,She claimed she was hearing voices.,Her mother committed suicide.,D,medium,false,
Celebrities,What was Jane Fondas occupation before she started her acting career?,Fashion designer,Model,Writer,Singer,B,medium,false,
Celebrities,For her performance in what movie did Jane Fonda win her first Academy Award?,"They Shoot Horses, Dont They?",Coming Home,Julia,Klute,D,medium,false,
Celebrities,What is the relationship between actresses Jane Fonda and Bridget Fonda?,Grandmother and granddaughter,Aunt and niece,Cousins,Mother and daughter,B,medium,false,
Celebrities,Why did Jane Fonda stop practicing ballet?,She injured her foot.,All of these,She injured her skull.,She realized it was boring to death.,A,medium,false,
Celebrities,What announcement did Jane Fonda make in 2001?,She was becoming a Christian.,She would never wear fur again.,She was becoming a vegetarian.,She was pregnant.,A,medium,false,
Celebrities,What is the title of Jane Fondas autobiographical book released in 2005?,When Flowers Bloom,My Life So Far,Behind the Mirror,Jane,B,medium,false,
Celebrities,"In what 1981 movie did Jane Fonda star alongside her father, Henry Fonda?",On Golden Pond,"They Shoot Horses, Dont They?",Coming Home,The China Syndrome,A,medium,false,
Celebrities,How many children did Jane Fonda give birth to?,None,Four,Five,Two,D,medium,false,
Celebrities,When was Sharon Stone born?,"March 10, 1956","March 10, 1958","March 10, 1957","March 10, 1960",B,medium,false,
Celebrities,Which is the birthplace of American actress and fashion model Sharon Stone?,"New York, New York","Meadville, Pennsylvania","Philadelphia, Pennsylvania","Los Angeles, California",B,medium,false,
Celebrities,Sharon Stones marriage to executive editor of the San Francisco Examiner Phil Bronstein was which consecutive marriage for her?,Third,She never married him,Second,First,A,medium,false,
Celebrities,Did Sharon Stone play the role of Catwoman in the 2004 movie of the same name?,No,Yes,,,A,medium,false,
Celebrities,"In Basic Instinct, Sharon Stone played the author Catherine Tramell.",False,True,,,B,medium,false,
Celebrities,DId Sharon Stone win an Oscar for her role in the legal drama The Practice?,Yes,No,,,B,medium,false,
Celebrities,Sharon Stone won a Golden Globe for her role in Catwoman.,True,False,,,B,medium,false,
Celebrities,What year did Playboy name Sharon Stone One of the 25 Sexiest Stars of the Century?,1998,1997,1999,2000,C,medium,false,
Celebrities,"Denzel Hayes Washington, Jr. was born on December 28, 1954 in this city.",Mount Vernon,Oxnard,Paris,Manchester,A,medium,false,
Celebrities,In 1977 Denzel Washington received a bachelors degree in this field from the Fordham University.,Drama and Journalism,American literature,Chemistry and Physics,Art history,A,medium,false,
Celebrities,In what popular television drama did Denzel Washington star from 1982 to 1988 ?,St. Elsewhere,All My Children,As the World Turns,The Bold And The Beautiful,A,medium,false,
Celebrities,Denzel Wasington made his movie debut in this 1981 comedy movie.,Airplane!,Carbon Copy,Beverly Hills Cop,48 Hrs.,B,medium,false,
Celebrities,"In the 1993 movie Philadelphia, Denzel Wasington played Joe Miller, which was an enormous risk for his career. What type of character is Joe Miller?",Racist murderer,Homophobic lawyer,Escaped prisoner,Homosexual man with AIDS,B,medium,false,
Celebrities,"In the 1996 romantic drama The Preachers Wife, Denzel Washington starred alongside this amazing RB, soul and gospel singer.",Brandy,Mariah Carey,Whitney Houston,Aretha Franklin,C,medium,false,
Celebrities,Denzel Washington was the second African-American actor to win an Academy Award in the category of Best Actor. For which movie did he receive the award?,Crimson Tide,Glory,Man on Fire,Training Day,D,medium,false,
Celebrities,What famous American actress co-stars with Denzel Washington in the 1999 drama The Bone Collector?,Sandra Bullock,Angelina Jolie,Julia Roberts,Halle Berry,B,medium,false,
Celebrities,"Where is the 2004 action drama movie Man On Fire, starring Denzel Washington, set?",Puerto Rico,Spain,Mexico,Italy,C,medium,false,
Celebrities,Antwone Fisher from 2002 was the first movie directed by Denzel Washington. Which of these Black Reel Awards did the movie win?,Best Director,All of these,Best Actor,Best Breakthrough Performance,B,medium,false,
Celebrities,Singer Cheyenne Kimball was born in Texas.,False,True,,,B,medium,false,
Celebrities,What song did Cheyenne Kimball perform in the 2006 Macys Thanksgiving Parade?,One Original Thing,The Day Has Come,Four Walls,Hanging On,C,medium,false,
Celebrities,What song performed by Cheyenne Kimball was included in the soundtrack of the movie Aquamarine?,Four Walls,The Day Has Come,Hanging On,One Original Thing,D,medium,false,
Celebrities,What middle school did Cheyenne Kimball attend?,Frankston Middle School,West Hall Middle School,Westwood Junior High School,Clark Middle School,D,medium,false,
Celebrities,"This musician, best known for his work with Pearl Jam, is also famous as the drummer in Cheyenne Kimballs band.",Kevin Hastings,Dave Krusen,Ethan Roberts,Joey Clemente,B,medium,false,
Celebrities,Cheyenne Kimball was twelve years old when she won Americas Most Talented Kid.,False,True,,,B,medium,false,
Celebrities,What statement is true about Cheyenne Kimball?,She holds a guitar in pictures but actually plays the drums during most of her songs.,"She has blue eyes, unlike anyone else in her family.",She is left-handed.,"At birth, she had an extra toe.",C,medium,false,
Celebrities,Sage Moonblood is the first-born child of what action movie star?,Sylvester Stallone,Jean-Claude Van Damme,Arnold Schwarzenegger,Jackie Chan,A,medium,false,
Celebrities,Jermaine Jacksons second child was named after what season?,Winter,Summer,Autumn,Spring,C,medium,false,
Celebrities,What unusual name did Korn lead vocalist Jonathan Davis give to his second son?,Pirate,Killer,Ripper,Murder,A,medium,false,
Celebrities,The first-born child of what RB singer is named Zion?,Diana Ross,Whitney Houston,Lauryn Hill,Chaka Khan,C,medium,false,
Celebrities,Eddie Van Halen named his son after what classical composer?,Ludwig van Beethoven,Antonio Vivaldi,Johann Sebastian Bach,Wolfgang Amadeus Mozart,D,medium,false,
Celebrities,What is the name of actor and director Forest Whitakers first-born son?,Ocean,Woodland,River,Sea,A,medium,false,
Celebrities,What American rapper and producer has a son named Messiah YaMajesty?,Ja Rule,Jay-Z,Timbaland,T.I.,D,medium,false,
Celebrities,What Hollywood actress had a child with the unusual name Lark Song?,Diane Keaton,Meryl Streep,Mia Farrow,Susan Sarandon,C,medium,false,
Celebrities,What peculiar name did director and producer Robert Rodriguez give to his first-born son?,Helicopter,Plane,Ram,Rocket,D,medium,false,
Celebrities,Actor Gary Oldmans second son has the same name as this popular fictional character.,Gulliver,Pinocchio,Moby Dick,dArtagnan,A,medium,false,
Celebrities,David Carradine was born in Texas.,False,True,,,A,medium,false,
Celebrities,David Carradine was married 5 times.,True,False,,,A,medium,false,
Celebrities,In what 1964 movie did David Carradine make his feature film debut?,Invitation to a Gunfighter,Taggart,Behold a Pale Horse,Shane,B,medium,false,
Celebrities,Is it true that in 2004 David Carradine won a Golden Globe for Best Supporting Actor for the film Kill Bill Volume II?,Yes,No,,,B,medium,false,
Celebrities,How many Emmy Awards did David Carradine win?,0,4,3,2,A,medium,false,
Celebrities,Which of the following actresses is David Carradines niece?,Sean Hayes,Melissa Peterman,Angelina Jole,Martha Plimpton,D,medium,false,
Celebrities,In 1985 David Carradine appeared in this television mini series that also featured Patrick Swayze.,The Civil War,Belle,North and South,Blue and Gray,C,medium,false,
Celebrities,David Carradine died in a hospital in Las Vegas.,True,False,,,B,medium,false,
Celebrities,In how many movies did David Carradine appear between 2000 and 2009?,5,16,2,23,D,medium,false,
Celebrities,Not only did David Carradine do a lot of voice work but he also appeared in a couple of music videos by what 2 acts?,"Jonas Brothers, Backstreet Boys","NSync, Miley Cyrus","Chapel of Thieves, Jonas Brothers","Miley Cyrus, Hilary Duff",C,medium,false,
Celebrities,David Carradine was the voice of Junichiro on a 2002 episode of what animated series?,The Simpsons,King of the Hill,Family Guy,American Dad,B,medium,false,
Celebrities,The television series Kung Fu did not have a revival in the 90s.,True,False,,,B,medium,false,
Celebrities,In what year was Karl Malden born?,1912,1923,1950,1908,A,medium,false,
Celebrities,Karl Malden was married 3 times.,False,True,,,A,medium,false,
Celebrities,"In what 1954 movie did Karl Malden co-star with Marlon Brando, Lee Cobb, Rod Steiger and Eva Marie Saint?",Fiddler on the Roof,The Odd Couple,On the Waterfront,Streetcar Named Desire,C,medium,false,
Celebrities,Karl Malden was of Italian descent.,False,True,,,A,medium,false,
Celebrities,What syndicated television show did Karl Malden star in with Michael Douglas from 1972-1977?,The Streets of San Francisco,Dragnet,Emergency,Hawaii 5-0,A,medium,false,
Celebrities,In 1951 Karl Malden won an Emmy for Best Supporting Actor in what movie?,A Streetcar Named Desire,Bednobs and Broomsticks,On the Waterfront,Bewitched,A,medium,false,
Celebrities,What 1953 Alfred Hitchcok movie starred Karl Malden?,Vertigo,Psycho,I Confess,The Birds,C,medium,false,
Celebrities,In 1970 Karl Malden played the role of George S. Patton in the film Patton.,True,False,,,B,medium,false,
Celebrities,Karl Malden never starred in a Western.,True,False,,,B,medium,false,
Celebrities,Actor Keanu Reeves was born in this country in 1964.,China,England,Australia,Lebanon,D,medium,false,
Celebrities,Keanu Reevess father was of what descent?,Portuguese,Hawaiian,All of these,Chinese,C,medium,false,
Celebrities,What does the first name of actor Keanu Reeves mean?,The coldness,The ocean,The depth,The summer,A,medium,false,
Celebrities,Keanu Reeves dreamed of a career in this sport when he was a student.,Baseball,Basketball,Hockey,Rugby,C,medium,false,
Celebrities,What Shakespearian character did Keanu Reeves portray in the stage play Romeo and Juliet when he was fifteen?,Juliet in drag,Romeo,Mercutio,Benvolio,C,medium,false,
Celebrities,What character did Keanu Reeves portray in The Matrix movie series?,Agent Brown,Nathaniel Blake,Thomas Anderson,Agent Smith,C,medium,false,
Celebrities,In what movie did Keanu Reeves portray an alien named Klaatu?,Independence Day,The Day the Earth Stood Still,War of the Worlds,Invasion of the Body Snatchers,B,medium,false,
Celebrities,What musical instrument did Keanu Reeves play in his band Dogstar?,Saxophone,Keyboards,Bass guitar,Drums,C,medium,false,
Celebrities,"Which statement is true about Keanu Reeves first-born daughter, Ava?",She committed suicide,She was stillborn.,She was killed in a car crash.,She died from leukemia.,B,medium,false,
Celebrities,When did Uta Hagen live?,1922-2008,1905-1983,1934-2006,1919-2004,D,medium,false,
Celebrities,Which of these was not a place where Uta Hagen studied acting?,Royal Academy of Dramatic Arts,Group Theater,Madison High School,University of Wisconsin,B,medium,false,
Celebrities,What was Uta Hagens first professional play?,Pygmalion,The Little Prince,Hamlet,Alice in  Wonderland,C,medium,false,
Celebrities,How many Academy Awards did Uta Hagen win?,0,3,2,1,A,medium,false,
Celebrities,Uta Hagen was best known for her teaching at this school.,The Guthrie Theater,The Actors Studio,Group Theater,HB Studio,D,medium,false,
Celebrities,Which of these books did Uta Hagen not write?,The Method of Acting,Love for Cooking,Respect for Acting,A Challenge for the Actor,A,medium,false,
Celebrities,"Both Uta Hagen and Lee Starsberg believed that the actor must substitute his or her own experiences  into the plays actions in order to get a real and believable result. However, Hagen differed from Strasberg in this aspect.",She wanted the actors to reveal their experiences to the entire cast before they rehearsed.,She wanted the actors to use their own words.,She wanted the actor to transfer his or her own experiences into the lives of all the characters of the play.,She used the word transference instead of substitution.,D,medium,false,
Celebrities,Which of these was not a student of Uta Hagen?,Al Pacino,Charles Nelson Reilly,Matthew Broderick,Jack Lemmon,A,medium,false,
Celebrities,Which of these actresses was not a student of Uta Hagen?,Marilyn Monroe,Liza Minelli,Whoopi Goldberg,Christine Lahti,A,medium,false,
Celebrities,"Uta Hagen was married to this great actor, a man who later became George Clooneys uncle-in-law.",Paul Robeson,Miguel Ferrer,Harold Clurman,Jose Ferrer,D,medium,false,
Celebrities,Uta Hagen had a role in this soap opera.,As the Stomach Turns,One Life to Live,The Guiding Light,All My Children,B,medium,false,
Celebrities,For his performance in what movie did Eddie Murphy receive his first Academy Award nomination?,The Nutty Professor,Dreamgirls,Shrek,Doctor Dolittle,B,medium,false,
Celebrities,What signature phrase is Eddie Murphy known for using in many of his movies?,"Damn, youre pretty!","Hey, kids!",Where mah mama at?,How you doin?,D,medium,false,
Celebrities,Which of Eddie Murphys relatives was an amateur comedian and actor?,His mother,His grandmother,His father,His Grandfather,C,medium,false,
Celebrities,What social group did Eddie Murphy like to ridicule in his early stand-up shows?,Obese people,Anglo-Americans,All of these,Gays,C,medium,false,
Celebrities,"What is the name of Eddie Murphys debut solo album, released in 1985?",How Could It Be,Whatever,Nevermind,No Way,A,medium,false,
Celebrities,Eddie Murphy reportedly had a romantic relationship with this female singer and actress earlier in his career.,Diana Ross,Cher,Mariah Carey,Whitney Houston,D,medium,false,
Celebrities,What character did Eddie Murphy voice in the 2001 animated comedy movie Shrek and its sequels?,Big Bad Wolf,Donkey,Puss in Boots,Shrek,B,medium,false,
Celebrities,In what movie did Eddie Murphy portray more than one character?,All of these,Bowfinger,Coming to America,The Nutty Professor,A,medium,false,
Celebrities,"During the filming of which Eddie Murphy movie was the stunt double of actress Angela Bassett, Sonja Davis, killed?",Vampire in Brooklyn,Best Defense,Harlem Nights,Holy Man,A,medium,false,
Celebrities,What is the name of Eddie Murphys character in the 1986 mystical comedy movie The Golden Child?,Til,Sardo Numspa,Detective Boggs,Chandler Jarrell,D,medium,false,
Celebrities,"Catherine Zeta-Jones was born on September 25, 1969 in this country.",England,Wales,Ireland,Scotland,B,medium,false,
Celebrities,Catherine Zeta-Jones started her acting career at a very young age. In what play did she make her professional acting debut?,Beauty and the Beast,Cinderella,The Wizard of Oz,Annie,D,medium,false,
Celebrities,What famous movie director noticed the talent of Catherine Zeta-Jones and recommended her to the director of The Mask of Zorro?,Martin Scorsese,James Cameron,Steven Spielberg,Oliver Stone,C,medium,false,
Celebrities,What scene in the 1998 movie The Mask of Zorro featuring Catherine Zeta-Jones became one of the most memorable moments in film history?,The scene in which they dance together,None of these,The scene in which get married.,The scene in which Zorro undresses her with his sword,D,medium,false,
Celebrities,What did actor Michael Douglas say to Catherine Zeta-Jones when they met?,Id like to father your children.,Ill make your dreams come true.,All of these,I want to spend my lifetime loving you.,A,medium,false,
Celebrities,For her performance in what movie did Catherine Zeta-Jones receive an Academy Award for Best Supporting Actress?,Entrapment,The Mask of Zorro,Traffic,Chicago,D,medium,false,
Celebrities,In which of these movies did Catherine Zeta-Jones star while she was pregnant with her first child?,Traffic,Chicago,The Mask of Zorro,The Haunting,A,medium,false,
Celebrities,In which of the Oceans movies has Catherine Zeta-Jones appeared?,All of these,Oceans Twelve,Oceans Eleven,Oceans Thirteen,B,medium,false,
Celebrities,Who did Catherine Zeta-Jones and Michael Douglas name their son Dylan after?,A poet,A painter,A revolutionary,A close friend,A,medium,false,
Celebrities,"Tom Savini was born in Pittsburgh, PA on November 3, 1946. As a child he became interested in special effects make-up after watching this movie.",The Wizard of Oz,Nosferutu,Man of a Thousand Faces,The Phantom of the Opera,C,medium,false,
Celebrities,"Tom Savini did special effects for and had a small acting part in this movie about a vampire who sedates women with an injection of narcotics, slices their wrists open with a razor blade and drinks their blood.",Trauma,Innocent Blood,Martin,Knightriders,C,medium,false,
Celebrities,Tom Savini plays a biker called Sex Machine in this movie about two fugitives that kidnap a family and spend the night in a Mexican strip club filled with vampires.,The Demolitionist,Sheena,From Dusk Till Dawn,Grindhouse,C,medium,false,
Celebrities,Tom Savini had a small acting part and did special effects for this movie about a serial killer who scalps his victims.,Web of Darkness,The Ripper,Maniac,Two Evil Eyes,C,medium,false,
Celebrities,"Tom Savini plays Jesus Christ in this 2002 film about two cops who fight against the evil Hellspawn that was shot for $10,000.",From Dusk Till Dawn,Eyes of a Stanger,Zombiegeddon,Innocent Blood,C,medium,false,
Celebrities,Tom Savini did special effects work and had a small acting part in this 1986 Tobe Hooper sequel.,Night of the Living Dead,Trauma,Dawn of the Dead,The Texas Chainsaw Massacre 2,D,medium,false,
Celebrities,Tom Savini was in charge of special effects and plays the biker Blades in this George A. Romero zombie film set in a shopping mall.,Dawn of the Dead,Day of the Dead,Children of the Living Dead,From Dusk Till Dawn,A,medium,false,
Celebrities,Tom Savini had a small part in this metal bands Be Chrool to Your Scuel video that featured a school full of zombie students.,Guns n Roses,Megadeath,Twisted Sister,Metallica,C,medium,false,
Celebrities,Where is Tom Savinis Special Effects Make-Up school?,"Boston, Massachusetts","Monessen, Pennsylvania","Pittsburgh, Pennsylvania","Wheeling, Connecticut",B,medium,false,
Celebrities,Tom Savini did special effects work and played a small role in this Dario Argento film about a serial killer who murders his victims with a garrote.,Trauma,Two Evil Eyes,Mr. Stitch,Necronomicon,A,medium,false,
Celebrities,Tom Savini voices himself in a Simpsons episode where he humiliates the Comic Book Guy.,False,True,,,B,medium,false,
Celebrities,Tom Savini is credited with the special effects work on this film about a camp caretaker who is disfigured in a prank and returns 5 years later to kill everyone at the camp.,The Prowler,Maniac,Web of Darkness,The Burning,D,medium,false,
Celebrities,"Tom Savini worked his special effects magic on this film about a rejected WWII veteran who kills his former girlfriend and her boyfriend, then returns to the small town 35 years later to kill again.",The Prowler,Martin,Trauma,Maniac,A,medium,false,
Celebrities,Tom Savini directed this George A. Romero remake in 1990. The movie is different from the original in two main ways: it portrays Barbara as an active and strong heroine and contains much more gore.,Night of the Living Dead,Friday the 13th,Dawn of the Dead,The Texas Chainsaw Murder,A,medium,false,
Celebrities,"Tom Savini has authored books on special effects, even describing the production and mechanical workings of his most famous film effects. With which of these books was Savini not involved?",Book of the Dead,Bizarro!,Cemetary Dance,Grande Illusions II,C,medium,false,
Celebrities,Tom Savini directed 3 episodes of this TV horror series produced by George A. Romero.,Night Gallery,The Outer Limits,Tales from the Darkside,Tales from the Crypt,C,medium,false,
Celebrities,In what year was Tom Savinis instructional video Horror Effects: Hosted by Tom Savini released?,2008,1987,1994,2001,A,medium,false,
Celebrities,Tom Savini plays a garbage collector and does the special effects on this George A. Romero movie written by Stephen King.,Martin,The Burning,Night of the Living Dead,Creepshow,D,medium,false,
Celebrities,In what country was actor Anthony Quinn born?,United States,Brazil,Mexico,Canada,C,medium,false,
Celebrities,"When he was young, Anthony Quinn competed professionally in this sport.",Boxing,Wrestling,Bodybuilding,Weightlifting,A,medium,false,
Celebrities,What did Anthony Quinn study before he decided to go into acting?,All of these,Costume design and stage decoration,Chemical engineering,Art and architecture,D,medium,false,
Celebrities,Anthony Quinn won his first Oscar for his role in this movie.,Viva Zapata!,Zorba the Greek,Lawrence of Arabia,Wild Is the Wind,A,medium,false,
Celebrities,"What is the title of Anthony Quinns first autobiographical book, published in 1972?",The Miracle,The Forbidden Fruit,The Original Sin,The Arms of a Man,C,medium,false,
Celebrities,How many times did actor Anthony Quinn get married?,None,Three times,Nine times,Once,B,medium,false,
Celebrities,How did Anthony Quinns first-born son Christopher die in 1941?,In a car accident,He was shot dead.,He committed suicide.,In a drowning accident,D,medium,false,
Celebrities,For what famous artist was Jennifer Lopez a backup dancer in the beginning of her career?,Janet Jackson,Michael Jackson,Paula Abdul,MC Hammer,A,medium,false,
Celebrities,For the role in what movie was Jennifer Lopez selected over actresses Ashley Judd and Lauren Holly?,Jack,Shall We Dance?,Blood and Wine,Monster-in-Law,A,medium,false,
Celebrities,What type of character does Jennifer Lopez play in the 2000 thriller The Cell?,Teacher,Psychologist,Vampire,Police officer,B,medium,false,
Celebrities,In what movie did Jennifer Lopez star alongside Ice Cube and Jon Voight in 1997?,El Cantante,Blood and Wine,U Turn,Anaconda,D,medium,false,
Celebrities,Jennifer Lopez lent her voice to a character in which of these animated movies?,Happy Feet,Shrek,Finding Nemo,Antz,D,medium,false,
Celebrities,In what movie did Jennifer Lopez play the wife of an abusive man?,Monster-in-Law,Out of Sight,Enough,An Unfinished Life,C,medium,false,
Celebrities,What was the name of Jennifer Lopezs debut album from 1999?,This Is Me... Then,On the 6,Como Ama Una Mujer,J. Lo,B,medium,false,
Celebrities,What song by jennifer Lopez became her first number one single in the United Kingdom?,If You Had My Love,Jenny from the Block,Love Dont Cost a Thing,Get Right,C,medium,false,
Celebrities,"What are the names of Jennifer Lopez and Marc Anthonys twins born on February 22, 2008?",Catherine and Michael,Christina and Jake,Sean John and Lilly,Maximilian and Emme,D,medium,false,
Celebrities,"What is the name of Jennifer Lopezs restaurant that opened on April 12, 2002?",Valentinas,Lopez,Ninas,Madres,D,medium,false,
Celebrities,Where did the group Buffalo Springfield get their name from?,From a steam roller,Nowhere-they just made it up,From a sewing machine,From the home towns of the band members,A,medium,false,
Celebrities,Which of these was not an original member of the group Buffalo Springfield?,Dewey Martin,Steve Stills,Jim Messina,Bruce Palmer,C,medium,false,
Celebrities,Which member of Buffalo Springfield was rejected for a role in The Monkees?,Neil Young,Steve Stills,Bruce Palmer,Richie Furay,B,medium,false,
Celebrities,What was the name of the folk group in which Richie Furay and Steve Stills performed together before forming Buffalo Springfield?,Au-Go-Go Singers,Stills-Furay Band,The Rangers,The Whistlers,A,medium,false,
Celebrities,In what Canadian group did Bruce Palmer and Neil Young perform together?,The Mynah Birds,April Wine,Mahogany Rush,Sparrow,A,medium,false,
Celebrities,What song was removed from Buffalo Springfields debut album so that their hit For What Its Worth could be added?,Pay the Price,"Sit Down, I Think I Love You",Go and Say Goodbye,"Baby, Dont Scold Me",D,medium,false,
Celebrities,What duo recorded a cover version of the Buffalo Springfield song Nowadays Clancy Cant Even Sing?,Sonny and Cher,Carpenters,The Righteous Brothers,The Captain and Tennille,B,medium,false,
Celebrities,Which Buffalo Spriengfield member never sang lead on any of the bands recordings?,Dewey Martin,Bruce Palmer,Jim Messina,None of them ever sang lead.,B,medium,false,
Celebrities,Micki Callen is credited with co-writing what Richie Furay song?,The Hour of Not Quite Rain,Its So Hard to Wait,Kind Woman,Sad Memory,A,medium,false,
Celebrities,What is unusual about the Buffalo Springfield album Last Time Around?,It had a scented innersleeve.,Three different versions were released.,It was released after the band broke up.,It contains no original songs.,C,medium,false,
Celebrities,What type of contest did Jean-Claude Van Damme win in Belgium before he emigrated to the United States?,Martial arts challenge,Cooking contest,Bodybuilding competition,Beauty pageant,C,medium,false,
Celebrities,What funny nickname was given to Jean-Claude Van Damme?,The Muscles from Brussels,The Green-Eyed Monster,All of these,Feel-her and Kill-her,A,medium,false,
Celebrities,What sport did Jean-Claude Van Damme start practicing at the age of sixteen?,Ballet,Swimming,Gymnastics,Boxing,A,medium,false,
Celebrities,Jean-Claude Van Damme was diagnosed with this medical condition in 1998.,Hypoglycemia,Clinical depression,Bipolar disorder,Hypertension,C,medium,false,
Celebrities,What did Time magazine claim that Jean-Claude Van Damme deserved for his performance in the 2008 movie JVCD?,A Golden Raspberry,A capital punishment,An Oscar,A hundred black belts,C,medium,false,
Celebrities,"What is the name of Jean-Claude Van Dammes first-born child, born in 1987?",Gladys,Kristopher,Bianca,Nicholas,B,medium,false,
Celebrities,"In what movie did Jean-Claude Van Damme portray twin brothers who were separated at birth, but one of them was killed?",Double Impact,Replicant,Maximum Risk,Timecop,C,medium,false,
Celebrities,For his role in what movie was Jean-Claude Van Damme nominated for an MTV Movie Award for Most Desirable Male?,Double Impact,Nowhere to Run,All of these,Hard Target,C,medium,false,
Celebrities,"What pop star made an appearance in the 1994 movie Street Fighter, starring Jean-Claude Van Damme?",Robbie Williams,Bryan Adams,Kylie Minogue,Sheryl Crow,C,medium,false,
Celebrities,"What type of names were chosen for some of the characters of the 1989 movie Cyborg, starring Jean-Claude Van Damme?",Brands of musical instruments,Gun brands,Names of towns and cities,Names of automobile manufacturers,A,medium,false,
Celebrities,What is the birth name of actor Jack Nicholson?,John Nicholson,Jeremiah Nicholson,James Nicholson,Jeffrey Nicholson,A,medium,false,
Celebrities,What startling discovery did Jack Nicholson make in 1974?,All of these,His sister was actually his mother.,His father was actually his grandfather.,His mother was actually his grandmother.,A,medium,false,
Celebrities,"In 1954, Jack Nicholson was given this title by his classmates.",Class jerk,Class hero,Class womanizer,Class clown,D,medium,false,
Celebrities,"Noticing  Jack Nicholsons talent, William Hanna and Joseph Barbera offered him this position at the MGM cartoon studio.",All of these,Animation artist,Animation director,Voice actor,B,medium,false,
Celebrities,What record did Jack Nicholson set?,Male actor with most Oscar wins,Male actor with most movie roles,Most nominated male actor in Academy Awards history,All of these,C,medium,false,
Celebrities,What popular fictional villain did Jack Nicholson portray in the 1989 movie Batman?,The Penguin,The Mad Hatter,The Joker,The Riddler,C,medium,false,
Celebrities,For his performance in what movie did Jack Nicholson receive his first Academy Award?,Terms of Endearment,Chinatown,As Good as it Gets,One Flew Over the Cuckoos Nest,D,medium,false,
Celebrities,Jack Nicholson had a 16-year long relationship with this Oscar-winning actress.,Meryl Streep,Glenn Close,Anjelica Huston,Susan Sarandon,C,medium,false,
Celebrities,Jack Nicholson is known for collecting these objects.,Guns and knives,Cigars,Razor blades,Art pieces,D,medium,false,
Celebrities,"Mulholland Drive in Beverly Hills, where Jack Nicholson, Marlon Brando and Warren Beatty lived, was given this nickname in their honor.",Oscar Star Drive,Ladies Men Drive,Bad Boy Drive,Prince Charming Drive,C,medium,false,
Celebrities,Hilary Duffs character in the film Raise Your Voice has three siblings.,False,True,,,A,medium,false,
Celebrities,Who dies in a car crash in the Hilary Duff movie Raise Your Voice?,Terris aunt,Terris brother,Terrys dad,Terris mom,B,medium,false,
Celebrities,"In the movie Material Girls, who sets a house on fire?",Tanzie and Avas nanny,Ava,a stranger,Tanzie,B,medium,false,
Celebrities,Who plays the mother of Hilary Duffs character in the movie Raise Your Voice?,Rebecca De Mornay,Rita Wilson,Dana Davis,Carly Reeves,B,medium,false,
Celebrities,What is the title of Hilary Duffs first full-length studio album?,Hilary Duff,Denial,Dignity,Metamorphosis,D,medium,false,
Celebrities,In what movie do Steve Martin and Kate Baker star as the parents of Hilary Duffs character?,The Perfect Man,In Search of Santa,A Cinderella Story,Cheaper by the Dozen,D,medium,false,
Celebrities,"What album by Hilary Duff was released in April, 2007 and was certified Gold in the same year?",Dignity,Material Girls,Hilary Duff,Metamorphosis,A,medium,false,
Celebrities,Which of these is the title of a childrens book written by Madonna in the early 2000s?,The English Roses,Yakov and the Seven Thieves,Mr. Peabodys Apples,All of these,D,medium,false,
Celebrities,Elizabeth Taylor dedicated her book Nibbles and Me from 1946 to this pet of hers.,A bunny,A chipmunk,A chinchilla,A guinea pig,B,medium,false,
Celebrities,What is the name of the semi-autobiographical novel written by Nicole Richie in 2005?,The Truth About Diamonds,She Used To Be A Princess,All That Sparkles,And Life Just Went On,A,medium,false,
Celebrities,What is the name of Will Smiths illustrated book for children containing the lyrics of the song Big Willie Style from his first solo album?,Chasing Forever,Dont Say Nothing,Just the Two of Us,Its All Good,C,medium,false,
Celebrities,In 2004 Jay Leno wrote this book based on his childhood.,If Mushrooms Could Calculate,If Roast Beef Could Fly,If Pillows Could Speak,If Cats Could Bark,B,medium,false,
Celebrities,What is the little jaguar named Jag terrified of in the book for children written by Grammy-winning singer LeAnn Rimes?,Water,School,Ants,Mice,A,medium,false,
Celebrities,"What is the name of the book written by actor, writer, producer and director Billy Crystal in 2005?",Seven Oclock on Sunday,700 Sundays,"Sunday, July 7",777 Sundays,B,medium,false,
Celebrities,"Which of these is the title of the book for children written by director, producer, writer, and actor Spike Lee?",Henry the Frog,"Please, Puppy, Please",All Aboard!,The Little White Cloud,B,medium,false,
Celebrities,What lessons did Elizabeth Taylor start taking when she was only three?,Acting lessons,Ballet lessons,Singing lessons,Piano lessons,B,medium,false,
Celebrities,Which of Elizabeth Taylors relatives had acted on stage?,Her aunt,Her mother,Her grandmother,Her father,B,medium,false,
Celebrities,At what age did Elizabeth Taylor appear in a motion picture for the first time?,Nine,Fifteen,Seven,Four,A,medium,false,
Celebrities,For her performance in what movie did Elizabeth Taylor win her first Academy Award?,BUtterfield 8,Whos Afraid of Virginia Woolf?,Raintree County,Cat on a Hot Tin Roof,A,medium,false,
Celebrities,Which character did Elizabeth Taylor portray in the 1949 movie Little Women?,Amy,Josephine,Elizabeth,Marmee,A,medium,false,
Celebrities,Which of these diseases has Elizabeth Taylor survived?,Skin cancer,Severe pneumonia,All of these,Brain tumor,C,medium,false,
Celebrities,Which of these celebrities was a close friend of Elizabeth Taylor?,Marilyn Monroe,Michael Jackson,Elvis Presley,Marlon Brando,B,medium,false,
Celebrities,"What character did Elizabeth Taylor play in the 1994 movie The Flintstones, co-produced by Steven Spielberg?",Pearl Slaghoople,Miss Sharon Stone,Wilma Flintstone,Fred Flintstones mother,A,medium,false,
Celebrities,What is the name of the pear-shaped diamond given by Richard Burton to Elizabeth Taylor for her 40th birthday in 1972?,The Tear of Aphrodite,The Taylor-Burton Diamond,All of these,The Forbidden Fruit,B,medium,false,
Celebrities,What legendary queen did Elizabeth Taylor portray in a 1963 movie?,Queen Victoria of the United Kingdom,Queen Nefertiti,Queen Cleopatra,Queen Elizabeth I of England,C,medium,false,
Celebrities,What is the name of the real-life girl portrayed by Winona Ryder in the 1996 movie The Crucible?,Ann Putnam,Mary Warren,Elizabeth Proctor,Abigail Williams,D,medium,false,
Celebrities,In which of the Alien movies did Winona Ryder appear as Annalee Call?,Alien vs. Predator,Aliens,Alien 3,Alien Resurrection,D,medium,false,
Celebrities,What is the title of the very first feature film in which Winona Ryder appeared?,1969,Beetlejuice,Square Dance,Lucas,D,medium,false,
Celebrities,In what 2006 movie did Winona Ryder portray a woman called Siri?,The Columbus Awards,The Einstein Awards,The Aristotle Awards,The Darwin Awards,D,medium,false,
Celebrities,"The 1994 movie Reality Bites, starring Winona Ryder, was this Hollywood actors directorial debut.",Danny DeVito,Ben Stiller,Sylvester Stallone,Ethan Hawke,B,medium,false,
Celebrities,What is the title of the 1998 movie directed by Woody Allen in which Winona Ryder portrayed a character called Nola?,Hollywood,Celebrity,Star,Big Spender,B,medium,false,
Celebrities,What character did Winona Ryder portray in the 1990 movie Mermaids?,Kate Flax,Carrie,Charlotte Flax,Rachel Flax,C,medium,false,
Celebrities,Which statement is true about Sanford Meisner?,He was born in Los Angeles in 1929 and died in New York City in 2007.,He was born in New York City in 1905 and died in California in 1997.,"He was born in London, England in 1931 and  died in New York City in 2001.",He was born in Chicago in 1927 and died in California in 2008.,B,medium,false,
Celebrities,Sanford Meisner said that this was the defining emotional moment in his life.,He saw Charlie Chaplin performing live in London.,He saw his first movie in the Fairfax area of Los Angeles.,His younger brother died from drinking unpasteurized milk.,He attended his first drama class at Northwestern University.,C,medium,false,
Celebrities,"As a young man Sanford Meisner got a job acting as an extra in They Knew What They Wanted, an unimportant play except that this person was the  plays director.",Uta Hagen,Lee Strasberg,Sir Richard  Partons,Stella Adler,B,medium,false,
Celebrities,Sanford Meisner was selected as one of the 28 actors in this acting group.,The Northwestern Drama School,The New Shakespearean Acting Foundation,The  Guthrie Theatre Group,Group Theater,D,medium,false,
Celebrities,Which statement describes the Meisner Technique?,"Acting begins when the actor is able to use his own lines, not those of the author.",Acting is the ability to attract. An actor is an attractor.,Acting must begin with voice warm-up and concentration techniques.,Acting is the ability to live truthfully under imaginary circumstances.,D,medium,false,
Celebrities,This beautiful student of Sanford Meisner was the sister of Olivia DeHaviland.,Joan Fontaine,Jennifer  Jones,Grace Kelly,Lee Grant,A,medium,false,
Celebrities,This student of Sanford Meisner became a famous director and choreographer. The film All That Jazz was a biography of this famous man.,Gower Champion,Tommy Tune,Bob Fosse,Robert Townsend,C,medium,false,
Celebrities,Which of the following was a student of Sanford Meisner?,Jon Voight,Jason Robards,Liza Minelli,Robert DeNiro,A,medium,false,
Celebrities,Select the Sanford Meisner quote.,"I regard the theater as the greatest of human art forms, the most immediate way in which a human can share with another the sense of what it is like to be a human.","Acting is the reality of unreality, the illuminating of the unlightable.","Silence has a myriad of meanings. In the theater, silence is the absence of words but not the absence of meaning.","Acting is half shame and half glory. Shame at exhibiting yourself, glory when you can forget yourself.",C,medium,false,
Celebrities,Captain Spaulding has become an icon for the New Horror genre. In what 2000 Rob Zombie film did Sid Haig star as this clown-faced sociopath?,Werewolf Women of the SS,House of 1000 Corpses,The Devils Rejects,Reeker,B,medium,false,
Celebrities,"In 1968 Sid Haig played one of three inbred and murderous siblings in this Jack Hill black comedy- horror film starring Lon Chaney, Jr.",Cannibal Attack!,20th Century Wolf Men,The Atomic Brain,Spider Baby,D,medium,false,
Celebrities,"As a child, Sid Haig grew so quickly that he lost much of his motor coordination, so his parents enrolled him in dancing lessons. At what age did Sid Haig become a paid dancer in vaudeville acts?",11,16,21,7,D,medium,false,
Celebrities,"Sid Haig was offered the role of Marsellus Wallace in Quentin Tarantinos Pulp Fiction, but refused the role. Who played Marsellus Wallace in the film?",Michael Keaton,Samuel L. Jackson,Harvey Keitel,Ving Rhames,D,medium,false,
Celebrities,Sid Haig had been out of high school one year when he and his band signed a recording contract. The next year in 1958 they released the single Full House which hit #4 on the charts. What was the name of Sids band?,The T-Birds,Glenwood Falling,The Sale,The Olive Branch,A,medium,false,
Celebrities,"For his role in this 2005 horror film, Sid Haig received the award for Best Actor in the 15th Annual Fangoria Chainsaw Awards. He shared the award for Most Vile Villain at the First Annual Spike TV Scream Awards with Sheri Moon, Leslie Easterbrook and Bill Moseley as The Firefly Family.",The Hills Have Eyes,House of 1000 Corpses,The Devils Rejects,Hostel,C,medium,false,
Celebrities,In 1974 Sid Haig was in this blaxploitation film written and directed by Jack Hill. It stars Pam Grier and was originally going to be a sequel to the film Coffy.,Foxy Brown,"Black Mama, White Mama","Sheba, Baby",Friday Foster,A,medium,false,
Celebrities,"From 1960- 1992, Sid Haig was in almost 350 TV episodes. In which of these TV series did Sig Haig NOT star?",The A-Team,Dragnet,Get Smart,Mission: Impossible,B,medium,false,
Celebrities,"In 1992 Sid Haig felt he was being typecast and stated, Ill never play another stupid heavy again, and I dont care if that means that I never work, ever. Sid stopped acting and trained in, became licensed in and worked as what?",Insurance salesman,High school teacher,Hypnotherapist,Truck driver,C,medium,false,
Celebrities,"Sid Haig was born Sidney Eddy Mosesian in Fresno, California on July 14, 1939. Where did Sid get his stage name from?",Haig was the last name of his pediatrician.,Haig was his mothers maiden name spelled backwards.,Haig was the last name of his 3rd grade teacher.,Haig was his fathers first name.,D,medium,false,
Celebrities,"In the 1997 Quentin Tarantino movie Jackie Brown, Sid Haig came out of retirement and played the judge. Was this role written specifically for Haig?",No,Yes,,,B,medium,false,
Celebrities,"In this 1971George Lucas film, Sid Haig plays the prisoner NCH.",The Rain People,Finnians Rainbow,Star Wars Episode IV: A New Hope,THX 1138,D,medium,false,
Celebrities,Sid Haigs first acting job was in exploitation director Jack Hills student film The Host. On how many films did Haig and Hill collaborate?,4,1,15,9,D,medium,false,
Celebrities,"What is the real birth name of rapper The Notorious B.I.G., also known as Biggie Smalls?",Curtis Jackson,Sean Kingston,Shawn Carter,Christopher Wallace,D,medium,false,
Celebrities,The Notorious B.I.G.started making money at the age of 12 by selling which of the following?,His mothers jewels,Stolen watches,Drugs,All of these,C,medium,false,
Celebrities,What famous rapper attended the George Westinghouse Information Technology High School together with Notorious B.I.G.?,Jay-Z,P. Diddy,2Pac,All of these,A,medium,false,
Celebrities,What is the name of the debut album released by The Notorious B.I.G in 1994?,M.A.F.I.A.,Ready to Die,The Good and the Dead,Life After Death,B,medium,false,
Celebrities,What popular female musician did The Notorious B.I.G. marry in 1994?,Mariah Carey,Lil Kim,Faith Evans,Mary J. Blige,C,medium,false,
Celebrities,Why did rapper The Notorious B.I.G. use a cane when he walked?,None of these,He injured his leg in an accident.,He believed he looked more serious that way.,He was born with a limp.,B,medium,false,
Celebrities,What single by The Notorious B.I.G. earned him the 1997 MTV Video Music Award for Best Rap Video?,Hypnotize,One More Chance,Mo Money Mo Problems,Big Poppa,A,medium,false,
Celebrities,"How was The Notorious B.I.G. killed on March 9, 1997?",He was shot dead.,He was stabbed to death.,He was poisoned.,In a car crash that looked like an accident,A,medium,false,
Celebrities,What is the title of the 2009 movie that is based on the life of rapper The Notorious B.I.G.?,Notorious,Life After Death,B.I.G.,Ready To Die,A,medium,false,
Celebrities,What is the title of the album by The Notorious B.I.G. released posthumously only 16 days after his death in 1997?,Ready to Die,Til Death Do Us Part,Life After Death,The Notorious B.I.G. Forever,C,medium,false,
Celebrities,Where was Jude Law born?,Ottawa,London,New York,Canberra,B,medium,false,
Celebrities,The first TV role of Jude Law in this 1989 TV Christmas special.,"Get Smart, Again!",The Day After,Return to Mayberry,The Tailor of Gloucester,D,medium,false,
Celebrities,"Jude Law received the Evening Standard British Film Awards for most promising newcomer for this movie, released in 1997.",Wilde,Midnight in the Garden of Good and Evil,Bent,Gattaca,A,medium,false,
Celebrities,Jude Law had a role in this 1990s British TV soap opera.,Revelations,Families,Hollyoaks,Emmerdale,B,medium,false,
Celebrities,"In this movie, produced by Danny DeVito, Jude Law portrayed a disabled former swimming star.",Cold Mountain,Enemy at the Gates,The Talented Mr. Ripley,Gattaca,D,medium,false,
Celebrities,Jude Law was nominated for Academy Awards in 1999 and in 2003 for his acting in movies by this director.,Martin Scorsese,Sam Mendes,Steven Spielberg,Anthony Minghella,D,medium,false,
Celebrities,Jude Law met this actress while filming the British crime drama Shopping and later married her.,Sienna Miller,Cameron Diaz,Gwyneth Paltrow,Sadie Frost,D,medium,false,
Celebrities,"In which film, directed and produced by Mike Nichols, did Jude Law star opposite Natalie Portman, Clive Owen and Julia Roberts?",Cold Mountain,Duplicity,Closer,Bent,C,medium,false,
Celebrities,For which film did Jude Law learn to play the saxophone?,My Blueberry Nights,The Talented Mr. Ripley,Alfie,Artificial Intelligence: A.I.,B,medium,false,
Celebrities,Why were biographers impeded when attempting to study Coco Chanels background?,She was an orphan.,Her parents changed her name when she was little.,None of these,Her name was misspelled at birth.,D,medium,false,
Celebrities,What happened to Coco Chanel when she was twelve?,Her father was murdered.,She almost died in a fire.,She got pregnant.,Her mother died of tuberculosis.,D,medium,false,
Celebrities,What did Coco Chanel learn to do while she was in the orphanage of the Roman Catholic monastery of Aubazine?,Sewing,Singing,Hairstyling,Drawing,A,medium,false,
Celebrities,What accessories did Coco Chanel start designing while she was living with millionaire Etienne Balsan?,Earrings,Hats,Bags,Shoes,B,medium,false,
Celebrities,What type of clothing did Coco Chanel introduce in her boutique in Deauville in 1913?,Corsets,Women’s sportswear,All of these,Lingerie,B,medium,false,
Celebrities,What lie about her childhood did Coco Chanel make up?,All of these,Her father sailed off for America to make a fortune.,Her mother died when she was 2.,She was forced to live with her aunts.,A,medium,false,
Celebrities,What was the keynote of all true elegance according to Coco Chanel?,Elaborateness,Simplicity,Femininity,Black,B,medium,false,
Celebrities,What was the first fragrance released by Coco Chanel in 1921?,Chanel No. 5,Chanel No. 19,Coco Mademoiselle,Chanel No. 22,A,medium,false,
Celebrities,What signature creation of Coco Chanel became a timeless piece of fashion?,Chanel jacket,Chanel skirt,Chanel hat,Chanel bag,A,medium,false,
Celebrities,"What is the name of the Oxfordshire town, where  the members of Radiohead met for the first time ?",Burford,Abingdon,Woodstock,Banbury,B,medium,false,
Celebrities,"Before they called themselves Radiohead, they were named after this day of the week on which they usually rehearsed.",Thursday,Monday,Friday,Sunday,C,medium,false,
Celebrities,Which of these songs isnt featured on Radioheads Manic Hedgehog demo tape?,Creep,Thinking About You,I Cant,You,A,medium,false,
Celebrities,"Radiohead named themselves after a song, featured in which Talking Heads album?",True Stories,Fear of Music,More Songs About Buildings and Food,Little Creatures,A,medium,false,
Celebrities,What was the reason Radio BBC 1 gave after refusing to play Radioheads Creep after its release?,It wasnt any good,It contained uncensored language,It was too depressing,It was plagiarised material,C,medium,false,
Celebrities,"Which of these Radiohead songs, featured on Pablo Honey is covered by performer Richard Cheese?",You,Prove Yourself,How do you,Creep,D,medium,false,
Celebrities,Thom Yorke claims he got the inspiration for Radioheads Street Spirit from this novel by writer Ben Oki.,Flowers and Shadows,Astonishing the Gods,Songs of Enchantment,The Famished Road,D,medium,false,
Celebrities,Radioheads second album The Bends is dedicated to this late famous comedian.,Bill Hciks,Chris Farley,Richard Pryor,John Belushi,A,medium,false,
Celebrities,Which is the first Radiohead album to reach the number one position on the UK chart?,Kid A,OK Computer,The Bends,Pablo Honey,B,medium,false,
Celebrities,Which of these Radiohead songs from OK Computer is featured in the movie William Shakespeares Romeo+Juliet ?,Karma Police,Airbag,Paranoid Android,Exit Music (For a Film),D,medium,false,
Celebrities,How far did Chris Daughtry get in the fifth season of American Idol in 2006?,Fifth place,Fourth place,Third place,Second place,B,medium,false,
Celebrities,What rock band was formed by former American Idol finalist Chris Daughtry in 2006?,Daughtry,The Scampers,Alter Ego,Resolution,A,medium,false,
Celebrities,To what record label was Chris Daughtryrock band signed in 2006?,Virginia Records,Warner Music Group,Columbia Records,RCA Records,D,medium,false,
Celebrities,"In what state was Chris Daughtry born on December 26, 1979?",Ohio,North Carolina,South Dakota,Maryland,B,medium,false,
Celebrities,What band does Chris Daughtry claim to have been one of his biggest music inspirations?,Fuel,Bon Jovi,Pearl Jam,All of these,D,medium,false,
Celebrities,What album did Chris Daughtry and his high school band produce in 1999?,All Eyes on You,Twister,Professional Fool,The New Generation,A,medium,false,
Celebrities,What confession did Chris Daughtry make during the fifth season of American Idol in 2006?,He confessed he was stealing stuff when he was a child,He said he was going bald,He said he was gay,He admitted he is taking drugs,B,medium,false,
Celebrities,Whom did Chris Daughtrys marry in November 2000?,Stella,Katey,Ashley,Deanna,D,medium,false,
Celebrities,"What is the name of Chris Daughtrys adopted son, born January 2000?",Gavin,Darren,Jeff,Griffin,D,medium,false,
Celebrities,What were the nicknames of Chris Daughtry and Ace Young during the season five of American Idol in 2006?,Ike and Tina,Ben Affleck and Matt Damon,Beavis and Butt-head,Tom and Jerry,B,medium,false,
Celebrities,Liam Neeson was married to this actress until her tragic death left him a widower in 2009.,Farrah Fawcett,Anna Nicole Smith,None of these,Natasha Richardson,D,medium,false,
Celebrities,Of what descent is actor Liam Neeson?,Danish,German,Swedish,Irish,D,medium,false,
Celebrities,"Actor Liam Neeson started taking lessons in this sport at the age of nine, and later became amateur senior champion.",Baseball,Boxing,Swimming,Skiing,B,medium,false,
Celebrities,What was Liam Neesons occupation before he made his film debut?,Radio announcer,Construction worker,Truck driver,Professional dancer,C,medium,false,
Celebrities,What biblical figure did Liam Neeson portray in the 1977 movie The Pilgrims Progress?,John the Baptists,Moses,Jesus Christ,Abraham,C,medium,false,
Celebrities,Of what decent is model and actress Naomi Campbell?,Brazilian,Jamaican,Filipino,Cuban,B,medium,false,
Celebrities,What did Naomi Campbell study at the Italia Conti Academy stage school?,Acting,Pantomime,All of these,Ballet,D,medium,false,
Celebrities,"At the age of 7, Naomi Campbell appeared in a music video of this celebrated musician.",Bob Marley,George Michael,Sting,Elton John,A,medium,false,
Celebrities,Naomi Campbell made her debut appearance on the cover of this popular fashion magazine at the age of 15.,Vogue,Elle,Harpers Bazaar,Glamour,B,medium,false,
Celebrities,In what music video by Madonna did Naomi Campbell appear in 1992?,Justify My Love,Bedtime Story,Erotica,Vogue,C,medium,false,
Celebrities,What is the name of the novel written and published by Naomi Campbell in 1994?,Butterfly,Panther,Swan,Snake,C,medium,false,
Celebrities,What popular man was Naomi Campbells adopted father figure?,Nelson Mandela,Chris Blackwell,Quincy Jones,All of these,D,medium,false,
Celebrities,"In 2009, Naomi Campbell made the headlines after using this word to describe the fashion industry.",Fake,Racist,All of these,Soulless,B,medium,false,
Celebrities,"What is the name of Naomi Campbells debut music album, released in 1995?",Black Panther,Naomi,Real Woman,Baby Woman,D,medium,false,
Celebrities,What is the name of the first fragrance released by Naomi Campbell in 2000?,Mystery,Cat Deluxe,Paradise Passion,Naomi Campbell,D,medium,false,
Celebrities,Liza Minnelli is the daughter of this Academy Award and Grammy Award-winning actress and singer.,Audrey Hepburn,Bette Davis,Ginger Rogers,Judy Garland,D,medium,false,
Celebrities,Liza Minnelli received an Academy Award for her performance in which of the following movies?,Arthur,Cabaret,The Sterile Cuckoo,"New York, New York",B,medium,false,
Celebrities,"What actor starred alongside Liza Minnelli as her characters lover and music partner in Martin Scorseses 1977 musical movie New York, New York?",Tom Jones,Frank Sinatra,Robert De Niro,Fred Astaire,C,medium,false,
Celebrities,What honorary award did Liza Minnelli receive in 1990?,Tony Award,Grammy Legend Award,Honorary Academy Award,All of these,B,medium,false,
Celebrities,How many children does Liza Minelli have?,Six,Two,None,Four,C,medium,false,
Celebrities,What nickname was given to Liza Minnelli by music and theater critic William Ruhlmann?,Barbra Streisands bully,Barbra Streisands worst nightmare,Barbra Streisands little sister,Barbra Streisands lost twin sister,C,medium,false,
Celebrities,What character did Liza Mnnelli voice in the 1974 animated film Journey Back to Oz?,Dorothy,The Queen,"Glinda, the Good Witch of the North",The Fairy,A,medium,false,
Celebrities,"Lisa Minnelli starred in this 1976 musical movie directed by her father, Vincente Minnelli.",A Matter of Time,Stepping Out,"Tell Me That You Love Me, Junie Moon",Thats Entertainment!,A,medium,false,
Celebrities,In which U.S. state was Liza Minnelli born?,Florida,New York,Texas,California,D,medium,false,
Celebrities,"Liza Minnelli suffered from this serious medical condition in 2000, and the doctors predicted she would spend the rest of her life bound to a wheel chair, which did not happen.",Paralysis,Viral encephalitis,All of these,Bulimia nervosa,B,medium,false,
Celebrities,"What is the name of Aretha Franklins debut album, recorded when she was fourteen?",Amazing Grace,Aretha Arrives,Songs of Faith,Aretha,C,medium,false,
Celebrities,What happened to Aretha Franklin just when she turned thirteen?,She gave birth to a son.,All of these,She lost her mother.,She had a car accident.,A,medium,false,
Celebrities,What kind of phobia has Aretha Franklin occasionally had?,Fear of flying,Fear of heights,Fear of cats,Fear of graveyards,A,medium,false,
Celebrities,Aretha Franklin became godmother of this RB singer.,Mariah Carey,Lauryn Hill,Beyonce Knowles,Whitney Houston,D,medium,false,
Celebrities,What musical instrument did Aretha Franklin learn to play by herself when she was a child?,Violin,Trumpet,Piano,Guitar,C,medium,false,
Celebrities,What is the song that launched Aretha Franklin into the top of the charts in 1967?,I Never Loved a Man (The Way I Love You),Think,Baby I Love You,Chain of Fools,A,medium,false,
Celebrities,What magazine ranked Aretha Franklin number one on the list of The Greatest Singers of All Time in 2008?,People,Time,Rolling Stone,All of these,C,medium,false,
Celebrities,"President George W. Bush presented Aretha Franklin with this award on November 9, 2005.",Peace Award,Medal of Grace,Lifetime Achievement Award,Medal of Freedom,D,medium,false,
Celebrities,Who collaborated with Aretha Franklin on the 1987 single I Knew You Were Waiting (For Me)?,Michael Jackson,George Michael,Sting,Elton John,B,medium,false,
Celebrities,What was the name of the character portrayed by Aretha Franklin in the 1998 movie Blues Brothers 2000?,Mother Mary Stigmata,Mrs. Murphy,Queen Mousette,Matara,B,medium,false,
Celebrities,"What was actress Demi Moore, born Demetria Gene Guynes, named after?",A beauty product,A flower,A sea resort,A novel character,A,medium,false,
Celebrities,What condition did Demi Moore suffer from when she was a child?,She had scoliosis.,She was cross-eyed.,All of these,She couldnt move her left hand.,B,medium,false,
Celebrities,This celebrity attended Fairfax High School in Hollywood at the same time Demi Moore did.,Timothy Hutton,Anthony Kiedis,"Michael Balzary, a.k.a. Flea",All of these,D,medium,false,
Celebrities,What actress and friend of Demi Moore talked her into leaving school and taking up acting when she was sixteen?,None of these,Paula Abdul,Tea Leoni,Nastassja Kinski,D,medium,false,
Celebrities,On the cover of what magazine did Demi Moore appear nude and pregnant in 1991?,Vogue,Rolling Stone,Harpers Bazaar,Vanity Fair,D,medium,false,
Celebrities,What objects is Demi Moore known for collecting?,Dolls,Safety pins,Sunglasses,Scarves,A,medium,false,
Celebrities,What is the name of Demi Moores first-born daughter?,None of these,Scout LaRue Willis,Rumer Glenn Willis,Tallulah Belle Willis,C,medium,false,
Celebrities,What actor did Demi Moore start dating in 2003?,Ashton Kutcher,Mel Gibson,Bruce Willis,Freddy Moore,A,medium,false,
Celebrities,What did Demi Moore do before playing the role of stripper Erin Grant in the 1996 movie Striptease?,Exercise regularly,Practice yoga,All of these,Read the book on which the movie was based,C,medium,false,
Celebrities,In which of these movies did actress Demi Moore star alongside Robert Redford?,Indecent Proposal,Ghost,All of these,Disclosure,A,medium,false,
Celebrities,Name the 1995 movie in which Winona Ryred portrayed a young woman called Finn Dodd.,How to Make an American Tapestry,How to Make an American Cloak,How to Make an American Blanket,How to Make an American Quilt,D,medium,false,
Celebrities,What actor starred opposite Winona Ryder as her love interest in the 2000 movie Autumn in New York?,Richard Gere,Ben Affleck,Keanu Reeves,John Travolta,A,medium,false,
Celebrities,What is the occupation of Winona Ryders character Corky in the 1991 movie Night on Earth?,Nurse,Taxi driver,Stripper,Musician,B,medium,false,
Celebrities,"What is the name of Winona Ryders character in the 1990 movie Welcome Home, Roxy Carmichael?",Peaches,Winky,Pixie,Dinky,D,medium,false,
Celebrities,Winona Ryders performance in this movie earned her a nomination for the Razzie Award for Worst Actress.,Lost Souls,Strangers with Candy,All of these,Mr. Deeds,D,medium,false,
Celebrities,What character did Winona Ryder portray in the 2006 movie A Scanner Darkly?,Donna Hawthorne,All of these,Audrey,Hank,B,medium,false,
Celebrities,Name the 1993 movie that stars Winona Ryder as Blanca Trueba.,The Haunting,The Witches of Eastwick,The House of the Spirits,Practical Magic,C,medium,false,
Celebrities,Greta Garbo was born on 18 September 1905 in this country.,Sweden,Switzerland,Germany,Norway,A,medium,false,
Celebrities,Where did Greta Garbo first work?,In a bakery,In a cafeteria,In a barbershop,In an open market,C,medium,false,
Celebrities,Which of the following ranked Greta Garbo the fifth greatest female film star of all time in 1999?,The American Film Institute,The Academy of Motion Picture Arts and Sciences,Time magazine,All of these,A,medium,false,
Celebrities,Greta Garbo was born Greta Lovisa Gustafsson. Who gave her her stage name?,Her best friend,Actor Lars Hanson,She came up with it.,Director Mauritz Stiller,D,medium,false,
Celebrities,What close person did Greta Garbo lose in the beginning of her film career?,Actor Einar Hanson,Her sister,Director Mauritz Stiller,All of these,D,medium,false,
Celebrities,What type of character did Greta Garbo portray in the 1926 silent movie Flesh and the Devil?,Murderer,Poor girl selling flowers on the street,Wife of a count,Chiromancer,C,medium,false,
Celebrities,For her performance in what movie did Greta Garbo receive her first Academy Award nomination?,Inspiration,The Temptress,Anna Christie,Romance,C,medium,false,
Celebrities,What line delivered by Greta Garbo in the 1932 movie Grand Hotel became very famous and has often been quoted in reference to her real life?,No man is good enough for me.,Nothing in this world can make fall in love with a man like you.,I will be nobodys wife.,I want to be alone.,D,medium,false,
Celebrities,This movie with the catchy tagline Garbo laughs! was Greta Garbos first comedy.,Ninotchka,The Kiss,Camille,As You Desire Me,A,medium,false,
Celebrities,The publication of her inevitable autobiography seems to have made her admit that she had had anorexia in the past. Actually one could have easily come up with the idea at the look of her skinny body.  What is her name?,Marilyn Monroe,Cindy Crawford,Monica Bellucci,Victoria Beckam,D,medium,false,
Celebrities,"This celebrity made a public confession about her 2-in-1 combination, namely bulimia and anorexia.",Naomi Campbell,Penelope Cruz,Alla Pugachova,Jane Fonda,D,medium,false,
Celebrities,"You think celebrities riches are endless? Ok, hear this: this 80s glamorous star had to declare herself bankrupt in order to handle the $8.1 million claim by the studio that sued her.",Andie MacDowell,Catherine Zeta-Jones,Kim Basinger,Winona Ryder,C,medium,false,
Celebrities,"His inability to maintain a serious relationship with a woman, led this artist to numerous depressive conditions. This made his brother have him taken to a psychiatric asylum in Arles, in 1888.",Claude Monet,Vincent van Gogh,Leonardo da Vinci,Paul Gaugin,B,medium,false,
Celebrities,"Although he is known as the voice of Mufasa the father lion in The Lion King and Darth Vader in the Star Wars film trilogy, this actor suffers from a speech impediment - he stutters.",James Earl Jones,Robert Deniro,Clint Eastwood,Leonardo Dicaprio,A,medium,false,
Celebrities,"In 1997 a cocktail of cocaine and alcohol stimulated the narcotic frenzy of this actor.  He bit a man, and tried to get a police officers gun. By that time he was already known as a person having drug and alcohol problems.",Brad Pitt,Antonio Banderas,Christian Slater,Keanu Reeves,C,medium,false,
Celebrities,"Overdosing on drugs, domestic abuse and penchanting for prostitutes around mid 90s were just some of the acts in this actors repertory.",Martin Sheen,Charlie Sheen,Kris Kristofferson,Charlie Chaplin,B,medium,false,
Celebrities,"Having her first baby is a priority for every woman. But it can sometimes cause problems, as it was with a famous singer, who had to deliver her baby two months early.",Jennifer Lopez,Whitney Houston,Victoria Beckam,Sophie Ellis-Bextor,D,medium,false,
Celebrities,This marathon runner suffered from asthma almost her entire life.,Paula Radcliffe,Karen Parsons,Steve Sercombe,Dominique Moceanu,A,medium,false,
Celebrities,Being a US president does not guarantee strong health and longevity. This American president was diagnosed with Coronary Artery Disease and had a quadruple by-pass operation.,James Earl Carter,Ronald Reagan,Bill Clinton,George Bush,C,medium,false,
Celebrities,"Born on February 18,1954 in Englewood, John Travolta was the only child of Helen and Salvatore Travolta.",True,False,,,B,medium,false,
Celebrities,"How old was John Travolta, when he got his first professional job in a summer stock production of the musical Bye Bye Birdie?",18,16,8,11,B,medium,false,
Celebrities,"John Travolta turned down the leading roles in Days of Heaven (1978), American Gigolo (1980) and An Officer and a Gentleman (1982). All these roles were played by which actor?",Val Kilmer,Richard Gere,Tom Cruise,George Clooney,B,medium,false,
Celebrities,Which of the following movies did not star John Travolta?,Phenomenon (1996),The Doors (1991),Urban Cowboy (1980),Pulp Fiction (1994),B,medium,false,
Celebrities,Who portrayed Sarah Sanderson in the 1993 movie Hocus Pocus?,Courtney Thorne-Smith,Tiffani-Amber Thiessen,Melissa Suzanne McBride,Sarah Jessica Parker,D,medium,false,
Celebrities,Who portrayed Jimmy James in the movies Barbershop (2002) and Barbershop 2 (2004)?,Malcolm-Jamal Warner,Carl Anthony Payne II,Sean Patrick Thomas,Rodney Allen Ripley,C,medium,false,
Celebrities,Name the actor who portrayed Dave Starsky in the original Starsky and Hutch TV series?,Paul Michael Glaser,Billy Bob Thornton,Robert Curtis Brown,Mark Linn Baker,A,medium,false,
Celebrities,Which actor played the role of Brian Johnson in the 1985 movie The Breakfast Club?,Ilan Mitchell-Smith,Anthony Michael Hall,Joseph Gordon Levitt,Haley Joel Osment,B,medium,false,
Celebrities,"Who played Cheryl, Jims wife in the comedy TV series According to Jim?",Courtney Thorne Smith,Sarah Jessica Parker,Jodi Lyn OKeefe,Jennifer Jason Leigh,A,medium,false,
Celebrities,Who is remembered as Larry Appleton on the 1986 ABC TV series hit Perfect Strangers?,Paul Michael Glaser,Douglas Brian Martin,Billy Bob Thornton,Mark Linn Baker,D,medium,false,
Celebrities,Which actress played Nikki Reed Newman on the CBS soap opera The Young and the Restless?,Melody Thomas Scott,Serena Scott Thomas,Kristin Scott Thomas,Tonja Lee Williams,A,medium,false,
Celebrities,"The TV show Charmed, which started in 1998, starred Shannen Doherty and Alyssa Milano as sisters Prudence and Phoebe Halliwell. Which actress played the other sister, Piper?",Holly Marie Combs,Lara Flynn Boyle,Jennifer Love Hewitt,Melissa Sue Anderson,A,medium,false,
Celebrities,Who portrayed Charles Winchester III on the long-running TV series M*A*S*H*?,Brian Doyle-Murray,George Lee Andrews,John Sylvester White,David Ogden Stiers,D,medium,false,
Celebrities,"He has played Col. William A. McNamara, Harry S. Stamper and Lieutenant A.K. Waters.",Mel Gibson,Bruce Willis,Keanu Reeves,Samuel Jackson,B,medium,false,
Celebrities,"We have seen him on the big screen as Pascal Sauvage, Humma Kavula and General Thomas Timms.",Bill Bailey,John Malkovich,Mos Def,Javier Bardem,B,medium,false,
Celebrities,"He has played Miles Massey, Danny Ocean and Captain Charles Bosche.",George Clooney,Jeremy Davies,Brad Pitt,Matt Damon,A,medium,false,
Celebrities,"On the big screen, we have seen her as Joanna Eberhart, Grace Margaret Mulligan and Virginia Woolf.",Meg Ryan,Nicole Kidman,Caroline OConnor,Elisha Curtbert,B,medium,false,
Celebrities,"This actor has played Sam Dawson, Jimmy Markum and Emmet Ray.",Sean Penn,Brad Pitt,Bruce Willis,Kevin Bacon,A,medium,false,
Celebrities,"We have seen her on the big screen as Erin Brockovich, Maggie Carpenter and Samantha Barzel.",Halle Berry,Tisha Campbell,Vivica A. Fox,Julia Roberts,D,medium,false,
Celebrities,"One the big screen, he has been known as Lewis Bartholomew, Dave Boyle and Andy Dufresne.",Tim Robbins,Kevin Chapman,Danny Huston,John Rubinstein,A,medium,false,
Celebrities,"We seen her as Jane Bordeaux, Grace Needham and Mette Gauguin on the big screen.",Katie Holmes,Catherine Kwong,Nastassja Kinski,Angelina Jolie,C,medium,false,
Celebrities,"We know him as  Roger Verbal Kint, Lt. Chris Sabian and Michael Lynch from the big screen.",Stephen Dillane,Kevin Spacey,Tim Robbins,David Hayman,B,medium,false,
Celebrities,"He has played Monroe Hutchens, Max Carlyle and Dean Cage.",Wesley Snipes,David Caruso,Sylvester Stallone,Bob Gunton,A,medium,false,
Celebrities,"Paris Hilton, one of the four heirs to the Hilton Hotel fortune, is a socialite, fashion model, actor and singer. What is the name of her 19-year-old sister who shares her fame and interests in social life and fashion?",Nicky Hilton,Samantha Hilton,Sue Hilton,Lily Hilton,A,medium,false,
Celebrities,"Teen star Hilary Duff, one of the best known pop singers and teen actresses, has what less famous sibling who shares her musical and screen career?",A younger sister,A twin sister,A younger brother,An older sister,D,medium,false,
Celebrities,Brothers Liam and Noel Gallagher are the original members of what world-famous British rock band?,The Rolling Stones,Pink Floyd,The Eagles,Oasis,D,medium,false,
Celebrities,Which of these popular girl pop groups has siblings for two of its band members?,Spice Girls,M2M,All Saints,Girls Aloud,C,medium,false,
Celebrities,"Kelly and Jack Osbourne, who rose to fame through the reality TV series The Osbournes, have a sibling named Aimee.",True,False,,,A,medium,false,
Celebrities,"British pop singers Natasha Bedingfield and Daniel Bedingfield, who entered the Guinness World Record as the only brother and sister to have solo number-ones in UK chart history, started their music careers in their duo called The DNA Algorithm.",True,False,,,B,medium,false,
Celebrities,Which of these Academy Award-winning American actors has a little brother that followed his acting career?,Nicolas Cage,Michael Douglas,Ben Affleck,Tom Hanks,C,medium,false,
Celebrities,"Oklahoma Pop Rock band Hanson, known for the hit song MMMBop, was formed by how many brothers?",3,7,5,1,A,medium,false,
Celebrities,Twin sisters Monica and Gabriela Irimia that make up the disco pop duo The Cheeky Girls originally come from which Balkan country?,Croatia,Bulgaria,Greece,Romania,D,medium,false,
Celebrities,This beauty was often compared to Marilyn Monroe. Her daughter plays Olivia Benson on Law and Order SVU.,Rita Hayworth,Mae West,Jayne Mansfield,Kim Novak,C,medium,false,
Celebrities,She has a twin whose name starts with an M. They have their own series and starred in many shows such as So little time.,Madison,Ashley,Julia,Candy,B,medium,false,
Celebrities,She stars in the MTV show Chaotic.,Jessica Simpson,Cher,Kelly Osborne,Britney Spears,D,medium,false,
Celebrities,He sang Cry Me A River and his initials are JK.,False,True,,,A,medium,false,
Celebrities,What is the name of the celebrity who starred in a hit show on Disney channel?,Ashley,Lindsay,Hilary,Lizze Mcguire,C,medium,false,
Celebrities,"Originally in Dream Street, he has since had a platinum album called Beautiful Soul.",John,Jesse,Joey,Justin,B,medium,false,
Celebrities,See You in Hell,Slayer,Grim Reaper,Overkill,King Diamond,B,medium,false,
Celebrities,Surprise--Youre Dead!,Meshuggah,Sepultura,Faith No More,Twisted Sister,C,medium,false,
Celebrities,Cult of Personality,Enuff Znuff,Faster Pussycat,The Cult,Living Colour,D,medium,false,
Celebrities,God Hates Us All,Malevolent Creation,Slayer,King Diamond,Ministry,B,medium,false,
Celebrities,Psalm 69,Ministry,Judas Priest,Exodus,Testament,A,medium,false,
Celebrities,Close My Eyes Forever,Both,Ozzy Osbourne,Lita Ford,Neither,A,medium,false,
Celebrities,Blood-red Skies; Hellbent for Leather,Judas Priest,Pantera,Iron Maiden,Savatage,A,medium,false,
Celebrities,Vulgar Display of Power,Sepultura,Pantera,Death,Prong,B,medium,false,
Celebrities,The Flight of Icarus; Stranger in a Strange Land; The Rime of the Ancient Mariner; Hallowed be Thy Name,Love/Hate,Bio-Hazard,Iron Maiden,Bang Tango,C,medium,false,
Celebrities,Blackout in the Red Room,Tesla,Love/Hate,Stone Temple Pilots,Bang Tango,B,medium,false,
Celebrities,Adam Sandler took part in what MTV game show?,Real World/Road Rules Challenge,Remote Control,Singled Out,Lip Service,B,medium,false,
Celebrities,Adam Sandler was a cast member on which of these sketch comedy shows?,MAD TV,Hee Haw,Saturday Night Live,In Living Color,C,medium,false,
Celebrities,"When Adam Sandler got married in 2003, his beloved bulldog was at the wedding.",False,True,,,B,medium,false,
Celebrities,In what movie did Adam Sandler play Paul Wrecking Crewe?,Big Daddy,The Longest Yard,Punch Drunk Love,The Wedding Singer,B,medium,false,
Celebrities,"In The Wedding Singer, Adam Sandlers character told his ex-fiancee Linda to take off what bands T-shirt before she jinxed it and broke up the band?",Twisted Sister,Night Ranger,Van Halen,Blue Oyster Cult,C,medium,false,
Celebrities,Adam Sandler wrote a song about this popular hot sandwich.,Pizza,Hot ham and cheese,Sloppy joes,Burritos,C,medium,false,
Celebrities,"What is the name of the production company, founded by Adam Sandler?",Meat and Matzo,Billy Gilmore,Forever Farley,Happy Madison,D,medium,false,
Celebrities,Which of the following is not mentioned in Adam Sandlers seasonal favorite The Hanukkah Song?,O.J. Simpson,Captain Kirk,Dinah Shore,Burt Reynolds,D,medium,false,
Celebrities,What are the names of Adam Sandlers parents?,Stan and Judy,Simon and Jackie,Sam and Janet,Stuart and Julia,A,medium,false,
Celebrities,"I played a writer named Jack Torrance, who moves into the Overlook Hotel with his wife (Wendy) and son (Danny). Who am I?",Michael Douglas,Jack Nicholson,Robert De Niro,Robert Duvall,B,medium,false,
Celebrities,I played Monica E. Gellar (a chef) on the sitcom Friends. Who am I?,Jennifer Aniston,Courteney Cox-Arquette,None of these,Lisa Kudrow,B,medium,false,
Celebrities,"I played Rose Nylund from St. Olaf, Minnesota on the sitcom The Golden Girls. I was the quietest one of the four roommates. Who am I?",Betty White,Estelle Getty,Rue McClanahan,Beatrice Arthur,A,medium,false,
Celebrities,I played Tootie on the Facts of Life. I was often seen on roller skates. Who am I?,Sherrie Krenn,Kim Fields,Mindy Cohn,Nancy McKeon,B,medium,false,
Celebrities,I played Chachi (Fonzies cousin) on the sitcom Happy Days. Who am I?,Tom Bosley,Scott Baio,Ron Howard,Donny Most,B,medium,false,
Celebrities,Gary Coleman played Willis on the sitcom Different Strokes.,True,False,,,B,medium,false,
Celebrities,"I played Arnie Grape, a handicapped boy in Whats Eating Gilbert Grape? Who am I?",None of these,Leonardo DiCaprio,Johnny Depp,Matthew Broderick,B,medium,false,
Celebrities,Actor Nicolas Cage is a high school drop-out.,True,False,,,A,medium,false,
Celebrities,Did Nicolas Cage appear in Fast Times At Ridgemont High?,Yes,No,,,A,medium,false,
Celebrities,"In what time-travel film did Nicolas Cage play Charlie Bodell, lead singer of a high school band?",Honeymoon In Vegas,Peggy Sue Got Married,The Weather Man,Fast Times At Ridgemont High,B,medium,false,
Celebrities,"In what movie did Nicolas Cage portray Ben Sanderson, a depressed alcoholic screenwriter?",Honeymoon In Vegas,Viva Las Vegas,Fear and Loathing In Las Vegas,Leaving Las Vegas,D,medium,false,
Celebrities,"What is the name of Nicolas Cages son born on December 26, 1990?",Kal-El,David,Waren,Weston,D,medium,false,
Celebrities,"Nicolas Cage co-starred in a movie opposite his then-wife, Patricia Arquette.",False,True,,,B,medium,false,
Celebrities,"What was the name of the character, portrayed by Nicolas cage in The Rock?",Stanley Goodheart,Stanley Godspeed,Stanley Goodspeed,Stanley Godsent,C,medium,false,
Celebrities,What was the name Nicolas Cages character in City Of Angels?,Gabriel,Michael,Messenger,Seth,D,medium,false,
Celebrities,"I was born February 28, 1961 in Edmonton, Alberta. My father is Chinese and Scotch-Irish while my mother is African American and Cherokee. My 2nd husband was actor C. Thomas Howell and we divorced in 1990.  Who am I?",Rosario Dawson,Tonya Pinkins,Demi Moore,Rae Dawn Chong,D,medium,false,
Celebrities,"I was born in 1956 on the island of Cuba and my family immigrated to the United States in 1961. Some of my co-stars on the big screen have been Meg Ryan, George Clooney and Ray Liotta. Who am I?",Benicio Del Toro,Andy Garcia,Freddie Prince Jr.,Antonio Banderas,B,medium,false,
Celebrities,"I was born in April of 1900 and died just 17 days after the filming of my last movie was completed. Some of my co-stars included Katharine Hepburn, Elizabeth Taylor, Mickey Rooney and Gene Kelly. Who am I?",Paul Harvey,Humphrey Bogart,Spencer Tracy,Maury Povich,C,medium,false,
Celebrities,I was born in 1976 and got my first break in a movie called The Man in The Moon in 1991. Who am I?,Blu Cantrell,Reese Witherspoon,Keri Russell,Naomi Watts,B,medium,false,
Celebrities,Who are Hilarys Parents?,Bill and Susan,Bill and Sally,Bob and Susan,Bob nad Sally,C,medium,false,
Celebrities,Hilary Duffs real hair color is blonde,False,True,,,A,medium,false,
Celebrities,Success came to Hilary Duff as she took the role of the starring title character in this  #1 Disney Channel Hit Series.,7th Heaven,One Tree Hill,Lizzie McGuire,Even Stevens,C,medium,false,
Celebrities,"Was Joel Madden, lead singer for Good Charlotte ever Hilary Duffs boyfriend?",Yes,No,,,A,medium,false,
Celebrities,Which of the following movies did Hilary Duff not play in?,The Perfect Man,Undiscovered,Raise Your Voice,The Lizzie McGuire Movie,B,medium,false,
Celebrities,Hilary Duff has done charity work for Kids With a Cause.,False,True,,,B,medium,false,
Celebrities,In 2005 Hilary Duff starred in a sequel to which 2003 movie of hers?,The Perfect Man,Raise Your Voice,The Lizzie McGuuire Movie,Cheaper by the Dozen,D,medium,false,
Celebrities,Which one of these movies did Zac Efron star in?,Mean Girls,High School Musical,Take the Lead,Step Up,B,medium,false,
Celebrities,Lindsay Lohan starred in Mean Girls.,False,True,,,B,medium,false,
Celebrities,"Which one of these stars appeared in all of the following movies: Hide and Seek, Dreamer, Nine Lives, The Cat in the Hat, and Uptown Girls?",Dakota Fanning,Vanessa Ann Hudgens,Lindsay Lohan,Brittany Murphy,A,medium,false,
Celebrities,In which of these films did Hilary Duff star?,Cheaper by the Dozen,All of the Above,Raise your Voice,Material Girls,B,medium,false,
Celebrities,Which of the following songs was performed by Paris Hilton?,Men Are a Bind,Men Are Blind,Stars Are Blind,Stars Go Blue,C,medium,false,
Celebrities,"Who sang the song Come Back to Me, released in 2006?",Paris Hilton,Hilary Duff,Ashley Tisdale,Vanessa Anne Hudgens,D,medium,false,
Celebrities,Tinkerbell is the famous pet of which celebrity?,Lindsay Lohan,Hilary Duff,Fergie,Paris Hilton,D,medium,false,
Celebrities,Daniel Radcliffe is the star of what popular movie(s)?,Lord of the Rings,Pirates of the Caribbean,Harry Potter,The Hobbit,C,medium,false,
Celebrities,Will Smith starred in the sitcom The Fresh Prince of Bel Air.,True,False,,,A,medium,false,
Celebrities,"What fantasy/adventure movie, starring Edward Speleers, was released in December 2006?",Eragon,Dragon boy,Jurassic Park 4,Quest for Camelot,A,medium,false,
Celebrities,"Max Born, a German mathematician and physicist who won a Nobel Prize in 1954, was the grandfather of  what pop vocalist?",Cyndi Lauper,Billy Joel,Jimmy Buffet,Olivia Newton-John,D,medium,false,
Celebrities,TV actor and director Anson Potsie Williams is the nephew of this medical doctor who developed a procedure for drowning rescue and for treating asthma.,Jack Kevorkian,Benjamin Spock,Henry Heimlich,C. Everett Koop,C,medium,false,
Celebrities,"D. H. Lawrence, the British author  of  Sons and Lovers,  was married to Frieda Weekley whose cousin gained fame for his heroism during World War I. What was his name?",Ernest Hemingway,Alvin York,Winthrop Roosevelt,Red Baron von Richthofen,D,medium,false,
Celebrities,"Her grandfather Frank was not only a high-ranking amateur tennis player who made it to the finals of Wimbledon, but he also co-starred with Mickey Rooney in a 1937 movie.",Brooke Astor,Brooke Shields,Brooke Adams,Brooke Smith,B,medium,false,
Celebrities,"In 1964, when this celebrity was just a 6-year-old boy, his famous father appeared on the cover of Time magazine because of his renown as a city  planner.",Kevin Kline,Kevin Rooney,Kevin Smith,Kevin Bacon,D,medium,false,
Celebrities,"Oscar-winning screenwriter Budd Schulberg, who penned both On the Waterfront  and A Face in the Crowd, is the son of B.P. Schulberg, who ran which Hollywood studio during the 1930s?",Warner Brothers,Columbia Pictures,Paramount Pictures,RKO,C,medium,false,
Celebrities,This American filmmaker was well poised to lampoon British characters since his own father Baron Saling of Essex was a British royal.,Harold Lloyd,Christopher Guest,Charlie Chaplin,Christopher  Lloyd,B,medium,false,
Celebrities,"This darling of the American TV sitcom world, famous for her role in Seinfeld, is unlikely to have pursued success purely for monetary reasons, since her father was reported to be a billionaire.",Jeanna Elfman,Julia Louis-Dreyfus,Barbara Eden,Audrey Meadows,B,medium,false,
Celebrities,Name the American TV and movie comedy star whose father was a prominent New York book editor and whose mother was descended from the Crane plumbing-fixture family.,Chevy Chase,Goldie Hawn,Gilda Radner,Dan Ackroyd,A,medium,false,
Celebrities,"After hitting 58 home runs for the Detroit Tigers in 1938, slugger Hank Greenberg made a huge hit with a major department-store owner in 1946 when he married his daughter, Caral. What was the name of the department-store chain?",Macys,Filenes,Wal-Mart,Gimbels,D,medium,false,
Celebrities,Stiller played a record company owner  named Jay Rose . Can you name this Ben Stiller movie?,The Suburbans,Pauly Shore Is Dead,Run Ronnie Run,The Independent,A,medium,false,
Celebrities,Which one of these friendly actresses once held a job as a telemarketer?,Lisa Kudrow,Jennifer Aniston,Courtney Cox - Arquette,Maggie Wheeler,B,medium,false,
Celebrities,"Which of these occupations did Caryn Elaine Johnson fill, prior to becoming famous as the ubiquitous Whoopi Goldberg?",Funeral Parlor Employee,"Actress in short lived TV series, entitled Baghdad Cafe.",All of these,Brick Mason,C,medium,false,
Celebrities,"Which famous actor got fired from his job as a waiter in a restaurant, after consuming 6 steaks in one night for his dinner?",Tom Hanks,Jon Voight,Clint Eastwood,Dustin Hoffman,D,medium,false,
Celebrities,"Which of the following actors is also a lawyer, and was once a U.S. Senator?",Martin Sheen,Martin Short,Fred Thompson,Ronald Reagan,C,medium,false,
Celebrities,"Prior to becoming a well known actress,  what was one of the ways Camryn Mannheim, of  The Practice  earned a living?",As a Meter Maid,As a Food Technician,As a Landscape Designer,As a Babysitter,D,medium,false,
Celebrities,"You need a home Exterminator, so you call a service, and a guy shows up to do the job.  What famous actor do you suppose was in your basement, hunting up pests and rodents?",Tom Cruise,Russell Crowe,Gene Hackman,Warren Beatty,D,medium,false,
Celebrities,Actress Calista Flockhart once worked as an Aerobics Instructor.,True,False,,,A,medium,false,
Celebrities,"Which famous actor once considered a career as a Roman Catholic priest, prior to following the acting muse?",Ice T,Daniel Day - Lewis,Kiefer Sutherland,Tom Cruise,D,medium,false,
Celebrities,"What job did Madonna hold, soon after her arrival in New York City?",Cashier at Dunkin Donuts,Transit Worker,Theater Usher,Bookkeeper,A,medium,false,
Celebrities,Tom adopted Isabella and Connor while married to this actress.,Nicole Kidman,Pen�lope Cruz,Katie Holmes,Mimi Rogers,A,medium,false,
Celebrities,This is where Tom proposed to Katie Holmes in June 2005.,The Chinese Wall,The Eiffel Tower,Empire State Building,Bali,B,medium,false,
Celebrities,"In this 1986  movie Tom Cruise performed all his billiards shots except one, where he had to jump two balls to sink another. The director wanted him to learn this trick but it would have taken a couple of days, thus costing thousands of dollars extra.",The Color of Money,Far and Away,Mission: Impossible,Collateral,A,medium,false,
Celebrities,This is the number of schools he attended while a  teenager.,15,25,20,10,A,medium,false,
Celebrities,"This is Tom Cruises film with the greatest number of errors, 109.",Top Gun,Vanilla Sky,Eyes Wide Shut,Mission: Impossible,A,medium,false,
Celebrities,"The original title of this movie was a translation of its Spanish version, namely Open Your Eyes. The director, Cameron Crowe, wanted to give this films name to another movie of his - Almost Famous.",Jerry Maguire,Cocktail,Days of Thunder,Vanilla Sky,D,medium,false,
Celebrities,In this movie a real sword was used as the fake one broke in the sequence. In one scene the sword came within an inch of Toms neck.,The Last Samurai,Jerry Maguire,Far and Away,Risky Business,A,medium,false,
Celebrities,Tom caused a big stir among the medical society when he declared that his dyslexia was cured with the help of this new religion.,Buddhism,Scientology,Shintoism,Kabbalah,B,medium,false,
Celebrities,"In 1996, he became the first actor in history to star in five consecutive films that grossed $100 million in USA.  The films were A Few Good Men (1992), The Firm (1993), Interview with the Vampire (1994), Mission: Impossible (1996) and this 1996 movie.",Born on the Fourth of July,Eyes Wide Shut,Vanilla Sky,Jerry Maguire,D,medium,false,
Celebrities,"Arnold Alois Schwarzenegger was born in Thal, Austria on 30 July in the same year Carlos Santana was born. Which year?",1960,1957,1945,1947,D,medium,false,
Celebrities,"The parents of Arnold - Gustav Schwarzenegger and Aurelia Jadrny, were persecuted by the Nazi party.",False,True,,,A,medium,false,
Celebrities,"Schwarzenegger first became famous as a bodybuilder. He won the titles of Junior Mr. Europe, Mr. World, IFBB Mr. Universe, NABBA Mr. Universe (four times), and Mr. Olympia (seven times). What was the moniker that he earned?",The Aryan Oak,The Winner,The European Bull,The Austrian Oak,D,medium,false,
Celebrities,"In 1986, Arnold Schwarzenegger married the actress Brigitte Nielsen.",True,False,,,B,medium,false,
Celebrities,"Arnold Schwarzenegger worked in the United Kingdom for a while, before he moved to the US in this year. He had only $20 in his pocket and could not speak English very well.",1968,1975,1960,1983,A,medium,false,
Celebrities,The fact that Arnold Schwarzenegger used anabolic steroids is well-known. He admitted and clarified that he used them for this purpose.,Muscle maintenance,Losing weight,Muscle growth,Curing his heart problems,A,medium,false,
Celebrities,"After a long career as a professional bodybuilder, Arnold began to pursue a career as an actor. His first movie appearance was in Conan the Barbarian.",False,True,,,A,medium,false,
Celebrities,"Arnold Schwarzenegger and Danny De Vito played together in this movie. Their characters were brothers, raised separately at different locations, not knowing about each other.",Red Heat (1988),Twins (1988),The Running Man (1987),Junior (1994),B,medium,false,
Celebrities,"Schwarzenegger has been a Republican ever since he came to the US. In 2003 he became the Governor of California, serving the remainder of this mans term.",Peter Pilz,Gray Davis,Pete Wilson,Cruz Bustamante,B,medium,false,
Celebrities,"In 1992, Arnold Schwarzenegger became the first owner of a Hummer vehicle manufactured for civilian use (this is true). The original Hummer was so large, that it was classified as a large truck.",False,True,,,B,medium,false,
Celebrities,When was actor Tom Hanks born?,"June 14, 1948","July 9, 1956","December 8, 1951","August 4, 1960",B,medium,false,
Celebrities,Where was Tom Hanks born?,"Toronto, Canada","Kiev, Ukraine","Sacramento, California USA","Concord, California USA",D,medium,false,
Celebrities,What city did Tom Hanks move to in 1978?,"Boston, Massachusetts","New York City, New York","Minneapolis, Minnesota","Seattle, Washington",B,medium,false,
Celebrities,What real life detective did Tom Hanks portray in the 2002 film Catch Me If You Can?,Carl Hanratty,Frank Bignale Sr.,Jack Barnes,Roger Strong,A,medium,false,
Celebrities,"In the movie Forrest Gump, how many presidents does Forrest meet?",4,3,1,5,B,medium,false,
Celebrities,In which of these movie pairs did Gart Sinise co-star with Tom Hanks?,Forrest Gump and Apollo 13,Philadelphia and Big,Apollo 13 and Splash,Big and Forrest Gump,A,medium,false,
Celebrities,When did Tom Hanks win back-to-back Academy Awards for best actor?,1993 and 1994,1994 and 1995,1992 and 1993,1990 and 1991,A,medium,false,
Celebrities,Who was Tom Hanks running partner for The Bad Haircut Party?,Conan OBrien,David Letterman,Craig Ferguson,Jay Leno,A,medium,false,
Celebrities,How is actor Tom Hanks probably related to Abraham Lincoln?,"third cousin, four times removed","cousin, twice removed",great nephew,great great grandson,A,medium,false,
Celebrities,Who did Tom Hanks portray in the 1995 film Apollo 13?,Gene Kranz,Buzz Aldrin,Jim Lovell,Pete Conrad,C,medium,false,
Celebrities,"American comedian, actor and writer, Steve Martin was born in Waco, Texas in what year?",1935,1945,1947,1955,B,medium,false,
Celebrities,Actor and comedian Steve Martin attended which two educational institutions?,"Santa Ana College and California State University, Long Beach",Santa Ana College and UCLA,USC and Santa Ana College,Santa Ana College and USC,A,medium,false,
Celebrities,"In 1969, Steve Martin received an Emmy Award in what category?",Best Supporting Actor in a Comedy Special,Best Supporting Actor in a Comedy Series,Producing,Writing,D,medium,false,
Celebrities,"Steve Martins film debut, in the short movie The Absent-Minded Waiter was in what year?",1987,1967,1980,1977,D,medium,false,
Celebrities,"In 1979, Steve Martin wrote and starred in his first full-length movie, named what?",Bringing Down the House,The Spanish Prisoner,The Jerk,Shopgirl,C,medium,false,
Celebrities,"Steve Martin made his first appearance on The Tonight Show, hosted by Johny Carson, in what year?",1972,1970,1968,1971,A,medium,false,
Celebrities,"This album, which in 1977 won the Grammy Award for Best Comedy Album, was Steve Martins first.",Lets Get Small,Introducing Steve Martin,A Wild and Crazy Guy,Excuse Me!,A,medium,false,
Celebrities,This 1986 comedy western file was written by Steve Martin and Lorne Michaels.,The Jerk,Dead Men Dont Wear Plaid,Three Amigos!,All of Me,C,medium,false,
Celebrities,"This 1991 movie, directed by Mick Jackson, tells the story of weatherman Harris K. Telemacher, portrayed by Steve Martin.",L.A. Story,Grand Canyon,Pennies From Heaven,The Out of Towners,A,medium,false,
Celebrities,"This play, set on October 8, 1904, was written by Steve Martin in 1994.",Picasso at the Lapin Agile,The Tempest,The Sleeping Prince,Saved,A,medium,false,
Celebrities,Jack Nicholsons first academy award nomination came for portraying a southern lawyer in the film Easy Rider.,True,False,,,A,medium,false,
Celebrities,Jack Nicholson holds the record for number of acting academy award nominations received in the history of cinema.,False,True,,,A,medium,false,
Celebrities,Which actress did not appear with Jack Nicholson in the film The Witches of Eastwick?,Michelle Phiffer,Jessica Lange,Susan Sarandon,Cher,B,medium,false,
Celebrities,Which of the following is not an academy award winning character portrayed by Jack Nicholson?,Melvin Udall,Garrett Breedlove,Randle P. McMurphy,Jack Torrance,D,medium,false,
Celebrities,What kind of character did Jack Nicholson portray in the movie Terms of Endearment?,A fired C.E.O. of an Electronics company,A retired astronaut,A fired cattle rancher,A retired banker,B,medium,false,
Celebrities,"In the film The Last Detail Jack Nicholsons character works in the oil fields, but is really an accomplished pianist.",True,False,,,B,medium,false,
Celebrities,"With 3 of Jack Nicholson Oscar wins, his female costar in the respective movie has also won an Oscar.",False,True,,,B,medium,false,
Celebrities,Which of these performers has Jack Nicholson not appeared in a movie with?,Marlon Brando,Barbara Streisand,Robert DeNiro,Paul Newman,D,medium,false,
Celebrities,You cant handle the truth. is a famous Jack Nicholson quote from what movie?,A Few Good Men,The Last Detail,Ironweed,The King of Marvin Gardens,A,medium,false,
Celebrities,Which of these movies did Jack Nicholson not appear in?,Broadcast News,The Score,The Fortune,Tommy,B,medium,false,
Celebrities,Where does he get all those wonderful toys? is a quote from what Jack Nicholson film?,Anger Management,The Shinning,Batman,The King of Marvin Gardens,C,medium,false,
Celebrities,"In The Raven, Jack Nicholson gets to perform with Boris Karloff and Vincent Price, and Peter Lorre.",True,False,,,A,medium,false,
Celebrities,What 1958 movie marked Jack Nicholsons debut as an actor?,Little Shop of Horrors,Psych Out,The Shooting,The Cry Baby Killer,D,medium,false,
Celebrities,"On July 2nd 1986, Lindsay Morgan Lohan was born to  Dina and Michael Lohan in New York City, New York. She was then raised in this town.","Saginaw City, Michigan","Elbridge, New York","Newburgh, New York","Cold Spring Harbor, New York",D,medium,false,
Celebrities,"Lindsay began her career at this age, as a model of Ford Academy. Finding work as a child model was rather difficult at first, because her auburn hair and freckled face werent very popular.",2,3,5,4,B,medium,false,
Celebrities,"In a 2004 movie, Lindsay Lohan played a girl who lived in Africa for her first 15 years. Suddenly, she has to learn what high school in the U.S. means and how to survive it (this is true). The movie was a Disney production.",False,True,,,A,medium,false,
Celebrities,"In this non-musical MTV show, a practical joke was played on Lindsay Lohan- the show crew made her believe that a vehicle had been stolen. Can you remember the name of the show?",Punkd,Boiling Point,Diary,Direct Effect,A,medium,false,
Celebrities,"Lindsay entered the world of pop music when she signed a five-album production deal with Emilio Estefan in 2002. In 2003, she performed this song for the Freaky Friday soundtrack.",Happy Together,Ultimate,I Wonder,Backstage,B,medium,false,
Celebrities,In 2004 Lindsay Lohan dated the actor Wilmer Valderrama.,False,True,,,B,medium,false,
Celebrities,"Lohan signed a recording contract with Casablanca Records in 2004, and her debut album was released on 7th of December of the same year.  What was the name of the album?",Speak,Over,First,Rumors,A,medium,false,
Celebrities,Lindsay Lohan has played in one of the movies in the Herbie series- Herbie: Fully Loaded. What was the name of her character in the movie?,Charisma,Maggie Peyton,Sally,Mary Elizabeth Cep/Lola,B,medium,false,
Celebrities,"Lindsay is involved in many charity organisations and projects, such as The Carol M. Baldwin Breast Cancer Foundation, Save the Children and The United Cerebral Palsy Association. She also has her own charity organisation, called this.",Dream Come True,For The Children,Abolish Slavery - Soon,Distressed Celebrities,A,medium,false,
Celebrities,"Lindsay has three younger siblings- Michael, Dakota and this girl.",Aliana,Kate,Dina,Allison,A,medium,false,
Celebrities,"They called her this, because her body shape bears resemblance to it.",La Guitarra,The Pear,Coca Cola,La Piovra,A,medium,false,
Celebrities,She started taking dancing and singing lessons at this age.,12,2,5,15,C,medium,false,
Celebrities,Before becoming a star Jennifer did work with this celebrity.,Latoya Jackson,Madonna,Janet Jackson,Aretha Franklyn,C,medium,false,
Celebrities,For her part in Selena Jennifer was paid this sum.,$1 million,$2 million,$3 million,$4 million,A,medium,false,
Celebrities,Jennifer Lopez was born there.,"Bronx, New York","Rio De Janeiro, Brazil","Mexico City, Mexico","Los Angeles, California",A,medium,false,
Celebrities,This is the name of Jennifers own line of perfume.,Sparkle,Flash,Twinkle,Glow,D,medium,false,
Celebrities,She does not drink this.,Soda pop,Coca Cola,Alcohol,Natural juices,C,medium,false,
Celebrities,For her role in Gigli Jennifer won Razie for this.,Best kiss,Best actress,Worst actress,Best debut,C,medium,false,
Celebrities,Lopez attended this kind of high-school.,Minorities-only high school,Catholic high school,Mixed high school,All-girl high school,D,medium,false,
Celebrities,In 2001 Jennifer Lopez was ranked this in FHMs 100 Sexiest Women list.,# 4,# 1,# 2,# 3,B,medium,false,
Celebrities,What is the name of Tom Hanks character in the movie The Green Mile?,Paul Edgecomb,Rick Gasko,Ray Petersen,Chuck Noland,A,medium,false,
Celebrities,What is the name of Tom Hanks character is the movie The Burbs?,Sam Baldwin,Ray Petersen,Allen Bauer,Joe Banks,B,medium,false,
Celebrities,What is the name of the character played by Tom Hanks in the movie Castaway?,Carl Hanratty,Jimmy Dugan,Chuck Noland,Paul Edgecomb,C,medium,false,
Celebrities,What is the name of Tom Hanks character in the movie Sleepless in Seattle?,Walter Fielding Jr.,Sam Baldwin,Allen Bauer,Rick Gasko,B,medium,false,
Celebrities,What is the name of the character portrayed by Tom Hanks in the movie Splash?,Allen Bauer,Joe Banks,Rick Gasko,Walter Fielding Jr.,A,medium,false,
Celebrities,What is the name of Tom Hanks character in the movie A League of Their Own?,Carl Hanratty,Ray Petersen,Chuck Noland,Jimmy Dugan,D,medium,false,
Celebrities,What is the name of the character played by Tom Hanks in the movie Bachelor Party?,Allen Bauer,Paul Edgecomb,Sam Baldwin,Rick Gasko,D,medium,false,
Celebrities,What is the name of Tom Hanks character in the movie The Money Pit?,Joe Banks,Carl Hanratty,Sam Baldwin,Walter Fielding Jr.,D,medium,false,
Celebrities,What is the name of Tom Hanks character in the movie Catch Me If You Can?,Allen Bauer,Carl Hanratty,Jimmy Dugan,Paul Edgecomb,B,medium,false,
Celebrities,What is the name of the character played by Tom Hanks in the movie Joe Versus the Volcano?,Joe Banks,Walter Fielding Jr.,Allen Bauer,Sam Baldwin,A,medium,false,
Celebrities,Which American actress was banned from The Philippines in September 1998?,Claire Danes,Kirsten Dunst,Maggie Gyllenhaal,Sarah Jessica Parker,A,medium,false,
Celebrities,Which actress played the younger sister in 1999s 10 Things I Hate About You?,Gabrielle Union,Julia Stiles,Larisa  Oleynik,Michelle Williams,C,medium,false,
Celebrities,Which actress was the first choice for “Rose from the 1997 hit “Titanic?,Kate Winslet,Claire Danes,Cate Blanchett,Rose McGowan,B,medium,false,
Celebrities,In 1991 Sarah Jessica Parker appearred in “L.A.Story. Who was the male star of the movie?,Woody Allen,Johnny Depp,Nicolas Cage,Steve Martin,D,medium,false,
Celebrities,Which of these actresses won an Oscar for portraying a male character?,Helen Hunt,Linda Hunt,Gwenyth Paltrow,Barbara Streisand,B,medium,false,
Celebrities,Which actress has had at least four songs written about her?,Claire Danes,Rose McGowan,Kirsten Dunst,Rosana Arquette,A,medium,false,
Celebrities,Which of these actresses did not appear in the 2002 film Adaptation?,Meryl Streep,Kate Winslet,Judy Greer,Maggie Gyllenhaal,B,medium,false,
Celebrities,"Which of these actresses was born in Florence, Italy?",Angelica Huston,Rose McGowan,Cate Blanchett,Joan Cusack,B,medium,false,
Celebrities,Elizabeth Taylor campaigned hard for her new husband John Warner who became a senator from Virginia in 1978.,True,False,,,B,medium,false,
Celebrities,"Fireworks were expected when Madonna married this intense, actors actor. The dismal reception to their movie Shanghai Express couldnt have helped the marriage.",Warren Beatty,Guy Ritchie,Sean Penn,Guy Pierce,C,medium,false,
Celebrities,This is Pariss nickname.,Princess,Model,Beauty,Queen,A,medium,false,
Celebrities,In 2001 Paris was engaged to him.,Rick Salomon,Jason Shaw,Leonardo DiCaprio,Baron Nicholas,B,medium,false,
Celebrities,Her popularity rose significantly after this appeared on the internet in 2003.,A picture of Paris nude on the beach,A recording of Paris cursing,A recording of Paris singing in the bathroom,An explicit home-made video,D,medium,false,
Celebrities,This is Paris trademark quote.,Stay Away,Love Me,Dont Hate Me Just Because Im Beautiful,Thats Hot,D,medium,false,
Celebrities,Fashion critic Mr. Blackwell chose her as such.,The best-dressed celebrity,The most stylish celebrity,The worst-dressed celebrity,The least stylish celebrity,C,medium,false,
Celebrities,This is the number of parties Paris Hilton threw for her 21st birthday.,5,8,3,2,A,medium,false,
Celebrities,This actress is a good friend of Paris Hilton.,Tara Reid,Tyra Banks,Jenifer Aniston,Alicia Silverstone,A,medium,false,
Celebrities,Paris wears this color contact lenses.,Green,Blue,Grey,Brown,B,medium,false,
Celebrities,Paris has these kinds of dogs as pets.,Pomeranians and Chihuahuas,Afghan Hounds and Basenjis,Chihuahuas and Chow Chows,Bearded Collies and Bulldogs,A,medium,false,
Celebrities,Paris Hilton is related to this star.,Jackie Onassis,Gretta Garbo,Zsa Zsa Gabor,Rita Hayward,C,medium,false,
Celebrities,"The author of these words -- American actor, writer, and stand-up comedian, is known for his ironic, witty, and sometimes confusing jokes and lines. I have a large seashell collection, which I keep scattered on beaches all over the world.",Gilbert Gottfried,Steven Wright,Paula Poundstone,George Carlin,B,medium,false,
Celebrities,"This great comedian, whose career spanned vaudeville, film, radio, and television, was especially popular for the team performances with his wife - the well-known comedienne Gracie Allen. The most important thing to succeed in show business is sincerity. And if you can fake that, youve got it made.",George Burns,George Carlin,George Wallace,George  Cambridge,A,medium,false,
Celebrities,"Complete this popular line of comedian Ronnie Shakes: “After twelve years of therapy my psychiatrist said something that brought tears to my eyes. He said, _______. “",No hablo ingles.,"Sorry, I wasnt listening for the last 12 years..",Repeti conmigo por favor!,Im giving up!,A,medium,false,
Celebrities,Which famous American comedian made this ironic statement about marriage? I love being married. I was single for a long time and I just got so sick of finishing my own sentences.,Freddie Roman,Jim Gaffigan,Brian Kiley,George Tyler,C,medium,false,
Celebrities,"This famous one-liners author starred along Roberto Benigni in 2003s, Coffee and Cigarettes. I was coming back from Canada, driving through Customs, and the guy asked Do you have any firearms with you? I said: What do you need?",Steven Wright,Louis Black,Emo Phillips,George Carlin,A,medium,false,
Celebrities,"Although this comedian initially considered becoming a lawyer, he eventually got into comedy. My father heard the story of the Menendez brothers. He quit playing the lottery. He said ‘Screw it, I’ve got twelve kids. Any one of them could snap.",George Lopez,Carlos Mencias,Tino Tavaras,Paul Rodriguez,D,medium,false,
Celebrities,Finish this old joke by famous comedian Steven Wright: I went to a restaurant with a sign that said they served breakfast at any time. So I ordered French toast ____,during the Stone Age,at 3 a.m. in the morning,during the Renaissance,for tomorrow morning,C,medium,false,
Celebrities,"A grandmother is watching her grandchild playing on the beach when a huge wave comes and takes him out to sea. She pleads, please God, save my only grandson. I beg of you, bring him back. And a big wave comes and washes the boy back onto the beach, good as new. She looks up to heaven and says: He had a hat! The author of this joke was a popular American comedian, storyteller, and nightclub entertainer famous for his imitations of foreign accents.",Myron Cohen,Don Adams,Jackie Mason,Henny  Youngman,A,medium,false,
Celebrities,"This English-born American comedian, who was also a violinist, is well known for his “one-liners, which were short and simple but at the same time very effective. Two cars collide. The paramedic asks one of the victims, an elderly Jewish man: Are you comfortable? The man answers: I make a good living.",George Burns,Henny Youngman,Myron Cohen,Jerry Seinfeld,B,medium,false,
Celebrities,"This comedian dropped out of high school to pursue a show business career and became one of the most popular stand-up comedians in the United States, due to the casual, razor-sharp wit of her performances. Here is a line delivered by her. “Adults are always asking little kids what they want to be when they grow up because theyre looking for ideas�?",Paula Poundstone,Roseanne Barr,Lucille Ball,Franny Brice,A,medium,false,
Celebrities,"Morgan Freeman portrayed this character in two films, based on the novels of James Patterson and released in 1997 and in 2001.",Dr. Sherard,Mitch McDeere,Andrew Gross,Dr. Alex Cross,D,medium,false,
Celebrities,For which movie did Morgan Freeman receive an Academy Award for best supporting actor?,Million Dollar Baby,Driving Miss Daisy,The Shawshank Redemption,Street Smart,A,medium,false,
Celebrities,Morgan Freeman has starred with Clint Eastwood in more than one movie.,False,True,,,B,medium,false,
Celebrities,Morgan Freeman is an advocate for Black History Month.,False,True,,,A,medium,false,
Celebrities,What childrens show was Morgan Freeman on in the 1970s?,Figure It Out,The Electric Company,Color Me A Rainbow,Mr. Rogers Neighborhood,B,medium,false,
Celebrities,Morgan Freeman starred in this 2002 movie based on a Tom Clancy novel.,The Sum of All Fears,Clear and Present Danger,Without Remorse,The Hunt for Red October,A,medium,false,
Celebrities,Morgan Freeman co-starred with Anthony Hopkins in this 1997 movie based on an actual event in U.S. history.,High Crimes,Lean On Me,Glory,Amistad,D,medium,false,
Celebrities,"Actor Alfredo James Pacino was born in The Bronx, New York on what date?","April 25,1946","April 25,1945","April 25,1940","April 25,1950",C,medium,false,
Celebrities,Al Pacino attended which Middle School in The Bronx?,Hermann Ridder Junior High School,The Middle School for Performing Arts,The Arturo Tuscanini Middle School,Anton Bruckner Junior High School,A,medium,false,
Celebrities,Which two famous actors were acting teachers of Al Pacino?,Uta Hagen and Lee J. Cobb,Charles Laughton and Marlon Brando,Charles Laughton and Lee Strassberg,Lee Starssberg and Uta Hagen,C,medium,false,
Celebrities,"In a Playboy magazine interview, Al Pacino claimed that he was fired from his job as a movie theater usher for what reason?",He spent too much time watching the movies,He was caught admiring himself in a mirror,He was always late,He memorized the lines of the star actors and said them out loud,B,medium,false,
Celebrities,"Al Pacino won a Tony Award, a Drama Desk Award and a Theater World Award for his role in which play?",Bang the Drum Slowly,Bobby Deerdield,Why is a Crooked Letter,Does the Tiger Wear a Necktie?,D,medium,false,
Celebrities,"Paramount executives offered the role of Michael Corleone to Al Pacino, after seeing him play the role of a drug addict in which movie?",Dog Day Afternoon,The Natalie,And Justice for All,The Panic in Needle Park,D,medium,false,
Celebrities,"In 2004, Al Pacino became the 18th performer to win the Triple Crown of Acting, which includes which three acting awards?","Oscar, Tony and Golden Globe","Oscar, Tony and Obie","Oscar, Tony and Clio","Oscar, Tony and Emmy",D,medium,false,
Celebrities,"In 1993, Al Pacino received Academy Award nominations for Best Actor and Best Supporting Actor, for which two movies?",Scent of a Woman and Glengarry Glen Ross,Scent of a Woman and Dog Day Afternoon,The Godfather Part II and And Justice for All,The Godfather Part II and  Bang the Drum Slowly,A,medium,false,
Celebrities,"In 2001, this award was given to Al Pacino for his outstanding contribution to the entertainment field.",The Special Oscar for Lifetime Achievement,The Special Oscar  for Humanitarian Work,The Cecil B. DeMille Award,The Bernard Baruch Award for Stage Work,C,medium,false,
Celebrities,"Antonio Banderas, who speaks English, sings in Spanish and plays in a many Latin American movies, was born in which country?",Cuba,USA,Spain,Argentina,C,medium,false,
Celebrities,"World famous actor Antonio Banderas once had another dream concerning his career. What was the job of his dreams, when he was a child?",a cook,a professional soccer-player,a photographer,a teacher,B,medium,false,
Celebrities,Does actor Antonio Banderas have siblings?,He has a brother and a sister,He has two sisters,He has a brother,He has no siblings,C,medium,false,
Celebrities,Did Antonio Banderas receive a star on the Hollywood Walk of Fame in 2005?,No,Yes,,,B,medium,false,
Celebrities,What does Antonio Banderas surname actually mean in Spanish?,hats,flags,bandage,banana,B,medium,false,
Celebrities,"Antonio Banderas starred in the movie Women on the Verge of a Nervous Breakdown, directed by Pedro Almodóvar.",False,True,,,B,medium,false,
Celebrities,Which character did Antonio Banderas voice in the 2004 movie Shrek 2?,Puss in Boots,None of these,Shrek,The Donkey,A,medium,false,
Celebrities,Antonio Banderas composed a song for the soundtrack of the 2003 movie Once Upon A Time In Mexico.,False,True,,,B,medium,false,
Celebrities,When was actor Antonio Banderas born?,"January 11, 1955","August 10, 1960","May 28, 1956","June 17, 1950",B,medium,false,
Celebrities,"In the movie Original Sin, Antonio Banderas portrayed Luis Vargas, a character obssessed with a femme fatale, played by which actress?",Angelina Jolie,Salma Hayek,Catherine Zeta-Jones,Eva Mendez,A,medium,false,
Celebrities,"This line belongs to a renowned American comedian, known as “King of the One Liners�? because of his short and simple jokes, usually delivered rapid-fire:  My wife and I have the secret to making a marriage last. Two times a week, we go to a nice restaurant, a little wine, good food... She goes Tuesdays, I go Fridays.",Jack Benny,Rodney Dangerfield,Henny Youngman,Buddy Hackett,C,medium,false,
Celebrities,"This American comedian and actor became best known for the line, I dont get no respect and his monologues on that subject. The following line was delivered by him, too:  When I was born I was so ugly that the doctor didnt know which end to slap!",Andrew Dice Clay,Steven Wright,Rodney Dangerfield,Richard Pryor,C,medium,false,
Celebrities,"The following quote belongs to a comedian and storyteller, famous as a master imitator of the Jews in New York City:  Two women, who have known each other all their lives, meet. The first woman says, I dont know how to tell you this... Im having an affair! The second woman asks, So whos the caterer?",Gary Shandling,Myron Cohen,Woody Allen,Rita Rudner,B,medium,false,
Celebrities,"This American actor, writer, and comedian is famous for his observational humour - a type of comedy where jokes are based on trivial daily life matters.  He delivered the following line:  TV commercials now show you that they can take out bloodstains! I say, if youve got bloodstains on your t-shirt, maybe laundry is not your biggest problem!",Bill Maher,Larry Miller,Jerry Seinfeld,George Carlin,C,medium,false,
Celebrities,"The following line belongs to an American stand-up comedian, who made his debut on the Tonight Show with Johnny Carson on April 19th, 1989: I voted for the Democrats because I didnt like the way the Republicans were running the country. Which is turning out to be like shooting yourself in the head to stop your headache.",Louis Black,Gary Shandling,Gilbert Gottfried,Jack Mayberry,D,medium,false,
Celebrities,"The following words belong to what comedian and writer (The Bernie Mac Show, Moesha):  In elementary school, in case of fire you have to line up quietly in a single file line from smallest to tallest. What is the logic? Do tall people burn slower?",Warren Hutcherson,Bill Maher,Richard  Lewis,Woody Allen,A,medium,false,
Celebrities,"This American stand-up comedian is an ordained rabbi and is known for his provocative and sometimes abusive language. He delivered the following words:  My grandfather always said, Dont watch your money; watch your health. So one day while I was watching my health, someone stole my money. It was my grandfather.",Henny Youngman,Jack Benny,Myron Cohen,Jackie Mason,D,medium,false,
Celebrities,"This American comedian and writer became especially popular after her appearances on The Tonight Show with Johnny Carson. This is one of her jokes:  Waiters and waitresses are becoming nicer and much more caring. I used to pay my check, they would say Thank you. That’s now escalated into You take care of yourself, now. The other day I paid my check and the waiter said, Don’t put off that mammogram.",Judy Gold,Rita Rudner,Rosie ODonnell,Ellen Degeneres,B,medium,false,
Celebrities,"The author of the following line is a Jewish American stand-up comedian and actor, noted for his grating voice and tendency to shout a lot during performances. Last night I was having dinner with Charles Manson, and in the middle of dinner he turned to me and said Is it hot in here, or am I crazy?",Richard Lewis,Gilbert Gottfried,David  Letterman,Emo Phillips,B,medium,false,
Celebrities,"This American stand-up comedian, actor, and writer has an innocent appearance that is in contrast with her comic material, in which she deals with many controversial topics such as racism, abortion, rape and child abuse. The following line was delivered by her:  “My sister was with two men one night. She could hardly walk after that. Can you imagine? Two dinners!�?",Paula Poundstoen,Judy Gold,Sarah Silverman,Rita Rudner,C,medium,false,
Celebrities,"Which of these great guitarists did not play for The Yardbirds, the band that became Led Zeppelin?",Eric Clapton,Jimmy Page,Brian May,Jeff Beck,C,medium,false,
Celebrities,The movie Almost Famous was loosely based on Cameron Crowes adventures as a teenage journalist touring with Led Zeppelin.,True,False,,,A,medium,false,
Celebrities,The final Led Zep album that featured previously unreleased studio music was titled Coda.  What does Coda mean?,The end of a song,Satan,Death,A drunken stupor,A,medium,false,
Celebrities,"Led Zeppelins final concert took place in 1980, in what country?",Japan,The U.S.,England,South Africa,C,medium,false,
Celebrities,Who came up with the name Led Zeppelin?,Keith Moon,Jimi Hendrix,Paul McCartney,Jimmy Page,A,medium,false,
Celebrities,"For years this was the theme song to the British music TV show, Tops of the Pops.",Whole Lotta Love,Dazed and Confused,Communication Breakdown,Stairway to Heaven,A,medium,false,
Celebrities,Who managed rock band Led Zeppelin?,Pete Townsend,Peter Grant,Don Kirschner,Jimmy Page,B,medium,false,
Celebrities,Who produced all of Led Zeppelins albums?,Clive Davis,Robert Plant,Phil Spector,Jimmy Page,D,medium,false,
Celebrities,Which artist was not ever a member of Led Zeppelin?,Roger Daltry,Robert Plant,John Bonham,John Paul Jones,A,medium,false,
Celebrities,What the real name of John Paul Jones of Led Zeppelin?,John Entwhistle,Peter Paul Jones,John Baldwin,John Bonham,C,medium,false,
Celebrities,Where was Richard Dreyfus born?,"Santa Monica, California",Beverly Hills,Brooklyn,Boston,C,medium,false,
Celebrities,In 1986 Richard Dreyfuss appeared in Down and Out in Beverly Hills. Who played his wife in the movie?,Barbara Streisand,Amy Irving,Elizabeth Pena,Bette Midler,D,medium,false,
Celebrities,Who played Jerry Baskin in the movie Down and Out in Beverly Hills?,Nick Nolte,Danny DeVito,Paul LaMat,Ron Howard,A,medium,false,
Celebrities,Who portrayed the Whitemans neighbor in the movie Down and Out in Beverly Hills?,Forest Whitaker,"James Earl Jones, Jr.",Joe Piscopo,Little Richard,D,medium,false,
Celebrities,In what Neil Simon movie did Richard Dreyfuss appear in 1977?,The Goodbye Girl,Whose Life is It  Anyway,Tin Men,Brighton Beach memoirs,A,medium,false,
Celebrities,Who co-starred with Richard Dreyfuss in a 1977 movie written by Neil Simon?,Barbara Streisand,Lanie Kazan,Marsha Mason,Bette Midler,C,medium,false,
Celebrities,In 1980 Richard Dreyfuss played Paul Dietrich in The Competition. What instrument did his character play?,rock guitar,all of  these - he was a music teacher,concert piano,concert violin,C,medium,false,
Celebrities,Who played the female leading role in the 1980 movie The Competition?,Bette Midler,Lanie Kazan,Christine Lahti,Amy Irving,D,medium,false,
Celebrities,In 1981 Richard Dreyfuss starred in Whose Life Is It Anyway?. Which actress was  famous for starring in the Broadway version?,Amy Irving,Lainie Kazan,Mary Tyler Moore,Christine Lahti,C,medium,false,
Celebrities,"What is the decision of Judge Wyler in the movie Whose Life Is It Anyway?, starring Richard Dreyfuss?",Harrison has the right to demand that his death be induced by injection.,Harrison has no right to have his tubes turned off.,Harrison has no right to demand his own death.,Harrison has the right to have his tubes turned off.,D,medium,false,
Celebrities,"In the1987 comedy film Tin Men, Richard Dreyfuss plays an aluminum siding salesman. Who plays his competitor?",John Goodman,Forst Whitaker,Nivck Nolte,Danny DeVito,D,medium,false,
Celebrities,"Who played Bob in the 1991 film What About Bob?, starring Richard Dreyfuss?",Nick Nolte,Joe Piscopo,Charlie Korsmo,Bill Murray,D,medium,false,
Celebrities,In 1995 Richard Dreyfuss starred in Mr. Hollands Opus. In this movie what was true about Mr. Hollands son?,He was wheelchair-bound.,He was addicted to pain killers.,He was blind.,He was deaf.,D,medium,false,
Celebrities,Which statement regarding Richard Dreyfuss is false?,Moon Over Parador starring Dreyfuss was not set in Mexico.,Dreyfuss was a conscientious objector during the Vietnam War.,Dreyfuss never appeared in a movie set in Canada.,Dreyfuss was only 30 when he first won the Oscar for Best Actor.,C,medium,false,
Celebrities,Which statement about Richard Dreyfuss is false?,Dreyfus quit movies in 2004.,Dreyfus is a Civil War enactor.,Richard Dreyfuss says the line This is no boating accident.,Dreyfus is the only major actor to appear in films by both Spielberg and George Lucas.,D,medium,false,
Celebrities,This Dirty Dancing star died in September of 2009.,David Carradine,Patrick Swayze,Jerry Orbach,Jennifer Grey,B,medium,false,
Celebrities,"This actor who died in 2009, used to be the co-star on the 70s television show The Streets of San Francisco.",Tommy Whitmore,Karl Malden,David Carradine,Ed McMahon,B,medium,false,
Celebrities,This actor who died in 2009 is best known for co-starring in Burt Reynolds movies in the 70s and 80s.,Jerry Reed,Marvin Kaplan,Dom DeLuise,Henry Gibson,C,medium,false,
Celebrities,"This actress who passed away in 2009, starred on the hit television show Maude.",Rue McClanahan,Adrienne Barbeau,Bea Arthur,Betty White,C,medium,false,
Celebrities,This famous news reporter died at the age of 92 in July of 2009.,Chuck Scarborough,Roger Grimsby,Walter Cronkite,Bill Beautel,C,medium,false,
Celebrities,"Ed McMahon, who was the sidekick for Johnny Carson for 30 years, died in 2009.",True,False,,,A,medium,false,
Celebrities,This former famous wrestling manager died in 2009.,Capt. Lou Albano,The Grand Wizard,Sir Oliver Humperdinck,Classie Fred Blassie,A,medium,false,
Celebrities,This famous boxer died in July of 2009.,Randall Tex Cobb,Arturo Gatti,Scott LeDoux,Marvin Hagler,B,medium,false,
Celebrities,This former pornographic actress died in April of 2009.,Seka,Sharon Mitchell,Nina Hartley,Marilyn Chambers,D,medium,false,
Celebrities,"This folk singing legend, who was a member of the group Peter, Paul and Mary, died in September of 2009.",Mary Travers,Peter Lemongello,Paul Stookey,Peter Yarrow,A,medium,false,
Celebrities,"He was born March 24th, 1930.",Steve McQueen,Clint Eastwood,Paul Newman,Robert Redford,A,medium,false,
Celebrities,"He was born August 18th, 1936 and is the youngest of these four actors.",Paul Newman,Robert Redford,Steve McQueen,Clint Eastwood,B,medium,false,
Celebrities,"He was born January 26, 1925 and is the oldest of these four actors.",Robert Redford,Steve McQueen,Clint Eastwood,Paul Newman,D,medium,false,
Celebrities,He was born May 31st 1930 and is actually a Jr. (Junior).,Robert Redford,Paul Newman,Clint Eastwood,Steve McQueen,C,medium,false,
Celebrities,"He is open about his membership in the Libertarian party and has said that he has a lot in common with Michael Moore. Both want to be given the opportunity to live in America free, but he says if Michael shows up on his doorstep with a camera, he will kill him.",Robert Redford,Steve McQueen,Clint Eastwood,Paul Newman,C,medium,false,
Celebrities,"He turned down the role of Dirty Harry, that was later given to one of the other actors on the list below.",Steve McQueen,Paul Newman,Robert Redford,Clint Eastwood,A,medium,false,
Celebrities,"It was reported that he was 510 tall in all his bios, however it has been revealed that he wore lifts and was actually 57.",Paul Newman,Robert Redford,Clint Eastwood,Steve McQueen,D,medium,false,
Celebrities,One of these actors died of cancer caused by exposure to asbestos. He may have been exposed to asbestos during his auto racing career.,Steve McQueen,Robert Redford,Paul Newman,Clint Eastwood,A,medium,false,
Celebrities,"This actor was married to Barb, Ali and Neile.",Robert Redford,Steve McQueen,Paul Newman,Clint Eastwood,B,medium,false,
Celebrities,"He was married to Jackie, but then married Joanne. He was awarded the Academys life time achievement award in 1985.",Clint Eastwood,Robert Redford,Paul Newman,Steve McQueen,C,medium,false,
Celebrities,He admits to being a liberal (like another one of these actors) and is proud of his political stance. 60+% of his federal political contributions have been to the Democratic party. He has also supported environmentalism and Native American rights.,Steve McQueen,Paul Newman,Robert Redford,Clint Eastwood,C,medium,false,
Celebrities,Which actor starred in the 1968 movie Bullitt?,Clint Eastwood,Robert Redford,Paul Newman,Steve McQueen,D,medium,false,
Celebrities,This actor has two daughters named Amy and Shauna.,Robert Redford,Steve McQueen,Paul Newman,Clint Eastwood,A,medium,false,
Celebrities,This actor was 19th on Richard Nixons enemy list and regards this as one of his highest achievements.,Paul Newman,Robert Redford,Clint Eastwood,Steve McQueen,A,medium,false,
Celebrities,This actor played a brawler accompanied by an orangutan named Clyde.,Robert Redford,Paul Newman,Steve McQueen,Clint Eastwood,D,medium,false,
Celebrities,Where was Jennifer Love Hewitt born?,"Harker Heights, Texas","Waco, Texas","Los Angeles, California","New York City, New York",B,medium,false,
Celebrities,Jennifer Love Hewitt played in this 1984 Disney series.,Saved by the Bell,Kids Incorporated,As a Cartoon,Micky Mouse Club,B,medium,false,
Celebrities,Jennifer Hewitt appeared in an episode of  Boy Meets World.,False,True,,,B,medium,false,
Celebrities,"The first name of Jennifer Love Hewitt was actually given by her older brother Todd, who picked it after this person.","Jennifer Blake, because he loved her romantic novels",A blond girl he then had a crush on,"Jennifer Warnes, who he was a great fan of",His music teacher,B,medium,false,
Celebrities,Jennifer Hewitt played Enrique Iglesias girlfriend in the video for this song.,Be With You,Rhythm Divine,Hero,Escape,C,medium,false,
Celebrities,"Jennifer Love Hewitt appeared in all, but one of these movies. Can you spot the odd one?",Sister Act 2 (1993),Romeo And Juliet (1996),I Still Know What You Did Last Summer (1998),Cant Hardly Wait (1998),B,medium,false,
Celebrities,"When Jennifer Love Hewitt was 4, she disappeared in a restaurant-dance hall and was found singing this song on the stage.",Help Me Make It Through The Night,For The Good Times,A Moment Of Forever,Broken Freedom Song,A,medium,false,
Celebrities,Jennifer Love Hewitt dated actor Wilmer Valderrama in 1999.,True,False,,,A,medium,false,
Celebrities,Which one of these songs is not included in Jennifer Love Hewitts album Lets Go Bang (1995)?,Cant Stand in the Way of Love,Everywhere I Go,Kiss Away from Heaven,Rock the Roll,D,medium,false,
Celebrities,"Some of the characters this actor has played are Kalidor, Jack Slater and Howard Howie Langston. He also provided the voice of the White Wolf in Dr. Dolittle 2.",Arnold Schwarzenegger,Bruce Willis,Danny De Vito,Sylvester Stallone,A,medium,false,
Celebrities,"Which one of these characters has not been played by Meg Ryan? If she has played all of them, which one of them dis she play last?",Donna Caldwell,Kathleen Kelly,Catherine Boyd,Carly Jones,D,medium,false,
Celebrities,"In a movie from 1993, Tom Cruise played a young and very promising lawyer. What was the first name of his character?",John,Mitch,Charlie,Ray,B,medium,false,
Celebrities,Which one of these pairs actor- character he has played is wrong?,Denzel Washington- Coach Herman Boone,Julia Roberts- Maggie Carpenter,Bruce Willis- David Dunn,Samuel Jackson- Xander Cage,D,medium,false,
Celebrities,"In this movie David Duchovny played Dr. Ira Kane, Julianne Moore played  Dr. Allison Reed and Orlando Jones, appeared as Prof. Harry Phineas Block.",The Crazy Professor,Zoolander,Doctor Dolittle,Evolution,D,medium,false,
Celebrities,Leonardo DiCaprios character in the movie Titanic was named Cal Hockley.,True,False,,,B,medium,false,
Celebrities,"Which one of these characters has been played by Robert De Niro?  If he has played more than one of the characters, which one did Robert play first?",Detective Skinner,Jeff Talley,Russ Richards,Detective Eddie Flemming,D,medium,false,
Celebrities,Adam Sanlder was Robert Boucher Jr. in this movie. His character suddenly discovers his talent- tackling people much bigger than him.,Billy Madison,Mixed Nuts,The Waterboy,Mr. Deeds,C,medium,false,
Celebrities,Which one of these pairs character- movie is wrong?,Sergeant Martin Riggs- Lethal Weapon,Willy Wonka- Charlie and the Chocolate Factory,Malcolm Crowe- Signs,Marty Martini Blank- Mean Creek,C,medium,false,
Celebrities,"In a movie from 1992, Keanu Reeves played Jonathan Harker- a young lawyer who is assigned to a gloomy village in eastern Europe. What was the title of the movie?",The Devils Advocate,Dracula,Speed,The Firm,B,medium,false,
Celebrities,"To many people he epitomized the 1950s rebel. He appeared in only eight movies but he was a true  star. Who was this actor who starred in Giant, Rebel Without a Cause and East of Eden?",James Dean,Joseph Cotten,Sal Mineo,Richard Farnsworth,A,medium,false,
Celebrities,He had a great voice. He was born in Wales and spoke the  Welsh language. He was terrific in the film  version of  1984. He was nominated for six Oscars but  won none. Who was this man who was twice married to a very famous actress?,Peter OToole,Richard Burton,Robert Shaw,Peter Sellers,B,medium,false,
Celebrities,"Some of the movies this actor starred in were Bullitt, The Magnificent Seven, Papillon, and The Great Escape. He was nominated for an Oscar for his part in The Sand Pebbles.",Charles Bronson,Steve McQueen,Martin Landau,Yul Brynner,B,medium,false,
Celebrities,"This great actor was a close friend of Marilyn Monroe and Liz Taylor. He appeared in From Here to Eternity, Freud, The Misfits and Red River. Who was this Omaha-born actor who was nominated for  four Oscars but never won one?",Malcolm Little,Montgomery Clift,Marlon Brando,Henry Fonda,B,medium,false,
Celebrities,"This actor was born in Limerick, Ireland. He appeared in A Man Called Horse, Camelot, The Field, and This Sporting Life. He was nominated for an Oscar for each of the last two movies on the list.",Richard Burton,Peter OToole,Richard Harris,Telly OShea,C,medium,false,
Celebrities,"He was born in Lancashire, England. His best known movies include: A Man for All Seasons, The Sting, The Deep,The Lavender Hill Mob, From Russia with Love, and Black Sunday. He starred on several TV series including The Buccaneers and William Tell. Who was this wonderful actor who left us in 1978?",Peter OToole,Robert Shaw,Albert Finney,Richard Harris,B,medium,false,
Celebrities,"This American-born actor can been seen in Citizen Kane, The Magnificent Ambersons, The Third Man, Petula, and Tora, Tora, Tora.",James Mason,Joseph Cotten,Orson Welles,Robert Shaw,B,medium,false,
Celebrities,"He was best known for his role on TVs Shogun but he also starred in Rashomon, The Seven Samurai and Throne of Blood.",Clyde Kurasawa,Toshiro Mifune,James Ito,Akira Kurasawa,B,medium,false,
Celebrities,"Which one of these actors plays Detective Grissom on the original hit series, C.S.I.?",John Pankow,William Peterson,John Turturro,Willem Dafoe,B,medium,false,
Celebrities,Willem Dafoe has carved a niche for himself in independent films by starring in such films as Barton Fink.,False,True,,,A,medium,false,
Celebrities,"Which of these actors played a strong supporting role in Oliver Stones 1986 film, Platoon?",John Turturro,William Peterson,Willem DaFoe,John Goodman,C,medium,false,
Celebrities,Which of these great talents is also a trained Shakespearean Actor?,John Turturro,William Peterson,Willem Dafoe,William Friedkin,B,medium,false,
Celebrities,Which of these talented actors hails from the city of Chicago?,William Peterson,Barton Fink,Willem Dafoe,John Turturro,A,medium,false,
Celebrities,"John Turturro, William Peterson and Willem Dafoe played opposite each other in a 1985 movie which, while critically acclaimed, did poorly at the box office. Name the movie.",8 Million ways to Die,To Live and Die in LA,Goonies,Manhunter,B,medium,false,
Celebrities,"This actor starred in a 1996 comedy, where he plays a character named Al Fountain, a man coming to terms with a mid-life crisis. Give the actor and the film.",Moon Over Parador - William Peterson,Moon over Miami - Willem Dafoe,Blue Moon - Bruce Willis,Box of Moonlight - John Turturro,D,medium,false,
Celebrities,William Peterson portrayed Sgt. Elias Grodin in Oliver Stones 1986 film Platoon.,False,True,,,A,medium,false,
Celebrities,What is John Lennons date of birth?,December 8th 1940,September 8th 1940,October 9th 1940,November 9th 1940,C,medium,false,
Celebrities,What is the name of the aunt with whom Lennon lived as a youth?,Julia,Ada,Mimi,Minnie,C,medium,false,
Celebrities,What is the name of the famous building in New York in which John Lennon lived until his death?,Dakota Building,Nebraska Building,Wyoming Building,Nevada Building,A,medium,false,
Celebrities,In which city did John Lennon and Yoko Onos first bed-in for peace take place?,New York,Berlin,Paris,Amsterdam,D,medium,false,
Celebrities,"Which song are the following lyrics taken from: Everybodys talking about ministers, sinister, banisters and canisters?",Give Peace a Chance,Instant Karma,Imagine,Cold Turkey,A,medium,false,
Celebrities,"Lennons handwritten lyrics for which Beatles song sold for £600,000 at an auction in London in 2005?",Come Together,All You Need is Love,I Want to Hold Your Hand,Strawberry Fields,B,medium,false,
Celebrities,What is the name of the album released by John Lennon and Yoko Ono just weeks before Lennons murder?,Double Fantasy,Some Time in New York City,Rock n Roll,Mind Games,A,medium,false,
Celebrities,What is the name of John Lennons first wife?,Cilla,Celia,Cynthia,Carolyn,C,medium,false,
Celebrities,Elizabeth Montgomery made her acting debut in the ABC sitcom Bewitched.,False,True,,,A,medium,false,
Celebrities,"In 1956, Elizabeth Montgomery married which actor?",Frankie Avalon,Troy Donahue,Rock Hudson,Gig Young,D,medium,false,
Celebrities,"The TV series Bewitched, starring Elizabeth Montgomery, debuted on ABC in what year?",1964,1962,1960,1966,A,medium,false,
Celebrities,"Elizabeth Montgomery, the star of Bewitched, was married in real life to which person involved with the show?",The Network Executive in charge of the show,The Creator of the show,The Director/Producer of the show,The Male Star of the show,C,medium,false,
Celebrities,The leading role in the show Bewitched was specially written for Elizabeth Montgomery.,False,True,,,A,medium,false,
Celebrities,Elizabeth Montgomery won four Emmy Awards for her portrayal of Samantha Stephens on Bewitched.,False,True,,,A,medium,false,
Celebrities,"The show Bewitched, starring Elizabeth Montgomery, ran for how many seasons?",9,8,7,10,B,medium,false,
Celebrities,"What was the first TV movie in which Elizabeth Mongomery starred, after the end of the TV show Bewitched?",The Legend of Lizzie Borden,The Victim,A Case Of Rape,The Rules Of Marriage,B,medium,false,
Celebrities,In the mini-series The Awakening Land Elizabeth Montgomery co-starred with which of these actors?,"Jane Seymour (Doctor Quinn, Medicine Woman)",All of these,William H. Macy (ER),Hal Holbrook (Designing Women),B,medium,false,
Celebrities,"In the movie Sins of the Mother, Elizabeth Montgomery played the mother of a sick, sadistic, criminal man. On what book was this movie based?",Son. A Psychopath And His Victims,Protected By Family,The Ted Bundy Story,A Man And His Victims,A,medium,false,
Celebrities,Brad Pitt started an affair with Angelina Jolie during the filming of what movie?,Alexander,Mr.  Mrs. Smith,Shark Tale,Lara Croft: Tomb Raider,B,medium,false,
Celebrities,What is the color of Brad Pitts eyes?,brown,green,blue,hazel,C,medium,false,
Celebrities,Actor Brad Pitt has had his ears pierced.,False,True,,,B,medium,false,
Celebrities,Brad Pitt voiced one of the characters in the computer-animated film Shark Tale.,No,Yes,,,A,medium,false,
Celebrities,What was the first movie in which Brad Pitt appeared?,Alexander,Fight Club,Troy,No Mans Land,D,medium,false,
Celebrities,What actress co-stars with Brad Pitt in the romantic comedy The Mexican?,Jennifer Aniston,Jennifer Garner,Angelina Jolie,Julia Roberts,D,medium,false,
Celebrities,Did Brad Pitt  marry Angelina Jolie in 2005?,Yes,No,,,B,medium,false,
Celebrities,Did Brad Pitt star in the movie Lara Croft: Tomb Raider?,No,Yes,,,A,medium,false,
Celebrities,"Angelina Jolie and Brad Pitts adopted child, Zahara Marley Jolie-Pitt is from what country?",Ethiopia,Zambia,Indonesia,Cambodia,A,medium,false,
Celebrities,Is it true that the names of Mr. and Mrs. Smith from the self-titled movie were John and Jane?,Yes,No,,,A,medium,false,
Celebrities,What actress would answer when one dialed BUtterfield 8 in a movie with a tagline Most desirable woman in town and the easiest to find.?,Lana Turner,Tuesday Weld,Elizabeth Taylor,Kim Novak,C,medium,false,
Celebrities,"In this movie Joe Buck bragged, Well, sir, I aint a freal cowboy. But Im one helluva a stud. What is the only X-rated movie to win an Oscar for Best Picture?",My Heroes Have Always Been Cowboys,Coming Home,Midnight Cowboy,Klute,C,medium,false,
Celebrities,"A working girl needs her beauty sleep. According to the title of this 1960 Greek film starring Melina Mercouri, one could kiss her any day of the week EXCEPT on her day of rest. What day of the week was Mercouris day of rest?",Friday,Monday,Saturday,Sunday,D,medium,false,
Celebrities,"What actress won the 2003 Oscar for her portrayal of Aileen Wuornos, a former prostitute and serial killer?",Hallie Berry,Christina Ricci,Charlize Theron,Kate Blanchett,C,medium,false,
Celebrities,"Britney Spears first husband, to whom she was married for a short time, had the same name as one of the actors on Seinfeld.",True,False,,,A,medium,false,
Celebrities,Which one of these couples did not marry in Las Vegas?,Axl Rose and Erin Everly,Kelly Ripa and Mark Consuelos,Britney Spears and Kevin Federline,Carmen Electra and Dennis Rodman,C,medium,false,
Celebrities,Lisa Marie Presley was married for the shortest time to which one of the following?,Nicolas Cage,Michael Jackson,Danny Keough,"Michael Lockwood,",A,medium,false,
Celebrities,What actor was Michelle Phillips married to for 8 days?,Jon Voight,Dennis Hopper,Christopher Walken,Burt Reynolds,B,medium,false,
Celebrities,Is it true that Drew Barrymores first marriage lasted less than 6 months?,No,Yes,,,B,medium,false,
Celebrities,This actress had an invalid marriage which lasted one day. The marriage was annulled as she hadnt yet divorced hubby #7.,Mia Farrow,Phyllis Diller,Elizabeth Taylor,Zsa Zsa Gabor,D,medium,false,
Celebrities,The doomed nuptials of Darva Conger and Rick Rockwell took place on what TV show?,Who Wants to Marry a Multi-millionaire?,Who Wants to Marry a Millionaire?,Who Wants to be a Millionaire?,Who Wants to Get Married?,A,medium,false,
Celebrities,The middle name of Houston-born actress and singer Hilary Duff is Rose.,True,False,,,B,medium,false,
Celebrities,"This song was the first single of Hilary Duffs second album, entitled Hilary Duff.",Our Lips Are Sealed,So Yesterday,Fly,Girl Can Rock,C,medium,false,
Celebrities,Hilary Duff appeared in Hallmark Entertainments western miniseries True Women (1997).,False,True,,,B,medium,false,
Celebrities,"Does Hilary Duff star in the teen romance film, A Cinderella Story (2004) together with Chad Michael Murray?",Yes,No,,,A,medium,false,
Celebrities,"Hilary Duff, who gained prominence in the television show Lizzie McGuire, was born on what date?","September 28, 1987","December 14, 1999","September 10, 1978","December 4, 1988",A,medium,false,
Celebrities,"How old was Hilary Duff when she starred as the young witch, Wendy in the movie Casper Meets Wendy?",13,14,11,22,C,medium,false,
Celebrities,What is Vin Diesels real name?,Vincent Sinclair Diesel,Mark Sinclair Vincent,Mark Diesel,Vincent Mark,B,medium,false,
Celebrities,Which character from the sci fi movie Pitch Black was portrayed by Vin Diesel?,Greg Owens,Ghost,Agent Johns,Richard B. Riddick,D,medium,false,
Celebrities,Vin Diesel has a twin brother named Paul.,True,False,,,A,medium,false,
Celebrities,"Vin Diesel was born in New York on July 18, 1968.",True,False,,,B,medium,false,
Celebrities,"What was special about the town of Columbia, MD where actor Edward Norton Jr. grew up?",It banned cable television.,"It was created by his maternal grandfather, urban planner James Rouse.","It was created by Edmund Bacon, the father of his friend Kevin Bacon.",It was famous for its nude theater company.,B,medium,false,
Celebrities,"Singer Etta James is not a billiards player, but she is very aware of the exploits of legendary pool shark Minnesota Fats. Why?",None of these,Her father lost the family home in a gambling debt to Minnesota Fats.,"As a child, she appeared as an extra in the pool movie The Hustler.",She believes that Fats was her father.,D,medium,false,
Celebrities,"What do the sons of Henry Kissinger, Gabriel Garcia Marquez and former New York Times executive editor Max Frankel have in common?","They attended the same prep school in the suburbs of Washington, DC.",Their nicknames are all Stinky.,They were fraternity brothers in college.,Each of them works as a TV/film director or producer.,D,medium,false,
Celebrities,Why does U.S. Congressman Rahm Emanuel (D-Illinois) have a keen interest in one major character on the HBO series Entourage?,He worked his way through law school as a parking valet  for Hollywood celebs.,"His brother, Hollywood agent Ariel Emanuel, is the model for the agent character  Arie.",His mother runs the shows craft services table.,His actress daughter plays character Vinnie Chases press agent.,B,medium,false,
Celebrities,What does President George W. Bush have in common with the 16th-century religious dissenter Anne Marbury Hutchinson?,None of these,Both are distant relatives of the Kennedys,Both are distant relatives of the Nixons.,Both are descended from an Irish warlord named Strongbow.,D,medium,false,
Celebrities,How is the movie Casablanca linked to the end of the Curse of the Bambino and the Boston Red Sox World Series victory in 2004?,"Much of  Casablanca was originally shot in Florida, spring home of  the Red Sox.",The brothers who wrote Casablanca are related to the general manager of the Red Sox.,The director of  Casablanca also directed Field of Dreams with Kevin Costner.,"David Papi Ortiz, the Red Sox slugger, who grew up in the Dominican Republic, learned to speak English by watching the movie on tape.",B,medium,false,
Celebrities,"What crossed paths connect Uma Thurman with psychologist Timothy Leary, the notorious Pied Piper of LSD, who died in 1996?",Timothy Leary was the godfather of Uma Thurman and Winona Ryder.,Leary was once married to Umas mother.,"Leary and Umas father, a Buddhist-scholar, shared the same mantra.",Learys stepson is Ethan Hawke,B,medium,false,
Celebrities,"How are actor William Hurt and Henry Luce, founder of the Time-Life publishing empire, linked?",They were both once part of the trivia team NYs Strongest.,"Hurts former wife, actress Mary Beth Hurt, is Luces granddaughter.","Hurts mother was married to Luces son, Henry Luce III.",They both dated Marlee Matlin.,C,medium,false,
Celebrities,"What do The Alamo, The Exorcist, and the classic TV series The Honeymooners have in common?","Relatives Davy Crockett, William Friedkin and Audrey Meadows","Relatives Jason Patric, Jason Miller, Jackie Gleason",They all include characters named Ed Norton.,"Relatives Billy Bob Thornton, Ellen Burstyn, Art Carney",B,medium,false,
Celebrities,"Who or what is the common thread among Bernie Williams, Hank Williams, Jr. and Vanessa L. Williams?",Only their last names,They all played outfield professional baseball.,Their skill in playing classical Spanish guitar pieces,Theyve all served as judges in the Miss America Pageant.,A,medium,false,
Celebrities,This actors birth name was Etienne Pelissier Jacques de Bujac. Can you guess his stage name?,Tyrone Power,Bruce Cabot,Clark Gable,Ward Bond,B,medium,false,
Celebrities,"My favorite health club is the International House of Pancakes. Because no matter how much you weigh there will always be someone there who weighs 150 pounds more than you will ever weigh. These words belong to what Jewish-American stand-up comedian, whose autobiography is entitled Nothings Sacred?",Lewis Black,Jim Hannigan,Jeff Foxworthy,Chris Rock,A,medium,false,
Celebrities,"This comedian and actor, one of the favourite guests of Howard Stern and Conan OBrien, appeared in the movies Robin Hood: Men in Tights, Blue Streak, and Half Baked.",Craig Charles,Tom Cool,Dave Chappelle,Chris Rock,C,medium,false,
Celebrities,"This comedian, born  in 1955 in Flint, Michigan, starred in the movies The King of Comedy, Hudson Hawk and The Apocalypse. She is also the author of the book Confessions of a Pretty Lady .",Roseanne Barr,Ellen Degeneres,Jo Brand,Sandra Bernhard,D,medium,false,
Celebrities,"This Cambridge University graduate quit a job with Shell Oil in England to become a stand-up comedian. He was recruited by the Brittish Channel 4, to host the game shows Distraction and Your Face or Mine?",Jimmy Carr,Craig Charles,Craig Ferguson,Jackie Danielson,A,medium,false,
Celebrities,"This tall comedian, a regular guest on the show Tough Crowd with Colin Quinn, acted in the 1994 ABC sitcom, All-American Girl. She also won 2 Emmy Awards for writing and producing The Rosie ODonnell Show.",Elon Gold,Elayne Boosler,David Brenner,Judy Gold,D,medium,false,
Celebrities,"This comedian, who starred in Ten Things I Hate About You as Dr. Walter Stratford, made the following observation about the difference between sexes:  You have nooo idea... the difference in sex drive, between a man and woman, is like the difference between shooting a bullet and throwing it!",Jim Hannigan,Elon Gold,Andy Richter,Larry Miller,D,medium,false,
Celebrities,"This comedian, born in Mexico but raised in East L.A., starred in films such as Crocodile Dundee in Los Angeles,  A Cinderella Story and The Worlds Fastest Indian. Many of his comedy specials focus on serious issues of the Latino community.",Carlos Mencias,Paul Rodriguez,Pablo Hernandez,Paul Provenzano,B,medium,false,
Celebrities,"This comedian, author of the humorous book Yeah I Said It, won the 2001 award for Funniest Female Stand-Up Comic. She is known for her blunt observations on current events and on issues such as the difference between the sexes and races.",Shirley Hemphill,Retta,Jan McInnis,Wanda Sykes,D,medium,false,
Celebrities,"This Jewish-American comedian, who studied drama at Yale University, became popular in the 1970s, with his extensive routines about the Watergate scandal.",Robert Klein,Robert Sclimmel,George Carlin,Chris Rock,A,medium,false,
Celebrities,This country was known to the Romans as Bactria and is today an Islamic republic. Its capital is Kabul.,Afghanistan,Albania,Algeria,Armenia,A,medium,false,
Celebrities,"This country, called Illyria by the Romans, is a republic located on the coast of the Adriatic Sea. Its capital is Tirana.",Afghanistan,Argentina,Algeria,Albania,D,medium,false,
Celebrities,This country was known to the Romans as Numidia. Today it is the second largest country in Africa. Its capital is Algiers.,Angola,Afghanistan,Algeria,Argentina,C,medium,false,
Celebrities,This country and its capital have the same name. It is located between Spain and France in the Pyrenees Mountain Range.,Angola,Andorra,Armenia,Austria,B,medium,false,
Celebrities,"This country, located in Africa along the Atlantic coast, has a capital, named Luanda.",Angola,Armenia,Antigua and Barbuda,Andorra,A,medium,false,
Celebrities,This country is located in the Caribbean Sea and has a capital named Saint Johns.,Argentina,Armenia,Antigua and Barbuda,Andorra,C,medium,false,
Celebrities,This countrys capital is Buenos Aires. It is the second largest country in South America.,Andorra,Antigua and Barbuda,Austria,Argentina,D,medium,false,
Celebrities,This country is located in the Caucasus Mountains in Asia and its capital is Yerevan.,Algeria,Armenia,Afghanistan,Andorra,B,medium,false,
Celebrities,This country is located down under between the Pacific and Indian Oceans. Its capital is Canberra.,Argentina,Armenia,Australia,Angola,C,medium,false,
Celebrities,This country is located between the Danube river and the Alps in Europe. Its capital is Vienna.,Armenia,Andorra,Austria,Australia,C,medium,false,
Celebrities,"This country, located in Asia along the western shore of the Caspian Sea, has a capital named Baku.",Azerbaijan,Armenia,Angola,Andorra,A,medium,false,
Celebrities,In 1917 Charlie Chaplin became the first male actor to ever earn one million dollars as part of a deal with which company?,Paramount Pictures,Keystone Film Company,Warner Bros.,First National Exhibitors Circuit,D,medium,false,
Celebrities,"Lita Grey, Charlie Chaplins second wife, played the role of a tempting angel in which Chaplins movie?",Dogs Life,City Lights,The Circus,The Kid,D,medium,false,
Celebrities,Which song composed by Charlie Chaplin was covered by Nat King Cole?,Let There Be Love,Paradise,Smile,Poinciana,C,medium,false,
Celebrities,"This 1940 movie, nominated for an Academy Award for Best Picture, was the first dialogue film in Charlie Chaplins career.",Modern Times,The Great Dictator,Limelight,Monsieur Verdoux,B,medium,false,
Celebrities,"This actor, who starred in the first movie version of The Mark of Zorro, co-founded the United Artists Corporation, together with Charlie Chaplin, Mary Pickford and D.W. Griffith.",Robert McKim,Douglas Fairbanks,"Noah Beery, Sr.",Sidney De Gray,B,medium,false,
Celebrities,The movie The Circus brought Charlie Chaplin his first honorary Oscar in what year?,1928,1930,1973,1929,D,medium,false,
Celebrities,"Limelight, the only movie in which Buster Keaton and Charlie Chaplin appear together, was shot in what year?",1957,1952,1950,1951,B,medium,false,
Celebrities,"This 1925 silent film stars Charlie Chaplin as the Little Tramp, who goes to the Klondike in order to find gold.",A Woman in Paris,The Kid,The Gold Rush,City Lights,C,medium,false,
Celebrities,"This 1931 movie, starring Virginia Cherill as a blind girl, was Chaplins best film according to Woody Allen.",The Kid,A Woman of Paris,City Lights,The Pilgrim,C,medium,false,
Celebrities,"Charlie Chaplin died on Christmas Day, 1977 in which Swiss city?",Vevey,Orbe,Morges,Vaud,A,medium,false,
Celebrities,Which of these statements about Australia is not true?,Australian law imposes fines on people who do not vote.,They are all true.,Australia has approximately nine sheep for every one person.,Australia is the smallest continent,B,medium,false,
Celebrities,"The Koala bear is not actually a bear, it just resembles one.",True,False,,,A,medium,false,
Celebrities,This is the smallest of all Australian states.,New South Wales,Tasmania,South Australia,Victoria,B,medium,false,
Celebrities,"Lake Eyre, the largest lake in Australia is also the lowest point, located at approximately this depth below sea level.",15 m (50 ft),240 (787 ft),128 (420 ft),71 (233 ft),A,medium,false,
Celebrities,No part of Australia is further than 280 miles (450 kilometres) from the sea.,False,True,,,A,medium,false,
Celebrities,The first radio station in Australia was launched in this year.,1901,1925,1934,1912,D,medium,false,
Celebrities,Sydney hosted the Olympic Games in the year 1998.,True,False,,,B,medium,false,
Celebrities,Australias national flag is one of only two in the world to feature a seven-pointed star. The other one belongs to this country.,Jordan,Albania,New Zealand,Cuba,A,medium,false,
Celebrities,The Fondas are related to which former news anchor?,Peter Jennings,Tom Brokaw,Walter Cronkite,Dan Rather,B,medium,false,
Celebrities,Peter Fondas portrayal in Easy Rider delved in part into his real mothers death. How did she die?,alcoholism,suicide,heart attack,motorcycle accident,B,medium,false,
Celebrities,This Fonda starred in the movie Wooly Boys.,Francis,Jane,Henry,Peter,D,medium,false,
Celebrities,Henry and Jane Fonda appeared together in On Golden Pond co-starring with which leading actress?,Katherine Hepburn,Katherine Ross,Florence Henderson,Shirley McClaine,A,medium,false,
Celebrities,What is Jane Fondas birth name?,Lady Jayne Seymour Fonda,Cassandra Jane Fonda,Katherine Janet Fonda,Jane Elizabeth Fonda,A,medium,false,
Celebrities,What movie brought Henry Fonda his first Golden Globe Award?,The Grapes of Wrath,12 Angry Men,The Cheyenne Social Club,On Golden Pond,D,medium,false,
Celebrities,Jane Fonda was an outspoken critic of which war?,WWI,The Vietnam war,The Korean war,WWII,B,medium,false,
Celebrities,This granddaughter of Henry Fondas is an actress herself.,Katherine,Bridget,Bethany,Candace,B,medium,false,
Celebrities,Henry Fonda had a lifelong friendship with which of these actors?,John Wayne,Gregory Peck,Johnny Carson,Jimmy Stewart,D,medium,false,
Celebrities,How many times was Henry Fonda married?,5,2,3,4,A,medium,false,
Celebrities,How old was Angelina Jolie when she started to cut herself along with her boyfriend?,15,16,14,13,C,medium,false,
Celebrities,Angelina Jolie had a sexual relationship with her Foxfire co-star Jenny Shimizu.,False,True,,,B,medium,false,
Celebrities,Where was Angelina Jolie born?,"Long Beach, CA",London,"Los Angeles, CA",Canada,C,medium,false,
Celebrities,Angelina Jolie was 5 years old when her parents divorced.,False,True,,,A,medium,false,
Celebrities,Jolie is actually Angelina Jolies middle name.,False,True,,,B,medium,false,
Celebrities,"As a child, Angelina Jolie wanted to become what?",funeral Director,ballet dancer,bunny,fairy,A,medium,false,
Celebrities,"Right after filming the movie Gia, Angelina Jolie quited acting for how long?",7 months,8 months,6 months,2 months,C,medium,false,
Celebrities,"The letter H, tattooed on Angelina Jolies left wrist, stands for what?",Hungry,both Haven and Hutton,Heaven,Hutton,B,medium,false,
Celebrities,Which of these actors was originally offered the role of Detective John Kimble in the 1990 comedy Kindergarten Cop?,Bill Murray,Chevy chase,Clint Eastwood,Chuck Norris,A,medium,false,
Celebrities,The 1996 film Jingle All the Way was based on the obsession with these toys in the 80s?,Cabbage Patch Dolls,Beanie Babies,Nintendo Entertainment System,Rubiks Cube,A,medium,false,
Celebrities,What is the name of the toy that Arnold Schwarzeneggers character is after in the 1996 comedy Jingle All the Way?,Kung Fu Gangster,Ultraman,Turbo Man,Space Ranger,C,medium,false,
Celebrities,Arnold Schwarzenneger and Danny DeVito were originally offered to star in this 1991 film before starring in Twins.,Uncle Buck,Mr. Nanny,Lethal Weapon,Suburban Commando,D,medium,false,
Celebrities,Arnold Schwarzenegger co-starred in Jingle All the Way with funnyman Eddie Murphy.,True,False,,,B,medium,false,
Celebrities,"Meg Ryan was born on this date in Fairfield, Connecticut.","November 18, 1961","October 19, 1961","November 19, 1961","November 19, 1962",C,medium,false,
Celebrities,What is Meg Ryans full birth name?,Susan Ryan Jordan,Margaret Mary Emily Hyra,Margaret Emily Jordan,Karen Emma Walden,B,medium,false,
Celebrities,Meg Ryan had a relationship followed by a marriage with actor Randy Quaid.,False,True,,,A,medium,false,
Celebrities,Which of the following pairs of movies star both Meg Ryan and Tom Hanks?,Youve Got Mail and I.Q.,Joe Versus the Volcano and Youve Got Mail,Joe Versus the Volcano and Courage Under Fire,I.Q. and Addicted to Love,B,medium,false,
Celebrities,Meg Ryan was in what daytime drama from 1982 to 1984?,The Young and the Restless,As the World Turns,Another World,Days Of Our Lives,B,medium,false,
Celebrities,Meg Ryan has an asteroid named after her.,True,False,,,A,medium,false,
Celebrities,Meg Ryan played the niece of Albert Einstein in what 1994 romantic comedy?,When a Man Loves a Woman,French Kiss,Prelude to a Kiss,I.Q.,D,medium,false,
Celebrities,Did Meg Ryan turn down the role of Catherine Tramell in Basic Instinct?,Yes,No,,,A,medium,false,
Celebrities,How old was Meg Ryan when she made her first television commercial?,21,7,16,18,D,medium,false,
Celebrities,When and to what parents was actor Edward Norton born?,"August 18, 1979 to a banker and a history professor","August 18, 1969 to a teacher and a lawyer","August 18, 1974 to an insurance salesman and a doctor","August 18, 1964 to a doctor and a teacher",B,medium,false,
Celebrities,"Edward Nortons grandfather was the developer who designed the city of Columbia, Maryland.",False,True,,,B,medium,false,
Celebrities,From which college did actor Edward Norton graduate?,Harvard,New York University,Yale University,Columbia University,C,medium,false,
Celebrities,Actor Edward Norton joined a theater group called The Signature Players that produced plays written by which great playwright?,Edward Albee,Tennessee Williams,Eugene ONeil,David Mamet,A,medium,false,
Celebrities,In which of these films was Edward Nortons first major role?,Destination Anywhere,The Juror,Primal Fear,Deconstructing Harry,C,medium,false,
Celebrities,For which movie did Edward Norton put on 30 pounds to make himself look more dangerous?,The People vs. Larry Flynt,Destination Anywhere,American History X,Fight Club,C,medium,false,
Celebrities,In which movie did Edward Norton play a poker hustler?,The Life of Aaron Stampler,Oceans Eleven,Rounders,Fight Club,C,medium,false,
Celebrities,In which of these movies did Edward Norton sing?,Kingdom of Heaven,The Score,The Days of Song,Death to Smoochy,D,medium,false,
Celebrities,"Which was the first movie that Edward Norton directed, produced and acted in?",The Score,Keeping the Faith,Kingdom of Heaven,Frida,B,medium,false,
Celebrities,In which movie does Edward Norton play a thief who tries to double-cross his partner (played by Robert De Niro)?,The Destination,The Score,Rounders,Lost in moment,B,medium,false,
Celebrities,"Rapper Bow Wow, who released his first album at the age of 13, starred in which 2005 movie?",Boyz in The Hood,Like Mike,Johnson Family Vacation,Roll Bounce,D,medium,false,
Celebrities,"In 2002, rapper and actor Mos Def starred in what Pulitzer Prize-Winning Broadway play?",Something The Lord Made,The Woodson,God Bless The Child,Topdog/Underdog,D,medium,false,
Celebrities,Which 2001 comedy-romance film starred Gabrielle Union as Conny Spalding?,Bad Boys 2,Two Can Play That Game,The Brothers,Deliver Us from Eva,B,medium,false,
Celebrities,"The members of boy band B2K played in which movie, directed by Chris Stokes?",You Got Served,Bebes Kids,House Party 3,Fat Albert,A,medium,false,
Celebrities,LisaRaye portrayed Diana Armstrong/Diamond in what 1998 film?,One On One,The Players Club,Strippers on The Floor,All of Us,B,medium,false,
Celebrities,Halle Berry co-starred with Penélope Cruz in which 2003 horror movie?,Soul Food,Ghost Ship,Gothika,House On The Haunted Hill,C,medium,false,
Celebrities,In what movie does Queen Latifah play a speed demon?,Taxi,Movin Half Past,Living Color,Beauty Shop,A,medium,false,
Celebrities,"In this 1997 action movie, Vivica A. Fox co-stars with Will Smith.",Why Do Fools Fall In Love,Independence Day,Two Can Play That Game,Booty Call,B,medium,false,
Celebrities,"Ludacris appeared in which hip-hop-styled film, featuring Snoop Dogg, Dr. Dre, Xzibit and DJ Pooh?",The Wash,Hustle And Flow,Crash,Yeah,A,medium,false,
Celebrities,"What renowned film director did actor Vincent DOnofrio play in 1994s film, Ed Wood?",John Ford,Cecil B. Demille,Orson Welles,Alfred Hitchcock,C,medium,false,
Celebrities,How much weight did Vincent DOnofrio gain to play his break out role of Private Gomer Pyle in Stanley Kubricks Full Metal Jacket?,60 pounds,80 pounds,50 pounds,70 pounds,D,medium,false,
Celebrities,What year was Vincent DOnofrio Born?,1962,1960,1959,1961,C,medium,false,
Celebrities,An Academy Award winning Actress thanked Vincent DOnofrio in her acceptance speech.,False,True,,,B,medium,false,
Celebrities,Vincent DOnofrio starred as pulp writer Robert E. Howard in the film The Whole Wide World with Renee Zelleweger. What heroic fictional character was Howards most famous creation?,Mike Hammer,Will Parry,Conan,Luke Skywalker,C,medium,false,
Celebrities,What was the first film Vincent DOnofrio acted in?,The First Turn On!,Adventures in Babysitting,Mystic Pizza,Full Metal Jacket,A,medium,false,
Celebrities,Vincent DOnofrio co-starred in Men In Black II with Will Smith and Tommy Lee Jones.,True,False,,,B,medium,false,
Celebrities,In which Law  Order show has Vincent DOnofrio starred?,Special Victims Unit (SVU),Law  Order (the Original),Life on the Streets,Criminal Intent,D,medium,false,
Celebrities,"Nicole Simpson and Ronald Goldman were stabbed several times in front of their L.A. home on June 12, 1994. Who was found guilty of the crime?",No one,O.J. Simpson,The Night Stalker,Walter Payton,A,medium,false,
Celebrities,What was John Ritters birth name?,None of these,Johnathan Southworth Ritter,John Ritter,John Southworth Ritter,B,medium,false,
Celebrities,What was John Ritters major in college?,architecture,psychology,drama,pre-med,B,medium,false,
Celebrities,Which of these movies was John Ritter in?,Sling Blade,All of these,Hearts Afire,Problem Child,B,medium,false,
Celebrities,John Ritter was married more than once.,True,False,,,A,medium,false,
Celebrities,How many children did John Ritter have?,4,3,none,1,A,medium,false,
Celebrities,John Ritter died in the same hospital in which he was born.,False,True,,,B,medium,false,
Celebrities,John Ritters wife filed a $5 million wrongful death suit against the radiologist and cardiologist that diagnosed him.,False,True,,,A,medium,false,
Celebrities,"Ronnie Van Zant, a founding member of the Southern rock band Lynyrd Skynyrd, died in a tragic incident involving what?",A vehicle,An airplane,Drowning,Skiing,B,medium,false,
Celebrities,"Lynyrd Skynyrds three disc set, released in 1991, was simply titled Box Set.",False,True,,,B,medium,false,
Celebrities,"Johnny and Ronnie Van Zants brother, Donnie, is the founder of .38 Special -- an American rock band.",False,True,,,B,medium,false,
Celebrities,"Comedic actor Jonathan Harshman Winters was born in Dayton, Ohio on what date?","November 11, 1920","November 11, 1936","November 11, 1929","November 11,1925",D,medium,false,
Celebrities,"Where did Jonathan Winters meet his wife, Eileen Schauder?",at Kenyon College.,"at a bowling alley in Springfield, Ohio.",at the Dayton Art Institute.,"in Gambier, Ohio.",C,medium,false,
Celebrities,Jonathan Winters portrayed character Fats Brown in an episode of which fantasy TV series?,The Sixth Sense,The Dead Man,Alfred Hitchcock Presents,The Twilight Zone,D,medium,false,
Celebrities,"This 1955 show, which was a summer replacement of The George Gobel Show, featured comedian Jonathan Winters.",Davis Rules,And Heres the Show,The Davis  Family,Hang Ups,B,medium,false,
Celebrities,"In a 2005 interview on XM radio this actor, host of the TV program Kids Say the Darndest Things, called Jonathan Winters The King.",Bill Cosby,Steve Martin,Rodney Dangerfield,Buddy Hackett,A,medium,false,
Celebrities,Which of these movies did not feature comic actor Jonathan Winters?,Moon Over Parador  1988,The Shadow  1994,The Adventures of Rocky and Bullwinkle 2000,"Hollywood, Hollywood  1989",D,medium,false,
Celebrities,"This character, portrayed by comic Jonathan Winters, was a seemingly sweet old lady with a sharp tongue.",Jane Davis,Maudie Frickert,Mary Glenworthy,Henrietta Glenworthy,B,medium,false,
Celebrities,"In this movie, based on a novel by Evelyn Waugh, Jonathan Winters played the roles of Henry Glenworthy and Rev. Wilbur Glenworthy.",The Loved One,"Its a Mad, Mad, Mad, Mad World",Stand -Up,"The Russians Are Coming, the Russians Are Coming",A,medium,false,
Celebrities,"In this situational comedy, Jonathan Winters appeared as the infant son of the character, played by Robin Williams.",Family Matters,Home Improvement,Gilligans Island,Mork and Mindy,D,medium,false,
Celebrities,"She was born in December of 1945 in Honolulu, Hawaii.",Beverly Sills,Barbra Streisand,Bette Midler,Madonna,C,medium,false,
Celebrities,"She was born in April of 1942 and throughout her life, she has been a liberal political activist.",Barbra Streisand,Bette Midler,Madonna,Beverly Sills,A,medium,false,
Celebrities,"She won 4 Grammy Awards in the period 1994-1991, an Emmy Award in 1992, and a Tony Award in 1974.",Barbra Streisand,Bette Midler,Beverly Sills,MaDonna,B,medium,false,
Celebrities,She is known as the Queen of Pop.,Madonna,Beverly Sills,Barbra Streisand,Bette Midler,A,medium,false,
Celebrities,She was born in May of 1929 and was famous for her coloratura soprano roles in opera.,Madonna,Barabra Streisand,Beverly Sills,Bette Midler,C,medium,false,
Celebrities,She co-hosted The View in 2006 during Best Friends week as a Best Friend of Barbara Walters.,Beverly Sills,Barbra Streisand,Madonna,Bette Midler,A,medium,false,
Celebrities,"She was named after a famous film actress (who her mom admired), although the name is pronounced differently.",Madonna,Beverly Sills,Bette Midler,Barbra Streisand,C,medium,false,
Celebrities,"She attended Erasmus Hall High School as a teenager, where she sang in the choir with Neil Diamond.",Madonna,Bette Midler,Beverly Sills,Barbra Streisand,D,medium,false,
Celebrities,She shared her 1968 Academy Award for Best Actress with Katherine Hepburn.,Barbra Streisand,Madonna,Beverly Sills,Bette Midler,A,medium,false,
Celebrities,"In 2001, the Guinness Book of World Records recognized her as the most successful female musician.",Beverly Sills,Bette Midler,Madonna,Barbra Streisand,C,medium,false,
Celebrities,When was actor Jim Carrey born?,"January 17, 1962","October 2, 1965","February 21, 1970","June 15, 1960",A,medium,false,
Celebrities,What year did Jim Carrey win his first Golden Globe?,2005,2000,2002,1999,D,medium,false,
Celebrities,What is Jim Carreys real name?,Jim Eugene Carrey,Jon Eugene Carrey,James Eugene Carrey,Jake Eugene Carrey,C,medium,false,
Celebrities,In what movie did Jim Carrey play the character of Officer Charlie Baileygates/Hank Evans?,Fun with Dick and Jane,"Me, Myself  Irene",Eternal Sunshine of the Spotless Mind,Dumb  Dumber,B,medium,false,
Celebrities,In which of these movies does Jim Carrey play the adult Joe Wenteworth?,Bruce Almighty,How the Grinch Stole Christmas,Simon Birch,Man on the Moon,C,medium,false,
Celebrities,Has actor Jim Carrey confessed publicly that he suffered from paranoia?,No,Yes,,,A,medium,false,
Celebrities,Jim Carrey is known to be a fan of which of these bands?,ACDC,Reo Speedwagon,Cannibal Corpse,Atreyu,C,medium,false,
Celebrities,Jim Carrey has stated that he dislikes which one of the following movies?,Forrest Gump,The Village,Houseboat,The Computer Wore Tennis Shoes,D,medium,false,
Celebrities,Jim Carrey was cast as Dr. Evil in the movie Austin Powers.,True,False,,,A,medium,false,
Celebrities,Jim Carrey was an excellent student in high school.,False,True,,,A,medium,false,
Celebrities,Where was actor Will Ferrell born?,Virginia,Carolina,Detroit,California,D,medium,false,
Celebrities,What is Will Ferrells characters plan in the movie Zoolander?,to gain control of the cereal companies,to kill the prime minster of Malaysia,to become the best fashion designer ever,to re-join his old band,B,medium,false,
Celebrities,What university did Will Ferrell graduate from?,Boston College,University of Southern California,University of Delaware,University of North Califonia,B,medium,false,
Celebrities,"In 2001, Will Ferrell became the highest paid cast member of Saturday Night Live.",True,False,,,A,medium,false,
Celebrities,In 2000 Will Ferrell married an actress from this country.,England,Sweden,Japan,China,B,medium,false,
Celebrities,"Will Ferrells co-star, who plays Cal in Talladega Nights, stars in which of these movies?",Walk Hard,American Ganster,Benchwarmers,Good Sheperd,A,medium,false,
Celebrities,Which of the following movies starring Will Ferrell was released in 2008?,Old School,Zoolander,Semi-Pro,Anchorman,C,medium,false,
Celebrities,Which of the following is not a movie character portrayed by Will Ferrell?,Ron Burgundy,Bobby Ricky,Jackie Moon,Mugatu,B,medium,false,
Celebrities,Which statement about the birth of actor Jerry Seinfeld is true?,"He was born on 29 April 1954 in The Bronx, New York","He was born on 29 April 1954 in Brooklyn, New York","He was born on 29 April 1954 in Flushing, New  York","He was born on 29 April 1954 in Massepequa, Long Island",B,medium,false,
Celebrities,Which statement concerning Jerry Seinfelds education is true?,He attended Oswego College  in upstate New York and transferred to Queens College in New York City. He graduated from Queens College.,He got his B.A. degree from Oswego College in upstate New York in psychology.,He attended Long Island University but graduated from Queens College in 1976.,He attended  and graduated from Long Island University with a degree in 1976.,A,medium,false,
Celebrities,Which of these women is famous as Jerry Seinfelds manager?,Drew Lansker,None of these,Carolyn Liebling,Carol Liefer,C,medium,false,
Celebrities,"In real life, William Peterson is a grandfather.",True,False,,,A,medium,false,
Celebrities,In what year did William Peterson make his film debut?,1983,1979,1985,1981,D,medium,false,
Celebrities,"In Michael Manns Thief, what role did Peterson play, and what was his screen name?",Katz  Jammer Bartender - William L. Peterson,Attorneys assistant -  Mike Gerafin,Member Mighty Joe Young Band - Thomas Gitlin,Large detective in suit - Allouyitious Dance,A,medium,false,
Celebrities,"In 1985,  Mr. Peterson played a U.S. Secret Service agent in Willliam L. Friedkins film, To Live and Die in L.A.  His characters first name was Rick.  Was the last name Choice?",Yes,No,,,B,medium,false,
Celebrities,Which of these actors did not act with Peterson in the film To Live and Die in L.A.?,John Pankow,Dean Stockwell,Darlanne Fluegel,Stockard Channing,D,medium,false,
Celebrities,"In a 1986 film, Mr. Peterson portrayed a character named Will Graham.  Give the name of the film, and its director.",Into the Night - John Landis,Manhunter - Michael Mann,Goonies - Steven Spielberg,Ferrris Buellers Day Off - John Hughes,B,medium,false,
Celebrities,"In this little known 1992 comedy,  William Peterson played a character named Frank Scanlon.  Name the movie.",For the Boys,Passed Away,Riding in Cars With Boys,Weekend at Bernies,B,medium,false,
Celebrities,William Peterson wears an old football jersey in many of his movies.,False,True,,,B,medium,false,
Celebrities,In what year was actress Sally Field born?,1947,1948,1949,1946,D,medium,false,
Celebrities,Sally Field got her start as a surfer girl on the 1960s show Gidget.,False,True,,,B,medium,false,
Celebrities,Who did Sally Field marry in 1968?,Alan Griesman,Burt Reynolds,Paul Lenoke,Stephen Craig,D,medium,false,
Celebrities,In which 1993 movie did Sally Field co-star with Robin Williams?,Forrest Gump,Mrs. Doubtfire,Eye For An Eye,Not Without My Daughter,B,medium,false,
Celebrities,Sally Fields birth mother and father divorced in 1950.,False,True,,,B,medium,false,
Celebrities,Was Sally Field a cheerleader in high school?,No,Yes,,,B,medium,false,
Celebrities,"During her 2007 Emmy Award acceptance speech, Sally Field made a pro-war statement.",True,False,,,B,medium,false,
Celebrities,In which movie did Sally Field provide the voice of a cat named Sassy?,Homeward Bound: The Incredible Journey,None of These,Both of These,Homeward Bound II: Lost In San Francisco,C,medium,false,
Celebrities,"This 1992 film, directed by Ron Howard, starred Nicole Kidman as an Irish immigrant who made her way to the United States to take part in the Land Run of 1893.",Windrider,Archers Adventure,Far and Away,Room to Move,C,medium,false,
Celebrities,"This movie, directed and co-written by Stanley Kubrick and based on the novel Traumnovelle, stars Nicole Kidman and Tom Cruise, who play a troubled couple in New York City.",Skin Deep,Eyes Wide Shut,Days of Thunder,Far and Away,B,medium,false,
Celebrities,"This 2001 horror/suspense film stars Nicole Kidman as a mother of two young children living in a house they assume to be haunted, only to find out they are the ghosts inhabiting the house.",The Others,The Haunted,The House on Haunted Hill,The Messengers,A,medium,false,
Celebrities,Nicole Kidman provided the voice of Norma Jean in what 2006 animated comedy?,Ice Age: The Meltdown,Barnyard,Over the Hedge,Happy Feet,D,medium,false,
Celebrities,In this movie Nicole Kidman plays a woman named Isabel who just wants to live a normal life. She meets a failing movie star who wants to find an unknown actress to star with him in a TV show and he picks her for the role.,To Die For,Bewitched,Practical Magic,The Bit Part,B,medium,false,
Celebrities,Nicole Kidman plays Dr. Chase Meridian in this 1995 superhero film also starring Val Kilmer.,Batman Begins,Batman Forever,Batman Returns,Batman,B,medium,false,
Celebrities,This 2003 movie stars Nicole Kidman and Jude Law as lovers torn apart by the Civil War and Renee Zelweger as a helping hand.,Dead Calm,Cold Mountain,The Peacemaker,The Interpreter,B,medium,false,
Celebrities,"This 2004 film stars Nicole Kidman as a young widow, who believes her dead husband has been reincarnated into a young boy, who has intimate knowledge of the past she shared with her deceased husband.",Eyes Wide Shut,My Life,Birth,Human Stain,C,medium,false,
Celebrities,"This 1989 thriller stars Sam Neill and Nicole Kidman as a couple vacationing on their yacht in the Pacific. They come across a stranded man played by Billy Zane, who claims to have lost his companions on a sinking ship.",Malice,Days of Thunder,To Die For,Dead Calm,D,medium,false,
Celebrities,In this film Nicole Kidman and Sandra Bullock play sisters who are witches and belong to a family that is cursed - any man who falls in love with a woman from the family will die tragically.,Practical Magic,The Portrait of a Lady,My Life,To Die For,A,medium,false,
Celebrities,This thriller/action movie stars George Cooney as a Special Forces Intelligence Officer and Nicole Kidman as a nuclear expert for the White House.,Dogville,Malice,The Interpreter,The Peacemaker,D,medium,false,
Celebrities,Nicole Kidman starred with Matt Dillon and Joaquin Phoenix in this novel-based movie about an older woman who seduces a teenage boy and convinces him to kill her husband.,Eyes Wide Shut,Far and Away,The Human Stain,To Die For,D,medium,false,
Celebrities,"American actor Jerry Orbach was born on October 20, 1935 in which city?","Los Angeles, CA",New York City,"Nanticoke, PA","Philadelphia, PA",B,medium,false,
Celebrities,Actor Jerry Orbach studied drama and acting in which two famous educational institutions?,Uta Hagens Acting Academy and The Aspen Acting Space,University of Southern California and the Actors Studio,Northwestern University and the Actors Studio,Uta Hagens Acting Academy and the Actors Studio,C,medium,false,
Celebrities,"In his first major role, actor Jerry Orbach played El Galo, in which 1960 musical comedy?",Scuba Duba,The Fantasticks,The Cradle Will Rock,Carnival,B,medium,false,
Celebrities,Jerry Orbach starred with Anna Maria Alberghetti in which Tony-award winning Broadway musical?,The Cradle Will Rock,Chicago,Scuba Duba,Carnival,D,medium,false,
Celebrities,"Jerry Orbach received his first Tony Award nomination for his portrayal of Sky Masterson, in which Broadway show?",Guys and Dolls,The Cradle Will Rock,Carnival,Scuba Duba,A,medium,false,
Celebrities,"In this movie, directed by Woody Allen, Jerry Orbach played a criminal, named Jack Rosenthal.",Mad Dog Call (1961),Crimes and Misdemeanors (1989),Last Exit to Brooklyn (1989),The Gang That Couldnt Shoot straight (1971),B,medium,false,
Celebrities,Jerry Orbach won the Tony Award for Best Actor for his role in which 1968 musical?,Carnival,"Promises, Promises",Chicago,Guys and Dolls,B,medium,false,
Celebrities,"This Broadway musical, produced by David Merrick, featured Jerry Orbach in the role of musical director, Julian Marsh.",42nd Street,6RMS RIV VU,Chicago,Annie Get Your Gun,A,medium,false,
Celebrities,Jerry Orbach starred with Chita Rivera and Gwen Verdon in which 1975 play?,The Cradle Will Rock,The Natural Look,Chicago,Scuba Duba,C,medium,false,
Celebrities,"In the long-running drama Law and Order, detective Lennie Briscoe, portrayed by Jerry Orbach, had a nephew whose name was what?",John Briscoe,Ken Briscoe,Ken Branch,David Briscoe,B,medium,false,
Celebrities,When was comedian Bob Newhart born?,9/05/1919,9/05/1939,9/05/1949,9/05/1929,D,medium,false,
Celebrities,Where did Bob Newhart live as a child?,Indianapolis,Los Angeles,St. Paul,Oak Park,D,medium,false,
Celebrities,From which college did Bob Newhart graduate?,Loyola (of Los Angeles),Marquette,DePaul,Loyola (of Chicago ),D,medium,false,
Celebrities,What was Bob Newharts vocation before entering the entertainment industry?,College instructor,High school English teacher,Bookkeeper,Cadillac salesman,C,medium,false,
Celebrities,How many children do Bob Newhart and his wife have?,1,4,3,2,B,medium,false,
Celebrities,How many times did Bob Newhart appear as a guest on The Tonight Show with Johnny Carson?,87,29,18,43,A,medium,false,
Celebrities,When did the sitcom The Bob Newhart Show air?,1971-1980,1969-1976,1972-1978,1970-1979,C,medium,false,
Celebrities,What role did Bob Newhart play in The Bob Newhart Show?,"Dr. Bob Loudin, psychiatrist","Dr. Bob Hartley, psychiatrist","Dr. Bob Hartley, psychologist","Dr. Bob Loudin, psychologist",C,medium,false,
Celebrities,"Which is true about Bob Newharts sitcoms, The Bob Newhart Show and Newhart?",Bobs character had no children .,Bobs character was married to a sexy blonde.,Bobs character had a best friend who was a dentist.,Bobs character wore glasses.,A,medium,false,
Celebrities,Who portrayed Bobs wife on The Bob Newhart Show?,Suzanne Pleshette,Mary Frann,Marcia Wallace,Julia Duffy,A,medium,false,
Celebrities,Who portrayed the doctors sassy red-haired assistant in The Bob Newhart Show?,Mary Frann,Marcia Wallace,Suzanne Pleshette,Julia Duffy,B,medium,false,
Celebrities,What role did Peter Bonerz play in The Bob Newhart Show?,Bobs brother-in-law,The dentist,The pilot,The paranoid patient,B,medium,false,
Celebrities,Bob Newharts album The Button Down Mind of Bob Newhart outsold the cast album of The Sound of  Music.,False,True,,,B,medium,false,
Celebrities,This actors first role was in the hit movie Animal House and he has starred in over 30 movies since 1978. Can you name him?,Kevin Bacon,Danny DeVito,John Belushi,John Lithgow,A,medium,false,
Celebrities,James Caan played Don Vito Corleone in 1972s The Godfather.,True,False,,,B,medium,false,
Celebrities,Meryl Streep began her career in 1987.,True,False,,,B,medium,false,
Celebrities,"This amazing actress, born Margarita Carmen Cansino, was on the stage when she was 6 with The Cansinos who were Spanish dancers working in vaudeville. In 1937, she changed her name and gave an impressive performance in Only Angels Have Wings with Cary Grant. Can you name her?",Marilyn Monroe,Sophia Loren,Hedy Lamarr,Rita Hayworth,D,medium,false,
Celebrities,"This rockin guitarist, nicknamed Slowhand, started his career in 1963 and has been a member of such bands as The Roosters, Cream and The Yardbirds.",Ginger Baker,Eric Clapton,Peter Frampton,Jeff Beck,B,medium,false,
Celebrities,"Actor John Cazale was born on August 12, 1935, in what city?","Los Angeles, California","Boston, Massachusetts",New York City,"Portland, Maine",B,medium,false,
Celebrities,"During his teenage years, actor John Cazale made friends with which famous Italian-American actor?",Robert DeNiro,Dustin Hoffman,James Caan,Al Pacino,D,medium,false,
Celebrities,"Actor John Cazale won an Obie for his performance in which off-Broadway play, written by Israel Horovitz?",The Peace Creeps,The Line,The Indian Wants The Bronx,The Winner,C,medium,false,
Celebrities,"In 1962, John Cazale starred in which short film?",The Way,The way to Success,The American Way,The Conversation,C,medium,false,
Celebrities,"In total, John Cazale starred in how many feature movies?",12,2,23,5,D,medium,false,
Celebrities,"How many movies, starring John Cazale, won an Academy Award for Best Picture?",8,3,5,3,B,medium,false,
Celebrities,John Cazale received how many Academy Award nominations?,3,0,1,2,B,medium,false,
Celebrities,John Cazale was engaged to which Oscar-winning actress?,Diane Keaton,Meryl Streep,Glenn Close,Teri Garr,B,medium,false,
Celebrities,"Actor John Cazale died on March 12, 1978, in New York from what disease?",Throat cancer,Leukemia,Lung cancer,Bone cancer,D,medium,false,
Celebrities,When was Redd Foxx born?,"12/9/1927 in Chicago, IL.","12 /9//1922 in Saint Louis, MO","12 /9/1932 in Kansas City, MO","12/9/1937 in East Saint Louis, IL",B,medium,false,
Celebrities,What was Redd Foxx name at birth?,Lamont Elroy Sanford,John Elroy Sanford,Richard Elton Sanford,Whitmore Elvin Sanfird III,B,medium,false,
Celebrities,Redd Foxx was once called Chicago Red so that he would not be confused with another red-headed man called Detroit Red. Who was this man?,Malcolm Little,Charles DuSable,John W. Bubbles,Chuck Green,A,medium,false,
Celebrities,Which statement about Redd Foxx is untrue?,In the 40s and 50s Redd engaged in illegal activities including draft dodging.,Redd was one of the first comedians to use relationship humor in his  act.,Redd took his last name from baseball star Jimmy Foxx.,Redd first gained comedic fame with his very raunchy stand-up.,B,medium,false,
Celebrities,When was the show Sanford and Son aired?,1971-1978,1973-1981,1972-1977,1974-1982,C,medium,false,
Celebrities,How did Redd Foxx get the name Fred Sanford for the lead role on the show Sanford and Son?,It was Redds name when he was a boxer.,He needed a short name so he picked Fred.,It was Redds brothers real name .,It was the first name of the corresponding character in the British version of the show.,C,medium,false,
Celebrities,Who played Fred Sanfords son on the sitcom Sanford and Son?,Delmont Wilson,Demond Wilson,Desmond Mayo,Desmond Wilson,B,medium,false,
Celebrities,"Name the actor on Sanford and Son who played Freds friend, Grady Wilson?",Wilson  Bexley,Don Bexley,Whitman Mayo,Bubba Bexley,C,medium,false,
Celebrities,A member of  the Our Gang troop starred in Sanford and Son.,True,False,,,A,medium,false,
Celebrities,"When Redd Foxx first entered show business, segregation forced him to perform at segregated clubs. What was the collective name given to these clubs?",The Greenville Ciruit,The Copasetic Circuit,The Leedsville Circuit,The Chitlin Circuit,D,medium,false,
Celebrities,Where was the junkyard located in the TV series Sanford and Son?,San Francisco,Los Angeles,New York City,"Kansas City, MO",B,medium,false,
Celebrities,Why did Redd Foxx quit the show Sanford and Son?,CBS offered him a three picture deal.,NBC wanted to replace him with Flip Wilson.,He got his own variety show on ABC.,Ratings were very low.,C,medium,false,
Celebrities,Which statement regarding Redd Foxx is false?,The IRS seized his house and jewelry in a raid in 1989.,The original choice for Fred Sanford was Clevon Little.,Redd made a comeback in 1991.,Redd has a star on the L.A. Walk of Fame.,D,medium,false,
Celebrities,Who wrote the theme song for Sanford and Son?,Quincy Jones,Mike Post,Errol Garner,Redd Foxx,A,medium,false,
Celebrities,"What is the name of the lipstick Courteney Cox designed for CARGO, a Canadian cosmetics company?",Cox,Coco,Courteney,Cece,D,medium,false,
Celebrities,"Before marrying David Arquette, Courtney Cox dated this member of the Counting Crows rock band.",Charlie Gillingham,David Bryson,Jim Bogios,Adam Duritz,D,medium,false,
Celebrities,For which role on the Friends TV show did Courteney Cox originally audition?,Janice,Phoebe,Judy,Rachel,D,medium,false,
Celebrities,What was the name of Courteney Coxs character in the Scream trilogy?,Billy Loomis,Casey Becker,Tatum Riley,Gale Weathers,D,medium,false,
Celebrities,Courtney Cox provided the voice of this character in the 2006 animation movie Barnyard.,Etta the Hen,Pip the Mouse,Daisy the Cow,Bessy the Cow,C,medium,false,
Celebrities,"In the Dirt TV series, Courteney Cox plays the editor-in-chief of this tabloid magazine.",Lucy,DirtNow,DIRT,Tabloid,B,medium,false,
Celebrities,Jennifer Aniston guest starred in the season finale of the Dirt TV show.,False,True,,,B,medium,false,
Celebrities,Courteney Cox appeared in the 1984 music video of this Bruce Springsteen song.,Dancing in the Dark,Streets of Philadelphia,Pink Cadillac,Everything I Do,A,medium,false,
Celebrities,Who co-starred with Courteney Cox in the 2004 movie November?,Michael Keaton,Kurt Russel,James Legros,Kevin Costner,C,medium,false,
Celebrities,Willem DaFoe shares a birthday with what other well known actor?,Chris Cooper,Robert DeNiro,Liam Neeson,David Spade,D,medium,false,
Celebrities,"What is The Wooster Group, and how is Willem DaFoe connected with it?",A film preservation archives group. Mr. DaFoe serves on its board of directors.,A financing arm of Indy Titles Pictures. Mr. DaFoe is a major investor.,A non-profit organization which establishes scholarships for aspiring actors. Mr. DaFoe is Vice president.,An experimental theatre group. Willem was one of its original founders.,D,medium,false,
Celebrities,"In To Live and Die in L.A., what were the name and profession of DaFoes character?",Bob Grimes - Lawyer,Rick Masters - Counterfeiter/Artist,Rick Chance -  U.S. Secret Service agent,John Vukovich - Undercover informant,B,medium,false,
Celebrities,"Willem DaFoe acted opposite William Peterson in Michael Manns 1986 film, Manhunter.",False,True,,,A,medium,false,
Celebrities,This 1984 film features Willem DaFoe in one of his first leading roles.,Forbidden Streets,Streets of Fire,Blade Runner,Streets of Desire,B,medium,false,
Celebrities,In which of the following films does Willem DaFoe not appear?,Streets of Fire,English Patient,8 Million Ways to Die,The Last Temptation of Christ,C,medium,false,
Celebrities,Willem DaFoe acted with Mick Jagger in the 1992 Sci-fi thriller Freejack.,True,False,,,B,medium,false,
Celebrities,When was actress Sandra Dee born?,"April 23, 1943","April 23, 1942","April 25, 1942","September 20, 1942",B,medium,false,
Celebrities,Sandra Dees birth name was Alexandra Zuck.,True,False,,,A,medium,false,
Celebrities,Sandra Dee was 4 years old when she entered the second grade.,True,False,,,A,medium,false,
Celebrities,What was the title of Sandra Dees first movie?,Until They Sail,Tammy,Gidget,A Summer Place,A,medium,false,
Celebrities,What was the last movie in which Sandra Dee starred?,Two on a Guillotine,The Dunwich Horror,Lost,Imitation of Life,C,medium,false,
Celebrities,When did actress Sandra Dee die?,"February 21, 2005","December 25, 2000","February 20, 2005","December 21, 2005",C,medium,false,
Celebrities,Which of these describes Bob Newharts stand-up style?,Insult type humor,One-liners delivered one after the other,Off-color jokes with non-political context,One-sided phone calls and a stammering style delivery.,D,medium,false,
Celebrities,How many times did Bob Newhart appear on The Dean Martin Show?,11,24,0,1,B,medium,false,
Celebrities,What is true about The Bob Newhart Show?,"The expression Hi, Bob was said 256 times.",The expression Love that Bob! was said 199 times.,Bobs character has trouble relating to his teenage daughter.,Bobs character is sued for malpractice in his psychiatry practice.,A,medium,false,
Celebrities,What role does Bob Newhart play in Newhart?,Dr. Dick Loudin,Dr. Bob Loudin,Dick Loudin,Bob Loudin,C,medium,false,
Celebrities,When did the sitcom Newhart air?,1982-1990,1979-1987,1981- 1991,1980-1988,A,medium,false,
Celebrities,Who played Bobs blond wife in Newhart?,Julia Duffy,Mary Frann,Suzanne Pleshette,Marcia Wallace,B,medium,false,
Celebrities,Who portrayed the handyman in Newhart?,Tom Poston,Richard Stahl,William Sanderson,Peter Scolari,A,medium,false,
Celebrities,"Who played the rich, spoiled Stephanie Vanderkellen in the sitcom Newhart?",Melanie Chartoff,Julia Duffy,Priscilla Morrill,Marcia Wallace,B,medium,false,
Celebrities,William Sanderson played the local weirdo Larry in Newhart. What were the names of his brothers?,Mitch and  Mike,Louie and Herbie,Sam  and  Sammy,Darryl and Darryl,D,medium,false,
Celebrities,"In the Christmas episode of Newhart, who comes to the inn the day after Christmas?",George and Suzanne,Marcia and Julia,Julia,The three Weismans,D,medium,false,
Celebrities,What is unusual about the opening credits of the sitcom Newhart?,They show a scene from an old Bob Newhart show,They show Bob living in Chicago.,They show Bob and Marcia driving to Vermont.,They show a scene from On Golden Pond.,D,medium,false,
Celebrities,How does the last season of  the show Newhart end?,Bob wakes up next to Emily and finds that he has been dreaming the entire show.,"Bob awakens to find that he has two wives, one blond and one brunette and he owns an inn and a psychology practice.",Bob awakens to find that he is an Illinois psychiatrist who has just bought  a Vermont inn and the entire cast of The Bob Newhart Show is in the inn.,Bob wakes up to find the inn is under sixty inches of snow and the characters are forced to get along.,A,medium,false,
Celebrities,"Comedian and actor, Rodney Dangerfield was born Jacob Cohen on November 22, 1921 in which US state?",Connecticut,California,New York,Pennsylvania,C,medium,false,
Celebrities,"Comedian Rodney Dangerfields first participation in cinema was in 1971, in this movie.",Easy Money,Little Nicky,The Projectionist,Back to School,C,medium,false,
Celebrities,"American comedian, Rodney Dangerfield had two significant relationships in his life, with which two of these women?",Paula Bernstein and Joyce Mathison,Joan Childs and Marian Martaugh,Joyce Indig and Joan Childs,Joan Indig and Paula Bernstein,C,medium,false,
Celebrities,"Besides the 1994 American Comedy Award for lifetime creative achievement, what other significant award did comedian, Rodney Dangerfield win?",Obie,Grammy,Emmy,Oscar,B,medium,false,
Celebrities,"Actor and comedian, Rodney Dangerfield bought a Manhattan nightclub in 1969, which he turned into a comedy club, named what?",Hollywood Comedy Theater,The Comedy Station,Rodneys,Dangerfields,D,medium,false,
Celebrities,"Which of these pseudonyms did comedian Rodney Dangerfield use, before settling on the one he became famous with?",Roger Dangerland,Robbie Danger,Jack Roy,Jackie Davis,C,medium,false,
Celebrities,"In addition voicing the character of Burnss son, Larry Burns, on The Simpsons, Dangerfield was also involved which of these animated films?",Shrek,Rover Dangerfield,The Flintstones,"Monsters, inc.",B,medium,false,
Celebrities,Al Czervik was an important part of Rodney Dangerfields career as comedian and actor.  Who was actually Al Czervik?,Rodneys agent,A character in one of Dangerfields movies,Rodneys childhood idol,Rodneys manager and best friend,B,medium,false,
Celebrities,"On October 5, 2004, actor and comedian Rodney Dangerfield, 82, passed away at the UCLA Medical Center in Los Angeles, California. His death was the result of which of these?",Lung cancer,Drug overdose,Heart valve-replacement surgery,Brain surgery,C,medium,false,
Celebrities,When did the notorious incident in which actor Michael Richards was involved in a shouting match with members of the audience during which he made racist statements happen?,"November 17, 2006","November 19, 2006","September 15, 2006","October 21, 2006",A,medium,false,
Celebrities,What did Michael Richards claim was the cause of his racial tirade in a comedy club in 2006?,Personal problems,Mental problems,Uncontrolled rage,Racism,C,medium,false,
Celebrities,"After the controversial performance in the fall of 2006, Michael Richards opened the next night at the very same location.",True,False,,,A,medium,false,
Celebrities,On what day did Richards appear on late night TV via satellite to apologize and explain the situation?,"November 20, 2006","Octomber 21, 2006","September 19, 2006","November 18, 2006",A,medium,false,
Celebrities,On what nighttime television program did Michael Richards apologize via satellite for the comedy club incident?,The Jimmy Kimmel Show,The Tonight Show,Late Night with Conan OBrien,Late Show with David Letterman,D,medium,false,
Celebrities,Did the comedy club in which the racist incident happened eventually ban Michael Richards from performing at their venue in the future?,Yes,No,,,A,medium,false,
Celebrities,"After the Michael Richards incident in the fall of 2006, comedian Paul Mooney, former regular on the Dave Chappelle Show and frequent user of the N word, vowed never to use that word again in a live press conference.",True,False,,,A,medium,false,
Celebrities,Has it ever been reported that Michael Richards has made anti-Semitic remarks in the past as well?,No,Yes,,,B,medium,false,
Celebrities,"Boris Karloff was born in 1887 in London, England.",False,True,,,B,medium,false,
Celebrities,Boris was orphaned at an early age and raised by his siblings.,True,False,,,A,medium,false,
Celebrities,The first films Boris made in Hollywood were silent.,False,True,,,B,medium,false,
Celebrities,Boris Karloff appeared in the role of Frankenstein in what year?,1931,1928,1936,1941,A,medium,false,
Celebrities,"Even though Boris Karloffs career was closely tied to Bela Lugosi, they were not friends.",True,False,,,A,medium,false,
Celebrities,Boris never starred with film Basil Rathbone (famous for his portrayal Sherlock Holmes)?,True,False,,,B,medium,false,
Celebrities,This movie is considered by the critics Boris Karloff’s greatest performance.,Frankenstein,The Body Snatchers,The Tower of London,The Bride of Frankenstein,B,medium,false,
Celebrities,"Despite his numerous successful roles in cinema, Boris Karloff never tried his hand at TV series.",False,True,,,A,medium,false,
Celebrities,Boris Karloff has how many stars on the Hollywood Walk of Fame?,3,4,2,1,C,medium,false,
Celebrities,In what year did Boris Karloffs Frankenstein monster appear on postage stamps?,1991,1995,1998,1975,C,medium,false,
Celebrities,"What was the first movie, written, directed and produced by M. Night Shyamalan?",Unbreakable,Lady in the Water,The Sixth Sense,Praying with Anger,D,medium,false,
Celebrities,What 1999 movie written and directed by M. Night Shyamalan was nominated for six Oscars?,The Village,The Sixth Sense,Wide Awake,Signs,B,medium,false,
Celebrities,When was M. Night Shyamalans first child born?,1996,1991,1999,1993,A,medium,false,
Celebrities,What is M. Night Shyamalans real name?,Mike Jon Shyamalan,Milo Alex Shyamalan,Manoj Nelliyattu Shyamalan,Nelliate Manoj Shyamalan,C,medium,false,
Celebrities,Where was M. Night Shyamalan raised?,Bosten,New York,Philadelphia,India,C,medium,false,
Celebrities,"What 2002 science fiction/horror movie, starring Mel Gibson and Joaquin Phoenix, was directed by M. Night Shyamalan?",Unbreakable,Signs,The Village,Lady in the water,B,medium,false,
Celebrities,What are the names of M. Night Shyamalans parents?,Nick and Jamie,Nelliate and Jayalakshmi,Harold and Carol,Manoj and Jasmine,B,medium,false,
Celebrities,M. Night Shyamalans parents were both doctors.,True,False,,,A,medium,false,
Celebrities,Which one of M. Night Shyamalans movies received four Golden Raspberry Award nominations?,Lady in the Water,The Village,The Happening,None of these,A,medium,false,
Celebrities,What movie directed by M. Night Shyamalan deals with the supernatural?,Signs,All of these,Unbreakable,The Sixth Sense,B,medium,false,
Celebrities,Late Night with David Letterman premiered in 1985.,False,True,,,A,medium,false,
Celebrities,"In 2002 this film score composer and piano player broke the record for most Oscar nominations without a win with 16, but finally won in 2002 for Best Song in the movie Monsters Inc.",Randy Newman,Alfred Newman,Joe Newman,Paul Newman,A,medium,false,
Celebrities,This American actors famous roles include Oscar Madison and Dr. Quincy.,Ron Perlman,Phil Hartman,Jack Klugman,Scatman Caruthers,C,medium,false,
Celebrities,There is a Bond girl actress with the letters man in her name.,False,True,,,B,medium,false,
Celebrities,Who portrayed Wolverine in 2000?,Arman Poiret,Hugh Jackman,Ron Perlman,Jack Klugman,B,medium,false,
Celebrities,"This actress was in Shes the Man (2006), Hairspray (2007) and had her own show on Nickelodeon (1999-2002).",Melanie Jackman,Amanda Bynes,Amanda Pete,Sarah Manchester,B,medium,false,
Celebrities,"In the mid 80s, this pop singer came out with the hits Touch Me and I Wanna Have Some Fun.",Mandy Moore,Amanda Ridgley,Samantha Fox,Chloe Bergman,C,medium,false,
Celebrities,Lindsay Lohan has been linked to which of the following?,Tory Spellman,Samantha Ronson,Amanda Bynes,Rachel McAdams,B,medium,false,
Celebrities,I talk to the trees but they dont listen to me. I talk to the stars but they never hear me. In what movie did Clint Eastwood sing (sing is not a typo) I Talk to the Trees?,Every Which Way but Loose,Hang em High,The Gauntlet,Paint Your Wagon,D,medium,false,
Celebrities,In which Clint Eastwood directed film would you find the characters Ira Hayes and John Doc Bradley?,Firefox,Flags of Our Fathers,The Eiger Sanction,Heartbreak Ridge,B,medium,false,
Celebrities,"He named his kid Speck Wildhorse. For a while he gave himself a middle name, which means a puma.",Simon LeBon,John Mellencamp,NIkki Sixx,Woody Guthrie,B,medium,false,
Celebrities,She is an Australian-born actress who plays Samantha Spade on a popular TV show. The star of the show is also Australian-born. Her birth name is Poppy Petal Emma Elizabeth Devereaux. What last name does she go by?,Hargitay,Gertz,Rimini,Montgomery,D,medium,false,
Celebrities,"Bill Lear, the developer of the Lear Jet, named his daughter Shanda Lear.",True,False,,,A,medium,false,
Celebrities,"This actor, who was the boss of  John Travolta and  Samuel Jackson in Pulp Fiction, has named his children Freedom, Tiffany , and Rein Beau.",Stanley Tucci,Ving Rhames,Harvey Keitel,Bruce Willis,B,medium,false,
Celebrities,What is in the briefcase that Mary Swanson leaves at the airport in the 1994 comedy Dumb and Dumber?,Some instruments and gadgets,Money,Dirty laundry,Diamonds,B,medium,false,
Celebrities,Which unforgettable character does Jim Carrey portray in the 1995 superhero movie Batman Forever?,Two-Face,Mr. Freeze,Robin,Riddler,D,medium,false,
Celebrities,"What is the reason that Officer Charlie Baileygates (Jim Carrey) develops a split personality in the 2000 comedy Me, Myself  Irene?",He is taking drugs,When the Moon shows he starts acting crazy,He has suppressed his anger all his life,Sugar makes him do insane things,C,medium,false,
Celebrities,"What is the final message shown at the end of the 2007 movie The Number 23, starring Jim Carrey?",You will never find a way out,The end is near,Be sure that your sins will find you out,Nothing else makes sense but the number 23,C,medium,false,
Celebrities,How does Bruce cope with all the prayers that he receives as e-mails in the 2003 comedy Bruce Almighty?,He teaches his dog how to answer them,He ignores them,He deletes them,He says Yes to all,D,medium,false,
Celebrities,"What does little Max wish when hes blowing the candles on his birthday cake in the 1997 comedy movie Liar Liar, starring Jim Carrey?",He wishes for a motorbike,He wishes for a new daddy,He wishes his dad would stop lying for a day,He wishes his parent would get back together,C,medium,false,
Celebrities,What comedy actor directed the 1996 comedy The Cable Guy starring Jim Carrey?,Eddie Murphy,Ben Stiller,Jack Black,Rowan Atkinson,B,medium,false,
Celebrities,"What is the name of Stanley Ipkisss dog in the 1994 action comedy movie The Mask, starring Jim Carrey?",Milo,Shiloh,Remshoh,Buster,A,medium,false,
Celebrities,"The masks of what famous couple are Dick and Jane wearing during their crime spree in the 2005 comedy Fun with Dick and Jane, starring Jim Carrey?",Bill and Hillary Clinton,Bonnie and Clyde,Beavis and Butt-head,Ike and Tina Turner,A,medium,false,
Celebrities,"It was while making this movie that Elizabeth Taylor met her fifth husband, Richard Burton. This movie cost 40 million to make and four years to bring to the big screen. Fox Studio sued Taylor and Burton for depreciating the films commercial value by their scandalous conduct and deportment. Can you name this movie?",The Sandpiper,Ben Hur,Cleopatra,Whose Afraid of Virginia Woolf,C,medium,false,
Celebrities,"Elizabeth Taylors third husband, Mike Todd, won a Best Picture Oscar when he produced Around the World in Eighty Days. Elizabeth Taylor was devastated at his death when his private plane crashed on March 22, 1958. What was the name of Mike Todds plane?",Liz  Liza,Todd-O,Lucky Liz,The Liza,C,medium,false,
Celebrities,Elizabeth Taylors first Oscar-winning role had the tagline The most desirable woman in town and the easiest to find. What number did one just have to call?,Angel 32,BUtterfield 8,Dial M for Murder,BEachwood 4-5789,B,medium,false,
Celebrities,At the age of twelve Elizabeth Taylor rode into Americas heart on a horse called The Pie. What was the name of this 1944 movie?,Black Beauty,National Velvet,Misty,Piebald,B,medium,false,
Celebrities,"Elizabeth Taylor was married on December 4, 1976 to this gentleman who became the Senator from Virginia.",John Warner,Jesse Helms,Bill Bradley,Trent Lott,A,medium,false,
Celebrities,"Elizabeth Taylor and Rock Hudson played Leslie and Bick Benedict in a sprawling modern day western based on Edna Ferbers book, Giant. This movie also featured a young handyman named Jett Rink, played by a young actor who was the first actor to be nominated posthumously for an Academy Award. Who was this actor that was to fast to live and to young to die?",Freddie Prinze,Brandon Lee,James Dean,Nick Adams,C,medium,false,
Celebrities,"When she was a child, Lindsay Lohan appeared along with Bill Cosby in a commercial for what food product?",Quakers Oatmeal,Welchs Grape Juice,Jell-O,Life Cereal,C,medium,false,
Celebrities,"When Lindsay Lohan first moved to Los Angeles, she shared a home with which fellow Disney Star?",Kirsten Storms,Raven Symone,Christy Carlson Romano,Hillary Duff,B,medium,false,
Celebrities,Lindsay Lohan played Bette Midlers on-screen daughter in the first episode of which 2000 sitcom?,Mothers in Love,Single Mother,Bette,Apple of my Eye,C,medium,false,
Celebrities,"What is the debut album by Lindsay Lohan, released on December 7, 2004?",Rumors,Speak,A Little More Personal (Raw),Talking,B,medium,false,
Celebrities,"Lindsay Lohans father, Michael, wanted to develop a reality show about the Lohan family in order to bring the family closer together, after his legal trouble. What was the potential name of this reality show?",Living with the Lohans,Cleaning up Our Act,Life after Court,Meet the Lohans,A,medium,false,
Celebrities,"Which actor portrayed Nick Parker in the 1998 movie The Parent Trap, co-starring with actress Lindsay Lohan?",Anthony Hopkins,Shane West,Dennis Quaid,Demi Moore,C,medium,false,
Celebrities,Lindsay Lohan played the role of Alli Fowler in which soap opera?,One Life to Live,Days of Our Lives,Another World,The Young and the Restless,C,medium,false,
Celebrities,"Lindsay Lohan, a regular subject of tabloid media, has been associated with which of the following rumors?",All of these,Getting Breast Implants,Feuding with Hillary Duff,Having an Eating Disorder,A,medium,false,
Celebrities,"What is the favorite food of actress and singer Lindsay Lohan, according to her fan site?",Cheese Pizza,Grilled Chicken,Salmon,Sushi,D,medium,false,
Celebrities,What was the first movie in which Andy Griffith starred?,Onionhead,No Time for Sergeants,Second Time Around,A Face in the Crowd,D,medium,false,
Celebrities,"Andy Griffith began a life-long friendship with this actor, after meeting him on the movie set of No Time for Sergeants.",Don Knotts,Jamie Farr,Will Hutchins,Nick Adams,A,medium,false,
Celebrities,Andy Griffith stated that Matlock was his favorite role.,True,False,,,A,medium,false,
Celebrities,What actress did Andy Griffith marry in 1983?,Barbara Edwards,Julie Sommers,Cindi Knight,Cindi Turner,C,medium,false,
Celebrities,What is Andy Griffiths middle name?,David,Jesse,Samuel,Lee,C,medium,false,
Celebrities,Andy Griffith appeared in episodes of The Love Boat and Fantasy Island.,True,False,,,A,medium,false,
Celebrities,James Dean was born in Los Angeles and moved to Indiana after his mother died.,True,False,,,B,medium,false,
Celebrities,What car did James Dean drive in Rebel Without a Cause?,1955 Chevrolet Bel Air,1951 Ford,1955 Porsche Speedster,1949 Mercury,D,medium,false,
Celebrities,When did James Dean die?,"September 30, 1955","February 8, 1955","September 1, 1955","October 23, 1955",A,medium,false,
Celebrities,"When James Deans mother died, he went to live with his paternal aunt and uncle.",False,True,,,B,medium,false,
Celebrities,James Dean was not interested in which of the following?,Painting,Fencing,Bull Fighting,Race car driving,B,medium,false,
Celebrities,What was James Deans very first acting job?,Pepsi Cola Commercial,East of Eden,The Immoralist (play),Bubble Gum Commercial,A,medium,false,
Celebrities,James Dean died before Rebel Without a Cause and Giant were released.,True,False,,,A,medium,false,
Celebrities,What was the name of James Deans mother?,Melinda,Mary,Mildred,Margaret,C,medium,false,
Celebrities,There were rumors that James Dean was bisexual.,True,False,,,A,medium,false,
Celebrities,Michael Douglas has been married 3 times prior to 2003.,True,False,,,B,medium,false,
Celebrities,For which of the following movies did Michael Douglas win an Academy Award for best producer?,The Ghost and The Darkness,The China Syndrome,Jewel of The Nile,One Flew Over The Cuckoos Nest,D,medium,false,
Celebrities,In how many 1980s movies did Michael Douglas co-star with Danny DeVito and Kathleen Turner?,3,0,4,2,A,medium,false,
Celebrities,In what state was Michael Douglas born?,New York,Vermont,New Mexico,New Jersey,D,medium,false,
Celebrities,Catherine Zeta-Jones and Michael Douglas were born on the same day in November but not in the same year.,False,True,,,A,medium,false,
Celebrities,For what 1988 movie did Michael Douglas win an Academy Award for best leading actor?,Basic Instinct,Jewel of The Nile,Wall Street,The War of The Roses,C,medium,false,
Celebrities,Where is Michael Douglass mother from?,Los Angeles,Bermuda,Phoenix,Mexico City,B,medium,false,
Celebrities,In 1994 Michael Douglas teamed up with Kathleen Turner to do Basic Instinct.,False,True,,,A,medium,false,
Celebrities,How many children did Michael Douglas have prior to 1999?,5,3,2,1,D,medium,false,
Celebrities,In the movie Falling Down Michael Douglas played a disgruntled postal worker.,True,False,,,B,medium,false,
Celebrities,Between 1966 and 2006 Michael Douglas was involved in at least one movie per year.,False,True,,,A,medium,false,
Celebrities,In which U.S. state was actress Meryl Streep born?,New York,Philadelphia,New Jersey,Pennsylvania,C,medium,false,
Celebrities,What is the middle name of Meryl Streep?,Elisa,Jane,Erika,Louise,D,medium,false,
Celebrities,Which one of these actresses is known to have despised Meryl Streep as an actress?,Bette Davis,Audrey Hepburn,Katharine Hepburn,Lucille Ball,C,medium,false,
Celebrities,For which of the following movies did Meryl Streep win the Best Actress Oscar?,Adaptation,Sophies choice,The Deer Hunter,Kramer vs Kramer,B,medium,false,
Celebrities,In which movie did Meryl Streep play a cynical and ruthless fashion magazine editor?,Death Becomes Her,The Manchurian Candidate,The Devil Wears Prada,Silkwood,C,medium,false,
Celebrities,This actress was replaced by Meryl Streep for the lead in Music of the Heart.,Catherine Zeta-Jones,Jennifer Lopez,Madonna,Nicole Kidman,C,medium,false,
Celebrities,In which category did Meryl Streep win an Oscar for her role as Joanna Kramer in Kramer vs Kramer.,Best make-up,Best Actress,She didnt win,Best Actress in a Supporting Role,D,medium,false,
Celebrities,In what year did Meryl Streep receive her first Academy Award nomination?,1960,1980,1985,1979,D,medium,false,
Celebrities,Which of the following actresses did not co-star with Meryl Streep in the 2002 movie The Hours.,Julianne Moore,Nicole Kidman,Courteney Cox,Miranda Richardson,C,medium,false,
Celebrities,Meryl Streep voiced a character in which of the following animation movies?,A bugs life,The Little Mermaid,The Ant bully,Shrek,C,medium,false,
Celebrities,"The movie Man on the Moon, directed by Milos Forman, was based on the life story of this legendary stand-up comedian.",Jake Johannsen,Arsenio Hall,D.L. Hughley,Andy Kaufman,D,medium,false,
Celebrities,"The work of this legendary stand-up comedian has influenced many other performers, and artists like Radiohead, Tool, Fila Brazilla have albums, dedicated to his memory.",Darrell Hammond,Brian Haley,Bill Hicks,Johnny Hardwick,C,medium,false,
Celebrities,"The words  I used to do drugs. I still do, but I used to, too belong to which of these stand-up comedians?",Mitch Hedberg,Fred Wolf,Ron White,Mark Wirtz,A,medium,false,
Celebrities,"This legendary Academy Award-winning actor, who starred in numerous movies such as Good Will Hunting, Hook and Popeye, begun his career as a stand-up comedian.",Mat Damon,Dustin Hoffman,Gabriel Birne,Robin Williams,D,medium,false,
Celebrities,"This legendary stand-up comic, who starred in many cult movies, such as Reservoir Dogs and Coffee and Cigarettes, is famous for his slow, monotonous voice and deadpan delivery.",Vince Vaughn,Steve Buscemi,Steven Wright,Roberto Benigni,C,medium,false,
Celebrities,"This great stand-up comedian, is most famous for hosting The Daily Show on Comedy Central.",Red Skelton,Jay Leno,Jon Stewart,Joe Rogan,C,medium,false,
Celebrities,"This American Golden Globe- and Emmy Award-winning actor and comedian, produced, co-wrote and starred in Bee Movie.",Paul Rodriguez,Don Rickles,Bob Saget,Jerry Seinfeld,D,medium,false,
Celebrities,"This legendary stand-up comedian, has reached world fame and acclaim with numerous blockbusters, such as Beverly Hills Cop, The Nutty Proffesor, Boomerang and many others.",Chris Rock,Eddie Murphy,Martin Lawrence,Eddie Griffin,B,medium,false,
Celebrities,"This legendary stand-up comedians most controversial routine, called Seven Dirty Words, was the central focus of the Supreme Court case F.C.C. v. Pacifica Foundation.",Cedric the Entertainer,George Carlin,Tommy Chong,Robin Williams,B,medium,false,
Celebrities,This American comedians most famous stand-up routines include Killing Them Softly and For What Its Worth.,Mario Cantone,George Burns,Dave Chappelle,Drew Carey,C,medium,false,
Celebrities,Which statement concerning Sidney Poitiers birth is true?,He was born on February 20th in 1927 in Florida.,"He was born on February 20th in 1937 on Cat Island, the Bahamas.",He was born on February 20th in 1927 on St. Kitts.,"He was born on February 20th in 1927 on Cat Island, the Bahamas.",A,medium,false,
Celebrities,Which statement is untrue about Sidney Poitier?,"When he was 16, he moved to new York to study acting.","While a drama student, Poitier was once the understudy for Harry Belafonte.",Poitier worked as a janitor in The American Negro Theater in exchange for drama lessons.,Poitier came to the USA after graduating from High School in the Bahamas.,D,medium,false,
Celebrities,Sidney Poitiers first big break came when he was featured in this famous Greek play.,The Wasps,Lysistrata,Oedipus Rex,The Birds,B,medium,false,
Celebrities,Sidney Poitiers first big hit movie was about an African-American doctor who confronts racist felons in a prison hospital ward. What was the name of this movie?,Blackboard Jungle,Concrete Jungle,No Way out,Stir Crazy,C,medium,false,
Celebrities,Sidney Poitier starred in the movie version of this Lorraine Hansberry play.,All the Young Men,Paris Blues,A Raisin in the Sun,Lilies of the Field,C,medium,false,
Celebrities,What was the name of the movie in which Sidney Poitier and Tony Curtis played runaway prisoners who were chained together.,The Concrete Jungle,The Defiant Ones,In The Heat of the Night,The Blackboard Jungle,B,medium,false,
Celebrities,Sidney Poitier was the first African American to win the Oscar for Best Actor. For which movie did he win this award?,The Jackal,Lilies of the Field,Guess Whos Coming to Dinner,Porgy and Bess,B,medium,false,
Celebrities,"Sidney Poitier wrote this movie in which he stars as a possible love interest for Abbey Lincoln, a maid.",For the Love of Ivy,Pretty Maids All in a Row,For the Love of Mary,The Preacher,A,medium,false,
Celebrities,In which of these movies did Sidney Poitier play a teacher?,To Sir with Love,In the Heat of the Night,Blackboard Jungle,Lets Do It Again,A,medium,false,
Celebrities,Sidney Poitiers first wife was Juanita Hardy. This made this famous boxer Sidneys brother-in-law.,Jack Johnson,Mike Tyson,Archie Moore,Joe Louis,C,medium,false,
Celebrities,Sidney Poitier was named US Ambassador to Japan in 1997.,True,False,,,B,medium,false,
Celebrities,"This English guitarist, singer-songwriter and pianist is best known for his work with Humble Pie and his signature model Les Paul.",Jeff Beck,Peter Frampton,Ace Freely,Don Henley,B,medium,false,
Celebrities,"This A-List actor got his first movie break in the movie The Cry Baby Killer and has been nominated for an Academy Award in 5 different decades. If youre the lucky actress starring with him and he wins an Oscar, youll win one too...its happened 3 times!",Roger Corman,Jack Nicholson,Peter Lorre,Dennis Hopper,B,medium,false,
Celebrities,"Not only did Marilyn Monroe star in 1953s Calamity Jane, but she was also an accomplished singer having several chart toppers.",False,True,,,A,medium,false,
Celebrities,Although this actors career didnt last that long his legacy will live on through his movies. He was born in 1931 and was the 1st actor to receive a posthumous Academy Award nomination for Best Actor.,David Bacon,Christopher Marlowe,James Dean,Brandon de Wilde,C,medium,false,
Celebrities,"Lynn Redgrave starred in the movies Julia, Deja Vu and made an appearance on the television series Nip/Tuck.",False,True,,,A,medium,false,
Celebrities,"Ms. Farrah Fawcett was born in Corpus Christi, Texas.",False,True,,,B,medium,false,
Celebrities,"Ms. Farrah Fawcett appeared in several commercials, including a campaign for what shampoo company?",Pert,Vidal Sasoon,Wella Balsam,Noxema,C,medium,false,
Celebrities,On what series was Farrah Fawcetts first television guest spot?,Six Million Dollar Man,Bewitched,I Dream of Jeannie,American Love,C,medium,false,
Celebrities,Farrah Fawcetts last major movie appearance was in this 2004 film where she played the wife of Danny Glovers character.,Barbershop 2,Undead,The Cookout,50 First Dates,C,medium,false,
Celebrities,"Farrah Fawcett was of German, English, and Choctaw Native American ancestry.",True,False,,,B,medium,false,
Celebrities,Farrah Fawcett was married to both Ryan ONeal and Lee Majors.,False,True,,,A,medium,false,
Celebrities,What was the cause of Ms. Farrah Fawcetts death?,Car accident,Suicide,Cancer,Overdose,C,medium,false,
Celebrities,What 1980 movie starred Farrah Fawcett and Kirk Douglas?,Saturn 3,The Blue Lagoon,Superman II,Extremities,A,medium,false,
Celebrities,Farrah Fawcett starred in this comedy series that ran from 1996-2002. She appeared on the show after Michael J. Fox left in 2000.,Spin City,Judging Amy,Seinfeld,Growing Pains,A,medium,false,
Celebrities,What is his nickname of New Zealand-Australian film actor Russell Crowe?,Rusty,The Crow,The Grunt,Cruel Crowe,A,medium,false,
Celebrities,"In 2003, Russell Crowe married this woman.",Lucille Chadwick,Meg Ryan,Danielle Spencer,Claire Louise,C,medium,false,
Celebrities,In 1999 Russell Crowe appeared in his first Disney movie. What was its name?,Team Play,The Big Green,Five on the Ice,"Mystery, Alaska",D,medium,false,
Celebrities,"In 2000 Russell Crowe directed and produced a documentary about his band, Thirty Odd Foot of Grunts.  What is the name of this movie?",Texas,The Showcase,The Commitments,The Grunts,A,medium,false,
Celebrities,"This 2007 movie about a rough gang that roamed a suburb of Sydney, was directed by Russell Crowe.",The Abbertons,Sydney Peak,South Dorchester,The Bra Boys,D,medium,false,
Celebrities,For which movie did Russell Crowe win his first Oscar?,Gladiator,The Insider,Cinderella Man,A Beautiful Mind,A,medium,false,
Celebrities,Russell Crowe was in this 2007 movie about a 1970s American drug dealer who tries to import heroin in the coffins of Vietnam war soldiers.,H,The Boys in Company C,Horse,American Gangster,D,medium,false,
Celebrities,In 1992 Russell Crowe starred with Anthony Hopkins in this movie in which big business is taught to smell the roses.,Inside Moves,L.A. Confidential,Spotswood,All the Right Moves,C,medium,false,
Celebrities,In the movie Cinderella Man Russell Crowe plays boxer Jim Braddock. Who played Jim Braddocks wife?,Jenny Agutter,Meg Ryan,Toni Collette,Renee Zellweger,D,medium,false,
Celebrities,Russell Crowe portrayed the Nobel Prize winner John Nash in the 2001 movie A Beautiful Mind. When did John Nash win the Nobel Prize in mathematics?,1992,He never did win the Nobel Prize in Mathematics.,1994,1991,B,medium,false,
Celebrities,This great English actor died during the filming of the 2000 movie Gladiator.,Richard Harris,Richard Burton,Oliver Reed,Tony Burton,C,medium,false,
Celebrities,Which actor plays Mike Wallace in the 1999 movie The Insider?,Christopher Plummer,Guy Pearce,Al Pacino,James Cromwell,A,medium,false,
Celebrities,The 1997 movie L.A. Confidential focuses on the investigation of a murder by three different detectives.  Which of these actors is not in the movie?,Ron Rifkin,Denzel Washington,James Cromwell,Guy Pearce,B,medium,false,
Celebrities,"In the 2000 movie Proof of LIfe, Russell Crowes character gets the kidnapped victim home safely. Who plays this victim?",Ron Rifkin,Meg  Ryan,Kevin Spacey,David Morse,D,medium,false,
Celebrities,Which of the following actors did Robin Williams go to school with?,None of these,Christopher Reeve,Robert Dinero,Al Pacino,B,medium,false,
Celebrities,"Robin Williams started his acting career as a stand-up comedian, performing for tips only.",True,False,,,A,medium,false,
Celebrities,Which of the following movies did Robin Williams not appear in?,The World according to Garp,Popeye,The Bridges of Madison county,The Birdcage,C,medium,false,
Celebrities,How many children does Robin Williams have with his first wife?,0,3,2,1,D,medium,false,
Celebrities,Robin Williams had a serious addiction to cocaine.,True,False,,,A,medium,false,
Celebrities,Robin Williams older brother died in 2007. What was the cause of his death?,Drug overdose,Complications from heart surgery,Car accident,Lung Cancer,B,medium,false,
Celebrities,Paul McCartney wrote this Beatles tune reportedly about a real life event involving a member of the Moody Blues.,I Want You (Shes So Heavy),She Came in Through the Bathroom Window,You Never Give Me Your Money,Why Dont We Do It in the Road,B,medium,false,
Celebrities,This Beatles song is from the Yellow Submarine album (1969) and written by John Lennon.,Honey Pie,Lady Madonna,Hey Bulldog,Its All Too Much,C,medium,false,
Celebrities,This psychedelic song by George Harrison was originally meant to be included on the Sgt. Peppers Lonely Hearts Club Band album.,Tomorrow Never Knows,Savoy Truffle,Only a Northern Song,Blue Jay Way,C,medium,false,
Celebrities,Which Beatles album is the song featured in the sound clip found on?,Rubber Soul,The White Album,Abbey Road,Let It Be,D,medium,false,
Celebrities,This White Album tune is about an old fairy tale that John Lennon remembered from his youth.,Rocky Raccoon,The Continuing Story of Bungalow Bill,Cry Baby Cry,"Ob-La-Di, Ob-La-Da",C,medium,false,
Celebrities,This song from the Revolver album is about one of John Lennons first LSD trips.,Doctor Robert,Tomorrow Never Knows,She Said She Said,Im Only Sleeping,C,medium,false,
Celebrities,"This Harrison tune was performed on the Beatles very last concert in Candlestick Park on August 29, 1966.",Dont Bother Me,Do You Want to Know a Secret,If I Needed Someone,Taxman,C,medium,false,
Celebrities,This was the first song to be credited as being written by all four members of the Beatles.,Good Night,All Together Now,Flying,Good Day Sunshine,C,medium,false,
Celebrities,This song was the B-side of the A Hard Days Night single in the UK.,When I Get Home,Every Little Thing,I Should Have Known Better,Things We Said Today,D,medium,false,
Celebrities,"This song is reportedly about McCartneys muse, and appears on their White Album.",Mother Natures Son,Dear Prudence,Martha My Dear,I Will,C,medium,false,
Celebrities,"Mick Jagger was present during the recording of this song, and is thought to have contributed backing vocals.","Good Morning, Good Morning",And Your Bird Can Sing,Your Mother Should Know,Baby Youre a Rich Man,D,medium,false,
Celebrities,The Great Wall Marathon along the Great Wall of China is annually held in what month?,August,March,December,May,D,medium,false,
Celebrities,Which of the following was not invented in China?,Compass,Glass,Paper,Gunpowder,B,medium,false,
Celebrities,"What is the name of the science that studies China, Chinese history and Chinese culture?",Chinology,Cynology,Sinology,Cinelogy,C,medium,false,
Celebrities,"Which of these statements about the giant panda, native to southern and central China, is true?",The giant panda is not a bear but a large raccoon.,The giant panda hibernates.,The giant panda is also native to South America.,The giant pandas pupils are vertical slits.,D,medium,false,
Celebrities,Which of these variants of the Chinese language has the largest number of native speakers?,Mandarin,Wu,Cantonese,Xiang,A,medium,false,
Celebrities,Who was the first foreign political leader to visit the world-famous Shaolin temple in China?,Russian President Vladimir Putin,UK Prime Minister Tony Blair,South African President Nelson Mandela,U.S. President George W. Bush,A,medium,false,
Celebrities,Which of these martial arts is not Chinese?,Dragon Kung Fu,Shaolin Quan,Kuen-Do,Taekwondo,D,medium,false,
Celebrities,What two colours are featured on the national flag of the Peoples Republic of China?,White and green,Red and white,Blue and yellow,Red and yellow,D,medium,false,
Celebrities,Which of these lines consists only of movies starring Chinese actress Zhang Ziyi?,"Crouching Tiger Hidden Dragon, Ballistic: Ecks vs. Sever","Memoirs of a Geisha, House of Flying Daggers","Hero, Kill Bill: Volume 1","Rush Hour 2, Charlies Angels: Full Throttle",B,medium,false,
Celebrities,Which is the most populous city in the Peoples Republic of China?,Hong Kong,Nanjing,Beijing,Shanghai,D,medium,false,
Celebrities,Fill in the blank in this song by Elton John:,,,,,A,medium,false,
Celebrities,"Name the girl mentioned in the song Crocodile Rock. I remember when rock was young, Me and ________ had so much fun.",Suzie,Silvia,Sandy,Stacy,A,medium,false,
Celebrities,"What is the title of the song by Elton John which contains these lyrics? And I want you to be my acrobat, I want you to be my lover Oh there were others who would treat you cruel....",Lady Samantha,Little Jeannie,Amy,Tiny Dancer,B,medium,false,
Celebrities,Who plays the organ in the Elton John song Sixty Years On?,Magdelena,Maggie May,Magellana,Mary Martha,A,medium,false,
Celebrities,What is the title of the song containing these lyrics? Tread on my face if you like little lady Turn me inside out if you have to baby But dont you cross me off your list I am young and I aint never been kissed Never been kissed by a lady called ______.,Suzie,Samantha,Heather,Amy,D,medium,false,
Celebrities,Who glides over the hill in a long satin dress that she wears every day according to a song by Elton John?,Princess Brenda,Clementine,Sweet Rose,Lady Samantha,D,medium,false,
Celebrities,Whose song opens with these lines? Cast a pebble on the water Watch the ripples gently spreading Tiny daughter of the Camargue We were meant to be together?,Michelles Song,Little Jeannies Song,Maggie Thatchers Song,Lady Samanthas Song,A,medium,false,
Celebrities,"Halle Berry was born in Columbus, Ohio.",True,False,,,B,medium,false,
Celebrities,Ms. Halle Berry has been the executive producer on at least 2 projects.,True,False,,,A,medium,false,
Celebrities,Name Halle Berrys first movie. It was released in 1991 and her characters name was Vivian.,Strictly Business,Boomerang,Swordfish,Jungle Fever,D,medium,false,
Celebrities,What famous actress did Halle Berry portray in a 1999 television movie?,Josephine Baker,Eartha Kitt,Dorothy Dandridge,Pearl Bailey,C,medium,false,
Celebrities,Halle Berry made several early appearances on television. Her first series role was in 1989 on this sitcom spinoff of Whos the Boss.,Paradise,Whos Your Boss,Phenom,Living Dolls,D,medium,false,
Celebrities,"Halle Berry won Miss Teen All-American, Miss Ohio and Miss USA.",True,False,,,B,medium,false,
Celebrities,Name the movies in which Halle Berry has starred with Hugh Jackman.,"X-Men 1-3, Die Another Day","Catwoman, X-Men 1  3","Swordfish, X-Men 1-3","Monsters Ball, X-Men 1-2, Executive Decision",C,medium,false,
Celebrities,When was actor Orlando Bloom born?,"January 13, 1978","January 13, 1977","January 15, 1978","January 12, 1977",B,medium,false,
Celebrities,What was Orlando Blooms first major screen role?,Legolas Greenleaf,Joe Byrne,Will Turner,Hawkeye,A,medium,false,
Celebrities,Orlando Bloom made his film debut in the movie Wilde.,True,False,,,A,medium,false,
Celebrities,As a teenager Orlando Bloom was diagnosed with dyslexia.,False,True,,,B,medium,false,
Celebrities,What sign is Orlando Bloom according to the Chinese horoscope?,Horse,Cock,Pig,Dragon,D,medium,false,
Celebrities,What role did Orlando Bloom play in the 2004 movie Troy?,Achilles,Menelaus,Paris,Hector,C,medium,false,
Celebrities,Orlando Bloom attended the Guildhall School of Music and Drama.,False,True,,,B,medium,false,
Celebrities,Broderick Crawford once played the role of J. Edgar Hoover.,True,False,,,A,medium,false,
Celebrities,How did Broderick Crawford die?,He committed suicide.,He was killed doing a stunt.,He suffered from cancer.,He had a series of strokes that proved fatal.,D,medium,false,
Celebrities,Broderick Crawford won an Academy Award for Best Actor in 1949 by playing the character of Willie Stark in which movie?,Rowdy Boys,All The Kings Men,Then Came a Fisherman,Route 66,B,medium,false,
Celebrities,How many stars does Broderick Crawford have on the Hollywood Walk of Fame?,2,1,4,0,A,medium,false,
Celebrities,Broderick Crawfords most notable role probably came as Chief Dan Matthews in which television program?,Adam 12,Dragnet,Route 66,Highway Patrol,D,medium,false,
Celebrities,What production did Broderick Crawfords Broadway acting career began on?,Of Mice and Men,The Odd Couple,King Lear,Cats,A,medium,false,
Celebrities,What was the occupation of Broderick parents?,Crawford was an orphan.,Teachers,A dock worker and a writer,Vaudeville performers,D,medium,false,
Celebrities,Broderick Crawford was often type-cast as in what specific role?,A dimwit,A father figure,A rough talking tough guy,A well-mannered bore,C,medium,false,
Celebrities,Broderick Crawford appeared on the American TV series CHiPs in at least one episode.,False,True,,,B,medium,false,
Celebrities,What year was Robert De Niro born?,1948,1940,1945,1943,D,medium,false,
Celebrities,Which of the following is not a Robert De Niro movie?,Mean Streets,Bang the Drum Slowly,The Departed,Taxi Driver,C,medium,false,
Celebrities,Robert De Niro is the co-founder of a film production company.,True,False,,,A,medium,false,
Celebrities,For which of these movies did Robert De Niro gain over 60 pounds?,Casino,Raging Bull,The Godfather II,Goodfellas,B,medium,false,
Celebrities,Who did Robert De Niro say was his favorite actress to work with?,Meryl Streep,Juliette Lewis,Julia Roberts,None of These,A,medium,false,
Celebrities,What condition was Robert De Niro diagnosed with in 2003?,lung cancer,none of these,heart disease,prostate cancer,D,medium,false,
Celebrities,"This comedian, who co-starred with Edward Gallagher in the vaudeville act Gallagher and Shean, was Marx Brothers uncle.",Al Shean,Max Shean,Franz Shean,Joseph Shean,A,medium,false,
Celebrities,"Who was the first of the Marx Brothers to go on stage in, 1905?",Groucho,Manfred,Harpo,Chico,A,medium,false,
Celebrities,"Which of the Marx Brothers wore a red wig, carried a taxi-cab horn and never spoke?",Chico,Zeppo,Gummo,Harpo,D,medium,false,
Celebrities,What were the first two talkie movies released by the Marx Brothers in 1929 and 1930?,The Cocoanuts and Monkey Business,The Cocoanuts and Animal Crackers,Monkey Business and Horse Feathers,Humor  Risk and Animal Crackers,B,medium,false,
Celebrities,Which was the Marx Brothers first feature length movie that was not based on a Broadway show?,The House That Shadows Built,Monkey Business,Horse Feathers,Duck Soup,B,medium,false,
Celebrities,What was the first movie that the Marx Brothers made for MGM with producer Irving Thalberg?,Room Service,A Day at the Races,A Night at the Opera,Go West,C,medium,false,
Celebrities,Why did the Marx Brothers shoot the movies A Night at Casablanca and Love Happy?,They were trying a new formula with Groucho in the role of a villain.,They had to pay Chicos gambling debts.,None of these,They needed the money to pay back taxes.,B,medium,false,
Celebrities,What was the name of the TV special in which the Marx Brothers last appeared together in 1959?,The Incredible Jewel Robbery,The Show of Shows,The Incredible Brothers,The New Cocoanuts,A,medium,false,
Celebrities,"In 1955, Harpo, one of the Marx Brothers, appeared in a scene with Lucille Ball, on which popular sitcom?",The Man Who Came To Dinner,Duck Soup,I Love Lucy,I Love Betty,C,medium,false,
Celebrities,Which famous entertainer said that Steve Allen was so multi-talented that he could be on every page in the yellow page phone book?,Dave Garroway,Andy Williams,Johnny Carson,Jack Paar,B,medium,false,
Celebrities,Which line presents Steve Allens date and place of birth?,"December 26, 1932, Drake, Iowa","December 26, 1926, Encino, California","December 26, 1935, Tempe, Arizona","December 26, 1921, New York City",D,medium,false,
Celebrities,"Comedian Milton Berle often made Steve Allens mother, Belle Montrose what compliment?",She was the best mother in vaudeville,She was the most beautiful woman in vaudeville,She had the best singing voice in vaudeville,She was the funniest woman in vaudeville,D,medium,false,
Celebrities,"Which famous expression did Steve Allen coin, while participating in a game show?",Wanna buy a duck?,Is it bigger than a bread box?,Would you like to make a deal?,Who do you trust?,B,medium,false,
Celebrities,Which statement best describes Steve Allens personal life?,He was never married and had no children.,His first marriage lasted less than 10 years but his second was a 46-year one.,He was happily married to the same woman for almost 58 years.,"He was married six times, each ending in divorce.",B,medium,false,
Celebrities,"In the late 1950s, Steve Allen used what pseudonym for his music album?",Sol Yaged,Nat Hentoff,Al Cohn,Buck Hammer,D,medium,false,
Celebrities,In what year did Steve Allen introduce the First Tonight Show?,1956,1952,1972,1960,A,medium,false,
Celebrities,Which of these innovation was instituted by Steve Allen on the Tonight Show?,He had at least two musical guests on each show.,He had a dancing act once a week,He had a scientist as one of his regular visitors.,He played jazz piano on every show.,C,medium,false,
Celebrities,"According to the Guinness Book of World Records, how many songs did Steve Allen write in his life?",1750,8500,7500,3000,B,medium,false,
Celebrities,Which of these songs was not written by Steve Allen?,Gravy Waltz,The Tonight Show Theme,Pretend You Dont See Her,Cool Yule,B,medium,false,
Celebrities,What was the name of Steve Allens music company?,AM Records,Allen Music Corporation of America,Meadowlane Music,Steverino Music,C,medium,false,
Celebrities,"What song by Steve Allen is played, when a football player is enshrined in the Pro Football Hall of Fame?",Meeting of Minds,Ten Feet Tall,The Wake,Reflections,B,medium,false,
Celebrities,When and where was Jerry Lewis born?,"3/16/1926 in Newark, NJ","3/16/1941 in Baltimore, MD","3/16/1936 in Paterson, NJ","3/16/1946 in Brooklyn, New York",A,medium,false,
Celebrities,Jerry Lewis was thrown out of high school for hitting his principal.,False,True,,,B,medium,false,
Celebrities,Which is not one of the nicknames of Jerry Lewis?,Pichiatelli,Le Roi du Crazy,The King of Comedy,The Loud One,D,medium,false,
Celebrities,Which is the theme song of Jerry Lewis?,Its So Nice We Had This Time Together,"Laugh Clown, Laugh",Youll Never Walk Alone,Rock-a Bye Your Baby,D,medium,false,
Celebrities,Jerry Lewis has 5 biological children. How many of them are girls?,2,0,1,4,B,medium,false,
Celebrities,Jerry Lewis had a top 20 music album.,True,False,,,A,medium,false,
Celebrities,Jerry Lewis has often taught film classes in California. Which answer includes two of his students?,George Lucas and Steven Spielberg,Francis Ford Coppola and Nicholas Cage,Martin Cortese and David Mamet,M.Night Shamlyn and Christopher Walken,A,medium,false,
Celebrities,For which of these awards was Jerry Lewis nominated in 1977?,The Nobel Prize in Literature,The Nobel Peace Prize,The Lifetime Achievement Award of the Tribeca Film Festival.,The Sundance Best Director Award,B,medium,false,
Celebrities,From which of these ailments has Jerry Lewis never suffered?,diabetes,prostate cancer,lung cancer,pulmonary fibrosis,C,medium,false,
Celebrities,Jerry Lewis was pronounced clinically dead in 1982.,False,True,,,B,medium,false,
Celebrities,"In the 1983 movie The King of Comedy, Robert DeNiro played the wanna-be comedian. He based his routine on the comedy of this actor.",Richard Lewis,Lenny Bruce,Mort Sahl,Richard Belzer,D,medium,false,
Celebrities,Which statement concerning Jerry Lewis is incorrect?,"After their breakup in 1956, Jerry Lewis and Dean Martin never appeared together.","Every Muscular Dystrophy Telethon has raised at least $1,000,000",One of Jerrys sons had a top ten hit with This Diamond Ring.,The character of Professor Frink on The Simpsons is based on Jerry Lewis.,A,medium,false,
Celebrities,Which of these English actors is not a member of the comedy group Monty Python?,Graham Chapman,Terry Gilliam,Sir Anthony Hopkins,John Cleese,C,medium,false,
Celebrities,"What was the comedy show Saturday Night Live called, when it first aired on NBC?",The Saturday Sketch Show,NBCs Saturday Night,The Saturday Night Show,Saturday Night Comedy,B,medium,false,
Celebrities,Which of these people wasnt impersonated by Dave Chappelle on the sketch program Chappelles Show?,George W. Bush,Lil Jon,Samuel L. Jackson,Martin Luther King Jr.,D,medium,false,
Celebrities,"This sketch comedy show, starring Aziz Ansari, Rob Huebel and Paul Scheer, premiered on MTV on April 5, 2007.",Human Giant,Wondershowzen,Funny or Die,Mind of Mencia,A,medium,false,
Celebrities,Which famous actor played the role of Bruce Dickinson in the famous Saturday Night Live sketch More Cowbell?,Al Pacino,Christopher Walken,Rober De Niro,Dustin Hoffman,B,medium,false,
Celebrities,Which famous funk singer did Dave Chappelle impersonate in the first sketch of the series Charile Murphys True Hollywood Stories?,Rick James,Ike Turner,Michael Jackson,Isaac Hayes,A,medium,false,
Celebrities,The sketch comedy program Mr. Show with Bob and David was created by stand-up comedian David Cross and this actor.,Bob Saget,Bob Odenkirk,Bob Newhart,Bob Hope,B,medium,false,
Celebrities,Which of these actors was not among the cast of the Canadian sketch comedy show Second City Television?,John Candy,Eddie Murphy,Eugene Levy,Joe Flaherty,B,medium,false,
Celebrities,The movie Monty Pythons Life of Brian was a parody of which of these Biblical stories?,the story of Joseph,the story of Jesus,the story of Noah,the story of Moses,B,medium,false,
Celebrities,Which of these famous American comedians served as the first host of Saturday Night Live?,Elliott Gould,Buck Henry,George Carlin,Richard Pryor,C,medium,false,
Celebrities,Walter Brennan won an Academy Award for playing this character in the John Wayne movie Rio Bravo.,Stumpy,Festus,Lumpy,Bull,A,medium,false,
Celebrities,What popular 50s rock and roll singer played the brother of John Waynes character in the movie North to Alaska?,Elvis Presley,Bobby Vee,Ricky Nelson,Fabian,D,medium,false,
Celebrities,Name the three John Wayne movies in which Ben Johnson played a supporting character.,"The Hellfighters, Big Jake, Chisum","Green Berets, Fort Apache, Train Robbers","Sands of Iwo Jima, Rio Grande, McClintock","Rio Lobo, She Wore a Yellow Ribbon, and The Undefeated",D,medium,false,
Celebrities,"In this movie, John Wayne played aging US Cavalry Capt. Nathan Cutting Brittles.",She Wore a Yellow Ribbon,Rio Grande,Fort Apache,Rio Lobo,A,medium,false,
Celebrities,"In the movie, The Quiet Man, John Waynes characters name was John Thorn.",True,False,,,B,medium,false,
Celebrities,"John Waynes nickname, Duke, derived from the name of his childhood dog.",False,True,,,B,medium,false,
Celebrities,Name the three movies in which John Wayne and Maureen OHara co-starred.,"McLintock, Big Jake, and Wings of Eagles","She Wore a Yellow Ribbon, Rio Grande, and Red River","The Hellfighters, The Quiet Man, and The Undefeated","Green Berets, Rio Lobo, and The Man Who shot Liberty Valance",A,medium,false,
Celebrities,Which of the following John Wayne characters is not correctly matched with the movie?,Major John Stryker in Sands of Iwo Jima,G.W. McLintock in McLintock,Chance Buckman in The Hellfighters,John Chisum in Chisum,A,medium,false,
Celebrities,What was the name of John Waynes horse in the movie True Grit?,Star,Ol Buck,Ol Blue,Ol Blacky,C,medium,false,
Celebrities,What part did John Wayne play in the movie The Greatest Story Ever Told?,Roman Centurion,Apostle,Roman General,Roman Senator,A,medium,false,
Celebrities,"John Wayne played various roles, but he never portrayed a baseball player.",True,False,,,A,medium,false,
Celebrities,John Wayne costarred with Sophia Loren.,True,False,,,A,medium,false,
Celebrities,Which John Wayne character is correctly matched with the movie?,Cord McNally - Rio Bravo,John T. Chance - Rio Lobo,J.B. Books - The Shootist,Chance Buckman - The Undefeated,C,medium,false,
Celebrities,"Tom Felton, who is popular for the role of Harry Potters principal rival, Draco Malfoy, was born on this date.","28 September, 1987","28 September ,1988","22 September, 1987","22 September, 1988",C,medium,false,
Celebrities,At what age did Tom Felton start acting?,9,6,8,7,C,medium,false,
Celebrities,"Besides being an actor, Tom Felton is also a talented singer.",False,True,,,B,medium,false,
Celebrities,Tom Felton has sang with the Guildford Cathedral Choir.,False,True,,,A,medium,false,
Celebrities,Tom had read all the Harry Potter books before being cast as Draco Malfoy in the Harry Potter series.,True,False,,,B,medium,false,
Celebrities,"Originally, Tom Felton auditioned for the role of Harry Potter.",False,True,,,B,medium,false,
Celebrities,Duck hunting is one of Tom Feltons favourite pastimes.,True,False,,,B,medium,false,
Celebrities,What is Tom Feltons full name?,Thomas Louis-Andrew Felton,Thomas Louis Felton,Thomas Andrew Felton,Thomas Hunter Felton,C,medium,false,
Celebrities,"What piece of furniture did Frank Welker play in the the Oscar nominated, Disney masterpiece, Beauty and the Beast?",A chair,A footstool,A dresser,A table,B,medium,false,
Celebrities,Which movie star beat out Frank Welker to become number one on Top 100 Stars of the 1980s list?,Tom Cruise,Dan Aykroyd,Harrison Ford,Eddie Murphy,C,medium,false,
Celebrities,Where was Debra Messing born?,"Brooklyn, New York","Santa Monica, California","Boston, Massachusetts","Providence, Rhode Island",A,medium,false,
Celebrities,From which college did American actress Debra Messing graduate?,Brandeis,Northeastern,Boston College,Boston College,A,medium,false,
Celebrities,TV actress Debra Messing was voted Junior Miss of what state?,Massachusetts,New York,Rhode Island,California,C,medium,false,
Celebrities,"Which actor and screenwriter did Debra Messing marry on September 3, 2000?",Chad Zola,Ben Zwygmund,Daniel Zelman,Anthony Ziegler,C,medium,false,
Celebrities,The first TV show appearance of Emmy Award-winning actress Debra Messing was in which of these TV series?,NYPD Blue,Seinfeld,Law and Order,Home Improvement,A,medium,false,
Celebrities,On the TV series Seinfeld” Jerry was very smitten with the character played by actress Debra Messing. What stood in Jerrys way?,She was divorced three times.,She was married and anti-Semitic.,She was not a very neat person.,She wanted Jerry to change his job.,B,medium,false,
Celebrities,Will and Grace was perhaps Debra Messings most popular TV work. Whom did she beat out for the role of Grace Adler?,Marcia Cross,Jamie Gertz,Nicollette Sheridan,Helen Hunt,C,medium,false,
Celebrities,Which of the following was Debra Messings first movie?,Lucky You,A Walk in the Clouds,Purple  Violets,Open Season,B,medium,false,
Celebrities,Which was the first TV show in which American actress Debra Messing played the female leading role?,Prey,Will and Grace,Celebrity,Ned and Stacey,D,medium,false,
Celebrities,Who played Grace Adlers mother in the Will and Grace TV series?,Laura Kightlinger,Leslie Ann Warren,Blythe Danner,Debbie Reynolds,D,medium,false,
Celebrities,Who portrayed Grace Adlers father in the Will and Grace TV series?,Sydney  Pollack,Kathleen Turner,Alan Arkin,Rip Torn,C,medium,false,
Celebrities,What was the name of character who married Grace in the sitcom Will and Grace?,Leo Markus,Dr. Stuart Lamarack,Dr. Ben Doucette,Lyle Finster,A,medium,false,
Celebrities,How many Emmys did American actress Debra Messing win for Will and Grace?,6,1,4,3,B,medium,false,
Celebrities,In what year did Emmy Award-winning actress Debra Messing gave birth to her first child?,2001,2002,2004,1998,C,medium,false,
Celebrities,"Actor Buster Keaton was born in Piqua, Kansas on October 4, what year?",1875,1895,1885,1890,B,medium,false,
Celebrities,"When Buster Keaton was young, his vaudeville performance with his parents represented what situation?",His mother yelled at Buster and his dad as they ran about the stage.,His mother played saxophone while his father became angry and threw Buster around.,His parents joked about raising a kid and then Buster would perform physical comedy.,His parents argued about raising a kid and then Buster would tell jokes.,B,medium,false,
Celebrities,Who nicknamed Joseph Frank Keaton Buster?,Charlie Chaplin,Harry Houdini,Florence Ziegfield,Cecille B. deMille,B,medium,false,
Celebrities,Why did actor Buster Keaton adopt his famous deadpan look?,Buster found that a deadpan look on his face made the audience laugh more.,Being thrown around finally drove Buster mad which showed as a deadpan look.,"One day, he was angry and refused to smile.",DeMille suggested it as an addition to the humor of the gags.,A,medium,false,
Celebrities,What made Buster Keaton and his mother put an end to the family vaudeville act?,Buster wanted a bigger audience than the act could ever get.,The reason was Busters fathers alcoholism.,Travelling shows were outlawed in the USA.,The reason was that they didnt make enough money.,B,medium,false,
Celebrities,"In 1917, Buster Keaton befriended which American silent film actor?",Oliver Norvel Hardy,W.C. Fields,Gloria   Emily Swanson,Roscoe Fatty  Arbuckle,D,medium,false,
Celebrities,"Buster Keaton produced, directed and starred in which 1924 comedy film?",The Electric House,The Playhouse,"Sherlock, Jr.",One Week,C,medium,false,
Celebrities,Who was actor Buster Keatons first wife?,Constantine Talmadge,Norma Talmadge,Paullette Goddard,Natalie Talmadge,D,medium,false,
Celebrities,"Name Buster Keatons third wife, who was 23 years his senior and appeared with him in the Cirque Medrano in Paris in the 1940s and 1950s.",Charlie Chaplin,Marilyn Chastain,Eleanor Norris,Audrey Hepburn,C,medium,false,
Celebrities,When did actor Buster Keaton die?,1966,1976,1956,1946,A,medium,false,
Celebrities,When was John Wayne born?,"May 26, 1907","November 26, 1907","September 26, 1907","April 26, 1907",A,medium,false,
Celebrities,Is it true that John Wayne had 6 children?,Yes,No,,,B,medium,false,
Celebrities,Was John Wayne offered the part of Matt Dillon on Gunsmoke?,Yes,No,,,B,medium,false,
Celebrities,"John Wayne requested that his tombstone read Feo, Fuerte y Formal. What does this mean in English?",A Great Star,An American Cowboy,"The Good, the Bad, And the Ugly","Ugly, Strong and Serious",D,medium,false,
Celebrities,For which of these movies was Jane Fonda nominated for best actress in a lead role?,Complicated Women,On Golden Pond,None of these,The Morning After,D,medium,false,
Celebrities,What was Flip Wilsons real name?,Phillipe Wilson,Clerow Wilson,Anderson Forbes Wilson,Philander Smith Wilson,B,medium,false,
Celebrities,One of Flip Wilsons  most popular characters was Geraldine. Who was Geraldines boyfriend?,Killer,Jackie Lee,Rockefellar,Buster,A,medium,false,
Celebrities,Which statement concerning comedian Flip Wilson is untrue?,"In 2002, Flip made an unsuccessful sitcom on CBS.",Flip claimed that one of the homes he owned  was haunted.,There is a song about Flip called Nosliw Pilf.,Flip was one of 18 children.,A,medium,false,
Celebrities,Which two comedians were writers of the successful variety show called The Flip Wilson Show?,Richard Pryor and George Carlin,Bill Cosby and Richard Pryor,C.J. Watson and Bill Cosby,George Carlin and C.J. Watson,A,medium,false,
Celebrities,The Flip Wilson Show won two Emmys in 1971.,True,False,,,A,medium,false,
Celebrities,What did Flip Wilsons character Geraldine say when she was caught doing something wrong?,That couldnt be me!,"Well, dont just look at me!",The devil made me do it!,You betta be looking at me because Im  beautiful!,C,medium,false,
Celebrities,What was the name of the sitcom on which Flip Wilson starred from 1985-1986?,Flip and Family,Charlie and Company,Life in Chicago,The Flip Wilson Hour,B,medium,false,
Celebrities,Who played the wife of Flip Wilsons character on Charlie  Co.?,Fran Robinson,Diahann Carroll,Gwen Peterson,Gladys Knight,D,medium,false,
Celebrities,Jaleel White played the youngest child on the sitcom Charlie  Co.?,True,False,,,A,medium,false,
Celebrities,Which statement about Flip Wilson is untrue?,Flips wives were named Peaches and Tuanchai.,Flips last album was an album of songs he performed.,Flip quit show business to take care of his kids.,Flip joined the US Air Force at the age of 16.,B,medium,false,
Celebrities,This member of a popular 1950s-60s female vocal trio remains equally famous for her relationship with Chicago mobster Sam Momo Giancana.,Phyllis McGuire,Martha Reeves,Diana Ross,Laverne Andrews,A,medium,false,
Celebrities,"This actor and director had his own eponymous TV show in the 1950s, his daughter had her own sitcom in the 1960s, and his businessman father was the president of  the New York  Rubber Co. Who was he?",Robert Montgomery,Ronald Reagan,Stewart Granger,Dick Powell,A,medium,false,
Celebrities,"This multi-Oscar-nominated actor, who is one of the very few film stars to have graduated from Harvard, had a dad who served atop the executive layer of  a huge East Coast baking company.",Tony Curtis,Tom Hanks,Tom Cruise,Jack Lemmon,D,medium,false,
Celebrities,"This veteran actor, producer and director, who appeared in Clockwatchers and Pie in the Sky, is the scion of  a Hollywood family that played a large role in the making of Paramount Pictures.",Bob Balaban,Bruce Dern,Bob Barker,Harry Dean Stanton,A,medium,false,
Celebrities,"This actor, who became famous with the movie Captain Blood, had an adventurous son who was presumed to have been killed during the Vietnam War while on assignment as a photographer.",Errol Flynn,Clark Gable,Victor Mature,William Powell,A,medium,false,
Celebrities,"Lou Weiss, who rose to become chairman of the board of the William Morris Agency, is the nephew of which legendary comedian?",George Burns,Eddie Cantor,Milton Berle,Jack Benny,A,medium,false,
Celebrities,"Although his claims to be related to former Vice President Al Gore remain dubious, this fiery American author, playwright and social critic is definitely the stepbrother of Jacqueline Onassis.",Gore Vidal,Irwin Corey,Herbert Khoury,Leslie Gore,A,medium,false,
Celebrities,"Actor, author, and political insider Ben Stein, famous as host of Win Ben Steins Money, is the son of  Herbert Stein, an economist who served as a chief advisor to which U.S. President?",Richard Nixon,Bill Clinton,Ronald Reagan,Lyndon Johnson,A,medium,false,
Celebrities,Miss Lillian upstaged her own son partly because of her achievement of having served overseas as a Peace Corps Volunteer in India when she was 68 years old. Name her son who served as U. S. President for one term.,George H.W. Bush,Lyndon Johnson,Gerald Ford,Jimmy Carter,D,medium,false,
Celebrities,"This popular singer and actress, known for her distinctive New York accent, has a sister, Elen, who made headlines back in the 1980s, when she ran for mayor of Phoenix, AZ on the Socialist Workers Party ticket.",Drea de Matteo,Cyndi Lauper,Fran Drescher,Rosie Perez,B,medium,false,
Celebrities,"This movie was Quentin Tarantinos first experience in cinema, as he co-wrote and co-directed the project.",A Pack of Wolves,My Best Friends Birthday,Pitchfork,Silver Bullet,B,medium,false,
Celebrities,"Quentin Tarantino wrote the script for this crime drama, directed by Tony Scott, and starring Christian Slater and Patricia Arquette.",The Fan,True Romance,Days of Thunder,The Last Boy Scout,B,medium,false,
Celebrities,Who plays Mr. Pink in Quentin Tarantinos  feature debut Reservoir Dogs?,Kirk Baltz,Steve Buscemi,Steven Wright,Randy Brooks,B,medium,false,
Celebrities,The plot of the movie Reservoir Dogs by Quentin Tarantino features a jewelry heist gone wrong. Which of these characters is actually an undercover cop?,Mr. Brown,Mr. Blonde,Mr. Orange,Mr. White,C,medium,false,
Celebrities,"Which of these actresses, who played in many of Quentin Tarantinos movies, did the famous director name as his muse?",Rosario Dawson,Kathy Griffin,Uma Thurman,Pam Grier,C,medium,false,
Celebrities,Which of these actors didnt star in Quentin Tarantinos Pulp Fiction?,John Travolta,Robert De Niro,Bruce Willis,Christopher Walken,B,medium,false,
Celebrities,"What is the real name of the character, known as The Bride in Quentin Tarantinos Kill Bill movies?",Beatrix Kido,Jane Dough,Jane Smith,Laura Pete,A,medium,false,
Celebrities,Quentin Tarantino named his production company A Band Apart after a movie by this legendary French director.,Jean-Pierre Jeunet,François Ozon,Jean-Luc Godard,Michel Gondry,C,medium,false,
Celebrities,From Dusk Till Dawn was written by Quentin Tarantino. Which great friend of his directed the movie?,Craig Saavedra,Bill Meléndez,Luis Valdez,Robert Rodriguez,D,medium,false,
Celebrities,"This movie is part of a double feature, called Grindhouse and created by Quentin Tarantino and Robert Rodriguez.",Death Proof,Fight for Your Life,The Stuntman,The Last House on the Left,A,medium,false,
Celebrities,Which magazine(s) published much of Woody Allens articles?,The New Yorker,Playboy and Esquire,Esquire,All of these,D,medium,false,
Celebrities,Woody Allen wrote a book called Without Feathers.,True,False,,,A,medium,false,
Celebrities,Woody Allen was a writer for Sid Caesars Show of Shows in the 1940s.,False,True,,,A,medium,false,
Celebrities,Which of the following is not a Woody Allen film?,Sleeper,Casino Royale,Waiting for Guffman,Match Point,C,medium,false,
Celebrities,Which of the following is a recurring theme in much of Woody Allens comedy?,Economics,Death,Politics,Disease,B,medium,false,
Celebrities,Which of these is a play by Woody Allen later turned into a movie?,Bananas,Broadway Danny Rose,"Play it Again, Sam",Take the Money and Run,C,medium,false,
Celebrities,Which of these actresses was a leading lady in a Woody Allens film?,Louise Lassiter,Diane Weist,Diane Keaton,All of these,D,medium,false,
Celebrities,"In what Woody Allen film does Mia Farrow star as a love-starved, Depression era housewife?",Curse of the Jade Scorpion,Broadway Danny Rose,Alice,The Purple Rose of Cairo,D,medium,false,
Celebrities,Which of these is a Woody Allen film set in the future?,Manhatten,Sleeper,"Pussycat, Pussycat",Love and Death,B,medium,false,
Celebrities,Which of the following is a book by Woody Allen?,A Standing Ovation,Getting Even,On Being Funny,All of these,B,medium,false,
Celebrities,Which of these is a Woody Allen film set during the Napoleonic Wars?,Stardust Memories,Take the Money and Run,Love and Death,Interiors,C,medium,false,
Celebrities,Which film of these is a Woody Allen film concerning a revolution in a small Central American country?,Spinal Tap,Bananas,Stardust memories,Scoop,B,medium,false,
Celebrities,Which of these character names was used by Allen in a film?,Miles Monroe,Virgil Starkwell,All of these,Fielding Mellish,C,medium,false,
Celebrities,Which of the following statements about William Shatner is true?,"William Shatner was born 3/22/1931 in Toronto, Ottawa, Canada.","William Shatner was born 4/22/1941 in Boston, Massachusetts, USA.","William Shatner was born 3/12/1921 in Quebec City, Quebec, Canada.","William Shatner was born 3/22/1931 in Montreal, Quebec, Canada.",D,medium,false,
Celebrities,From which famous university did William Shatner graduate?,Notre Dame,Harvard,Simon Fraser,McGill,D,medium,false,
Celebrities,William Shatner had a role on the kids TV show Howdy Doody.,True,False,,,A,medium,false,
Celebrities,Which of these was William Shatner’s first major film?,"Oedipus Rex with Christopher Plummer, 1959","The Intruder with James Mason, 1962","The Hunter with lee Marvin,1960","The Brothers Karamazov with Yul Brenner, 1958.",D,medium,false,
Celebrities,"How many previous wives did William Shatner have, before he married Elizabeth A. Martin?",2,4,3,5,C,medium,false,
Celebrities,Which of these is known to be one of William Shatners hobbies?,He breeds and shows Labradors from his farm in British Columbia,He breeds and shows Saint Bernards from his Massachusetts farm.,He breeds and shows quarter horses from his Kentucky farm,He breeds and shows Arabians from his California farm.,C,medium,false,
Celebrities,What part did William Shatner have in the 1996 film Fly Away Home?,He was the CEO of the firm that did the special effects.,He was the narrator in the movie.,He co-starred with Jeff Daniels and Dana Delaney.,He had a cameo appearance in the final scene.,A,medium,false,
Celebrities,What does the adjective Shaternian refer to?,A celebrity life in which one is totally identified with one particular role,An attitude best described as self-centered and egotistical,"A clipped, dramatic narration with many dramatic pauses",A life in which one is involved with dozens of vocations,C,medium,false,
Celebrities,What is the middle name of Captain James Kirk who was portrayed by William Shatner in Star Trek: The Original Series?,Tavarian,Thresher,Thornton,Tiberius,D,medium,false,
Celebrities,"In the popular Star Trek series, who played the Captain of the Enterprise for one episode before William Shatner took the role?",Leonard Nimoy,Jeff Daniels,Jeffrey Hunter,William Shatner,C,medium,false,
Celebrities,Which statement about William Shatner is false?,Shatner is a vegetarian.,Shatner has never done his own stunts in a movie.,Shatners rendition of Lucy in the Sky with Diamonds was voted the worst rendition of a Beatles song (2003).,Shatner recorded a spoken version of Hey Mr. Tambourine Man.,B,medium,false,
Celebrities,William Shatner was involved in the first interracial kiss on TV.,True,False,,,A,medium,false,
Celebrities,Ashley Judd got her start playing a supporting role on Star Trek: The Next Generation.,True,False,,,A,medium,false,
Celebrities,"Ashley Judd attended the University of Kentucky, where she majored in what subject?",Biochemistry,French,Physics,Spanish,B,medium,false,
Celebrities,Which actor co-starred with Ashley Judd in the movies Kiss the Girls and High Crimes?,Morgan Freeman,Ewan McGregor,James Caviezel,Ashton Kutcher,A,medium,false,
Celebrities,Did Ashley Judd have a role in Natural Born Killers?,Yes,No,,,A,medium,false,
Celebrities,"Naomi Judd, Ashley Judds mother mom, has stated that she doesnt like some of her daughters movies.",True,False,,,A,medium,false,
Celebrities,Ashley Judd is an etymologist.,True,False,,,A,medium,false,
Celebrities,What year was John Wayne born?,1909,1905,1903,1907,D,medium,false,
Celebrities,John Wayne played football for what California university?,Fresno State,UCLA,Stanford,USC,D,medium,false,
Celebrities,Did John Wayne ever appear in a silent movie?,No,Yes,,,B,medium,false,
Celebrities,What was the name of the 1939 John Ford film that made John Wayne a bonified star?,Fort Apache,Flying Tigers,Stagecoach,The Fighting Seabees,C,medium,false,
Celebrities,"John Wayne was eager to get the role of Jimmy Ringo in the 1950 film The Gunfighter, but the role went to this actor instead.",Kirk Douglas,Humphrey Bogart,Gregory Peck,Clark Gable,C,medium,false,
Celebrities,"In which movie did an infamous gunslinger, played by John Wayne, say, Im looking at a tin star with a ... DRUNK pinned on it.?",She Wore a Yellow Ribbon,The Green Berets,The Searchers,El Dorado,D,medium,false,
Celebrities,John Wayne won the Academy Award for Best Actor for his portrayal of U.S. Marshal Rooster Cogburn in this movie.,The Man Who Shot Liberty Valance,The Green Berrets,True Grit,The Shootist,C,medium,false,
Celebrities,What was the cause of John Waynes death?,none of these,lung cancer,prostate cancer,stomach cancer,D,medium,false,
Celebrities,"This entertainer is considered one of the most influential jazz musicians. His first two names are  Edward Kennedy. He was born in Washington, D.C. in 1899. Who was this great composer/pianist/band leader?",Count Basie,Duke Ellington,E.K. Capitol  Dibbs,Willie Bobo,B,medium,false,
Celebrities,"This entertainer was born in what is now Belarus but came to the USA when he was about 5. He began his career as a singing waiter in NYCs Chinatown. He soon started writing his own songs. Some of his  hits were White Christmas, Blue Skies, and I Like Ike. Who was this great composer?",George Gershwin,Ira Gershwin,Hoagy Carmichael,Irving Berlin,D,medium,false,
Celebrities,This husband and  wife duo and was one of  the top dancing teams of their time. He was born in Europe   but they attained fame in the USA. They were famous for introducing American dance styles to the rest of the world. They were also popular in movies and in Broadway shows.,Andy and Gretchen Springer,Vernon and Irene Castle,Fred and Adele Astaire,Jacqueline and Harold Nicholas,B,medium,false,
Celebrities,This actor/singer/dancer/choreographer/impresario/musician was the most talented part of a family act in vaudeville. Although he and his family claimed he was Born on the Fourth of July his birthday was July 3. He wrote more than 50 Broadway musicals. James Cagney portrayed him in a famous biopic.,Oscar  Hammerstein,Bert Williams,George M. Cohan,Richard Rogers,C,medium,false,
Celebrities,This entertainer is generally considered the most influential female singer in Cuban music. She was born in Havana in 1925 and was famous for her hit  albums with Tito Puente.,Latrella Silva-Ramos,Suzana Hernandez -Ramirez,Celia Cruz,Euniece Zuniga,C,medium,false,
Celebrities,This trumpeter was one of the leaders of the Bebop jazz genre. Bitches Brew  and Sketches of Spain were his most famous albums. He won 9 Grammys and countless other awards.,Dizzy Gillespie,John Coltrane,Jack Teagarden,Miles Davis,D,medium,false,
Celebrities,"This Prussian-born musician/impresario began as a cigar manufacturer. In 1899 he built his first music venue in New York City. It was the first of many. He, his sons and grandsons formed a dynasty that was very influential in American entertainment.",George M. Cohan,Oscar Hammerstein,Irving Berlin,Bert Williams,B,medium,false,
Celebrities,He was an important part of the quartet that integrated jazz. He played the vibes and the drums with several groups.,Benny Goodman,Lionel Hampton,Teddy Wilson,Gene Krupa,B,medium,false,
Celebrities,"He was called The Father of the Blues and was famous for playing on Beale Street in Memphis, Tennessee.",Louis Armstrong,Albert King,B.B.King,W.C.Handy,D,medium,false,
Celebrities,This great tenor sax player was usually photographed wearing a pork-pie hat. His signature song was Body and Soul.,Coleman Hawkins,Jack  Arnett,Lester Young,Lionel Hampton,A,medium,false,
Celebrities,This German-born cellist came to the USA to play with the Metropolitan Opera and then began writing his own operettas. He wrote The Naughty Marietta in 1910.,Victor Wertz,Herbert  Block,Victor Herbet,Herbert Lom,C,medium,false,
Celebrities,He played vibes for the Modern Jazz Quartet.,Ralph Bellamy,Slide Hampton,Milt Jackson,Jack Gerard,C,medium,false,
Celebrities,"He was a great tenor sax  player whose best work was with the Cab Calloway Orchestra. He played a famous solo in the movie Stormy Weather that featured Lena Horne. Although his first name was Jean Baptiste, he  preferred his middle name.",Illinois Jacquet,Victor Herbert,Frankie Frisch,Foster Brooks,A,medium,false,
Celebrities,"He was a fine movie actor who had significant roles in Cry, the Beloved Country and Lifeboat. He was  also a civil rights leader in the 1930s and 1940s.",Gates Nelson,Eugene  Robinson,Rex  Ingram,Canada Lee,D,medium,false,
Celebrities,"Yes, there are many great tap dancers but when tap dancers talk about the greatest  they always mention this dancer and his brother, Fayard.",DeBradley Simmons,Harold Nichols,Steps  Ryan,Bill Robinson,B,medium,false,
Celebrities,"What do the following people have in common: Duke Ellington, Ira Gershwin, Vernon and Irene Castle, George M. Cohan, Celia Cruz, Miles Davis, Oscar Hammerstein, Lionel Hampton, W.C.Handy,  Coleman Hawkins, Victor Herbet, Milt Jackson, Illinois Jacquet, Canada Lee, Harold Nichols?",They all were called at the McCarthy hearings.,They were all given the Presidential Medal of Freedom.,"They are all in The Bronx, New York.","They all performed in the Kenndedy center in Washington, D.C.",C,medium,false,
Celebrities,"The main character in the film The Believer, played by Ryan Gosling, belongs to what group?",KKK,Neo-Nazis,The Bloods,The Hells Angels,B,medium,false,
Celebrities,Ryan Gosling was part of the notorious crew of the Micky Mouse Club.,True,False,,,A,medium,false,
Celebrities,Ryan Gosling starred in what 1998 TV series?,Young Zeus,Young Hercules,Young Frankenstein,Young Achilles,B,medium,false,
Celebrities,Ryan Gosling started a relationship with fellow Canadian star Rachel McAdams.,False,True,,,B,medium,false,
Celebrities,"In 2007, Ryan Gosling was nominated for a Golden Globe and a Screen Actors Guild Award.",True,False,,,B,medium,false,
Celebrities,Who is Orlando Blooms biological father?,Harry Bloom,Brian Bloom,Colin Stone,Johnny Depp,C,medium,false,
Celebrities,Orlando Bloom is an only child.,True,False,,,B,medium,false,
Celebrities,Which of these did Orlando Bloom break while shooting a scene of the movie The Lord of the Rings?,Rib,Back,Legs,Neck,A,medium,false,
Celebrities,Orlando Bloom has mild dyslexia.,False,True,,,B,medium,false,
Celebrities,Which one of these Orlando Bloom movies came out first?,Black Hawk Down,Ned Kelly,Lord of the Rings,Wilde,D,medium,false,
Celebrities,Orlando Blooms first name is Jonathan.,True,False,,,B,medium,false,
Celebrities,Which of these movies has Orlando Bloom NOT appeared in?,The Calcium Kid,Elizabethtown,Clerks,Haven,C,medium,false,
Celebrities,Orlando Bloom has stated that his favorite food is steak.,False,True,,,A,medium,false,
Celebrities,In what year was Orlando Bloom born?,1977,1976,1978,1979,A,medium,false,
Celebrities,In 1998 Orlando Bloom broke his back while skiing.,True,False,,,B,medium,false,
Celebrities,"Lloyd Bridges, Beau Bridges, Cindy Bridges and Jeff Bridges were all born and raised in California.",False,True,,,B,medium,false,
Celebrities,What was Lloyd Bridges full name at birth?,Lawrence Thomas Vernet,"Lloyd Vernet Bridges, Jr.","Thomas Lloyd Wilson, Jr.",Leslie William Bridges,B,medium,false,
Celebrities,"In 1914, when he was one year old, Lloyd Bridges won a Fat Baby contest. The man who gave him the  prize is known as the most obese American President. Who is he?",W.H. Taft,Woodrow Wilson,Warren G. Harding,William McKinley,A,medium,false,
Celebrities,"This series, that ran on CBS from 1958-1961, was one of Lloyd Bridges biggest TV hits.",Sea Hunt,Platoon,Sea Explorer,Combat,A,medium,false,
Celebrities,"Lloyd Bridges, Beau Bridges, Jeff Bridges and Cindy Bridges all appeared on the TV show Sea Hunt.",False,True,,,A,medium,false,
Celebrities,"In what year was Lloyd Bridges first movie, Freshman Love, released?",1936,1946,1926,1940,A,medium,false,
Celebrities,"This movie, starring Lloyd Bridges, Humphrey Bogart and Rex Ingram, is about an allied tank crew that captures a German battalion in WWII.",A Walk in the Sun,The Brave Ones,Sahara,The Tank Crew,C,medium,false,
Celebrities,In 1945 Lloyd Bridges starred in a WWII movie about an American infantry platoon assigned to take over an Italian building. What is the name of this movie?,"Over Hill, Over Dale",A Walk in the Sun,The Bloody Day,The Brave Ones,B,medium,false,
Celebrities,"Which statement is true about the 1949 movie Home of the Brave, starring Lloyd Bridges?",It centered on a group of soldiers during  the Korean conflict.,It was about the physical effects war can have on soldiers.,It was about a team of Marines assigned to defend the Philippines during WWII.,It starred Gregory Peck and Richard Boone.,A,medium,false,
Celebrities,Lloyd Bridges appeared in two episodes of Seinfeld. What two jobs did his character have on the show?,trainer and owner of a crepe restaurant,owner of a used car lot and a trainer,cigar maker and trainer,owner of a used car lot and the manager of a condo in Florida,A,medium,false,
Celebrities,"What is the title of the Aerosmith album which included the timeless hit, Dream On?",Night in the Ruts,Get Your Wings,Aerosmith,Toys in the Attic,C,medium,false,
Celebrities,"Born Stephen Tallarico on March 26, 1948, Steven Tyler is the frontman for the Bad Boys of Boston, Aerosmith. Where was Steven born?","Concord, NH","Boston, MA","Foxboro, MA","Yonkers, NY",D,medium,false,
Celebrities,"Known for their excessive drug use in the early years, Steven Tyler and Joe Perry at one time were branded with what unflattering nickname?",Got their wings,Drunk and Drunker,Toxic Twins,Druggie Duo,C,medium,false,
Celebrities,"After becoming clean, Aerosmith started recording album after album. The sound became crisp, clean, and hard. The tours were amazing. Steven was a one-man-wrecking ball. They experienced an unheard-of success. So much so that on February 21, 1990, they were invited to appear and perform on Saturday Night Live, where they blew the roof off the joint. What skit, which later became a movie, did they appear in?",Blues Brothers,Waynes World,Fire Marshall Bill,Wild and Crazy Guys,B,medium,false,
Celebrities,"Steven Tyler, Joe Perry, Brad Whitford, Tom Hamilton, and Joey Kramer have been the main members of Aerosmith for over 30 years. However, at times, certain band-members would take time away, and other musicians would fill in the gap. The other 3 musicians who played in the band are, Ray Tabano, Rick Dufay, and who else?",Jimmy Crespo,Sammy Hagar,Dave Mustaine,Mike Rizzitello,A,medium,false,
Celebrities,"The single, Walking the Dog, was originally recorded by which of the following artists?",Rufus Thomas,BB King,Rolling Stones,Aerosmith,A,medium,false,
Celebrities,Monkey on my Back is a song from this Aerosmith album that won Grammys and MTV Music Awards.,Nine Lives,Permanent Vacation,Pump,Get a Grip,C,medium,false,
Celebrities,"Which member of Aerosmith recorded the solo album titled, Let the Music Do the Talking?",Brad Whitford,Steven Tyler,Joe Perry,Tom Hamilton,C,medium,false,
Celebrities,"In 2004, Aerosmith released Honkin on Bobo, a blues-influenced album with many covers. Baby, Please Dont Go and You Gotta Move are perhaps the most well known. Which track on this album has Joe Perry on the vocals and Steven Tyler playing the harmonica?",The Grind,Stop Messin Around,Road Runner,You Gotta Move,B,medium,false,
Celebrities,What state was actor Patrick Swayze born in?,New York,North Carolina,Virginia,Texas,D,medium,false,
Celebrities,What is the birth  name of Chevy Chase?,none of these,Cornelius Crane Chase,Chevelle Crane Chase,Charlie John Chase,B,medium,false,
Celebrities,What year was Chevy Chase born?,1945,1946,1943,1940,C,medium,false,
Celebrities,Chevy Chase had his own late night talk show in the 1990s.,False,True,,,B,medium,false,
Celebrities,Chevy Chase turned down a role in National Lampoons Animal House.,True,False,,,A,medium,false,
Celebrities,Which Chevy Chase movie was released first?,Fletch,Caddy Shack,National Lampoons Vacation,Three Amigos!,B,medium,false,
Celebrities,Chevy Chase appeared in a commercial aired during the Super Bowl in 1993. What was the commercial for?,Pepsi,Doritos,Bud Light,none of these,B,medium,false,
Celebrities,Which of the following movies did Chevy Chase not appear in?,Oh Heavenly Dog,Groundhog Day,Funny Farm,Spies Like Us,B,medium,false,
Celebrities,When was Emmy-winning American actor William Hall Macy born?,3/13/1955,3/13/1953,3/13/1956,3/13/1950,D,medium,false,
Celebrities,Into which professional field did actor William H. Macy originally wish to enter ?,Banking,Construction,Halways wanted to be an actor,Veterinary medicine,D,medium,false,
Celebrities,Which famous person did William H. Macy meet at Goddard College?,David Mamet,Steven Sondderburgh,Robert Ernshaw,Judd Hirsch,A,medium,false,
Celebrities,"In 2006, William H. Macy played the role of Senator Ortolan K. Finistirre in which movie?",Prime,The 30 Year Old Virgin,Thank You for Smoking,Syrianna,C,medium,false,
Celebrities,"In 2003, William Macy participated in Seabiscuit. What was his part in the movie?",Tick Tock  McGlaughlin,Johnny  Red Cochran,Tommy  The Voice Coyle,Tom Tom Edwards,A,medium,false,
Celebrities,"In 2002, William H. Macywon many awards for playing Bill Porter, a door-to-door salesman. What was unique about this salesman?",He was mentally retarded.,He was deaf.,He had cerebral palsy.,He was blind.,C,medium,false,
Celebrities,What is the name of the 2002 TV movie in which William H. Macy played the role of the door-to-door salesman Bill Porter?,Indefatigable,The Door to Door Salesman,A Foot in the Door,Door to Door,D,medium,false,
Celebrities,Which statement about Emmy-winning American actor William H. Macy is true?,He played in The Lost World: Jurassic Park,He had a role in the first Jurassic Park movie.,He was in Jurassic Park III.,He was never in a Jurassic Park movie.,C,medium,false,
Celebrities,In 1998 William H. Macy participated in a John Travolta movie. What was the movie about?,A law suit against the government agency that was supposed to protect the public.,A rogue Navy SEAL that steal several nuclear warheads and wants to sell them to the highest bidder.,A mobster that is able to switch his face with that of another person.,A law suit against a firm that dumped hazardous waste.,D,medium,false,
Celebrities,"Although his friends call William H. Macy Bill he could not use Bill Macy as his stage name because there already was a Bill Macy - an actor best known for his portrayal of Walter Findlay, the long-suffering husband of what popular sitcom character?",Edith,Rhoda,Maude,Betty,C,medium,false,
Celebrities,What US rock band has a song called I Shot William H. Macy.?,Head Shapers,Pure Essence,Purple Essence,Head Automatica,D,medium,false,
Celebrities,"In 1983 William H. Macy, Giancarlo Esposito, Camryn Manheim, and Kristen Johnston formed an acting school and working company in New York City. What is its name?",South Street Players,The Tribeca Theater Compnay,The Soho Theater Group,Atlantic Theater Company,D,medium,false,
Celebrities,"What is the name of Scarlett Johanssons twin brother, also an actor?",Jason,Romeo,Steven,Hunter,D,medium,false,
Celebrities,Which of these great musicians had an identical twin brother who passed away as a baby?,Elvis Presley,Madonna,Cher,Elton John,A,medium,false,
Celebrities,How did Justin Timberlakes twin sister pass away?,In a car crash,At birth,She committed suicide,She fell off a tree,B,medium,false,
Celebrities,What is the name of actor Ashton Kutchers twin brother?,Christopher,Henry,Michael,George,C,medium,false,
Celebrities,Where were Aaron Carter and his twin sister Angel born?,California,South Dakota,Florida,Kentucky,C,medium,false,
Celebrities,"Of what mixed descent are Mark Sinclair Vincent, a.k.a Vin Diesel, and his twin brother Paul?",Italian and black,Irish and Greek,Russian and German,South African and Chinese,A,medium,false,
Celebrities,In what country were Isabella Rossellini and her twin sister Ingrid Rossellini born on 18 June 1952?,France,Italy,United States,Germany,B,medium,false,
Celebrities,What is the name of the English film and stage actor Joseph Fiennes twin brother?,Benjamin,Noah,Jordan,Jacob,D,medium,false,
Celebrities,Which of these great female musicians has a twin brother?,Janis Joplin,Celine Dion,Chaka Khan,Alanis Morissette,D,medium,false,
Celebrities,What Academy Award-winning actress starred alongside Johnny Depp in the 2004 movie Finding Neverland?,Nicole Kidman,Kate Winslet,Charlize Theron,Reese Witherspoon,B,medium,false,
Celebrities,In what 2003 movie did Johnny Depp portray CIA agent Sheldon Sands?,Once Upon a Time in Mexico,Lost in La Mancha,Happily Ever After,The Ninth Gate,A,medium,false,
Celebrities,What was the tagline of the 2000 movie Chocolat starring Juliette Binoche and Johnny Depp?,Sweeter than ever,Give in to the temptation...,Let it melt in your mouth.,Sinfully delicious,D,medium,false,
Celebrities,"In what movie does Johnny Depps character, Axel, have a dream about an Eskimo catching a rare halibut and bringing it back to his family in the igloo?",Arizona Dream,The Astronauts Wife,A Nightmare on Elm Street,Edward Scissorhands,A,medium,false,
Celebrities,"What song by Bryan Adams was featured on the soundtrack of the 1995 movie Don Juan DeMarco, starring Johnny Depp?",Youre Still Beautiful to Me,Have You Ever Really Loved a Woman?,Lets Make a Night to Remember,Ill Always Be Right There,B,medium,false,
Celebrities,"Who is supposed to be killed in a snuff film in the 1997 movie The Brave, directed by and starring Johnny Depp?",Raphaels brother,Raphaels wife,Raphaels children,Raphael,D,medium,false,
Celebrities,What Academy Award-nominated actor played Johnny Depps mentally handicapped brother Arnie in the 1993 drama movie Whats Eating Gilbert Grape?,Tobey Maguire,Ben Afleck,Leonardo DiCaprio,Jim Carrey,C,medium,false,
Celebrities,"What actor was considered for the role of Ichabod Crane in Sleepy Hollow, which was eventually given to Johnny Depp?",Brad Pitt,Daniel Day-Lewis,Liam Neeson,All of these,D,medium,false,
Celebrities,"This 1981 concept album was, in terms of sales and overall acclaim, a low point in KISS long career.  The album alienated fans and led to the departure of guitarist Ace Frehley. (sound clip: Just a Boy from the album)",Carnival of Souls,Creatures of the Night,The Elder,Destroyer,C,medium,false,
Celebrities,What is the title of the 1983 KISS song from the sound clip?,Detroit Rock City,Hard Luck Woman,Heavens On Fire,Lick It Up,D,medium,false,
Celebrities,"The album Rock and Roll Over contained the hits Hard Luck Woman, a song originally intended for Rod Stewart, and this Gene Simmons track featured in the sound clip.",Calling Dr. Love,Cold Gin,Strutter,God of Thunder,A,medium,false,
Celebrities,"When the song featured in the sound clip was released, KISS was still wearing their trademark makeup.",True,False,,,B,medium,false,
Celebrities,Which KISS song is about a real fan who was killed in a car accident on his way to a KISS concert?,Shout It Out Loud,Flaming Youth,Detroit Rock City,King of the Night Time World,C,medium,false,
Celebrities,Which statement about Don Cheadle is true?,"Don Cheadle was born 11/29/1964 in Kaknsas City, Mo., went  to High School in Colorado and graduated  the California Institute of the Arts.","Don Cheadle was born 11/29/1974 in Los Angeles, CA., went  to High School in Phoenix, and graduated from UCLA.","Don Cheadle was born 11/29/1970 in Brooklyn, NY., went  to High School in Los Angeles, and graduated from San Diego State University.","Don Cheadle was born 11/29/1972 in Houston, TX., went to High School in Galveston, and graduated from Northwestern University.",A,medium,false,
Celebrities,In 1987 Don Cheadle starred as Pvt. Washburn in this movie about Vietnam.,Platoon,Pork Chop Hill,Full Metal Jacket,Hamburger Hill,D,medium,false,
Celebrities,Which statement concerning Don Cheadle is untrue?,Don Cheadle began his career as a dancer.,Don Cheadle used to work as a stand-up comic.,Don Cheadle is an expert at Go.,Don Cheadle plays the piano.,D,medium,false,
Celebrities,"In 1995 Don Cheadle was in this movie about a private detective in Los Angeles, starring Denzel Washington.",Meteor Man,Devil in a Blue Dress,Lush Life,Colors,B,medium,false,
Celebrities,In which David E. Kelly TV series did Don Cheadle play a District Attorney?,Picket Fences,Boston Public,The Practice,Boston Legal,A,medium,false,
Celebrities,"In 2000, Don Cheadle appeared in this movie about  drugs, starring Luis Guzman, Miguel Ferrer, Benicio Del Toro, Amy Irving, and Rena Sofer.",Swordfish,Crash,Colors,Traffic,D,medium,false,
Celebrities,In which John Travolta movie about spies and hackers did Don Cheadle star in 2001?,Swordfish,Traffic,Crash,Colors,A,medium,false,
Celebrities,In 2004 Don Cheadle was in this movie that won the Best Picture Oscar.,Crash,Colors,Swordfish,Traffic,A,medium,false,
Celebrities,"In 2002, Don Cheadle played  Dr. Paul Nathan in ER. What was Dr. Nathans problem?",He had terminal prostate cancer.,He was addicted to heroin.,He had Parkinsons Disease.,He went strictly by the book and would not bend the rules to help his patients.,C,medium,false,
Celebrities,"In the series Oceans Eleven, Don Cheadle plays Basher Tarr. What is Bashers skill?",He is an acrobat.,He is an expert pickpocket.,He is an electonics expert.,He is an expert at portraying non-English speaking people.,C,medium,false,
Celebrities,Which statement is untrue about  Don Cheadle?,He was in  a spinoff of TVs The Golden Girls.,He played a politician in The Golden Palace.,He played a criminal in Rush Hour 2.,"He played Sammy Davis, Jr. in a movie.",B,medium,false,
Celebrities,In what year was Paul Newman born?,1930,1925,1910,1928,B,medium,false,
Celebrities,What branch of the military did Paul Newman serve in?,Air Force,Marines,Navy,Army,C,medium,false,
Celebrities,Cat on a Hot Tin Roof (1958) was Paul Newmans first movie.,True,False,,,B,medium,false,
Celebrities,"Paul Newman appeared in 13 films with his wife Joanne Woodard, starting in 1958.",False,True,,,A,medium,false,
Celebrities,Paul Newmans last film appearance was in 2002s Road to Perdition opposite this actor.,Tom Cruise,Clint Eastwood,Tom Hanks,Robert Redford,C,medium,false,
Celebrities,Paul Newmans last performance in any form turned out to be the narration of this 2007 movie about a race car driver. Who was the movie about?,Darrell Waltrip,Adam Petty,Tony Stewart,Dale Earnhardt,D,medium,false,
Celebrities,What is the name of the salad dressing company that Paul Newman founded?,Newmans Dressings,Newmans Own,The Hustler,Pauls Dressings,B,medium,false,
Celebrities,Paul Newman was an avid golfer.,False,True,,,A,medium,false,
Celebrities,In what 1969 film did Paul Newman co-star with Robert Redford?,Butch Cassidy and the Sundance Kid,The Sting,Winning,The Hustler,A,medium,false,
Celebrities,What is the name of the character played by Paul Newman in The Long Hot Summer?,Butch Cassidy,Doug Roberts,Ben Quick,Luke Jackson,C,medium,false,
Celebrities,"In this movie Paul Newman plays a prisoner in a Florida prison camp who refuses to submit to the system. His last words before being killed were, What weve got here is a failure to communicate.",The Verdict,Hombre,The Long Hot Summer,Cool Hand Luke,D,medium,false,
Celebrities,Steve McQueen and Paul Newman never starred in a movie together.,False,True,,,A,medium,false,
Celebrities,"Is it true that Red Skelton was born in Vincennes, Iowa?",No,Yes,,,A,medium,false,
Celebrities,Which actor comedian spotted Red Skelton selling newspapers and helped him with the start of his career?,Ed Wynn,George Burns,Charlie Chaplin,W.C. Fields,A,medium,false,
Celebrities,"On his first radio show, Red Skelton developed several characters. What was the name he gave to the punch drunk boxer?",Clem Kadiddlehopper,Cauliflower McPugg,Willie Lump Lump,Heathcliffe,B,medium,false,
Celebrities,Which of Red Skeltons characters was a cabdriver?,San Fernando Red,Heathcliffe,Willie Lump Lump,Clem Kadiddlehopper,D,medium,false,
Celebrities,Who was the regular vocalist on Red Skeltons first radio show?,Burl Ives,Harriet Nelson,Frankie Avalon,Perry Como,B,medium,false,
Celebrities,What did Red Skelton often say often about his years in WWII?,It drove me nuts.,"Clem was duckin, while Willie was bobbin and weavin.",I was the only celebrity to go in a private and come out a private.,"I once had General Bradley laughing so hard, he nearly rolled his Jeep.",C,medium,false,
Celebrities,Red Skeltons show was first aired on TV in 1951. What other comedian got their own CBS TV sitcom start in 1951?,W.C. Fields,Lucille Ball,Milton Berle,Bob Hope,B,medium,false,
Celebrities,Red Skelton battled CBS for a while largely because they said he didnt appeal to younger audiences.  Which network picked Red up for a short time after he left CBS?,NBC,PBS,ABC,FOX,A,medium,false,
Celebrities,"Well I aint sorry for you no more, ya crazy, psalm-singing, skinny old maid! is a Humphrey Bogart line uttered to Audrey Hepburn in the John Huston masterpiece, The African Queen.",True,False,,,B,medium,false,
Celebrities,Mr. T was born in 1952 in what major U.S. city?,Chicago,St. Louis,Baltimore,New York,A,medium,false,
Celebrities,In what year did Mr. T get his own cartoon series?,1983,1982,1985,1984,A,medium,false,
Celebrities,Which of these was NOT one of Mr.Ts occupations before becoming famous?,Construction Worker,Bodyguard,Gym Teacher,Bouncer,A,medium,false,
Celebrities,"On a BBC poll, Mr. T was voted as one of the most influential Americans in history. Where did he rank on that poll?",10,4,16,25,B,medium,false,
Celebrities,Mr. T was not hired as a bodyguard for which of these stars?,Steve McQueen,Muhammed Ali,Hugh Hefner,Diana Ross,C,medium,false,
Celebrities,Who is the Special Delivery for?,Manuel Noriega,Roger Rabbit,Al Jolson,Hoops McCann,D,medium,false,
Celebrities,"How much do the local boys spend,  just to shine the Silver Bowl?","$1,500.00",$500.00,$10.75,.25 (one quarter),D,medium,false,
Celebrities,Where is The Caribe Cannibal heading?,"Off, on an Around the World  Cruise",Off to Dry Dock in Seattle,"Off to Barbados, just for the ride","Off to St. Thomas, for a weeks sailing",C,medium,false,
Celebrities,Who is Jack at the wheel with?,The Captain and Tenille,Hoops McCann,His Eurasian Bride,The First Officer,C,medium,false,
Celebrities,What is Fridays Theme?,Celluloid Bikers,Big Band Night!,Family Bowl Night!,Jazz Quintet at Sundown (Bring Lawnchairs),A,medium,false,
Celebrities,I drove the Chevrolet Caprice is the correct line from the song.,True,False,,,B,medium,false,
Celebrities,Whos in from Bogota?,Jack,Hoops McCann,Jive Miguel,Manuel Noriega,C,medium,false,
Celebrities,What time is the character in the previous question supposed to meet with the (implied) Narrator of this song?,8:00A.M. the following morning,"Noon, of the following Day",6:05 P.M.,Midnight,D,medium,false,
Celebrities,Where do they meet?,At Mr. Chows,At The Tale o the PuP Diner,At the Hollywood Bowl,At Madame Wongs,A,medium,false,
Celebrities,What is Hoops McCanns daytime profession?,Basketball star,Golf pro,Limousine driver,TV actor,A,medium,false,
Celebrities,"This singer/actor, born Trevor Tahiem Smith, Jr. in Brooklyn, New York in 1972, recorded the #1 hits Touch It, Get Low and the album The Coming. He named his son TZiah.",Snoop Dogg,Ludacris,Busta Rhymes,LL Cool J,C,medium,false,
Celebrities,In what midwestern town was Bill Murray born and raised?,"Benton Harbor, Michigan","Gary, Indiana","Cincinnati, Ohio","Wilmette, Illinois",D,medium,false,
Celebrities,What did Bill Murray study while attending Regis University?,Anthropology,Pre-Law,Art History,Pre-Med,D,medium,false,
Celebrities,Where did Bill Murray get his start in comedy?,Saturday Night Live,The Laugh Factory,Second City,Kentucky Fried Theatre,C,medium,false,
Celebrities,What is the name of the film in which Bill Murray had his first leading role?,Caddyshack,Meatballs,Stripes,Tootsie,B,medium,false,
Celebrities,Bill Murray studied at the Sorbonne.,True,False,,,A,medium,false,
Celebrities,Which of these films did Bill Murray co-write?,The Razors Edge,Stripes,Ghostbusters II,Rushmore,A,medium,false,
Celebrities,How many times was Bill Murray married from 1980 to 2008?,3,1,2,0,C,medium,false,
Celebrities,Bill Murrays book Cinderella Story is part autobiography and part essays about which subject?,his love of Chicago sports teams,his love of golf,his love of minor league baseball,his love of college basketball,B,medium,false,
Celebrities,Bill Murray was nominated for an Academy Award for his role in which of these films?,Broken Flowers,Lost in Translation,Groundhog Day,Rushmore,B,medium,false,
Celebrities,In which of the following films did Bill Murray not appear?,Little Miss Sunshine,Hamlet,Wild Things,Get Smart,A,medium,false,
Celebrities,"The Duke starred with this actress in 5 different movies. She played Martha McCandles, Min Wead, and Mary Kate Danaher.",Katherine Hepburn,Maureen OHara,Angie Dickinson,Vera Miles,B,medium,false,
Celebrities,"Two of John Waynes seven children were in 10 of their dads movies, as either an actor or producer. Name them.",Michael and John Jr.,Ethan and Missy,Patrick and Missy,Michael and Patrick,D,medium,false,
Celebrities,The Duke co-starred with several different screen legends throughout his career. Name his co-star in the movie Fort Apache.,Henry Fonda,Robert Mitchum,James Stewart,Kirk Douglas,A,medium,false,
Celebrities,"In the movie The Shootist, this actor played Doc Hostetler whom J.B. Books went to see about the pain in his lower back.",James Stewart,William Cannon,Bing Crosby,Ed Asner,A,medium,false,
Celebrities,What are the only two movies in which Kirk Douglas co-starred with the Duke?,War Wagon and Rio Bravo,McClintock and Comancheros,War Wagon and In Harms Way,In Harms Way and The Longest Day,C,medium,false,
Celebrities,"John Wayne and Robert Mitchum were in only 2 movies together, El Dorado and The Longest Day.  Which of the following John Wayne movies star either one of Mitchums two sons, Michael and James?","War Wagon, Big Jim McClain, and Big Jake","In Harms Way, McLintock, and Big Jake","Rio Bravo, Rio Grande, Rio Lobo","Chisum, Rio Lobo, and In Harms Way",D,medium,false,
Celebrities,"This actress co-starred with John Wayne in the movies The Searchers, The Hellfighters and The Man Who Shot Liberty Valance.",Maureen OHara,Lauren Bacall,Katherine Hepburn,Vera Miles,D,medium,false,
Celebrities,"This actor, nicknamed Dobe, came from an acting family. He was in 7 movies with John Wayne. In the movie Rio Grande, he played a new recruit in the cavalry. Ben Johnson played his best friend, Tyree.","Harry Carey, Jr.",Paul Fix,Skip Carey,Ken Curtis,A,medium,false,
Celebrities,"This actor portrayed a total of eleven characters opposite the Duke, including an Indian, named Sam Sharpnose and a rancher, named Ben Sage.",Bruce Cabot,Jim Hutton,Edward Faulkner,Victor McLaglen,A,medium,false,
Celebrities,Kirk Douglas costarred with John Wayne in War Wagon.,False,True,,,B,medium,false,
Celebrities,Did John Wayne play opposite of Richard Boone in two movies?,No,Yes,,,B,medium,false,
Celebrities,"What characters did John Wayne portray in the movies movies In Harms Way, Wings of Eagles, Hatari!?",Capt. Rockwell Torrey; Spig Wead; Sean Mercer,Sean Mercer; Lt. John McQue; John Mercer,Capt. Nathan Brittles; G. W. McLintock; Sean Thornton,Spig Wead; Ethan Edwards; John Patrick Gilhooley,A,medium,false,
Celebrities,Forrest Tucker co-starred with the Duke in these two movies.,Chisum  Big Jake,Sands of Iwo Jima  Chisum,McClintock  War Wagon,They were Expendable  Operation Pacific,B,medium,false,
Celebrities,What was Beau Bridges name at birth?,Barton Llyod Bridges,Lawrence Beauford Bridges,Lloyd Vernet  Bridges III,Beau Bridges,C,medium,false,
Celebrities,What was Jeff Bridges name at birth?,Jeffrey Leon Bridges,Denard Barry Bridges,Ronald Jeffrey Bridges,Jeffrey Lloyd Bridges,A,medium,false,
Celebrities,Beau Bridges played one year of college basketball at this college.,San Diego State,Stanford,USC,UCLA,D,medium,false,
Celebrities,"Llyod, Beau, Jeff and Cindy Bridges all appeared in one TV show. Which one?",Paladin,The Lloyd Bridges Show,Seinfeld,Sea Hunt,B,medium,false,
Celebrities,Jeff Bridges starred in the 1998 hit The Big Lebowski. Who played The Big Lebowski?,John Goodman,Rex Ingram,Jeff Bridges,David Huddleston,D,medium,false,
Celebrities,"Lloyd Bridges, his son Beau Bridges, and his grandson Dylan Bridges appeared together in one episode of a TV show. What was the name of the show?",The Outer Limits,Seinfeld,Jeopardy,Paladin,A,medium,false,
Celebrities,"In 1971 Jeff Bridges was in a movie about life in a dying Texas town. The movie won great acclaim, especially for the performance of cowboy actor Ben Johnson. What was the name of this movie?",The Last Chance Cafe,The Last Picture Show,The Last Dance,The Last Time I Saw Texas,B,medium,false,
Celebrities,Beau Bridges has served as President of Ventura Coast Keeper. What type of organization is it?,A political group supporting the Democratic Party,A group trying to improve business in Ventura County,A political group supporting the Republican Party,A group trying to protect the environment,D,medium,false,
Celebrities,"Lloyd, Jeff and Beau Bridges all have adjoining stars on Hollywoods Walk of Fame.",True,False,,,A,medium,false,
Celebrities,"What is the missing word from these lyrics of Elvis Presleys song Heartbreak Hotel: And although its always crowded, you still can find some ...?",Room,Space,Silence,Solitude,A,medium,false,
Celebrities,"What part is missing from this verse from Elvis Presleys song Blue Suede Shoes: You can ..., steal my car, drink my liquor from an old fruitjar?",Wear my pants,Shoot my Fido,Take my woman,Burn my house,D,medium,false,
Celebrities,Who played the tenor saxophone according to the lyrics of Elvis Presleys song Jailhouse Rock?,Spider Murphy,Shifty Henry,Little Joe,Number forty-seven,A,medium,false,
Celebrities,"Find the missing word from these lyrics of Elvis Presleys song Love Me Tender: Love me tender, love me long, take me to your ..., for its there that I belong.",Heart,Soul,House,Town,A,medium,false,
Celebrities,Complete these lyrics from Elvis Presleys song White Christmas: Im dreaming of a white Christmas with every Christmas ....,Card I write,Drink I have,Bell I hear,Song I sing,A,medium,false,
Celebrities,What did Romeo say to Juliet when he put his arms around her according to Elvis song Fever?,I was born to give you fever,"Marry me, Julie","Darling, wont you say my name","Julie, baby, youre my flame",D,medium,false,
Celebrities,Who says that only fools rush in in Elviss Cant Help Falling In Love?,Friends,Mother,Wise men,Everybody,C,medium,false,
Celebrities,What word is missing from this verse from the Elvis song Surrender: All the ... will tell the story of our love and all its glory?,Neighbors,Birds,Kids,Stars,D,medium,false,
Celebrities,What does Elvis Presley claim is all you need in Las Vegas in his song Viva Las Vegas?,Deep pockets to stuff with money,A strong heart and a nerve of steel,A pretty lady to bring the luck to you,Time to visit all the fancy places,B,medium,false,
Celebrities,"What is the missing word from this verse of Elviss Dont Be Cruel: Baby, if I made you ... for something I might have said, please, lets forget the past, the future looks bright ahead?",Mad,Sad,Hurt,Cry,A,medium,false,
Celebrities,"What does Mel Gibsons character, Riggs, eat in order to stop smoking in the 1992 comedy movie Lethal Weapon 3?",Dog biscuits,Jelly worms,Hamster food,Paper,A,medium,false,
Celebrities,For what movie did Mel Gibson receive his first Academy Award for Best Director?,The Man Without a Face,Apocalypto,Braveheart,The Passion of the Christ,C,medium,false,
Celebrities,What actress starred alongside Mel Gibson in the 2000 romantic comedy movie What Women Want?,Jennifer Lopez,Teri Polo,Helen Hunt,Jennifer Aniston,C,medium,false,
Celebrities,What character did Mel Gibson voice in the 1995 animated movie Pocahontas?,Captain John Smith,Governor Ratcliffe,Chief Powhatan,Meeko,A,medium,false,
Celebrities,"What country was mentioned in the 1984 historical movie The Bounty, starring Mel Gibson, even though at the time the movie was set, the name of the country was not adopted yet?",Morocco,Lesotho,Israel,Australia,D,medium,false,
Celebrities,In what movie based on a play by William Shakespeare did Mel Gibson star in 1990?,Hamlet,Much Ado About Nothing,Romeo and Juliet,Othello,A,medium,false,
Celebrities,Why is Mel Gibsons character without a face in the 1993 drama movie The Man Without a Face?,He has lost his ID.,He wears a mask.,He never shows his face in daylight.,He was severely scarred in an accident.,D,medium,false,
Celebrities,What type of character does Mel Gibson play in the 1994 comedy movie Maverick?,Womanizer,Forger,Thief,Gambler,D,medium,false,
Celebrities,"Which of these actors did not appear in the 2000 movie The Patriot, starring Mel Gibson?",Heath Ledger,Chris Cooper,Noah Wyle,Jason Isaacs,C,medium,false,
Celebrities,"What actress played the role of Pearl in the 1999 movie Payback, starring Mel Gibson?",Lucy Liu,Cameron Diaz,Drew Barrymore,Demi Moore,A,medium,false,
Celebrities,John Turturro played a role in the film The Color of Money.,True,False,,,A,medium,false,
Celebrities,"Which of the following actors did not play opposite John Turturro in the 1985 film, To Live and Die in L.A.?",Gary Sinise,Dean Stockwell,John Pankow,William Peterson,A,medium,false,
Celebrities,John Turturro was in the 1994 film Quiz Show.,False,True,,,B,medium,false,
Celebrities,Which film did John Turturro not play a role in?,Color of Money,Desperately Seeking Susan,Millers Crossing,Talk Radio,D,medium,false,
Celebrities,"In the series The Bionic Woman, how did characters Steve Austin and Jaime Sommers get to know each other?",Steves parents became legal guardians of Jaime when her parents died.,Steve followed Jaimes career and was attracted to her.,Jaime worked for NASA and fell in love with Steve.,They met as secret agents at the OSI.,A,medium,false,
Celebrities,"Which of these films, starring Lindsay Wagner, wasnt a made-for-TV movie?",Scruples,From The Dead of Night,The Incredible Journey of Doctor Meg Laurel,Ricochet,D,medium,false,
Celebrities,"In the 1970s Bionic series, main character Jaime, played by Lindsay Wagner, became a school teacher immediately after graduation from college.",False,True,,,A,medium,false,
Celebrities,Actress Lindsay Wagner produced and starred in which 1984 TV-series?,A Message From Holly,Jessie,Voice Of The Heart,Treacherous Crossing,B,medium,false,
Celebrities,ABC aired all the three seasons of the TV-series The Bionic Woman starring Lindsay Wagner.,True,False,,,B,medium,false,
Celebrities,"In the 1979 film The Two Worlds of Jennie Logan starring Lindsay Wagner, what were the two worlds of Jennie that the title referred to?",She had affairs while her husband was gone and then played the perfect wife when he was home.,She often fantasized about men while living with her real husband.,She travelled into the past while maintaining her life in the present.,She discovered her clairvoyant abilities and hid them from her husband.,C,medium,false,
Celebrities,"Actress Lindsay Wagner was born in Los Angeles, California in which year?",1929,1979,1959,1949,D,medium,false,
Celebrities,"In the movie Callie  Son, actress Lindsay Wagner starred together with which movie star?",Diane Keaton,Michelle Pfeiffer,Andy Griffith,Keanu Reeves,B,medium,false,
Celebrities,Which actress co-starred with Lindsay Wagner in the TV movies Bionic Ever After and Nurses On The Line: The Crash of Flight 7?,Angie Dickenson,Farrah Forke,Olympia Dukakis,Nancy McKeon,B,medium,false,
Celebrities,Actress Lindsay Wagner has co-authored a vegetarian cookbook.,False,True,,,B,medium,false,
Celebrities,"Childrens entertainer Shari Lewis was born Sonia Hurwitz in the Bronx, New York in what year?",1939,1933,1938,1928,B,medium,false,
Celebrities,"Which statement about Shari Lewis  father, Abe Hurwitz is true?",He was in the music business as a private music teacher.,He was a Professor of Mathematics.,He was a New York City music teacher.,None of these,B,medium,false,
Celebrities,"Which statement about Sharis mother, Ann Ritz Hurwitz is true?",She did not work but devoted herself completely to bringing up her children.,She was a teacher of special education classes in New York.,She was the supervisor of music education for the New York public schools.,She was a professional singer.,C,medium,false,
Celebrities,How was Shari Lewis discovered for show business?,She was discovered by Steve Allen at a tryout for his show in 1954.,She was discovered at an open audition for The Howdy Doody Club in 1955.,She was discovered by Bob Keeshan at a tryout for his show Captain Kangaroo in 1956.,She was discovered on the Arthur Godfrey Talent Scouts show in 1952.,D,medium,false,
Celebrities,Which statement best describes Shari Lewis work as children’s entertainer?,"She wrote 60 books for children (and parents), recorded over 20 albums for children and adults and won a Peabody Award.",Her beloved show Lamb Chops Playhouse won her a Peabody Award and an Emmy.,"She wrote 20 childrens books, recorded 15 albums for children and won three Peabody Awards.",She participated in several TV shows for children but never had a special one of her own.,A,medium,false,
Celebrities,"Which of these was not a character on a show, hosted by Shari Lewis?",Lamb Chop,Charlie Horse,Hush Puppy,Mr. Socko,D,medium,false,
Celebrities,Childrens entertainer Shari Lewis received how many Emmy Awards?,23,12,4,3,B,medium,false,
Celebrities,"This award, established in honor of Shari Lewis, is given as a tribute to an individual, company, or organization that represents excellence in childrens programming in electronic media.",The Lamb Chop Award,The Peabody Award,The Shari Lewis Award,The Grinspoon-Steinhardt Award,A,medium,false,
Celebrities,Childrens entertainer Shari Lewis died on 2 August 1998 in which city?,Las Vegas,Los Angeles,San Francisco,New York,B,medium,false,
Celebrities,John Travolta received his first Academy Award nomination for his role in this movie.,Pulp Fiction,Saturday Night Fever,Staying Alive,Grease,B,medium,false,
Celebrities,In what movie did John Travolta portray Steven Kings popular character Billy Nolan?,Carrie,Celeste,Chloe,Christine,A,medium,false,
Celebrities,What is the occupation of John Travoltas character in the 1983 movie Two of a Kind?,Banker,School teacher,Dancer,Inventor,D,medium,false,
Celebrities,What character did John Travolta portray in the 1996 movie Michael?,Demon,Saint,God,Angel,D,medium,false,
Celebrities,"What type of character is Sean Archer, portrayed by John Travolta in the 1997 movie Face/Off?",Assassin,Terrorist,Plastic surgeon,FBI agent,D,medium,false,
Celebrities,What is the title of the 1999 movie in which John Travolta portrayed Chief Warrant Officer Four Paul Brenner?,The Colonels Daughter,The Generals Daughter,The Lieutenants Daughter,The Marshals Daughter,B,medium,false,
Celebrities,What is the occupation of Chili Palmer portrayed by John Travolta in the 1995 movie Get Shorty?,Blackmailer,Loan shark,Rock star,Actor,B,medium,false,
Celebrities,In what movie did John Travolta appear in drag as a woman called Edna Turnblad?,None of these,A Love Song for Bobby Long,Hairspray,Dolly,C,medium,false,
Celebrities,John Travolta starred opposite this actress in the 2000 comedy movie Lucky Numbers?,Daryl Hannah,Angelina Jolie,Jennifer Aniston,Lisa Kudrow,D,medium,false,
Celebrities,In which Austin Powers movie did John Travolta make a cameo appearance?,Austin Powers in Goldmember,All of these,Austin Powers: The Spy Who Shagged Me,Austin Powers: International Man of Mystery,A,medium,false,
Celebrities,Which statement is true about Don Ricles birth?,"He was born in 1926 in New  York City, New  York.","He was born in 1928 in Chicago, Illinois.",He was born in 1927on a boat coming to the USA.,"He was born in 1925 in Philadelphia, Pennsylvania.",A,medium,false,
Celebrities,Which statement is true about  Don Rickles service in World War II?,He served in the US Air Force from graduation through 1946.,He served two years from 1944-1945 in the US Army Rangers.,He served in the US Navy from graduation through 1946.,He served three years in the US Marines.,C,medium,false,
Celebrities,After serving in the military Don Rickles studied at this famous school.,New York University,The Yale Drama School,The American Academy of Dramatic Arts,The Actors Studio,C,medium,false,
Celebrities,What was Don Rickles first big movie?,That Touch of  Mink,"One, Two, Three",That Touch of  CLass,"Run Silent, Run Deep",D,medium,false,
Celebrities,"As he was getting few movie roles, Don Rickles switched to comedy. What type of stand-up best describes his act?",ethnic accents and comedy,situational humor,impersonations,insult comedy,D,medium,false,
Celebrities,Many people compare Don Rickles act to the humor of this comedian.,Jerry Seinfeld,Myron Cohen,Jack E. Leonard,Henny Youngman,C,medium,false,
Celebrities,Which of these is not one of Don Rickles nicknames?,The Master of the One-Liners,Mr. Warmth,Bullet head,The Merchant of Venom,A,medium,false,
Celebrities,Which comic great is Don Ricles best friend?,Tom Poston,Andy Grifith,Bob Newhart,Henny  Youngman,C,medium,false,
Celebrities,Which movie did not have Don Rickles in its cast?,Muscle  Beach Party,Pajama Game,Bikini Beach,Pajama Party,B,medium,false,
Celebrities,"Because of a feud with Johnny Carson, Don Rickles only appeared three times on the Tonight Show.",True,False,,,B,medium,false,
Celebrities,Don Rickles first two TV shows were not very successful. One was The Don Rickles Show. What was  the name of the other one?,Rickles Tonight,The Stand Up,The Don Rickles Comedy Hour,CPO Sharkey,D,medium,false,
Celebrities,Don Rickles was in this 1970 Clint Eastwood movie.,Honkytonk Man,Every Which Way Loose,Kellys Heroes,Any Which Way You Can,C,medium,false,
Celebrities,Don Rickles performed at the second inaugural of this US President.,Bush,Nixon,Clinton,Reagan,D,medium,false,
Celebrities,Don Rickles has said that his role in this movie is his favorite.,Toy Story,Heat,Bronco Billy,Pajama Party,A,medium,false,
Celebrities,What is the title of Don Rickles  very successful autobiography?,The Don Rickles Project,Mr. One-Liner,"Don Rickles, A Life",Rickles Book,D,medium,false,
Celebrities,"When performing his stand-up, Mr. Don Rickles is usually introduced with this type of music.",Klezmer,Bull fight music,Classical music,Cool Jazz,B,medium,false,
Celebrities,Which statement is true about Don Rickles personal life?,He has been married to one woman for many years.,He has no children.,He has never been married.,He has been married three times.,A,medium,false,
Celebrities,"In 2006, this legendary basketball player and his wife, Juanita, announced that they filed for divorce after seventeen years of marriage.",Dennis Rodman,Michael Jordan,Karl Malone,Bill Bradley,B,medium,false,
Celebrities,Tom Cruise was born on July 3rd of this year.,1962,1971,1964,1959,A,medium,false,
Celebrities,In 1996 Tom Cruise stopped to help a hit and run victim and paid her hospital bills. She turned out to be aspiring Brazilian actress Fernanda Torres.,False,True,,,A,medium,false,
Celebrities,"Tom took up acting after having an injury in high school, while playing this sport.",hockey,football,wrestling,soccer,C,medium,false,
Celebrities,Which one is not one of Toms sisters?,Mary Lee,Cass,Leanne,Marian,A,medium,false,
Celebrities,Has Tom ever worn braces?,Yes,No,,,A,medium,false,
Celebrities,Before graduating high school Tom contemplated becoming this.,Sports Coach,Priest,Actor,Teacher,B,medium,false,
Celebrities,Tom turned down a role in this movie.,The Color of Money,Oceans Eleven,Independence Day,Edward Scissorhands,D,medium,false,
Celebrities,In 1996 Tom became the 1st actor in history to star in five consecutive films that grossed $100 million at the box office.  Which is not one of those movies?,Jerry Maguire,The Firm,Mission Impossible II,Interview with the Vampire,C,medium,false,
Celebrities,"Complete the lyrics of the opening track on Led Zeppelins third album, Led Zeppelin III: Ah, ah, We come from the land of the ice and snow, From the midnight sun where the hot springs blow. The hammer of the gods will..........",drive our ships to new lands,whisper tales of gore,be the western shore,make us overlords,A,medium,false,
Celebrities,"Complete these lyrics from All my Love, a song recorded by Led Zeppelin in 1979: For many hours and days that pass ever soon the tides have caused the flame to dim At last the arm is straight, the hand to the loom...",Is a feather in the wind.,Is this to end or just begin?,"All of my love, all of my love, All of my love to you.","For me, the cloth once more to spin",B,medium,false,
Celebrities,"Complete these lyrics from Stairway to Heaven, written by Led Zeppelin vocalist, Robert Plant: And its whispered that soon if we all call the tune Then the piper will lead us to reason. And a new day will dawn for those who stand long ...","Ooh, it makes me wonder",And shes buying a stairway to heaven,And the forests will echo with laughter,Theres still time to change the road youre on,C,medium,false,
Celebrities,"Complete these lyrics from  Led Zeppelins, Dancing Days: Dancing days are here again as the summer evenings grow I got my flower, I got my power....",I got a star that glows,I got a woman who knows,I got a lion standing alone,I got a tadpole in a jar,B,medium,false,
Celebrities,"Complete these lyrics from Led Zeppelin song, The Rover: Traversed the planet when heaven sent me. I saw the kings who rule them all Still by the firelight and purple moonlight. I hear the rested rivers call And the wind is crying, from a love that wont grow cold My lover, she is lying...",on the mountain snow,on the grassy knoll,on the dark side of the globe,on the dark side of the moon,C,medium,false,
Celebrities,"Complete these lyrics from Good Times, Bad Times, a song which appeared on Led Zeppelins debut album: Good times, bad times, you know I had my share; When my woman left home for a brown eyed man, ...............................................",But we aint ever gonna part,I find my way into the same old jam,Ive tried to do all those things the best I can,"Well, I still dont seem to care",D,medium,false,
Celebrities,"Complete these lyrics from Led Zeppelins song Black Dog: Hey, hey, mama, said the way you move gonna make you sweat, gonna make you groove. Oh, oh, child, way you shake that thing gonna make you burn, gonna make you .......",bring,ring,sing,sting,D,medium,false,
Celebrities,"Complete these lyrics from Led Zeppelins song, Over the Hills and Far Away: Hey lady you got the love I need Maybe more than enough. Oh Darling Darling Darling ...........",walk a while with me...,You really ought to know,many times Ive listened,cant see the open road,A,medium,false,
Celebrities,"“Man, I was tame compared to what they do now. Are you kidding? I didn’t do anything but just jiggle.” At what famous venue were these words uttered by Elvis Presley?",Radio City Music Hall,Nashville Opry Center,Boston Garden,Madison Square Garden,D,medium,false,
Celebrities,What former New York Yankee has an older sister who is a famous food critic and cookbook writer?,Paul ONeill,Ron Guidry,Don Mattingly,Tino Martinez,A,medium,false,
Celebrities,"This legendary sports columnist, the father of TV talker Maury Povich, spent almost 50 years at The Washington Post. His long, distinguished career ended when he died in 1998 at the age of 92.",Shirley  Povich,Carol Povich,Evelyn Povich,Brooke Povich,A,medium,false,
Celebrities,This versatile cast member of Saturday Night Live was preceded into show business by her mother Minnie Riperton whose pop song Lovin You was a hit single in 1975.,Tina Fey,Amy Poehler,Rachel Dratch,Maya Rudolph,D,medium,false,
Celebrities,"Who is the stepson of Eve Ensler, the actress and writer who created The Vagina Monologues in 1996?",Dermot Mulroney,Dylan McDermott,Denis Leary,Steve Buscemi,B,medium,false,
Celebrities,"Long before Michael Nesmith gained fame in the rock band The Monkees, his mother Bessie made her own fortune as the inventor of this indispensable office product.",Crazy Glue,Post-it note,Paperclip,Liquid Paper,D,medium,false,
Celebrities,"Angelo Bartlett Giamatti, the father of Oscar-nominated actor Paul Giamatti, briefly served as Commissioner of Major League Baseball in 1979. What major university did he preside over prior to that?",Columbia University,Harvard University,Princeton University,Yale University,D,medium,false,
Celebrities,"Which former army captain and helicopter pilot, son of an Air Force general, eventually became a major songwriter, singer, and actor?",Michael Bolton,Kris Kristofferson,Michael McDermott,Billy Bush,B,medium,false,
Celebrities,"This designer and owner of a huge womens furnishings enterprise is also respected for his social activism, which delights his politically liberal father-in-law Mario Cuomo, the former governor of New York.",Michael Kors,Ralph Lauren,Kenneth Cole,Calvin Klein,C,medium,false,
Celebrities,"A rock journalist (whose original first name was Mark) won the National Book Critics Circle Award for his 1995 memoir  Shot In The Heart. The book tells the true story of the authors relationship with his infamous sibling, a convicted and executed murderer. What was the name of the murderer?",Gary Gilmore,Aileen Wuornos,Albert deSalvo,Ted Bundy,A,medium,false,
Celebrities,"Diana Nemerov, an internationally acclaimed photographer, committed suicide some 12 years after her divorce from a young actor whom she had married against her wealthy parents’ wishes. Name the actor, who is best known for his frequent appearances on M*A*S*H*.",William Christopher,Allan Arbus,Larry Linville,McLean Stevenson,B,medium,false,
Celebrities,"The author of these words -- American actor, writer, and stand-up comedian, is known for his ironic, witty, and sometimes confusing jokes and lines. I have a large seashell collection, which I keep scattered on beaches all over the world.",Gilbert Gottfried,George Carlin,Paula Poundstone,Steven Wright,D,medium,false,
Celebrities,"This great comedian, whose career spanned vaudeville, film, radio, and television, was especially popular for the team performances with his wife - the well-known comedienne Gracie Allen. The most important thing to succeed in show business is sincerity. And if you can fake that, youve got it made.",George Burns,George Wallace,George Carlin,George  Cambridge,A,medium,false,
Celebrities,Which famous American comedian made this ironic statement about marriage? I love being married. I was single for a long time and I just got so sick of finishing my own sentences.,George Tyler,Freddie Roman,Jim Gaffigan,Brian Kiley,D,medium,false,
Celebrities,"This famous one-liners author starred along Roberto Benigni in 2003s, Coffee and Cigarettes. I was coming back from Canada, driving through Customs, and the guy asked Do you have any firearms with you? I said: What do you need?",Emo Phillips,Steven Wright,Louis Black,George Carlin,B,medium,false,
Celebrities,"Although this comedian initially considered becoming a lawyer, he eventually got into comedy. My father heard the story of the Menendez brothers. He quit playing the lottery. He said ‘Screw it, I’ve got twelve kids. Any one of them could snap.",George Lopez,Paul Rodriguez,Tino Tavaras,Carlos Mencias,B,medium,false,
Celebrities,"A grandmother is watching her grandchild playing on the beach when a huge wave comes and takes him out to sea. She pleads, please God, save my only grandson. I beg of you, bring him back. And a big wave comes and washes the boy back onto the beach, good as new. She looks up to heaven and says: He had a hat! The author of this joke was a popular American comedian, storyteller, and nightclub entertainer famous for his imitations of foreign accents.",Don Adams,Myron Cohen,Jackie Mason,Henny  Youngman,B,medium,false,
Celebrities,"This English-born American comedian, who was also a violinist, is well known for his “one-liners, which were short and simple but at the same time very effective. Two cars collide. The paramedic asks one of the victims, an elderly Jewish man: Are you comfortable? The man answers: I make a good living.",George Burns,Myron Cohen,Jerry Seinfeld,Henny Youngman,D,medium,false,
Celebrities,"This comedian dropped out of high school to pursue a show business career and became one of the most popular stand-up comedians in the United States, due to the casual, razor-sharp wit of her performances. Here is a line delivered by her. “Adults are always asking little kids what they want to be when they grow up because theyre looking for ideas�?",Paula Poundstone,Roseanne Barr,Franny Brice,Lucille Ball,A,medium,false,
Celebrities,"The following line belongs to an American stand-up comedian, who made his debut on the Tonight Show with Johnny Carson on April 19th, 1989: I voted for the Democrats because I didnt like the way the Republicans were running the country. Which is turning out to be like shooting yourself in the head to stop your headache.",Gary Shandling,Jack Mayberry,Gilbert Gottfried,Louis Black,B,medium,false,
Celebrities,"The author of the following line is a Jewish American stand-up comedian and actor, noted for his grating voice and tendency to shout a lot during performances. Last night I was having dinner with Charles Manson, and in the middle of dinner he turned to me and said Is it hot in here, or am I crazy?",Gilbert Gottfried,David  Letterman,Richard Lewis,Emo Phillips,A,medium,false,
Celebrities,"In this movie Joe Buck bragged, Well, sir, I aint a freal cowboy. But Im one helluva a stud. What is the only X-rated movie to win an Oscar for Best Picture?",My Heroes Have Always Been Cowboys,Midnight Cowboy,Coming Home,Klute,B,medium,false,
Celebrities,"Complete these lyrics from Led Zeppelins song, Black Dog: Hey, hey, mama, said the way you move Gonna make you sweat, gonna make you groove. Oh, oh, child, way you shake that thing Gonna make you burn, gonna make you sting Hey, hey, baby, when you walk that way.","Watch out honey, keep away.","Watch out love, I cant keep away.","Watch your money, its slipping away.","Watch your honey drip, cant keep away.",D,medium,false,
Celebrities,"Complete these lyrics from Led Zeppelins song All My Love, written by Robert Plant and John Paul Jones: Yours is the cloth mine is the hand that sews time. His is the force that lies within. Ours is the fire, all the warmth we can find .",He is the feather that longs for wind.,He is a feather in the wind.,He is the wind between you and me.,He is the fire with out wind.,B,medium,false,
Celebrities,"Complete these lyrics from Led Zeppelins song, For Your Life: when you blow it, babe You got to blow it right Oh baby, if you fake it, mama Baby, fake with all your might When you fake it, mama Please fake it _________",just right,right,tight,all night,B,medium,false,
Celebrities,Complete these lyrics from Led Zeppelins song Heartbreaker: Hey fellas have you heard the news? You know that Annies back in town? It wont take long just watch and see How the fellas lay their money down. Her style is new but the face is the same,The song remains the same,Her dance never did change.,She dont long to know your name.,As it was so long ago,D,medium,false,
Celebrities,"Complete these lyrics from Led Zeppelins blues rock song Since Ive Been Loving You: Working from seven to eleven every night, It really makes life a drag, I dont think thats right. Ive really been ....................",upset,the same,the best,a hero,C,medium,false,
Celebrities,"The following lyrics are from the first track of Led Zeppelins album, Houses of the Holy: I had a dream, Oh, yeah, Crazy dream, uh-huh. Anything I wanted to know, Any place I needed to go Hear my song Yeah...People dont you listen now? Sing along! Oh, You dont know what youre missing now. Any little song that you know.",The Song Remains Are the same,The Song Remains the Same,The Song Remains Too Long,The Song Never Ends the Same,B,medium,false,
Celebrities,"Complete these lyrics from The Rain Song, a love ballad by Led Zeppelin: You are the sunlight in my growing- so little warmth Ive felt before. It isnt hard to feel me glowing- I watched the fire that grew so low. It is the summer of my smiles- flee from me Keepers of the Gloom.",Speak to my heart of only we know.,Speak to me the words that dont come out right.,Speak to me throughout the darkened moon light,Speak to me only with your eyes,D,medium,false,
Celebrities,"Complete these lyrics from Led Zeppelins song, Sunshine Woman: She got a ___________ Shine like gold Got a mortgage on my body Got a lien on my soul.",little fire,little island,little diamond,little secret,C,medium,false,
Celebrities,"Complete these lyrics from Led Zeppelins song, Nadine: I got on a city bus and found a vacant seat, I thought I saw my future bride walking up the street, I shouted to the driver hey conductor, you must slow down.",I think I see her please let me off this bus.,"Please stop ,she has given me a rush.",My dream women you must stop at once.,Conductor slow down your going to kill all of us.,A,medium,false,
Celebrities,"My favorite health club is the International House of Pancakes. Because no matter how much you weigh there will always be someone there who weighs 150 pounds more than you will ever weigh. These words belong to what Jewish-American stand-up comedian, whose autobiography is entitled Nothings Sacred?",Lewis Black,Jim Hannigan,Jeff Foxworthy,Chris Rock,A,medium,false,
Celebrities,Finish these lyrics from Jimmy Buffetts song Cheeseburger in Paradise: Cheeseburger in paradise (paradise) Heaven on earth with an onion slice (paradise) Not too particular not too precise (paradise) Im just a .......................,beach bum with an ocean view,sesame seed guy,cheeseburger in paradise,lost soul without you,C,medium,false,
Celebrities,"Complete the chorus of this song by Jimmy Buffett: Cant you feel em closin in, honey Cant you feel em schoolin around You got fins to the left, fins to the right And youre the only ...........................",one around,catch around,bait that can be found,girl in town,D,medium,false,
Celebrities,"Complete the lyrics of this song, performed by Jimmy Buffett: I really do appreciate the fact youre sittin here Your voice sounds so wonderful But yer face dont look too clear So bar maid bring a pitcher, another round o brew Honey, why dont we ........................",lay down real soon,get drunk and screw,have fun and brew,drink up and get rude,B,medium,false,
Celebrities,"Complete these lyrics from a song by Jimmy Buffett: Yeah, they send you off to college, try to gain a little knowledge, But all you want to do is ..................",study real hard,pick up some girls,party every night,learn how to score,D,medium,false,
Celebrities,Complete the lyrics from this Jimmy Buffett song: He said I ate the ___ _____in Paris I took the last plane out of Saigon Took the first fast boat to China And Jimmy theres still so much to be done.,worst brie,last mango,only burger,best quiche,B,medium,false,
Celebrities,"What are the missing words in the lyrics of this Jimmy Buffett song: Yes and if I had that money, honey Id strap you in beside me (in your strapless) And never ever leave you Leave you at home ....................?",all alone and cryin,without me,with Molly,with the dog,A,medium,false,
Celebrities,"Complete the chorus of  Jimmy Buffetts song Come Monday: Come Monday, itll be all right Come Monday, Ill be holdin you tight I spent four lonely days in a brown L. A. haze And I just want ........................",you back on my side,to never leave you alone,you back by my side,to get back home,C,medium,false,
Celebrities,Finish these lyrics from Jimmy Buffetts song Volcano: Now I dont know I dont know I dont know where Im a gonna go When the .........................,volcano blow,ocean swells up,snow falls down,earthquake hits,A,medium,false,
Celebrities,"Finish the lyrics of this 1978 song by Jimmy Buffett: Son of a son, son of a son Son of a son of a sailor Son of a gun, load the last ton One step ahead ....................",of the coast guard,of the killer,of the whaler,of the jailer,D,medium,false,
Celebrities,I wake up in the morning and I ask myself Is life worth living should I blast myself Im tired of being poor and even worse Im black My stomach hurts so Im lookin for a ...,a snack,some crack,purse to snatch,a bus to catch,C,medium,false,
Celebrities,"With all this extra stressin The question I wonder is after death, after my last breath When will I finally get to rest? Through this suppression they punish the people thats ...",having obsessions,taking confessions,leaving no impressions,asking questions,D,medium,false,
Celebrities,"Cause I bet Brenda doesnt even know Just cause your in the ghetto doesnt mean ya cant grow But oh, thats a thought, my own revelation Do whatever it takes to...",cause a sensation,act without hesitation,resist the temptation,make a donation,C,medium,false,
Celebrities,"We used to be like distant cousins, fightin, playin dozens Whole neighborhood buzzin, knowin, that we wasnt Used to catch us on the roof or behind the stairs Im gettin blitzed and I reminisce on ...",all the bikes we repaired,all the clothes we wore,all the things we shared,all the times we shared,D,medium,false,
Celebrities,"Id rather die like a man, than live like a coward Theres a ghetto up in Heaven and its ours, Black Power Is what we scream as we dream in a paranoid state And our fate, is ...",just great,just a long wait,to search of a mate,a lifetime of hate,D,medium,false,
Celebrities,"Will there ever be peace? Or all we all just headed for doom, Still consumed by the beefs, And I know there ...",is needed peace,will someday be peace,never be peace,are just our beliefs,C,medium,false,
Celebrities,Bury me smilin With Gs in my pocket Have a party at my funeral Let ...,everybody see it,me be free at last,every rapper come to it,every rapper rock it,D,medium,false,
Celebrities,Cant sleep cause all the dirt make my heart hurt Put in work and shed tears for my dead peers Mislead from childhood where I went astray Till this day I still pray for ...,my own way,a better way,a change,a day when youll be OK,B,medium,false,
Celebrities,"Now heres a story bout a woman with dreams So picture perfect at thirteen, an ebony queen Beneath the surface it was more than just a crooked smile Nobody knew about her secret so ...",she sent the file,she kept her style,it wasnt worthwhile,it took a while,D,medium,false,
Celebrities,"Now aint nobody tell us it was fair No love from my daddy cause the coward wasnt there He passed away and I didnt cry, cause my anger Wouldnt let me ...",feel for a stranger,feel like a stranger,be a Texas ranger,notice the danger,A,medium,false,
Celebrities,The following tracks are from this album. Cant Stop Spend the Night With Me Melody Make Me Dance Somebody (The Girls Got) Moon Child James Sha La La La La (Come Back Home) Rock  Roll Control,Street Songs,Bustin Out of L Seven,Garden of Love,Glow,D,medium,false,
Celebrities,"Finish the popular catch phrase from the sketch about Rick James. Im Rick James, _______!","..., dude!","..., bitch!","..., fag!","..., nigga!",B,medium,false,
Celebrities,"At an early age (12-14), Bob Hope won prizes for his impersonation of what person?",Buster Keaton,Douglas Fairbanks,Charlie Chaplin,Winston Churchill,C,medium,false,
Celebrities,In his youth Bob Hope boxed under what ring name?,Eternal Hope,Smacky Hope,Packy East,Ragin Robert,C,medium,false,
Celebrities,Jane Russell and Bing Crosby co-starred with Bob Hope in his Road To... movies.,False,True,,,A,medium,false,
Celebrities,"Bob Hope headlined over 60 tours for the USO overseas, helping support the US troops. What does USO stand for?",United Services Operations,United States Organization,United Services Organization,United States Operations,C,medium,false,
Celebrities,During his lifetime Bob Hope was part-owner of the Cleveland Indians baseball team and what NFL football team?,Cleveland Browns,Los Angeles Rams,Dallas Cowboys,San Diego Chargers,B,medium,false,
Celebrities,How much money did Bob Hope donate to various causes according to his CNN obituary?,1 million,500 million,0,1 billion,D,medium,false,
Celebrities,I talk to the trees but they dont listen to me. I talk to the stars but they never hear me. In what movie did Clint Eastwood sing (sing is not a typo) I Talk to the Trees?,Hang em High,The Gauntlet,Paint Your Wagon,Every Which Way but Loose,C,medium,false,
Celebrities,Fill in the blank in this song by Elton John: Raised to be a lady by the golden rule _________ was the spawn of a public school.,Jeannie,Amy,Sarah,Alice,D,medium,false,
Celebrities,"Name the girl mentioned in the song Crocodile Rock. I remember when rock was young, Me and ________ had so much fun.",Suzie,Sandy,Stacy,Silvia,A,medium,false,
Celebrities,"What is the title of the song by Elton John which contains these lyrics? And I want you to be my acrobat, I want you to be my lover Oh there were others who would treat you cruel....",Lady Samantha,Little Jeannie,Amy,Tiny Dancer,B,medium,false,
Celebrities,What is the title of the song containing these lyrics? Tread on my face if you like little lady Turn me inside out if you have to baby But dont you cross me off your list I am young and I aint never been kissed Never been kissed by a lady called ______.,Heather,Suzie,Samantha,Amy,D,medium,false,
Celebrities,Whose song opens with these lines? Cast a pebble on the water Watch the ripples gently spreading Tiny daughter of the Camargue We were meant to be together?,Michelles Song,Maggie Thatchers Song,Lady Samanthas Song,Little Jeannies Song,A,medium,false,
Celebrities,"Which song by rock band Styx contains the following lyrics: Sad story, old story Bring out the band Another divorce just a few hundred grand?","Half-Penny, Two-Penny",Another Divorce,Sad Story,Bring Out the Band,A,medium,false,
Celebrities,"Name the Styx song which opens with the following lines: Its six oclock Good morning sounds are everywhere The warmth of spring, a gentle breeze blows through my hair?",Morning Sounds,The Warmth of Spring,Eight Pieces,Pieces of Eight,D,medium,false,
Celebrities,"Which Styx song, written by Glen Burtnik, contains these lines: Pretty thing All dressed up for the main attraction Like a baby doll looking for love?",Looking  for Love,Pretty Thing,Love is the Ritual,Call to the Wild,C,medium,false,
Celebrities,"The following lyrics are from what 1979 song by Styx: But I’ll be lonely without you, and I’ll need your love to see me through. Please believe me, my heart is in your hands, and I’ll be missing you?",Missing You,My Heart is in Your Hands,My Train is Leaving,Babe,D,medium,false,
Celebrities,"Which song by American band Styx begins with these lines: Another year has passed me by, still I look a myself and cry What kind of man have I become? All of the years I’ve spent in search of myself and I’m still in the dark, ’cause I can’t seem to find the light alone?",What Kind of Man Have I Become,Lonely Soldier,Man in the Wilderness,Still in the Dark,C,medium,false,
Celebrities,Which song by Styx contains this line: Well I’m so tired of losing- I got nothing to do and all day to do it.?,Too Much Time on My Hands,So Tired,Nothing to Do,The Loser,A,medium,false,
Celebrities,"Which Styx song from the album Equinox features these lyrics: Brighter than the stars forever, Lorelei let’s live together, brighter than the stars forever?",Brighter Than the Stars,Lets Live Together,Lorelei,I Can Hardly Wait,C,medium,false,
Celebrities,"Name the song by Styx which opens with the following lyrics: You come to me girl tears are in your eyes Your head’s bowed in sorrow, you whisper your good-byes.",Tears in Your Eyes,Goodbye,After You Leave Me,Where Can I Go,C,medium,false,
Celebrities,"The following lyrics are part of which song by Styx: I swear I saw you, on a crowded street today I almost called your name, thinking of all those yesterdays Heaven help me, how I miss my friend?",Dear John,Well Meet Again,My Friend,Only Memories,A,medium,false,
Celebrities,"The following lyrics are from which CCR hit song: Just got home from Illinois Lock the front door, oh boy Got to sit down Take a rest on the porch?",It Aint Me,Looking Out my Backdoor,Up Around the Bend,Fortunate Son,B,medium,false,
Celebrities,Michelle Pfeiffer had her first major screen role in this 1980 film also starring Tony Danza.,The Hollywood Knights,Love Field,Into the Night,Falling in Love Again,A,medium,false,
Celebrities,This 1982 movie stars Maxwell Caulfield as an exchange student from England who arrives in the USA and is smitten with Stephanie Zinone played by Michelle Pfeiffer. She refuses the advances of this good student saying she needs a boy with a motorcycle.,Grease 2,Grease 3,The Hollywood Knights,Cool Rider,A,medium,false,
Celebrities,"This 1983 gangster film, directed by Brian De Palma, stars Michelle Pfeiffer as a drugged up girlfriend of a Miami drug lord named Tony Montana.",Married to the Mob,Goodfellas,Scarface,Dangerous Liaisons,C,medium,false,
Celebrities,"Peter Gallagher stars with Michelle Pfeiffer in this movie about a husband who loses his wife in a horrible accident but still spends time on the beach with her spirit, neglecting his teenage daughter, played by Claire Danes.",Love Field,The Deep End of the Ocean,To Gillian on Her 37th Birthday,Up Close and Personal,C,medium,false,
Celebrities,"In this movie, Sean Penn stars as a mentally challenged adult who is single-handedly raising his daughter until questions arise about his ability to care for the girl and a custody case is brought to the court. Michelle Pfeiffer plays the lawyer who works with him to help him keep custody of his little girl.",Being John Malkovich,The Age of Innocence,One Fine Day,I Am Sam,D,medium,false,
Celebrities,"In this 1992 superhero film, Michelle Pfeiffer plays Selina Kyle, a timid secretary, who discovers her bosss evil plan to suck power from the city.",Batman Forever,Batman Returns,Batman and Robin,Batman,B,medium,false,
Celebrities,"In this movie, based on the true story of LouAnne Johnson, Michelle Pfeiffer plays a retired U.S. Marine, who becomes an English teacher in East Palo Alto, California.",Freedom Writers,Dangerous Minds,Sweet Liberty,One too Many,B,medium,false,
Celebrities,"In this 1988 comedy, Michelle Pfeiffer plays Angela deMarco who tries to leave the criminal lifestyle after her gangster husband Frank, played by Alec Baldwin is murdered.",Married to the Mob,The Fabulous Baker Boys,Love Field,Scarface,A,medium,false,
Celebrities,"This movie stars Michelle Pfeiffer as Claire Spencer, wife of a renowned scientist, played by Harrison Ford. Claire believes she is being haunted and begins to experience paranormal events and in the end solves the murder of a young woman.",Into the Night,What Lies Beneath,White Oleander,Dangerous Minds,B,medium,false,
Celebrities,"Michelle Pfeiffer stars with Robert Redford in this 1996 drama/romance, inspired by the story of Jessica Savitch who, in the 1970s became the first female anchor on American television.",One Fine Day,The Deep End of the Ocean,The Age of Innocence,Up Close and Personal,D,medium,false,
Celebrities,Michelle Pfeiffer stars with Jack Nicholson and James Spader in this 1994 horror film about werewolves.,The Wolf In Us All,Wolf,Werewolf,The Wolfman,B,medium,false,
Celebrities,"In this 2002 dramatic film Michelle Pfeiffer plays Ingrid Magnussen, a free-spirited mother who falls in love and then murders the man that broke her heart, receiving a life sentence in prison and throwing her 15-year-old daughter into foster care.",Into the Night,The Story of Us,What Lies Beneath,White Oleander,D,medium,false,
Celebrities,"In this animated film Michelle Pfeiffer voices Eris, the Greek goddess of chaos.",The Emperors New Grove,Sindbad: Legend of the Seven Seas,Hercules,Atlantis: The Lost World,B,medium,false,
Celebrities,"This 1999 movie, based on a best selling novel by Jacquelyn Mitchard, stars Michelle Pfeiffer as a mother whose youngest son is kidnapped by a mentally ill woman who raises him as her own for 9 years, until he happens to show up on his real familys door step, asking if they need their lawn mowed.",The Story of Us,I Am Sam,The Deep End of the Ocean,To Gillian on Her 37th Birthday,C,medium,false,
Celebrities,Michelle Pfeiffer stars alongside George Clooney in this romantic comedy about two single parents with hectic lives and two kids to look after. They form an instant hatred towards each other that blossoms into love.,One Fine Day,Falling in Love Again,The Story of Us,Frankie and Johnny,A,medium,false,
Celebrities,What is the middle name of Captain James Kirk who was portrayed by William Shatner in Star Trek: The Original Series?,Tiberius,Thresher,Thornton,Tavarian,A,medium,false,
Celebrities,"The following lyrics are from a song by the Rolling Stones, released in 1971 as the first single of the album, Sticky Fingers.  Name the song. Gold Coast slaveship bound for cotton fields Sold in a market down in New Orleans Scarred old slaver know hes doin alright Hear him whip the women just around midnight",Beast of Burden,Rough Justice,Brown Sugar,Its only rock and roll,C,medium,false,
Celebrities,"The following lyrics are from Miss You, a 1978 hit song by the Rolling Stones: Ive been waiting in the hall Been waiting on your call When the phone rings Its just some friends of mine that say, Hey, whats the matter man? Were gonna come around at twelve With some Puerto Rican girls that are just dyin to meet you",True,False,,,A,medium,false,
Celebrities,"These are the opening lines of a song by The Rolling Stones, which first appeared as the opening track on the 1968 album, Beggars Banquet.  Guess the song. Please allow me to introduce myself Im a man of wealth and taste Ive been around for a long long year stolen many mans soul and faith I was around when Jesus Christ had His moment of doubt and pain",Harlem Shuffle,Sympathy for the Devil,Jumpin Jack Flash,Get off My Cloud,B,medium,false,
Celebrities,"These lyrics come from Fool to Cry, a song which appears on The Rolling Stones album, Black and Blue: No more will my green sea go turn a deeper blue I could not foresee this thing happening to you If I look hard enough into the setting sun My love will laugh with me before the morning comes",False,True,,,A,medium,false,
Celebrities,"What Queen song are the following lyrics from? Is this the life? Is this just fantasy? Caught in a landslide, no escape from reality. Open your eyes, look up to the skies and see...",Another One Bites the Dust,Fat Bottomed Girls,Bohemian Rhapsody,We Will Rock You,C,medium,false,
Celebrities,"This 1981 concept album was, in terms of sales and overall acclaim, a low point in KISS long career.  The album alienated fans and led to the departure of guitarist Ace Frehley. (sound clip: Just a Boy from the album)",Carnival of Souls,The Elder,Creatures of the Night,Destroyer,B,medium,false,
Celebrities,"Complete this verse to the Wang Chung hit, Dancehall Days: Take your baby by the wrist .....",...and in her mouth an amethyst,"... and in her eyes, youll see such bliss",... and make her do what I insist,... and dance her to unpromised risk,A,medium,false,
Celebrities,"One of Loverboys most popular songs was Lovin Every Minute of It. Finish the following lyric: Im not man or machine Im just something in between Im all love, a dynamo So push the button ___ _____ ___ ____.",.....and let me go,.....lets rock n roll,.....put me in control,.....and free my soul,A,medium,false,
Celebrities,What is the name of the beach movie that starred Tony Curtis along with Claudia Cardinale and Sharon Tate?,Who Was That Lady,Dont Make Waves,Sex and the Single Girl,The Great Race,B,medium,false,
Celebrities,"Finish the chorus of System of a Downs song B.Y.O.B from their album Mezmerize: Kneeling roses disappearing, Into Moses’ dry mouth, Breaking into Fort Knox, Stealing our ........",Ingredients,Freedom,Inventions,Intentions,D,medium,false,
Celebrities,Which song by System of a Down contains the following lines: Banana banana banana banana terracotta banana terracotta terracotta pie! Banana banana banana banana terracotta banana terracotta terracotta pie!?,B.Y.O. B,Vicinity of Obscenity,Radio/Video,Shes Like Heroin,B,medium,false,
Celebrities,"Complete these lyrics from Chop Suey!, the first single from System of a Downs album Toxicity: Wake up, Grab a brush and put a little (makeup), Grab a brush and put a little, Hide the scars to fade away the (shakeup) Hide the scars to fade away the, Whyd you leave the keys upon the table? Here you go create another................",table,cable,fable,maple,C,medium,false,
Celebrities,"What is the missing word in these lyrics from System of a Downs song Chic N Stu: This ballgames in the refrigerator, The door is closed, The lights are out, And the butters getting .............?",smart,hard,soft,dark,B,medium,false,
Celebrities,Complete the chorus of System of a Downs song This Cocaine Makes Me Feel Like Im On This Song: Theres something wrong with me Theres something wrong with you Theres something wrong with me I hope your stepson doesnt eat the fish And were crying for our next ........,Fix,Mixes,Pics,Mix,A,medium,false,
Celebrities,Patrick Swayze was born August 18 1952.,True,False,,,A,medium,false,
Celebrities,Patrick Swayze and his wife had 3 children.,False,True,,,A,medium,false,
Celebrities,Patrick Swayze was a licensed pilot.,True,False,,,A,medium,false,
Celebrities,Patrick Swayze won a Golden Globe Award for his part in the movie Dirty Dancing.,True,False,,,B,medium,false,
Celebrities,What memorable character did Patrick Swayze portray on Saturday Night Live in a sketch with Chris Farley?,construction worker,motivational speaker,chip and dale dancer,stripper,C,medium,false,
Celebrities,Patrick Swayzes debut role was in this movie.,Skatetown USA,Ghost,Dirty Dancing,The Outsiders,A,medium,false,
Celebrities,What was the name of the television mini series Patrick Swayze starred in between 1985 and 1994?,East and West,North and South,The Civil War,Roots,B,medium,false,
Celebrities,Patrick Swazye sought treatment for what addiction in 1994?,alcohol,heroin,meth,cocaine,A,medium,false,
Celebrities,"Patrick Swayze did not sing the 1987 hit Shes Like the Wind, he only wrote it.",False,True,,,A,medium,false,
Celebrities,Patrick Swayze starred with Emilio Esteves in both The Outsiders and Red Dawn.,False,True,,,A,medium,false,
Celebrities,"This is the chorus to which song by metal band Korn? Thumbing through the pages of my fantasies Pushing all the mercy down, down, down I wanna see you try to take a swing at me Come on, gonna put you on the ground, ground, ground?",Twisted Transistor,Politics,Word up,Thoughtless,D,medium,false,
Celebrities,"Finish these lyrics form the song Predictable by  metal band Korn: Too blind to see, emptiness and sorrow of their lives You run away to the cover of their pointless...........................",ties,cries,smiles,lives,A,medium,false,
Celebrities,"Complete these lyrics from Korns song Make Believe, included in the album Untouchables (2002): Waiting all this time Ive got nothing to hold on But the faces of my life ......................................................",I can change if I go on,I can beat before Im done,I can follow till Im on,I can see before Im gone,D,medium,false,
Celebrities,Finish these lyrics from the song Freak On A Leash by Korn: Feeling like a freak on a leash Feeling like I have no .....................,release,audition,peace,appease,A,medium,false,
Celebrities,"Complete the following lyrics from Gretchen Wilsons song, When It Rains. When life aint going my way And I cant take one more day of gray Hey hey its ok I dont need a dose of Dr.Phil I dont need your make it all better pill When Im low ..........................",Im gonna show my will,"I will prevail, yes I will",Dont you know dont you know,I will just try to chill,C,medium,false,
Celebrities,Where is the Northwestern University situated?,"Evanston, Illinois, USA","South Bend, indiana, USA","Lafayette, Indiana, USA","Chicago, Illinois, USA",A,medium,false,
Celebrities,"Richard Benjamin, an alumnae of Northwestern University, began as a fine actor and then did fine work behind the camera. His wife also attended NWUs Theatre Program. What is her name?",Ann Kellerman,Paula Prentiss,Ann Prentiss,Sally Kellerman,B,medium,false,
Celebrities,This alumnae of the U.S. Northwestern University was El Gallo” in The Fantasticks. He was Babys father in Dirty Dancing. He sang in Beauty and the Beast. But he is perhaps best known as a NYC police detective who never fired his gun in over 30 years on the job. Who is this actor?,Dennis Franz,Jerry Orbach,Jesse L. Martin,Dennis Farina,B,medium,false,
Celebrities,Which fine actress that attended the U.S. Northwestern University is most famous as Joanna Loudon in Newhart?,Mary Frann,Jennifer Holmes,Mary Wilson,Julia Duffy,A,medium,false,
Celebrities,"This excellent actress was the first to win Emmys in five different categories. She may be best remembered for her role as Phyllis Lindstrom, the wife of a dermatologist. What is the name of this Northwestern University alumnae?",Sally Kellerman,Patricia ONeal,Kim Hunter,Cloris Leachman,D,medium,false,
Celebrities,This actress who attended Northwestern University co-starred in 2000s Almost Famous. She also appeared in Bridge to Terabithia. She was named after a title character of a J. D. Salinger story. Who is she?,Francis Farmer,Francie James,Zooey Deschanel,Kate Hudson,C,medium,false,
Celebrities,"A Northwestern University graduate, this excellent character actor co-starred in TVs Spin City and Mad About You. He is a cousin of Barbara Streisand. Who is this actor?",Alan Ruck,Barry Bostwick,Michael J. Fox,Richard Kind,D,medium,false,
Celebrities,"This Virginia-born American actor has appeared in such movies as About Schmidt, Where the Day Takes You, Copycat and My Best Friends Wedding. Who is this Northwestern University graduate, married to Catherine Keener?",Dermot Mulroney,Gary Elwes,Cary Elwes,Dylan McDermott,A,medium,false,
Celebrities,"Danny Thomas was born  on January 6, 1914. Which of the following statements is true?","He was born Jacoveen Amosh  Jahoob in  Louisville, Kentucky.","He was born Danyen Amosh Jaycovi in Toledo, Ohio.","He was born Amos Muzyad Jahoob in Deerfield, Michigan.","He was born Thomas Danyen Amosh in Lansing, Michigan.",C,medium,false,
Celebrities,From 1953-1965 Danny Thomas starred in this TV show.,New York - My Town,The Danny Williams Show,The Show of Shows,Make Room for Daddy,D,medium,false,
Celebrities,What recurring character did Hans Conreid play in Danny Thomas show?,Uncle Tonoose,Manager Eddie,Father-in -law Max,Grand Pa Jacob,A,medium,false,
Celebrities,"Marjorie Lord, who played Danny Thomas wife, Clancy on TV, is the mother of this famous actor/actress.",Jack Lord,Michael Moriarty,Ann Archer,Patrick Warburton,C,medium,false,
Celebrities,"Nancy Cartwright, who voices Bart Simpson, played one of Danny Thomas children on TV.",True,False,,,B,medium,false,
Celebrities,The actor who played Danny Thomas son on TV committed suicide in 1991.,True,False,,,B,medium,false,
Celebrities,Which one of these shows was not produced by Danny Thomas?,The Dick Van Dycke  Show,The Real McCoys,The Bill Dana Show,That Girl,D,medium,false,
Celebrities,Which one of these shows was a spin-off of Danny Thomas show?,The Andy Griffith Show,Get Smart,The Mary Tyler Moore Show,The Johnny Carson Hour,A,medium,false,
Celebrities,What is the profession of Danny Thomas son?,Doctor,Producer,Director,Painter,B,medium,false,
Celebrities,Which one of the following was found by Danny Thomas who was a great philanthropist?,Habitat for Humanity,Aid for Dependent Children Foundation,The Make  A Wish Foundation,St. Judes Childrens Research Hospital,D,medium,false,
Celebrities,Danny Thomas was an original owner of this sports team.,Miami Dolphins,Florida Marlins,Denver Nuggets,Tennessee Titans,A,medium,false,
Celebrities,Danny Thomas and his three children appeared together in one episode of That Girl.,True,False,,,A,medium,false,
Celebrities,Finish this chorus of a song by Jimmy Buffett: Got to help Ellis Got to help Ellis You know we got to help Ellis Ellis Dee Try and help Ellis you and me Got to get to Ellis hear his plea Try and help Ellis ..............,home to pee,Ellis Dee,get over me,get free,D,medium,false,
Celebrities,Finish this line from Jimmy Buffetts song Death Valley Lives: Death Valley lives and Tracy isnt ....................,sure she wants to know,dealing with it well,going there anymore,sure what really gives,D,medium,false,
Celebrities,"Complete the following lyrics from a song, performed by  Jimmy Buffett: She had a big hat, my it was high Had bananas and mangos all piled to the sky And how she could balance them, I wouldnt dare Cause they dont dance like Carmen .............",nowhere,ever did,here,anymore,A,medium,false,
Celebrities,"Complete these lyrics from a song by Jimmy Buffett, included in his album Living and Dying in 3/4 Time: Ringling, Ringling Slippin away Only forty people, livin there today Streets are dusty and the bank has been torn down Its a dyin ..........",little town,way to go,place to be,city here,A,medium,false,
Celebrities,Complete these song lyrics by singer and songwriter Jimmy Buffett: If I wanted to play for it all I didnt know Id find her on daytime TV My whole world lies waiting behind ...................,the fence,the wall over there,door number three,curtain #1,C,medium,false,
Celebrities,"Complete these lyrics form a song, featured on Jimmy Buffetts 1976 album: Theyre horny and dont need a good excuse Someone yells and things just start erupting In a flash all ...................",hell has broken loose,do the hokey pokey,run straight to hell,is well,A,medium,false,
Celebrities,Finish these lyrics from a song by Jimmy Buffett: Drink it up This ones for you Its been a lovely cruise Im sorry its ended Its sad but its true Honey its been .................,a lovely cruise,all about you,nothing without you,heaven here with you,A,medium,false,
Celebrities,Complete the following lyrics from Jimmy Buffetts song Manana: Please dont say manana if you dont mean it I have heard your lines foe so very long Dont try to describe the scenery if youve never seen it Dont ever forget that ...............,I love you.,we are in love.,you just may wind up in my song.,I need you.,C,medium,false,
Celebrities,"Finish the following lyrics from Boat Drinks, a song by Jimmy Buffett: Twenty degrees and the hockey games on. Nobody cares; they are way too far gone, screamin Boat drinks, somethin to ..................",drink right now.,make them forget.,us all numb.,keep them all warm.,D,medium,false,
Celebrities,For her performance in what movie did Cher receive an Academy Award?,Silkwood,Tea with Mussolini,Moonstruck,The Witches of Eastwick,C,medium,false,
Celebrities,What is the birth name of Grammy Award-winning rapper and producer Timbaland?,Tom,Timothy,Thomas,Tim,B,medium,false,
Celebrities,Why was singer Alecia Beth Moore nicknamed Pink?,Because she was very shy and always blushed onstage.,Because she wore pink undies,Because her favorite cartoon character was The Pink Panther,Because her hair was pink,B,medium,false,
Celebrities,"In what country was football star Ronaldo de Assis Moreira, better known simply as Ronaldinho, born?",Uruguay,Brazil,Argentina,Colombia,B,medium,false,
Celebrities,What popular soul singer did Beyonce portray in the 2008 movie Cadillac Records?,Etta James,Chaka Khan,Diana Ross,Aretha Franklin,A,medium,false,
Celebrities,"Michael Balzary, better known as Flea, became popular as the bassist of this rock band.",Bon Jovi,Aerosmith,Red Hot Chili Peppers,U2,C,medium,false,
Celebrities,What is the real name of singer and actress Fergie from Black Eyed Peas?,Melanie,Michelle,Alicia,Stacy,D,medium,false,
Celebrities,"What is the title of the song by Coolio that was featured in the movie Dangerous Minds, and won a Grammy Award?",Storm in Paradise,Gangstas Paradise,Dangerous Minds,None of these,B,medium,false,
Celebrities,What is the real name of RB singer and actress Aaliyah?,Amelia,Allie,Alexandra,Aaliyah,D,medium,false,
Celebrities,"Prakazrel Michel, better known simply as Pras, became famous as part of this group.",The Fugees,Black Eyed Peas,Blackstreet,Boyz II Men,A,medium,false,
Celebrities,Finish the last line of Slipknots song Wait and Bleed from their album Slipknot: Ive felt the hate rise up in me Kneel down and clear the stone of leaves I wander out where you cant see .................................................................?,Outside my mind you fade and bleed,"Inside my shawl, I wipe and bleed","Inside my shell, I wait and bleed",Beside you I can wait and bleed,C,medium,false,
Celebrities,"What song from Aerosmiths album Pump contains the lyrics, Workin like a dog for the boss man... woooa Workin for de company... woooa yeah Im bettin on the dice Im tossin... woooa Im gonna have a fantasy... woooa yeah?",Janies Got a Gun,Dream On,Love in an Elevator,Walk This Way,C,medium,false,
Celebrities,"What song from the album Get a Grip opens with the lines, There was a time When I was so brokenhearted Love wasnt much of a friend a mine?",Dude (Looks Like a Lady),Cryin,Dream On,Amazing,B,medium,false,
Celebrities,"What song from Aerosmiths album Permanent Vacation contains the lyrics, Speak easy on the grape vine",Love in an Elevator,Misery,Sweet Emotion,Rag Doll,D,medium,false,
Celebrities,"What song from Aerosmiths album Toys in the Attic contains the lyrics, Seesaw swingin with the boys in the school And your feet flyin up in the air I sing hey diddle diddy Witchor kitty in the middle of the swing like ya didnt care?",Cryin,Back in the Saddle,Walk This Way,Sweet Emotion,C,medium,false,
Celebrities,"What song from Aerosmiths album Rocks contains the lyrics, Im riding Im loading up my pistol Im riding I really got a fistful Im riding Im shining up my saddle Im riding this snake is gonna rattle?",Crazy,Last Child,Back in the Saddle,Dude (Looks Like a Lady),C,medium,false,
Celebrities,"What song from Aerosmiths self-titled debut album contains the lyrics, Sing with me sing for the year Sing for the laughter and sing for the tear Sing it with me if its just for today Maybe tomorrow the good Lord will take you away?",Livin on the Edge,Amazing,Janies Got a Gun,Dream On,D,medium,false,
Celebrities,"What song from the album Get a Grip contains the lines, If chicken little tells you that the sky is fallin Even if it wasnt would you still come crawling Back again... I betchoo would my friend Again  again  again  again  again?",Livin on the Edge,Sweet Emotion,Dream On,Crazy,A,medium,false,
Celebrities,Finish these lyrics from the song Grand Theft Autumn/Where Is Your Boy  by Fall Out Boy: Where is your boy tonight? I hope he is a gentleman. Maybe he wont find out what I know: you were the last good thing about this part of.................,Town,Cheese,School,Person,A,medium,false,
Celebrities,"Finish the last line of Fall Out Boys song Dance, Dance: Dance, Dance Were falling apart to half time Dance, Dance And these are the lives youd love to lead Dance, this is the way theyd love .................",If they knew how misery liked me,If they knew how misery wanted  me,If they knew how misery hated me,If they knew how misery loved me,D,medium,false,
Celebrities,"Fill in the missing words from the single A Little Less Sixteen Candles, a Little More Touch Me, released by Fall Out Boy: I confess, I messed up dropping Im sorry like youre still around And I know you dressed up ...................",hey kid can you live this down,hey kid will you ever live this down,would you live this down,hey kid youll never live this down,D,medium,false,
Celebrities,Where was actor Morris Chestnut born?,"Los Angeles, CA","Cerritos, CA","San Diego, CA","New York City, NY",B,medium,false,
Celebrities,Morris Chestnuts first professional role was in Freddys Nightmares: A Nightmare on Elm Street.,False,True,,,B,medium,false,
Celebrities,What was Morris Chestnuts first feature film?,Dead Presidents,Boyz in da Hood,The Best Man,The Inkwell,B,medium,false,
Celebrities,Which is the first movie in which Morris Chestnut worked with Steven Seagal?,Under Siege 2,None of these,Prince of Pistols,Half Past Dead,A,medium,false,
Celebrities,"Morris Chestnut was born on January 1, 1969.",True,False,,,A,medium,false,
Celebrities,Did Morris Chestnut get married in 1995?,Yes,No,,,A,medium,false,
Celebrities,Morris Chestnut received the NAACP Image Award for his role in The Best Man.,False,True,,,B,medium,false,
Celebrities,What college did actor Morris Chestnut attend?,Howard University,CA State University,UCLA,Harvard University,B,medium,false,
Celebrities,What role did Morris Chestnut play in The Best Man?,A professional Athlete,A teacher,A Singer,Himself,A,medium,false,
Celebrities,Morris Chestnut starred in Like Mike along with Lil Bow Wow.,True,False,,,A,medium,false,
Celebrities,What song from Pink Floyds album The Wall contains these lyrics: There is no pain you are receding,Wish You Were Here,Comfortably Numb,Run Like Hell,Hey You,B,medium,false,
Celebrities,What song from Pink Floyds album The Wall opens with these lines: We dont need no education We dont need no thought control No dark sarcasm in the classroom Teachers leave them kids alone?,Us and Them,Run Like Hell,Mother,Another Brick in the Wall,D,medium,false,
Celebrities,What song from Pink Floyds album The Dark Side of the Moon contains these lyrics: The lunatic is on the grass. The lunatic is on the grass. Remembering games and daisy chains and laughs. Got to keep the loonies on the path.?,Us and Them,Brain Damage,Eclipse,Have a Cigar,B,medium,false,
Celebrities,"What song from Pink Floyds album Wish You Were Here includes these lyrics: It could be made into a monster If we all pull together as a team. And did we tell you the name of the game, boy, We call it Riding the Gravy Train.?",Shine On You Crazy Diamond,Wish You Were Here,Run Like Hell,Have a Cigar,D,medium,false,
Celebrities,What song from Pink Floyds album The Dark Side of the Moon opens with these lyrics: All that you touch All that you see All that you taste All you feel. All that you love All that you hate All you distrust All you save.?,Wish You Were Here,Money,Eclipse,Us and Them,C,medium,false,
Celebrities,"What song from Pink Floyds album Wish You Were Here contains these lyrics: What did you dream? Its alright we told you what to dream. You dreamed of a big star, He played a mean guitar, He always ate in the Steak Bar.?",Hey You,Welcome to the Machine,Another Brick in the Wall,Us and Them,B,medium,false,
Celebrities,Which song by rock band Evanescence opens with these lines: Give me a reason to believe that youre gone I see your shadow so I know theyre all wrong?,October,So Close,Even in Death,Anywhere,C,medium,false,
Celebrities,"Which single, recorded by rock group Evanescence contains these lines: Every thing is perfect now, We cant live forever?",Even in death,Away from me,Lies,Surrender,D,medium,false,
Celebrities,"Which song, recorded by Evanescence begins with these lyrics: I cant run anymore, I fall before you, Here I am, I have nothing left?",Solitude,Forgive me,October,Whisper,C,medium,false,
Celebrities,"Which song released by rock band Evanescence contains these lines: I want to heal you, I want to save you from the dark.",Anywhere,Give Unto Me,Understanding,Before the dawn,B,medium,false,
Celebrities,"Which song from the debut album of Evanescence includes these lyrics: I know I can stop the pain, if I will it all away?",Bring Me to Life,Breath No More,Lies,Whisper,D,medium,false,
Celebrities,Which song by Evanescence on the album Origin includes these lyrics: Where will you go With no one left to save you from yourself?,My Immortal,Where Will you Go,Forgive Me,Hunted,B,medium,false,
Celebrities,Which statement is  true about Lenny Bruce?,"He was born Leonard Bruce Fried in The Bronx, New York.","He was born Leonard Alfred Friedman in Brooklyn, New York.","He was born Bruce Alfred Scheidermann in Babylon, Long Island, NY.","He was born Leonard Alfred Schneider in Mineola, Long Island, NY.",D,medium,false,
Celebrities,Lenny Bruces father was born in England and his mother was a dancer.,True,False,,,A,medium,false,
Celebrities,Select the correct statement concerning Lenny Bruce.,Lenny was a high school dropout.,Lenny attended Brooklyn College but did not graduate.,Lenny graduated from Brooklyn College with a degree in history.,Lenny attended Columbia College in New York but did not graduate.,A,medium,false,
Celebrities,Which statement about Lenny Bruce is correct?,Lenny was married and divorced twice.,"Lenny Bruce was married to a woman, Honey Harlow, who was a stripper.",Lenny Bruce was never legally married.,Lenny Bruce was married four times and  divorced three times.,A,medium,false,
Celebrities,Which statement about comedian Lenny Bruce is true?,"Lenny and his wife Honey adopted one child, named Kitty.",Lenny and his wife Honey had no children.,"Lenny and his wife Honey had three children named: Kitty Bruce, Holly Bruce, and  Lawrence Bruce.","Lenny and his wife Honey had one  daughter, Kitty Bruce.",D,medium,false,
Celebrities,What was Lenny Bruces salary for his first comedy job?,$15 and free drinks,$8 and a job as a waiter.,$5,$12 and a spaghetti dinner.,D,medium,false,
Celebrities,"Lenny Bruce was arrested in 1951 in Miami, Florida on what charges?",Imitating a priest,Not understanding the bonus system,Obscenity charges,Narcotics violations,A,medium,false,
Celebrities,Which statement concerning Lenny Bruce is incorrect?,Lenny wrote a burlesque film in 1954.,Lenny recorded his first two albums at his own expense.,Lenny was a close friend of Frank Zappa and Phil Spector.,Lenny wrote a childrens film.,B,medium,false,
Celebrities,Lenny Bruce made a big name for himself at what famous North Beach venue?,The Soft Machine,The Copacabana,The Brown Derby,The Hungry i,D,medium,false,
Celebrities,On which TV show did Lenny Bruce make his debut?,The Tonight Show with Jack Paar,The Ed Sullivan Show,The Steve Allen Show,Playhouse 90,C,medium,false,
Celebrities,What were the charges on which Lenny  Bruce was arrested in San Francisco in 1961?,Obscenity,Assaulting a policeman,Narcotics violations,Assaulting a policewoman,A,medium,false,
Celebrities,In 1964 Lenny Bruce was arrested for obscenity at what famous New York City club?,The Eastsider,The Copacabana,Cafe Au Go Go,Studio 54,C,medium,false,
Celebrities,Which statement about Lenny Bruce is incorrect?,Lennys autobiography was titled How to Talk Dirty and Influence People.,Lennys last years were his most successful years as a comic.,Lenny died of a drug overdose in Hollywood in 1966.,Lennys last years were filled with increasing use of narcotics.,B,medium,false,
Celebrities,"This star, who got her start on Entertainment Tonight, shares a birthday with a boyfriend she started dating in 2006.",Vanessa Minnillo,Ashanti,Anna Chlumsky,Amerie,A,medium,false,
Celebrities,"Matthew Gray Grubler, who plays Dr. Spencer Reid on the CBS hit show Criminal Minds (2005) shares his birthday with rapper Chingy.",False,True,,,B,medium,false,
Celebrities,"This star, born in 1980, happens to be the youngest cast member of the shows Jackass and Viva La Bam.",Chris Raab,Brandon DiCamillo,Ryan Dunn,Bam Margera,A,medium,false,
Celebrities,"Elden Henson, who starred as Fulton Reed in the Mighty Ducks trilogy, was born on August 30, 1980.",True,False,,,B,medium,false,
Celebrities,This sports star happens to have his name on the side of a Vitamin Water bottle. He is known for his speed as well as his good looks.,Jeremy Shockey,Albert Pujols,Kasey Kahne,Josh Beckett,C,medium,false,
Celebrities,The following lyrics are from which song by Carbon Leaf? Weave through the tall grass Jab me. Let me know that Im still alive Last trip the boy will be taking Everything from here is crazy ?,One Day,Breath in the Night,Your a Lullaby,Shooting Star,A,medium,false,
Celebrities,Complete the following popular phrase that originated from Chris Walkens performance in an episode of Saturday Night Live: Gotta have more ...,Beehive,Cowbell,Jackass,Booty,B,medium,false,
Celebrities,"Which Red Hot Chili Peppers band member dated Irish singer Sinead OConnor, known for her shaved head?",John Frusciante,Michael Flea Balzary,Anthony Kiedis,Chad Smith,C,medium,false,
Celebrities,Albert Einstein possessed one of the most talked about and copied hairstyles in history. How did he often handle curious people who stopped him in the street to ask questions about his theories?,"He said, I would gladly talk to you, sir, but Im afraid I am late for my appointment.",He would start explaining his theories in a perplexing and totally confusing way,"He would say, Pardon me, sorry! Always I am mistaken for Professor Einstein.",He would pretend that he did not hear.,C,medium,false,
Celebrities,"Elvis Presleys hairstyles have always been an inspiration for his fans and stylists alike. Which member of the Beatles and huge Elvis fan once said, Nothing really affected me until I heard Elvis. If there hadnt been an Elvis, there wouldnt have been a Beatles?",Paul McCartney,Ringo Starr,George Harrison,John Lennon,D,medium,false,
Celebrities,"Mogul Donald Trump, who is also famous for his signature hairstyle, is keen on what sport?",Baseball,Golf,Snooker,Horseback riding,B,medium,false,
Celebrities,"Multi award-winning pop singer Cher, who is known for her hairstyles, her huge wig collection and extravagant outfits, was one of the first women to expose this part of her body on television.",Tongue,Derriere,Bust,Navel,D,medium,false,
Celebrities,"Football player David Beckham, known for often changing his hairstyles, confessed that he is addicted to what sensation?",The pain of needles,The tingling when he shaves his beard,The feeling of somebody cutting his hair,Feeling Victorias hair between his fingers,A,medium,false,
Celebrities,Danish dance-pop band Aqua was once famous for its members insanely unusual hairdos. What member of the band did lead vocalist Lene Nystrom marry in 2001?,Claus Norreen,Soren Rasted,None of them,Rene Dif,C,medium,false,
Celebrities,The Spice Girls are among the iconic phenomena that marked the 1990s show business. Their outfits and hairstyles were copied by fans around the world and this phrase became their signature slogan.,Girls rule!,Girl power!,Spice it up!,Who do you think you are?!,B,medium,false,
Celebrities,"Tionne Watkins, one of the female artists with a signature hairdo, became famous as a member of this band.",702,TLC,Mis-Teeq,Destinys Child,B,medium,false,
Celebrities,"Gwen Stefani was known for her crazy hair, back when she was a member of No Doubt. What was her hair color on the cover of the bands album Return of Saturn?","Orange, red, blue, yellow and green",Electric blue,Bright green,Bright pink,D,medium,false,
Celebrities,"Finish the lyric by American alternative rock band, Weezer: If You Want it You can Have it All You have to do is",meditate about it,reach out there and grab it,see it and stab it,take up a new habit,B,medium,false,
Celebrities,Which song by Linkin Park do these lyrics belong to? And I/ Just wish that it didnt feel like there was something I missed And I/ Take back all things that I said to you.,By Myself,My December,Valentines Day,Faint,B,medium,false,
Celebrities,"Ed McMahon was born in Los Angeles, California.",True,False,,,B,medium,false,
Celebrities,In what year did Ed McMahon and Johnny Carson join The Tonight Show?,1957,1960,1955,1962,D,medium,false,
Celebrities,Ed McMahon served in the Navy.,True,False,,,B,medium,false,
Celebrities,Ed McMahon was married 3 times fathering how many children?,1,0,5,2,C,medium,false,
Celebrities,What real estate mogul offered to purchase Ed McMahons home in 2008 so it would not be foreclosed?,Donald Trump,Johnny Carson,Young Woo,Hugh Hefner,A,medium,false,
Celebrities,Ed McMahon appeared in the 2005 movie Fun with Dick and Jane.,True,False,,,B,medium,false,
Celebrities,McMahon appeared alongside what popular 1990s rapper in a Cash for Gold commercial?,Eminem,Big Daddy Kane,MC Hammer,Vanilla Ice,C,medium,false,
Celebrities,What job did Ed McMahon take in Maine when he was 15?,radio announcer,auctioneer,bingo caller,ranch hand,C,medium,false,
Celebrities,Ed McMahon starred in an episode of Baywatch.,False,True,,,B,medium,false,
Celebrities,"The following lyrics are from a song by Hootie and the Blowfish, included in their album Cracked Rear View: With a little love, and some tenderness Well walk upon the water Well rise above this mess With a little peace, and some harmony Well take the world together.",Drowning,Old Man  Me,Time,Hold My Hand,D,medium,false,
Celebrities,"These are the opening lines of which song, recorded by Hootie and the Blowfish: Well an old man said to me In a voice filled with pain Where you going young man Said Im going to fight a war Gonna fight for my country?",Let Her Cry,Old Man  Me,Drowning,Only Wanna Be With You,B,medium,false,
Celebrities,Which song by Hootie and the Blowfish opens with the following lines: Hello again Your words they make me smile As I drift away To my little room upstairs Oh I spend my nights Imagining your face your touch?,Driver Eight,Time,Only Lonely,Only Wanna Be With You,C,medium,false,
Celebrities,These lyrics are from a song on Hootie and the Blowfishs album Musical Chairs: I met a girl just the other day Stopped to talk she had a lot to say She told me all about her politics Then she told me some things that made me sick.,Driver Eight,Michelle Post,Only Lonely,Let Me Be Your Man,B,medium,false,
Celebrities,Which song by Hootie and the Blowfish begins with these lines: What else can I do When the tears have all been wasted The only voice you choose to hear Sings the songs of our hearts breaking?,Only Lonely,Innocence,Dessert Mountain Showdown,Driver Eight,B,medium,false,
Celebrities,"The following lyrics are from which song, included in the sixth studio album by Hootie and the Blowfish: Last night had a crazy dream You were everywhere it seemed You were filling up my soul Doing everything to make me whole Read about you in the Sunday paper?",Hold My Hand,Only Wanna Be With You,Only Lonely,Get Out of My Mind,D,medium,false,
Celebrities,"Which song on Hootie and the Blowfishs debut album contains these lines: P.E.s coming is all I gotta say Wanna turn and run away Theyre just telling you how they see it Right or wrong they dont care, you wish that they would quit?",Only Wanna be with you,Drowning,Only Lonely,Time,B,medium,false,
Celebrities,"Which song by pop-rock band Hootie and the Blowfish opens with the following lines: Tomorrow used to be a day away Now love is gone and youre into someone far away. I never thought the day would come When I would see his hand, not mine, holding onto yours because I could not find the time. Now I cant deny?",Innocence,Only Wanna Be With You,Goodbye,Only Lonely,C,medium,false,
Celebrities,"Which song, written by guitarist Mark Bryan, contains the following lyrics: Another reason to doubt me Another teardrop falls Can’t wait for a friend when loneliness calls Another kiss in the basement Pour salt on my tongue?",Only Lonely,Time,Earth Stopped Cold at Dawn,Only Wanna Be With You,C,medium,false,
Celebrities,"Which Hootie and the Blowfishs song from the album Musical Chairs includes these lines: Dont go down to the station Somehow we wont live that long Dont go now, desert flower Cause you just wont bloom?",Time,She Crawls Away,Only Lonely,Las Vegas Nights,D,medium,false,
Celebrities,Brittany Murphy had her major film role in this 1995 comedy movie inspired by Jane Austens 1815 novel Emma.,Drop Dead Gorgeous,Trixie,Freeway,Clueless,D,medium,false,
Celebrities,"Before the Jonas Brothers became a pop group of three, there was a music project of just this one of the brothers.",Nick Jonas,Henry Jonas,Joe Jonas,Kevin Jonas,A,medium,false,
Celebrities,What are the first names of the Jonas Brothers?,"Nick, Joseph and Sam","Nick, Joseph and Kenneth","Nick, Joe and Kevin","Nick, Joe and Jerry",C,medium,false,
Celebrities,In what U.S. state did The Jonas Brothers band originate?,New Jersey,New York,Florida,California,A,medium,false,
Celebrities,Which Disney Channel movie features The Jonas Brothers?,Cheetah Girls,High School Musical,Thats So Raven,Camp Rock,D,medium,false,
Celebrities,"In 2007-2008, The Jonas Brothers have appeared in all of the following television shows, except this one.",American Idol,Hannah Montana,The Oprah Winfrey Show,The View,D,medium,false,
Celebrities,"Which one of the Jonas Brothers plays the tambourine, guitar, and keyboards?",Nick Jonas,Joe Jonas,Kenneth Jonas,Kevin Jonas,B,medium,false,
Celebrities,Nick Jonas starred in the Broadway plays Les Miserablesand Beauty and the Beast.,False,True,,,B,medium,false,
Celebrities,What was Nick Jonas first single?,Jonas Nick,Dear God,Joy to the World,Nicholas,B,medium,false,
Celebrities,What actor starred opposite Meg Ryan in the 1998 movie City of Angels?,Val Kilmer,John Travolta,Nicolas Cage,George Clooney,C,medium,false,
Celebrities,Name the popular 1995 romantic comedy in which Meg Ryan starred opposite Kevin Kline.,French Kiss,French Magic,French Affair,French Story,A,medium,false,
Celebrities,Meg Ryan voiced the protagonist in this popular 1997 animated movie.,Anastasia,Beauty and the Beast,Pocahontas,Cinderella,A,medium,false,
Celebrities,What was the first movie in which Meg Ryan and Tom Hanks starred together?,Kate  Leopold,Joe Versus the Volcano,Addicted to Love,Innerspace,B,medium,false,
Celebrities,Meg Ryan starred opposite this Oscar-winning actor in the 1996 war movie Courage Under Fire.,Dustin Hoffman,Denzel Washington,Morgan Freeman,Sean Penn,B,medium,false,
Celebrities,The Clash lead singer Joe Strummer has a daughter with this interesting name.,Jazz Domino Holly,Soul Bingo Heather,All of these,Swing Poker Rose,A,medium,false,
Celebrities,What unusual name did David Duchovny and Tea Leoni give to their second child?,Kyd,Shorty,Buster,Brat,A,medium,false,
Celebrities,Alec Baldwin and Kim Basinger named their daughter after this country.,Ireland,China,India,Israel,A,medium,false,
Celebrities,The first-born son of rapper Game is named after this neighborhood of New York City.,Harlem,Bronx,Kings,Brooklyn,A,medium,false,
Celebrities,Professional tennis player Arthur Ashe has a daughter with this unusual name.,Picture,Camera,Button,Satellite,B,medium,false,
Celebrities,"Stings daughter who was born on April 17, 1982 was named after this flower.",Dahlia,Azalea,Fuchsia,Poppy,C,medium,false,
Celebrities,"In 1989, this member of Irish band U2 became father of a girl named Blue Angel.",Adam Clayton,The Edge,"Larry Mullen, Jr.",Bono,B,medium,false,
Celebrities,Kurt Russell and his first wife actress Season Hubley named their son after this U.S. city.,Houston,Chicago,Denver,Boston,D,medium,false,
Celebrities,What American RB singer named her first-born daughter Heaven Loveon Stone?,Macy Gray,Ashanti,Lil Mo,Mary J. Blige,C,medium,false,
Celebrities,"What name did actors David Carradine and Barbara Hershey give to their son, born in 1972?",Brave,Mighty,Free,Strong,C,medium,false,
Celebrities,"The following lyrics are from what song by My Chemical Romance: And oh, you look so tired Well but tonight you presume too much Too much, I said too much?",Toxic,Shut Up And Pray/Play,Jack the Ripper,"Honey, This Mirror Isnt Big Enough For The Both Of Us",C,medium,false,
Celebrities,These lyrics are from which 2004 song by My Chemical Romance: Youll never make me leave I wear this on my sleeve Give me a reason to believe?,Cemetery Gates,Girlfriend in a Coma,Thank You for the Venom,Skylines and Turnstiles,C,medium,false,
Celebrities,What is the title of Madonnas debut single released in 1982?,Like a Virgin,Lucky Star,Holiday,Everybody,D,medium,false,
Celebrities,"In what country was football star Ronaldo Luis Nazario de Lima, better known as simply Ronaldo, born?",Brazil,Argentina,Nicaragua,Colombia,A,medium,false,
Celebrities,"The birth name of what popular American rapper is Cornell Haynes, Jr.?",Nas,Game,Pras,Nelly,D,medium,false,
Celebrities,"English model, actress, author and singer Lesley Hornby adopted this stage name and later legalized it as her real name.",Spriggy,Twiggy,Peggy,Sticky,B,medium,false,
Celebrities,"Richard Hall, better known as Moby, was nicknamed so by his parents due to which of the following?","He was a very pale child, as white as Moby Dick.","He was related to Herman Melville, the author of  Moby Dick.","He was completely unpredictable, just like Moby Dick.",All of these,B,medium,false,
Celebrities,What actress and singer portrayed Mexican American singer Selena in the 1997 biographical movie Selena?,Gloria Estefan,Jennifer Lopez,Shakira,Madonna,B,medium,false,
Celebrities,The birth name of which U2 member is Paul David Hewson?,Edge,Bono,Flea,Dagger,B,medium,false,
Celebrities,What is the birth name of singer and model Rihanna?,Robyn,Roberta,Rachel,Ravana,A,medium,false,
Celebrities,"Who was Prince Rogers Nelson, better known as Prince, named after?",His grandfather,None of these,His father,"The Happy Prince, an Oscar Wilde character",C,medium,false,
Celebrities,"What disease did singer and songwriter Anastacia survive, after being diagnosed with it in 2003?",Avian influenza,Meningitis,Malaria,Breast Cancer,D,medium,false,
Celebrities,"Sean Penn and Robin Wright gave this interesting name to their son, born in 1993.",Skipper,Trotter,Jumper,Hopper,D,medium,false,
Celebrities,The son of what popular Hollywood actor was called Jett?,Robert De Niro,Robert Redford,John Travolta,Kevin Costner,C,medium,false,
Celebrities,Popular chef and TV host Jamie Oliver gave this unusual name to his first-born daughter.,Poppy Honey,Caramel Dew,Tulip Sugar,Ginger Blossom,A,medium,false,
Celebrities,What animal name did soul singer Erykah Badu give to her daughter born in 2004?,Cheetah,Tigress,Lion,Puma,D,medium,false,
Celebrities,Will Smith and Jada Pinkett Smiths daughter who was born in 2000 was given this interesting tree name.,Ebony,Birch,Pine,Willow,D,medium,false,
Celebrities,Director and producer Kevin Smith named his daughter after this villain from the Batman comic series.,Harley Quinn,Lady Clay,Poison Ivy,Catwoman,A,medium,false,
Celebrities,RB diva Toni Braxton named gave this unusual fabric name to her first-born child.,Lace,Denim,Tweed,Organza,B,medium,false,
Celebrities,What popular model named her daughter Princess Tiaamii Crystal Esther Andre?,Linda Evangelista,Jordan,Cindy Crawford,Christy Turlington,B,medium,false,
Celebrities,What popular rock musician has a daughter named Calico?,Mick Jagger,Alice Cooper,Steven Tyler,James Hetfield,B,medium,false,
Celebrities,Grammy-winning musician John Mellencamp gave this unusual name to one of his sons.,Dot,Point,Hint,Speck,D,medium,false,
Celebrities,"The following words were spoken by Marlene Dietrich: “I dress for myself. Not for the image, not for the public, not for the fashion, not for men.",True,False,,,A,medium,false,
Celebrities,"On July 23, 1984 Vanessa Williams made the headlines when she gave up which of the following?",Her child,Her husband,Her Miss US title,Her career,C,medium,false,
Celebrities,"What did Vanessa Williams parents write on her birth announcement, that turned out to be a prophesy?",There goes a future Beauty Queen,A Miss America to be,Here she is: Miss America,This little girl will conquer the world one day,C,medium,false,
Celebrities,What music instrument did Vanessa Williams learn to play when she was growing up?,Flute,Trumpet,Piano,Acoustic guitar,C,medium,false,
Celebrities,"What was the name of Vanessa Williams debut album, released in 1988?",The Sweetest Days,The Comfort Zone,The Right Stuff,Star Bright,C,medium,false,
Celebrities,"What is the name of Vanessa Williams eighth studio album, released on June 2, 2009?",The Real Thing,Everlasting Love,Woman,Vanessa,A,medium,false,
Celebrities,Vanessa Williams starred alongside this huge action star in the 1996 movie Eraser.,Jackie Chan,Jean-Claude Van Damme,Sylvester Stallone,Arnold Schwarzenegger,D,medium,false,
Celebrities,In which of these popular TV shows has Vanessa Williams made a guest appearance?,The Fresh Prince of Bel-Air,Star Trek: Deep Space Nine,All of these,Ally McBeal,C,medium,false,
Celebrities,What is the name of Vanessa Williams character in the popular TV show Ugly Betty?,Victoria,Penelope,Wilhelmina,Elizabeth,C,medium,false,
Celebrities,"What name did Vanessa L. Williams choose for her first-born child, born in 1987?",Sasha,Jillian,Melanie,Pamella,C,medium,false,
Celebrities,Name the radio countdown that Homer listens to in an episode of The Simpsons where a song by Vanessa Williams is included.,Sign of Evil,Devils Music,Mushy and Gushy,Lovey-Dovey,A,medium,false,
Celebrities,Which member of Natasha Richardsons family was a great star in the movie industry?,Her grandfather,All of these,Her mother,Her father,B,medium,false,
Celebrities,At what age did actress Natasha Richardson make her film debut?,Eight,Four,Six,Ten,B,medium,false,
Celebrities,Natasha Richardson was married to this celebrated Hollywood actor from 1994 until her death in 2009.,Rowan Atkinson,Sean Connery,Liam Neeson,Mickey Rourke,C,medium,false,
Celebrities,In what 1998 comedy movie did Natasha Richardson star as the mother of twin girls played by Lindsay Lohan?,Somebody Call a Doctor,Double Trouble,The Parent Trap,Two of a Kind,C,medium,false,
Celebrities,What popular author did Natasha Richardson portray in the 1986 movie Gothic.,Emily Bronte,Jane Austen,Mary Shelley,Virginia Woolf,C,medium,false,
Celebrities,"Natasha Richardson was an activist for raising awareness about this disease, as her father died from it.",Heart disease,Cancer,AIDS,Alzheimers disease,C,medium,false,
Celebrities,Natasha Richardson starred opposite Christopher Walken and Rupert Everett in this 1990 movie.,Widows Peak,Past Midnight,The Comfort of Strangers,The Handmaids Tale,C,medium,false,
Celebrities,"What type of character is Caroline Lane, played by Natasha Richardson in the 2002 romantic comedy Maid in Manhattan?",Socialite,Fashion designer,Actress,Maid,A,medium,false,
Celebrities,"What type of accident caused actress Natasha Richardsons death on March 18, 2009?",Swimming accident,Skiing accident,Fencing accident,Car accident,B,medium,false,
Celebrities,What was the last movie in which actress Natasha Richardson appeared before her sudden death in 2009?,Evening,Wild Child,Asylum,The White Countess,B,medium,false,
Celebrities,What song from Nirvanas album Nevermind contains these lyrics: With the lights out its less dangerous Here we are now Entertain us I feel stupid and contagious Here we are now Entertain us?,Heart-Shaped Box,All Apologies,Smells Like Teen Spirit,Lithium,C,medium,false,
Celebrities,What song from Nirvanas album In Utero contains the following lyrics: Hey! Wait! Ive got a new complaint Forever in debt to your priceless advice?,All Apologies,Heart-Shaped Box,Lithium,Polly,B,medium,false,
Celebrities,This song is from Nirvanas album In Utero: Give me a Leonard Cohen afterworld So I can sigh eternally Im so tired I cant sleep Im a liar and a thief,Heart-Shaped Box,Aneurysm,Lithium,Pennyroyal Tea,D,medium,false,
Celebrities,What cover song from Nirvanas album Bleach contains these lyrics: Would you believe me when I tell you You are the queen of my heart Please dont deceive me when I hurt you Just aint the way it seems?,About a Girl,Rape Me,Love Buzz,Lithium,C,medium,false,
Celebrities,"What song from Nirvanas album Nevermind contains the lyrics, Hes the one Who likes all our pretty songs And he likes to sing along And he likes to shoot his gun?",In Bloom,Lithium,All Apologies,Come As You Are,A,medium,false,
Celebrities,"In this song off the Nevermind album, the phrase And I swear that I dont have a gun No I dont have a gun is sung 6 times.",Polly,Rape Me,In Bloom,Come As You Are,D,medium,false,
Celebrities,"In which In Utero song are the lyrics, In the sun In the sun I feel as one In the sun In the sun Married, Maried, Maried! Buried!?",All Apologies,In Bloom,Love Buzz,Pennyroyal Tea,A,medium,false,
Celebrities,"What song on Bleach and Unplugged in New York contains the lyrics, Ill take advantage while You hang me out to dry But I cant see you every night Free?",Blew,In Bloom,All Apologies,About a Girl,D,medium,false,
Celebrities,"What song from Nirvanas album Nevermind contains the lines, It isnt me We have some seed Let me clip Your dirty wings?",About a Girl,Lithium,Heart-Shaped Box,Polly,D,medium,false,
Celebrities,"What Epica song do these lyrics belong to: Its a place where your wish will be granted Come, youll see Im right?",Safeguard To Paradise,Trois Vierges,Chasing The Dragon,Sancta Terra,D,medium,false,
Celebrities,What Epica song contains these lyrics: When the beautiful unreality holds out its hand Its better not to lose yourself in blind faith?,Run For A Fall,Living a Lie,Seif Al Din,Dance Of Fate,C,medium,false,
Celebrities,"In what New York City borough was Mary J. Blige born on January 11, 1971?",Staten Island,Brooklyn,Bronx,Queens,C,medium,false,
Celebrities,What family member taught Mary J. Blige how to sing when she was a child?,Her mother,Her father,Her older sister,Her grandmother,B,medium,false,
Celebrities,"At the age of 17, Mary J. Blige recorded a cover of a song by this Grammy-winning female RB artist.",Diana Ross,Chaka Khan,Aretha Franklin,Anita Baker,D,medium,false,
Celebrities,"What is the name of Mary J. Bliges debut album released on July 28, 1992 by Uptown Records?",Mary the First,Spiritual,Go Find,Whats the 411?,D,medium,false,
Celebrities,What notable hip hop and RB artist supervised the creation of Mary J. Bliges debut album?,R. Kelly,Jay-Z,Jermaine Dupri,P. Diddy,D,medium,false,
Celebrities,"With what rap artist did Mary J. Blige collaborate on  Ill Be There for You/Youre All I Need to Get By, a song that won her the first Grammy Award in her career?",Redman,Dr. Dre,2Pac,Method Man,D,medium,false,
Celebrities,What two musical genres is Mary J. Blige well known for combining?,Soul and jazz,RB and soul,Soul and hip hop,Jazz and soft rock,C,medium,false,
Celebrities,What imposing music artist collaborated on Mary J. Bliges fourth album Mary?,Elton John,Aretha Franklin,All of these,Eric Clapton,C,medium,false,
Celebrities,What is the name of the song that Mary J. Blige and George Michael recorded together in 1999?,As,Even,If,Whenever,A,medium,false,
Celebrities,What song by Mary J. Blige became her first Billboard Hot 100 number one in 2001?,Not Gon Cry,Family Affair,Gimme You,No More Drama,B,medium,false,
Celebrities,"What 30 Seconds to Mars song includes the lyrics, Mary was a different girl Had a thing for astronauts?",Echelon,The Fantasy,The Mission,Buddha for Mary,D,medium,false,
Celebrities,Where was Donald Trump born?,"Woodhaven, New York",New York City,"Los Angeles, California","London, England",B,medium,false,
Celebrities,"What is the name of Donald Trumps reality TV show, which debuted in 2004?",“The Biggest Loser”,“The Apprentice”,“Deal or No Deal”,“American Idol”,B,medium,false,
Celebrities,Trump Place is a multi-building development located along this river.,the Hudson River,the Niagara River,the Mangaup River,None of these,A,medium,false,
Celebrities,Name Donald Trumps first wife.,None of these,Melania Trump,Marla Naples,Ivana Trump,D,medium,false,
Celebrities,Who referred to Donald Trump as The Donald in an interview?,Melania Knauss-Trump,Ivana Trump,Fred Christ Trump,Marla Maples,B,medium,false,
Celebrities,"In 2007, Forbes valued Donald Trumps wealth to how much?",$3.0 billion,$ 1.0 billion,$ 5.0 billion,$ 10 billion,A,medium,false,
Celebrities,Donald Trump has a star on the Hollywood Walk of Fame.,True,False,,,A,medium,false,
Celebrities,Donald Trump is known for enthusiastically practicing which of the following sports?,Hockey,Basketball,Golf,Football,C,medium,false,
Celebrities,"What year did Donald Trump marry his third wife, Melania Knauss-Trump?",2005,1999,2000,2001,A,medium,false,
Celebrities,What University did Donald Trump graduate from in 1968?,Boston University,University of Pennsylvania,Harvard University,Princeton University,B,medium,false,
