category_name,question_text,option_a,option_b,option_c,option_d,correct_answer,complexity,disabled,image_url
Computer - AWS Solutions Architect Certificate,Which statement best matches the AWS Certified Solutions Architect - Professional exam scope?,It validates advanced architecture skills for optimized AWS solutions across complex requirements.,It focuses mainly on frontend mobile application development.,It focuses only on Linux operating system administration.,It validates entry-level AWS Cloud terminology only.,A,easy,false,
Computer - AWS Solutions Architect Certificate,A company has strict RTO and RPO requirements. Which SAP-C02 design skill is most directly being tested?,Writing mobile app frontend components.,Selecting a laptop operating system.,Designing disaster recovery and resilient architectures around business recovery objectives.,Choosing a code editor for developers.,C,easy,false,
Computer - AWS Solutions Architect Certificate,"For a professional-level architecture question, which approach is usually best?",Always choose the newest AWS service even if it does not match the requirement.,Ignore business requirements and select the most familiar service.,"Identify constraints such as security, cost, RTO, RPO, latency, scale, and operational effort before choosing a service.",Always choose the lowest-cost option regardless of reliability or security.,C,medium,false,
Computer - AWS Solutions Architect Certificate,A question asks for the MOST operationally efficient solution. What should that wording make you prioritize?,A design with the most custom scripts possible.,"Managed services, automation, and reduced undifferentiated operational work.",A solution that requires frequent manual failover.,Manual patching and self-managed servers.,B,medium,false,
Computer - AWS Solutions Architect Certificate,A question asks for the MOST cost-effective highly available architecture. What should you avoid?,Using Auto Scaling for variable demand.,Matching storage classes to access patterns.,Using managed services when they satisfy the requirements.,Overprovisioned resources or active-active multi-Region designs when the requirements do not justify them.,D,medium,false,
Computer - AWS Solutions Architect Certificate,What is the primary purpose of AWS Signature Version 4 when calling AWS APIs?,To compress S3 objects before upload.,To replicate API requests across all AWS Regions.,To authenticate and integrity-protect API requests by signing them with AWS credentials.,To encrypt EBS volumes automatically.,C,medium,false,
Computer - AWS Solutions Architect Certificate,An EC2 application needs to call AWS APIs securely. Which credential approach is best practice?,Store long-term IAM user access keys in the application source code.,Attach an IAM role to the instance and use temporary credentials from the instance metadata service.,Disable IAM authentication for the API calls.,Share the root account access keys with the application.,B,easy,false,
Computer - AWS Solutions Architect Certificate,An application receives throttling errors from an AWS API during bursts. What is the best client-side retry strategy?,Disable TLS to reduce latency.,Retry immediately in a tight loop from every client.,Create one root access key per thread.,Use exponential backoff with jitter and make operations idempotent where possible.,D,medium,false,
Computer - AWS Solutions Architect Certificate,"Which service provides temporary, limited-privilege credentials for roles and federation?",AWS Security Token Service (AWS STS),AWS DataSync,Amazon Route 53,Amazon S3 Glacier,A,easy,false,
Computer - AWS Solutions Architect Certificate,"Which service records AWS account API activity for governance, compliance, and operational auditing?",Amazon ElastiCache,AWS CloudTrail,Amazon CloudFront,AWS Glue,B,easy,false,
Computer - AWS Solutions Architect Certificate,A CloudFormation stack update should be reviewed before resources are changed. Which feature should the architect use?,VPC Flow Logs,S3 Transfer Acceleration,Change sets,DynamoDB Streams,C,medium,false,
Computer - AWS Solutions Architect Certificate,Which S3 feature should be enabled to keep multiple versions of an object and recover from accidental overwrites or deletes?,S3 Transfer Acceleration,S3 Select only,S3 Versioning,S3 Static Website Hosting only,C,easy,false,
Computer - AWS Solutions Architect Certificate,A company must retain objects in WORM form for a regulatory period so that they cannot be overwritten or deleted. Which S3 feature is designed for this?,S3 Object Lock,S3 Event Notifications,S3 Requester Pays,S3 Inventory,A,medium,false,
Computer - AWS Solutions Architect Certificate,Which S3 Object Lock retention mode prevents even the root user from deleting or shortening retention until the period expires?,Compliance mode,Website hosting mode,Requester Pays mode,Governance mode,A,hard,false,
Computer - AWS Solutions Architect Certificate,A workload has unpredictable access patterns and needs automatic movement between frequent and infrequent access tiers without retrieval fees. Which S3 storage class is best?,S3 One Zone-Infrequent Access only,S3 Intelligent-Tiering,S3 Glacier Deep Archive only,S3 Express One Zone only,B,medium,false,
Computer - AWS Solutions Architect Certificate,Which S3 storage class is generally best for long-term archive data that is rarely accessed and can tolerate retrieval times measured in hours?,S3 Standard only,S3 Glacier Flexible Retrieval or S3 Glacier Deep Archive depending on retrieval needs,S3 Express One Zone only,S3 Standard-Infrequent Access for all archive data regardless of access pattern,B,medium,false,
Computer - AWS Solutions Architect Certificate,A company needs to replicate S3 objects to another Region for compliance. What must be enabled on the source and destination buckets?,Requester Pays,S3 Select,Versioning,Static website hosting,C,medium,false,
Computer - AWS Solutions Architect Certificate,Which feature can guarantee that most S3 replicated objects meet a 15-minute replication SLA when configured correctly?,S3 Transfer Acceleration,S3 Select,S3 Replication Time Control,S3 Object Lambda,C,hard,false,
Computer - AWS Solutions Architect Certificate,A private S3 bucket should be accessed by CloudFront without making the bucket public. Which modern CloudFront feature is preferred?,Origin Access Control (OAC),A NAT gateway in front of S3,An Internet Gateway attached to S3,A public bucket policy that allows everyone,A,medium,false,
Computer - AWS Solutions Architect Certificate,Which statement is most accurate for a current SAP-C02 learner regarding Amazon S3 Select?,S3 Select is a storage class for archive objects.,S3 Select is the current preferred AWS service for all new data lake SQL analytics.,S3 Select is required for S3 Cross-Region Replication.,"S3 Select can filter the contents of a single S3 object with SQL, but it is no longer available to new customers, so new designs should generally use alternatives such as Athena or application-side filtering.",D,hard,false,
Computer - AWS Solutions Architect Certificate,"A company needs to apply the same operation to billions of existing S3 objects, such as copying objects or invoking Lambda. Which feature should be considered?",S3 Batch Operations,S3 Object Ownership only,S3 Transfer Acceleration only,S3 Static Website Hosting,A,medium,false,
Computer - AWS Solutions Architect Certificate,What does S3 Object Ownership with Bucket owner enforced do?,Disables ACLs and makes the bucket owner automatically own objects in the bucket.,Requires all objects to be publicly readable.,Turns the bucket into a block storage volume.,Replicates the bucket to every AWS Region automatically.,A,medium,false,
Computer - AWS Solutions Architect Certificate,A global user base uploads large objects to a centralized S3 bucket over long distances. Which S3 feature can improve upload performance by using AWS edge locations?,S3 Transfer Acceleration,S3 Glacier Deep Archive,S3 Inventory,S3 Object Lock,A,medium,false,
Computer - AWS Solutions Architect Certificate,An application needs event-driven processing whenever new objects are created in an S3 bucket. Which target can S3 event notifications invoke directly?,AWS Lambda,AWS Direct Connect,Amazon EBS,Amazon Route 53 Resolver,A,easy,false,
Computer - AWS Solutions Architect Certificate,"A company needs centralized visibility into object counts, storage usage, and activity trends across many S3 buckets. Which feature is purpose-built for this?",S3 Object Lock legal holds only,S3 Storage Lens,S3 Multi-Part Upload,S3 Website Hosting,B,medium,false,
Computer - AWS Solutions Architect Certificate,Which VPC control is stateful and automatically allows return traffic for allowed inbound or outbound traffic?,Security group,Network ACL,Route table,VPC Flow Log,A,easy,false,
Computer - AWS Solutions Architect Certificate,Which VPC control is stateless and evaluates both inbound and outbound rules separately at the subnet boundary?,Security group,Internet gateway,Network ACL,NAT gateway,C,easy,false,
Computer - AWS Solutions Architect Certificate,"A private subnet needs outbound IPv4 internet access for patch downloads, but no inbound connections should be initiated from the internet. Which component is appropriate?",Route 53 health check,NAT gateway in a public subnet with routes from the private subnet,VPC peering connection to the internet,Internet gateway directly attached to the private subnet instances,B,medium,false,
Computer - AWS Solutions Architect Certificate,A solution needs transitive routing among many VPCs and on-premises networks using a hub-and-spoke model. Which service is usually best?,VPC peering mesh with transitive routing,NAT gateway,Amazon CloudFront,AWS Transit Gateway,D,medium,false,
Computer - AWS Solutions Architect Certificate,Why is VPC peering not ideal for connecting many VPCs that require transitive routing?,VPC peering encrypts data only with customer-managed keys.,VPC peering is non-transitive and does not support overlapping CIDR blocks.,VPC peering works only for S3 buckets.,VPC peering requires CloudFormation StackSets.,B,medium,false,
Computer - AWS Solutions Architect Certificate,A private subnet needs private access to Amazon S3 with no NAT gateway data processing charges. Which endpoint type is commonly used?,Internet gateway endpoint for S3,Transit Gateway endpoint for S3,Gateway VPC endpoint for S3,NAT gateway endpoint for S3,C,medium,false,
Computer - AWS Solutions Architect Certificate,A company wants private connectivity from a VPC to supported AWS services or partner services using private IPs and ENIs. Which technology is this?,Route 53 public hosted zones only,AWS PrivateLink with interface VPC endpoints,S3 static website hosting,Elastic IP reassociation,B,medium,false,
Computer - AWS Solutions Architect Certificate,"Which feature records metadata about accepted and rejected IP traffic for VPC resources, but not packet payloads?",AWS Config conformance packs,CloudFront signed cookies,S3 Inventory,VPC Flow Logs,D,easy,false,
Computer - AWS Solutions Architect Certificate,A company needs a dedicated private network connection from its data center to AWS with consistent bandwidth. Which service should it use?,AWS Direct Connect,Amazon CloudFront,AWS Site-to-Site VPN only,AWS Data Exchange,A,easy,false,
Computer - AWS Solutions Architect Certificate,A hybrid network needs DNS resolution between on-premises DNS servers and Route 53 private hosted zones. Which Route 53 feature is relevant?,Route 53 Resolver inbound and outbound endpoints,Route 53 domain registration only,Route 53 public health checks only,CloudFront origin groups,A,medium,false,
Computer - AWS Solutions Architect Certificate,A private IPv6 subnet needs outbound-only internet access without allowing unsolicited inbound internet traffic. Which component is designed for this?,Gateway Load Balancer endpoint,Route 53 Resolver rule,Egress-only internet gateway,NAT gateway for IPv6,C,medium,false,
Computer - AWS Solutions Architect Certificate,Which load balancer type is best for deploying third-party virtual appliances such as firewalls while preserving source and destination traffic flows?,Classic Load Balancer,Gateway Load Balancer,Application Load Balancer only,Network Load Balancer only,B,hard,false,
Computer - AWS Solutions Architect Certificate,A service in one VPC should be privately exposed to consumers in other VPCs without requiring VPC peering or route table changes between the VPCs. Which pattern fits best?,Use an Internet Gateway on the consumer VPC only.,Expose the service with AWS PrivateLink.,Make every subnet public.,Use S3 Transfer Acceleration.,B,medium,false,
Computer - AWS Solutions Architect Certificate,Which Route 53 routing policy routes users to the AWS Region with the lowest network latency from their location?,Weighted routing,Latency-based routing,Failover routing,Simple routing,B,easy,false,
Computer - AWS Solutions Architect Certificate,Which Route 53 routing policy is best for active-passive DNS failover using health checks?,Simple routing,Failover routing,Geoproximity routing,Multivalue answer routing,B,easy,false,
Computer - AWS Solutions Architect Certificate,Which Route 53 record type can point the zone apex to AWS resources such as an ALB or CloudFront distribution?,Alias record,TXT record only,CNAME record at the zone apex,MX record,A,medium,false,
Computer - AWS Solutions Architect Certificate,A global TCP application needs two static anycast IP addresses and traffic routed over the AWS global network to healthy regional endpoints. Which service is designed for this?,AWS DataSync,AWS Global Accelerator,Amazon Route 53 Resolver,Amazon CloudFront only,B,medium,false,
Computer - AWS Solutions Architect Certificate,When should CloudFront usually be preferred over Global Accelerator?,When the workload is HTTP/HTTPS content that benefits from edge caching and CDN features.,When the only requirement is a managed Kafka cluster.,When the workload is non-HTTP TCP traffic that only needs static anycast IPs.,When the application needs block storage attached to EC2.,A,medium,false,
Computer - AWS Solutions Architect Certificate,A function must have a guaranteed amount of concurrency while also limiting its maximum concurrency. Which Lambda setting is used?,Reserved concurrency,S3 lifecycle policy,Route 53 weighted routing,Provisioned throughput,A,medium,false,
Computer - AWS Solutions Architect Certificate,A latency-sensitive Lambda workload needs predictable startup latency during traffic spikes. Which feature should be considered?,DynamoDB TTL,Provisioned concurrency,AWS DataSync task scheduling,S3 Object Lock,B,medium,false,
Computer - AWS Solutions Architect Certificate,A Lambda function running inside a VPC must access the public internet. What is generally required?,A private hosted zone only,A security group rule that alone grants internet routing,An EBS volume mounted to the function,A route from the Lambda subnets to a NAT gateway or NAT instance in a public subnet,D,medium,false,
Computer - AWS Solutions Architect Certificate,Which statement about Lambda and Amazon SQS event source mappings is correct?,A NAT gateway is always required for Lambda to poll SQS.,"Lambda polls SQS, invokes the function with batches, and deletes messages only after successful processing.",SQS pushes messages directly into Lambda execution environments without polling.,Messages are deleted before the function runs to improve performance.,B,hard,false,
Computer - AWS Solutions Architect Certificate,Which workload is a poor fit for AWS Lambda without redesign?,Short event-driven image thumbnail creation.,Running lightweight API backend logic.,A single request that must run continuously for several hours.,Processing S3 object-created events.,C,easy,false,
Computer - AWS Solutions Architect Certificate,"Which service can coordinate multiple Lambda functions with retries, branching, and long-running workflow state?",AWS Step Functions,AWS Direct Connect,S3 Transfer Acceleration,Amazon EBS,A,medium,false,
Computer - AWS Solutions Architect Certificate,What is the main purpose of Amazon CloudFront?,To deliver content through edge locations with caching and edge security features.,To create private subnets.,To run relational database engines.,To provide block storage volumes for EC2.,A,easy,false,
Computer - AWS Solutions Architect Certificate,A company needs to restrict access to paid video content delivered through CloudFront. Which feature is appropriate?,Signed URLs or signed cookies,DynamoDB TTL,NAT gateway rules,S3 public read ACLs for all objects,A,medium,false,
Computer - AWS Solutions Architect Certificate,Which edge compute option is best for lightweight JavaScript logic at viewer request or viewer response events with very low latency?,Amazon EMR,CloudFront Functions,AWS Glue crawlers,AWS Batch,B,medium,false,
Computer - AWS Solutions Architect Certificate,Which CloudFront feature can add an additional centralized caching layer in front of the origin to improve origin cache hit ratio?,EBS Fast Snapshot Restore,S3 Object Lock,Route 53 Resolver,Origin Shield,D,medium,false,
Computer - AWS Solutions Architect Certificate,A CloudFront distribution should fail over from a primary origin to a secondary origin when errors occur. Which feature supports this?,Origin groups with failover criteria,DynamoDB global secondary indexes,SQS long polling,EBS Multi-Attach,A,medium,false,
Computer - AWS Solutions Architect Certificate,A workload needs to decouple web requests from background workers and absorb traffic spikes. Which service is most appropriate?,Amazon SQS,Amazon EBS,Amazon Route 53,AWS Direct Connect,A,easy,false,
Computer - AWS Solutions Architect Certificate,Which SQS queue type provides best-effort ordering and at-least-once delivery with very high throughput?,FIFO queue,Dead-letter queue only,Standard queue,Delay queue only,C,easy,false,
Computer - AWS Solutions Architect Certificate,Which SQS queue type should be used when message order and exactly-once processing semantics are required?,Standard queue,FIFO queue,Priority queue,Temporary queue,B,medium,false,
Computer - AWS Solutions Architect Certificate,What is the SQS visibility timeout?,The DNS TTL for Route 53 records.,The duration of a CloudFront signed URL only.,The maximum time an S3 object can stay in a bucket.,The period during which a received message is hidden from other consumers before it is deleted or becomes visible again.,D,medium,false,
Computer - AWS Solutions Architect Certificate,Messages that cannot be processed successfully after several receives should be moved where for later analysis?,An Internet Gateway,A public hosted zone,An EBS snapshot,A dead-letter queue,D,easy,false,
Computer - AWS Solutions Architect Certificate,"A publisher needs to fan out the same event to multiple subscribers such as SQS queues, Lambda functions, and HTTPS endpoints. Which service is best?",Amazon SNS,AWS Backup,Amazon FSx,Amazon EBS,A,easy,false,
Computer - AWS Solutions Architect Certificate,A subscriber should receive only SNS messages where message attributes match a policy. Which SNS feature supports this?,NAT gateway,EBS snapshot lifecycle,Route 53 failover record,Subscription filter policy,D,medium,false,
Computer - AWS Solutions Architect Certificate,"A company is migrating an application that depends on JMS, AMQP, MQTT, or STOMP and wants a managed broker rather than rewriting to SQS/SNS immediately. Which service fits?",Amazon MQ,Amazon Athena,AWS Glue Data Catalog,Amazon S3,A,medium,false,
Computer - AWS Solutions Architect Certificate,Which RDS feature is primarily used for automatic failover and high availability within a Region?,S3 lifecycle rule,Multi-AZ deployment,Read replica only,Manual snapshot only,B,easy,false,
Computer - AWS Solutions Architect Certificate,Which RDS feature is primarily used to scale read-heavy workloads?,S3 Object Lock,Network ACLs,Multi-AZ standby only,Read replicas,D,easy,false,
Computer - AWS Solutions Architect Certificate,An application opens many short-lived database connections from Lambda functions. Which service can reduce connection storms and improve failover handling?,Amazon Route 53 Resolver,Amazon CloudFront,Amazon RDS Proxy,AWS Data Exchange,C,medium,false,
Computer - AWS Solutions Architect Certificate,A database must be restored to a specific second within the backup retention window. Which feature supports this?,Point-in-time recovery from automated backups,CloudFront invalidation,SQS dead-letter queues,VPC peering,A,medium,false,
Computer - AWS Solutions Architect Certificate,A global application needs low-latency reads in multiple Regions and fast disaster recovery for an Aurora database. Which feature is designed for this?,AWS App Runner,EBS Multi-Attach,S3 Transfer Acceleration,Aurora Global Database,D,medium,false,
Computer - AWS Solutions Architect Certificate,Which endpoint should an application use to distribute read traffic across Aurora Replicas?,S3 gateway endpoint,Instance metadata endpoint,Reader endpoint,Cluster writer endpoint,C,medium,false,
Computer - AWS Solutions Architect Certificate,Which Aurora option is best for variable or intermittent relational workloads that need capacity to scale automatically without managing fixed DB instance sizes?,Amazon Keyspaces,Aurora Serverless v2,Amazon Neptune,RDS read replica only,B,medium,false,
Computer - AWS Solutions Architect Certificate,What is a key architectural difference between Aurora storage and traditional single-instance database storage?,Aurora stores all data only on the EC2 instance root volume.,Aurora requires customers to manually copy transaction logs to S3 every minute.,Aurora can run only in a single Availability Zone.,"Aurora uses a distributed, fault-tolerant storage system that replicates data across multiple Availability Zones.",D,hard,false,
Computer - AWS Solutions Architect Certificate,Which DynamoDB capacity mode is often best when traffic is unpredictable and you do not want to manage read/write capacity units?,Provisioned capacity mode with no auto scaling,On-demand capacity mode,Manual EC2 scaling,EBS throughput optimization,B,easy,false,
Computer - AWS Solutions Architect Certificate,A DynamoDB table needs to support an additional query pattern with a different partition key from the base table. Which feature should be considered?,S3 lifecycle rule,EBS snapshot,Route 53 health check,Global secondary index (GSI),D,medium,false,
Computer - AWS Solutions Architect Certificate,"Which DynamoDB feature provides multi-Region, active-active replication for tables?",DAX only,Local secondary indexes only,S3 Cross-Region Replication,Global tables,D,medium,false,
Computer - AWS Solutions Architect Certificate,A read-heavy DynamoDB application needs microsecond read latency and can tolerate eventually consistent cached reads. Which feature is designed for this?,Amazon MQ,DynamoDB Streams only,DynamoDB Accelerator (DAX),S3 Select,C,medium,false,
Computer - AWS Solutions Architect Certificate,Which DynamoDB feature captures item-level changes for event-driven processing?,DynamoDB Streams,S3 Inventory,Route 53 Resolver,DynamoDB TTL only,A,easy,false,
Computer - AWS Solutions Architect Certificate,What is the main purpose of DynamoDB TTL?,Increase the maximum S3 object size.,Automatically expire and delete items after a specified timestamp attribute.,Encrypt network traffic between VPCs.,Create a relational foreign key.,B,easy,false,
Computer - AWS Solutions Architect Certificate,"Which database service is purpose-built for graph workloads such as fraud rings, knowledge graphs, and social relationships?",Amazon EFS,Amazon RDS for MySQL,Amazon S3,Amazon Neptune,D,easy,false,
Computer - AWS Solutions Architect Certificate,Which service is a fully managed document database with MongoDB compatibility?,Amazon Redshift,Amazon FSx for Lustre,Amazon Neptune,Amazon DocumentDB,D,easy,false,
Computer - AWS Solutions Architect Certificate,Which service should you choose to run Cassandra-compatible workloads without managing Cassandra servers?,Amazon Keyspaces,Amazon QLDB,Amazon EBS,Amazon ElastiCache only,A,easy,false,
Computer - AWS Solutions Architect Certificate,Which statement is most accurate for a current SAP-C02 learner regarding Amazon QLDB?,QLDB is an S3 storage class.,QLDB is a load balancer for TCP traffic.,"QLDB was a ledger database topic in older material, but AWS announced end of support for QLDB on July 31, 2025, so it should not be selected for new designs.",QLDB is the current preferred AWS service for all new ledger database workloads.,C,hard,false,
Computer - AWS Solutions Architect Certificate,"A workload requires relational joins, SQL transactions, and a managed PostgreSQL-compatible engine. Which service is usually the best fit?",Amazon RDS for PostgreSQL or Amazon Aurora PostgreSQL,Amazon CloudFront Functions,Amazon S3 Standard,Amazon SQS,A,easy,false,
Computer - AWS Solutions Architect Certificate,A workload stores JSON-like documents and needs MongoDB-compatible drivers and tools with AWS-managed operations. Which service fits best?,Amazon Athena,Amazon Keyspaces,Amazon Neptune,Amazon DocumentDB,D,medium,false,
Computer - AWS Solutions Architect Certificate,Which EC2 purchasing option is best for fault-tolerant workloads that can handle interruptions and need the deepest discounts?,Spot Instances,On-Demand Instances,Dedicated Hosts for every workload,Savings Plans with no workload commitment,A,easy,false,
Computer - AWS Solutions Architect Certificate,Which EC2 purchasing model is best when you need physical server isolation and control for compliance or licensing requirements?,Spot Instances,S3 Intelligent-Tiering,Amazon CloudFront,Dedicated Hosts,D,medium,false,
Computer - AWS Solutions Architect Certificate,"Which feature provides a template for launching EC2 instances with settings such as AMI, instance type, security groups, and user data?",VPC Flow Log,S3 bucket policy,Launch template,Route 53 health check,C,easy,false,
Computer - AWS Solutions Architect Certificate,What is the purpose of an Amazon Machine Image (AMI)?,To provide a DNS routing policy.,To create an SQS dead-letter queue.,"To provide a reusable image containing the OS, software, and configuration used to launch EC2 instances.",To replicate DynamoDB items across Regions.,C,easy,false,
Computer - AWS Solutions Architect Certificate,A company needs to copy a hardened EC2 image to another Region for disaster recovery. Which action is appropriate?,Copy the AMI to the target Region.,Attach the same EBS volume directly across Regions.,Use an SQS FIFO queue.,Create a Route 53 TXT record.,A,medium,false,
Computer - AWS Solutions Architect Certificate,"Which load balancer is best for HTTP/HTTPS routing based on paths, hosts, and headers?",Network Load Balancer,Classic Load Balancer only,Gateway Load Balancer,Application Load Balancer,D,easy,false,
Computer - AWS Solutions Architect Certificate,Which load balancer is best for ultra-low-latency TCP/UDP traffic and static IP support per Availability Zone?,Gateway Load Balancer only,Application Load Balancer,CloudFront distribution,Network Load Balancer,D,medium,false,
Computer - AWS Solutions Architect Certificate,A load balancer needs to terminate TLS using a certificate managed by ACM. Which service integrates with ACM for this use case?,AWS DataSync,Amazon Keyspaces,Elastic Load Balancing,Amazon EBS direct APIs only,C,easy,false,
Computer - AWS Solutions Architect Certificate,What is the primary purpose of an EC2 Auto Scaling group?,Maintain and scale a fleet of EC2 instances based on desired capacity and scaling policies.,Route DNS queries to the nearest Region only.,Create managed Kafka topics.,Store objects with 11 nines durability.,A,easy,false,
Computer - AWS Solutions Architect Certificate,"Which scaling policy type adjusts capacity to keep a metric, such as average CPU utilization, near a specified target?",Security group rule,Target tracking scaling policy,S3 lifecycle policy,Route 53 weighted policy,B,medium,false,
Computer - AWS Solutions Architect Certificate,An Auto Scaling group behind an ALB should replace instances that fail load balancer health checks. Which setting should be enabled?,CloudFront signed URLs,DynamoDB TTL,ELB health checks for the Auto Scaling group,S3 object versioning,C,medium,false,
Computer - AWS Solutions Architect Certificate,Which workload is the best fit for Amazon Lightsail?,A petabyte-scale data lake with complex governance.,A simple website or small application needing a predictable bundled VPS experience.,A managed Kafka streaming platform.,A highly customized multi-account enterprise landing zone.,B,easy,false,
Computer - AWS Solutions Architect Certificate,"Which service recommends rightsizing options for EC2 instances, Auto Scaling groups, EBS volumes, Lambda functions, and other supported resources based on utilization?",AWS Compute Optimizer,AWS Data Exchange,Amazon Device Farm,AWS Audit Manager,A,medium,false,
Computer - AWS Solutions Architect Certificate,What does an Amazon ECS task definition describe?,A DNS hosted zone configuration.,An S3 object lifecycle transition.,A VPC CIDR block allocation only.,"Container image, CPU, memory, networking, environment variables, and other settings for running containers.",D,easy,false,
Computer - AWS Solutions Architect Certificate,Which ECS launch option lets you run containers without managing EC2 container instances?,Amazon Lightsail snapshots,Amazon EC2 launch type,Dedicated Hosts only,AWS Fargate,D,easy,false,
Computer - AWS Solutions Architect Certificate,A stateless containerized web service on ECS should keep a desired number of tasks running and replace unhealthy tasks. Which ECS construct provides this?,ECS service,S3 bucket,DynamoDB stream,CloudFormation change set,A,medium,false,
Computer - AWS Solutions Architect Certificate,Which service provides a managed Kubernetes control plane on AWS?,Amazon EKS,Amazon ECS only,Amazon MQ,AWS App Runner only,A,easy,false,
Computer - AWS Solutions Architect Certificate,An organization wants Kubernetes portability and access to Kubernetes APIs while offloading control plane management to AWS. Which service is the best fit?,AWS Elastic Beanstalk only,Amazon Lightsail,AWS Transfer Family,Amazon EKS,D,medium,false,
Computer - AWS Solutions Architect Certificate,Which statement is most accurate for a current SAP-C02 learner regarding AWS App Runner?,App Runner is a managed Microsoft Active Directory service.,"App Runner was a course-covered service for simple web app and container deployments, but AWS announced it moved to maintenance for new customers starting April 30, 2026.",App Runner is an S3 storage class.,App Runner is the only AWS service that can run containers for new workloads.,B,hard,false,
Computer - AWS Solutions Architect Certificate,"Which AWS service stores, scans, and manages container images for ECS or EKS deployments?",Amazon Elastic Container Registry (Amazon ECR),Amazon S3 Glacier Deep Archive,AWS Audit Manager,Amazon WorkSpaces,A,easy,false,
Computer - AWS Solutions Architect Certificate,Which storage service provides persistent block volumes for EC2 instances?,Amazon EBS,Amazon EFS,Amazon SQS,Amazon S3,A,easy,false,
Computer - AWS Solutions Architect Certificate,A production EC2 database needs the highest durability block storage volume type with provisioned IOPS. Which EBS family is most appropriate?,S3 Glacier Deep Archive,st1 throughput optimized HDD for all random I/O databases,sc1 cold HDD for all latency-sensitive databases,io2 Block Express or io2 depending on instance and performance requirements,D,hard,false,
Computer - AWS Solutions Architect Certificate,Which feature can significantly reduce first-read latency from a restored EBS snapshot?,Route 53 geolocation routing,S3 Select,SNS filter policies,EBS Fast Snapshot Restore,D,medium,false,
Computer - AWS Solutions Architect Certificate,"Which storage service provides a regional, elastic NFS file system that can be mounted by multiple Linux EC2 instances across Availability Zones?",Amazon EFS,Amazon S3 Glacier,Amazon SQS,Amazon EBS,A,easy,false,
Computer - AWS Solutions Architect Certificate,Which EFS feature helps reduce cost by automatically moving infrequently accessed files to lower-cost storage?,EFS object versioning,EFS security groups only,EFS lifecycle management,EFS static website hosting,C,medium,false,
Computer - AWS Solutions Architect Certificate,A Windows application needs a managed SMB file share integrated with Microsoft Active Directory. Which service fits best?,Amazon EFS,Amazon Keyspaces,Amazon FSx for Windows File Server,Amazon S3 Glacier,C,easy,false,
Computer - AWS Solutions Architect Certificate,An HPC workload needs a high-performance parallel file system that can integrate with S3 data. Which FSx file system is most appropriate?,Amazon QLDB,Amazon EFS One Zone only,Amazon FSx for Windows File Server,Amazon FSx for Lustre,D,medium,false,
Computer - AWS Solutions Architect Certificate,"A workload requires managed NetApp ONTAP features such as snapshots, clones, and multi-protocol file access. Which AWS service should be considered?",Amazon SQS,Amazon FSx for NetApp ONTAP,Amazon EBS Magnetic,Amazon Route 53,B,medium,false,
Computer - AWS Solutions Architect Certificate,A data center needs on-premises NFS or SMB access to files stored durably in Amazon S3. Which Storage Gateway type fits?,Volume Gateway cached mode only,Amazon S3 File Gateway,Tape Gateway only,Amazon EBS direct attachment,B,medium,false,
Computer - AWS Solutions Architect Certificate,A company wants to replace physical tape infrastructure with virtual tapes stored in AWS. Which service should be used?,AWS Data Exchange,Amazon EFS,AWS Storage Gateway Tape Gateway,Amazon CloudFront,C,easy,false,
Computer - AWS Solutions Architect Certificate,Which service provides centralized backup policies and cross-account or cross-Region backup management for supported AWS resources?,AWS Backup,Amazon SNS,Amazon CloudFront,Amazon MSK,A,easy,false,
Computer - AWS Solutions Architect Certificate,A company needs to protect backups from deletion or changes by privileged users for a defined retention period. Which AWS Backup feature supports this?,CloudFront Origin Shield,SQS visibility timeout,AWS Backup Vault Lock,EBS burst credits,C,medium,false,
Computer - AWS Solutions Architect Certificate,A partner must upload files by SFTP directly into Amazon S3 without the company managing SFTP servers. Which service fits?,AWS DataSync only,Amazon EKS,AWS Transfer Family,Amazon CloudFront,C,easy,false,
Computer - AWS Solutions Architect Certificate,"Which service is best for automated, accelerated online data transfer between on-premises storage and AWS storage services such as S3, EFS, or FSx?",AWS DataSync,AWS Transfer Family,Amazon Route 53,Amazon SNS,A,medium,false,
Computer - AWS Solutions Architect Certificate,A Linux web fleet across multiple Availability Zones needs shared POSIX file storage. Which service is the best default choice?,SQS FIFO,Instance store on one EC2 instance,Amazon EFS,A single EBS volume attached to one instance,C,medium,false,
Computer - AWS Solutions Architect Certificate,Which service lets you run serverless SQL queries directly against data in Amazon S3?,Amazon Route 53,AWS App Runner,Amazon EBS,Amazon Athena,D,easy,false,
Computer - AWS Solutions Architect Certificate,Athena commonly uses which catalog to store table metadata for data in S3?,VPC route table,EC2 launch template,AWS Glue Data Catalog,Amazon MQ broker catalog,C,medium,false,
Computer - AWS Solutions Architect Certificate,A real-time application needs custom consumers to process ordered streaming records from shards. Which service fits best?,Amazon Kinesis Data Streams,AWS Backup,Amazon WorkSpaces,Amazon S3 Glacier Deep Archive,A,medium,false,
Computer - AWS Solutions Architect Certificate,A team wants to capture streaming data and deliver it to S3 with minimal custom consumer code. Which service is usually best?,Amazon Data Firehose,Amazon EBS,Amazon Kinesis Data Streams with only custom code,Amazon Route 53 Resolver,A,medium,false,
Computer - AWS Solutions Architect Certificate,Which AWS Glue component can automatically infer schemas and populate the Data Catalog from data stores?,Security group,AMI,Crawler,NAT gateway,C,easy,false,
Computer - AWS Solutions Architect Certificate,Which service is commonly used for serverless ETL jobs that prepare and transform data for analytics?,Amazon WorkSpaces,AWS Glue,AWS Certificate Manager,AWS Transfer Family,B,easy,false,
Computer - AWS Solutions Architect Certificate,"Which service is commonly used for managed search, log analytics, and observability workloads based on OpenSearch?",Amazon Keyspaces,AWS Device Farm,Amazon EFS,Amazon OpenSearch Service,D,easy,false,
Computer - AWS Solutions Architect Certificate,A company wants to run Apache Kafka-compatible streaming workloads without managing Kafka brokers themselves. Which service should it use?,Amazon Managed Streaming for Apache Kafka (Amazon MSK),AWS App Runner,Amazon FSx for Windows File Server,Amazon SQS Standard only,A,easy,false,
Computer - AWS Solutions Architect Certificate,A company wants to subscribe to third-party datasets through AWS and use them in analytics workflows. Which service is designed for this?,Amazon Route 53,AWS Data Exchange,AWS Direct Connect,AWS Secrets Manager,B,easy,false,
Computer - AWS Solutions Architect Certificate,"Which AWS service extracts text, handwriting, forms, and tables from scanned documents?",Amazon Polly,Amazon Translate,Amazon Textract,Amazon Transcribe,C,easy,false,
Computer - AWS Solutions Architect Certificate,Which AWS service converts speech in audio to text?,Amazon Polly,Amazon Comprehend,Amazon Rekognition,Amazon Transcribe,D,easy,false,
Computer - AWS Solutions Architect Certificate,"Which AWS service identifies objects, people, text, scenes, and activities in images and videos?",Amazon Rekognition,Amazon Aurora,AWS DataSync,Amazon Keyspaces,A,easy,false,
Computer - AWS Solutions Architect Certificate,"Which AWS service is used to build, train, and deploy custom machine learning models with managed infrastructure?",Amazon SageMaker AI,Amazon SQS,AWS Transfer Family,Amazon Route 53,A,medium,false,
Computer - AWS Solutions Architect Certificate,"Which service helps migrate relational databases, data warehouses, NoSQL databases, and other data stores with minimal downtime using full load and CDC?",Amazon EBS,Amazon CloudFront,AWS Direct Connect,AWS Database Migration Service (AWS DMS),D,medium,false,
Computer - AWS Solutions Architect Certificate,A migration requires converting schema objects from Oracle to PostgreSQL before data replication. Which tool is commonly used with AWS DMS?,Amazon Inspector,AWS Schema Conversion Tool (AWS SCT),Amazon AppFlow,AWS Certificate Manager,B,medium,false,
Computer - AWS Solutions Architect Certificate,Which statement is most accurate about AWS Migration Hub for current learners?,It is the only service that can replicate S3 objects.,It is a managed Kubernetes control plane.,It is an object storage class for cold data.,"It was a course-covered service for tracking migrations, but AWS announced it would move to maintenance for new customers starting November 7, 2025.",D,hard,false,
Computer - AWS Solutions Architect Certificate,"Which AWS migration pattern means moving an application to the cloud with minimal changes, often called lift-and-shift?",Rehost,Refactor,Retain,Retire,A,easy,false,
Computer - AWS Solutions Architect Certificate,Which migration strategy means changing an application architecture to better use cloud-native services?,Retire immediately,Rehost with no changes,Retain indefinitely,Refactor or re-architect,D,easy,false,
Computer - AWS Solutions Architect Certificate,"Which service is purpose-built to move large datasets online to AWS storage with verification and scheduling, rather than providing interactive SFTP access?",Amazon SNS,Amazon Cognito,AWS Transfer Family,AWS DataSync,D,medium,false,
Computer - AWS Solutions Architect Certificate,"Which service is designed to store, encrypt, retrieve, and rotate database credentials and other secrets?",AWS Secrets Manager,Amazon SQS,Amazon Athena,AWS Data Exchange,A,easy,false,
Computer - AWS Solutions Architect Certificate,A database password must rotate automatically on a schedule with minimal custom code. Which service is the best fit?,AWS Global Accelerator,AWS Secrets Manager,Amazon CloudFront,S3 Versioning,B,easy,false,
Computer - AWS Solutions Architect Certificate,Which service aggregates security findings from AWS services and partner products and checks against security standards?,Amazon FSx,AWS Security Hub,AWS DataSync,Amazon AppStream 2.0,B,easy,false,
Computer - AWS Solutions Architect Certificate,Which statement is most accurate for a current SAP-C02 learner regarding AWS Audit Manager?,"Audit Manager was used to automate evidence collection for audits, but AWS announced it moved to maintenance for new customers starting April 30, 2026.",Audit Manager is a CDN cache invalidation service.,Audit Manager is a database replication engine for migrating Oracle to PostgreSQL.,Audit Manager is the required service for all new compliance workloads.,A,hard,false,
Computer - AWS Solutions Architect Certificate,"Which service provisions, manages, and renews public TLS certificates for integrated AWS services such as ALB and CloudFront?",AWS CloudTrail,AWS Certificate Manager (ACM),Amazon SQS,Amazon DynamoDB,B,easy,false,
Computer - AWS Solutions Architect Certificate,A certificate for a CloudFront distribution must be requested or imported in which Region?,US East (N. Virginia) us-east-1,Only the same Region as the S3 bucket origin,Only AWS GovCloud,Any Region where the origin is deployed,A,hard,false,
Computer - AWS Solutions Architect Certificate,"Which Amazon Cognito component provides user sign-up, sign-in, and user directory features?",Identity pool only,User pool,Route 53 hosted zone,NAT gateway,B,easy,false,
Computer - AWS Solutions Architect Certificate,Which Amazon Cognito component is used to grant temporary AWS credentials so authenticated or guest users can access AWS resources?,Identity pool,S3 bucket lifecycle rule,User pool app client only,CloudFront cache behavior,A,medium,false,
Computer - AWS Solutions Architect Certificate,A company wants a managed Microsoft Active Directory in AWS that supports trusts with an on-premises AD forest. Which service should it consider?,AWS Managed Microsoft AD,Amazon Cognito User Pools only,Amazon Route 53 public hosted zones only,AWS Secrets Manager only,A,medium,false,
Computer - AWS Solutions Architect Certificate,A company needs centralized preventive guardrails across many AWS accounts in an organization. Which AWS Organizations feature is commonly used?,DynamoDB TTL,EBS snapshots,S3 event notifications,Service control policies (SCPs),D,medium,false,
Computer - AWS Solutions Architect Certificate,Which CloudFormation feature lets administrators deploy stacks across multiple accounts and Regions from a central administrator account?,Nested stacks only,Change sets only,StackSets,Drift detection only,C,medium,false,
Computer - AWS Solutions Architect Certificate,Which CloudFormation feature detects whether actual resource configuration has changed outside of CloudFormation?,Drift detection,AWS DataSync verification,Stack policy only,VPC Flow Logs,A,medium,false,
Computer - AWS Solutions Architect Certificate,Which CloudFormation option can prevent accidental updates to critical stack resources?,Lambda reserved concurrency,S3 CORS rule,Route 53 geolocation policy,Stack policy,D,hard,false,
Computer - AWS Solutions Architect Certificate,A resource should remain after a CloudFormation stack is deleted. Which attribute can be used?,Outputs: Destroy,DependsOn: Delete,Metadata: Remove,DeletionPolicy: Retain,D,medium,false,
Computer - AWS Solutions Architect Certificate,A template should reference a Secrets Manager value without hardcoding the secret in plaintext. Which CloudFormation capability supports this?,CloudFront Functions,SQS long polling,Dynamic references,Route 53 alias records,C,medium,false,
Computer - AWS Solutions Architect Certificate,Which CloudFormation concept lets you reuse a stack as a component inside another stack?,Nested stack,EBS snapshot,VPC endpoint,S3 Access Point,A,medium,false,
Computer - AWS Solutions Architect Certificate,"Which service should be used to evaluate an architecture against AWS best practices across pillars such as security, reliability, performance, cost, and operations?",Amazon Keyspaces,AWS Well-Architected Tool,AWS Transfer Family,Amazon SQS,B,easy,false,
Computer - AWS Solutions Architect Certificate,"Which service is used to create, publish, maintain, monitor, and secure APIs at scale in AWS?",Amazon API Gateway,AWS Backup,Amazon EBS,Amazon FSx,A,easy,false,
Computer - AWS Solutions Architect Certificate,An API Gateway private API should be accessible only from a VPC. Which networking component is commonly used?,NAT gateway only,Internet Gateway only,S3 gateway endpoint,Interface VPC endpoint for API Gateway,D,medium,false,
Computer - AWS Solutions Architect Certificate,Which API Gateway feature helps protect backend services by limiting request rates?,EBS snapshots,Throttling and usage plans,DynamoDB streams,S3 Glacier Vault Lock,B,medium,false,
Computer - AWS Solutions Architect Certificate,Which API Gateway API type is designed for real-time two-way communication between clients and backends?,REST API only,WebSocket API,HTTP API only,Private hosted zone,B,easy,false,
Computer - AWS Solutions Architect Certificate,A business user needs a managed way to transfer data between SaaS applications such as Salesforce and AWS services such as S3. Which service fits?,Amazon AppStream 2.0,Amazon AppFlow,AWS DataSync,Amazon MQ,B,easy,false,
Computer - AWS Solutions Architect Certificate,Which service tests mobile and web applications across a fleet of real devices and browsers?,Amazon Cognito,AWS Backup,Amazon Neptune,AWS Device Farm,D,easy,false,
Computer - AWS Solutions Architect Certificate,Which statement is most accurate for a current SAP-C02 learner regarding Amazon Elastic Transcoder?,"Elastic Transcoder was a course-covered media transcoding service, but AWS discontinued support on November 13, 2025 and recommends migrating to AWS Elemental MediaConvert.",Elastic Transcoder is a managed Kafka service.,Elastic Transcoder is the current preferred service for all new AWS media transcoding workloads.,Elastic Transcoder is an S3 storage class for cold data.,A,hard,false,
Computer - AWS Solutions Architect Certificate,Which service streams desktop applications securely to users through a browser without requiring a full persistent desktop?,Amazon AppStream 2.0,Amazon EFS,AWS Transfer Family,Amazon WorkSpaces,A,easy,false,
Computer - AWS Solutions Architect Certificate,"Which service provides managed, persistent cloud desktops for users?",Amazon SQS,AWS Glue,Amazon AppStream 2.0,Amazon WorkSpaces,D,easy,false,
Computer - AWS Solutions Architect Certificate,"A multi-account organization needs centrally managed accounts, guardrails, and a governed landing zone. Which service is best suited?",Amazon MQ,Amazon S3 Transfer Acceleration,AWS Control Tower,AWS Device Farm,C,medium,false,
Computer - AWS Solutions Architect Certificate,A workload needs loose coupling between microservices and should not lose messages if a worker is temporarily unavailable. Which pattern is best?,Call worker instances synchronously with no retry or buffer.,Use a single EC2 instance as a manual message broker.,Store messages only in instance memory.,Place an SQS queue between producers and workers.,D,medium,false,
Computer - AWS Solutions Architect Certificate,A static website with global users needs low-latency content delivery and protection with AWS WAF. Which front-end architecture is best?,S3 private bucket behind CloudFront with OAC and AWS WAF associated with CloudFront.,Public EC2 instance in one Availability Zone with no CDN.,SQS queue with public read access.,EBS volume exposed directly to the internet.,A,medium,false,
Computer - AWS Solutions Architect Certificate,A relational database must survive an Availability Zone failure with automatic failover and minimal application changes. What should be selected?,DynamoDB local secondary index,RDS Multi-AZ or Aurora with replicas across Availability Zones,Single-AZ RDS with manual snapshots only,S3 Intelligent-Tiering,B,medium,false,
Computer - AWS Solutions Architect Certificate,"A serverless API needs authentication for end users, API front door, business logic, and a NoSQL database. Which combination is most appropriate?","Direct Connect, EBS, EC2 user data, and FSx for Lustre","Route 53, EFS, DMS, and Device Farm","CloudFront, WorkSpaces, Amazon MQ, and Tape Gateway","Cognito, API Gateway, Lambda, and DynamoDB",D,medium,false,
Computer - AWS Solutions Architect Certificate,A workload needs active-active writes in multiple Regions with a NoSQL key-value database. Which service feature is most appropriate?,DynamoDB global tables,EFS One Zone,RDS Multi-AZ standby,S3 Cross-Region Replication only,A,hard,false,
Computer - AWS Solutions Architect Certificate,An on-premises application requires low-latency private connectivity to VPC resources and a backup path over the internet. Which design is common?,CloudFront with S3 Object Lock,SQS with SNS filtering,EBS snapshots with DynamoDB TTL,AWS Direct Connect with Site-to-Site VPN backup,D,medium,false,
Computer - AWS Solutions Architect Certificate,"A data lake stores raw files in S3 and needs schema discovery, ETL, and SQL querying without servers. Which combination fits?",Amazon WorkSpaces and Device Farm,AWS Glue Data Catalog and ETL with Amazon Athena for querying,Amazon MQ and AWS Backup only,EBS snapshots and Route 53 health checks,B,medium,false,
Computer - AWS Solutions Architect Certificate,"An application must keep serving global users during a regional outage, but the RTO can be minutes and only reads need to be local in secondary Regions. Which database option is commonly suitable?",SQS FIFO queue as the database,Aurora Global Database with planned failover/failover procedures,One EBS volume copied manually once a year,Single-AZ RDS with no backups,B,hard,false,
Computer - AWS Solutions Architect Certificate,A company wants all internet traffic to private subnets inspected by centralized third-party firewall appliances. Which AWS load balancing service is commonly used in that inspection architecture?,Classic Load Balancer,Application Load Balancer,Gateway Load Balancer,Route 53 Resolver,C,hard,false,
Computer - AWS Solutions Architect Certificate,A workload stores large immutable audit logs and must prove records were not changed after ingestion. Which S3 feature is most relevant?,S3 Select only,S3 Object Lock in compliance mode,S3 Transfer Acceleration only,S3 website redirects,B,hard,false,
Computer - AWS Solutions Architect Certificate,A company is choosing between AWS DataSync and AWS Transfer Family. Which requirement points to AWS Transfer Family?,A one-time NFS migration must be accelerated and verified.,Petabytes must be moved using a physical device.,A large file system must be copied on a schedule from on-premises to S3.,External partners need SFTP access backed by S3 or EFS.,D,medium,false,
Computer - AWS Solutions Architect Certificate,A company is choosing between SQS and Amazon MQ. Which requirement points to Amazon MQ?,A data lake needs SQL on S3.,Existing applications require traditional broker protocols such as JMS or AMQP with minimal rewrite.,A new cloud-native app needs simple at-least-once queueing only.,A static website needs CDN caching.,B,medium,false,
Computer - AWS Solutions Architect Certificate,A global web app needs DNS-based weighted canary release between two endpoints. Which Route 53 policy fits?,Simple routing only,Weighted routing,Resolver forwarding rule,Failover routing only,B,medium,false,
Computer - AWS Solutions Architect Certificate,A backend must run containerized services and scale tasks without managing servers. Which option minimizes infrastructure management?,A single EC2 instance with Docker and no Auto Scaling,ECS on Fargate,ECS on self-managed EC2 instances only,EBS snapshots scheduled manually,B,medium,false,
Computer - AWS Solutions Architect Certificate,A company needs to share a central outbound inspection VPC and multiple spoke VPCs across accounts. Which service is usually central to simplified routing?,Amazon Cognito Identity Pools,AWS Device Farm,S3 Transfer Acceleration,AWS Transit Gateway,D,medium,false,
Computer - AWS Solutions Architect Certificate,"An application needs millisecond reads and writes at any scale for key-value access, with no server management. Which database is the best fit?",Amazon OpenSearch Service as the primary transactional database,Amazon EFS,Amazon RDS for Oracle on a single instance,Amazon DynamoDB,D,medium,false,
Computer - AWS Solutions Architect Certificate,"A company wants to collect security findings from GuardDuty, Inspector, IAM Access Analyzer, and partner tools into one dashboard. Which service is best?",AWS Audit Manager only,AWS App Runner,Amazon Cognito,AWS Security Hub,D,medium,false,
Computer - AWS Solutions Architect Certificate,A CloudFormation deployment fails because a resource was manually changed outside the stack. Which feature helps detect that condition before future updates?,S3 Transfer Acceleration,Drift detection,SQS long polling,DynamoDB global tables,B,medium,false,
Computer - AWS Solutions Architect Certificate,"In the course, which service was associated with mapping evidence to audit controls, and what is the current lifecycle note?",AWS DataSync; it is the current evidence-mapping tool for audits.,Amazon CloudFront; it stores audit evidence in edge caches.,"AWS Audit Manager; it moved to maintenance for new customers starting April 30, 2026.",Amazon Neptune; it is required for compliance evidence collection.,C,hard,false,
Computer - AWS Solutions Architect Certificate,A legacy NFS-based application must remain on premises for now but needs its files durably stored in S3. Which hybrid service is best?,DynamoDB Streams,CloudFront Functions,AWS App Runner,Amazon S3 File Gateway,D,medium,false,
Computer - AWS Solutions Architect Certificate,A team needs to run ad hoc SQL on logs stored in S3 without loading them into a database cluster. Which service is best?,Amazon EC2 Auto Scaling,Amazon Athena,Amazon WorkSpaces,Amazon RDS,B,easy,false,
Computer - AWS Solutions Architect Certificate,A public application requires protection against common web exploits such as SQL injection and cross-site scripting at the edge. Which AWS service should be associated with CloudFront or an ALB?,AWS WAF,Amazon Keyspaces,AWS Backup,AWS DataSync,A,medium,false,
Computer - AWS Solutions Architect Certificate,"A company wants private, least-privilege access from multiple VPCs to a shared internal service owned by another account, without exposing the service publicly. Which service pattern is best?",AWS PrivateLink endpoint service and interface endpoints,Route 53 public hosted zones only,S3 static website hosting,Public IP addresses and permissive security groups,A,hard,false,
Computer - AWS Solutions Architect Certificate,A practice question asks for the MOST cost-effective solution that still meets a 15-minute RPO. What should you do first?,Choose the cheapest storage class regardless of recovery time.,Use a multi-site active/active design for every workload.,Choose manual backups because they have no service cost.,"Identify the data replication and recovery options that satisfy the RPO, then compare cost and operational effort.",D,medium,false,
Computer - AWS Solutions Architect Certificate,Which answer pattern is usually strongest on SAP-C02 when the scenario emphasizes minimum operational overhead?,A design that requires an operator to run a runbook during every failure.,A single-AZ design with manual snapshots.,"A self-managed EC2 fleet with custom scripts for patching, failover, and backups.",A managed AWS service that directly satisfies the requirement with built-in scaling or automation.,D,easy,false,
Computer - AWS Solutions Architect Certificate,"A scenario contains conflicting requirements: lowest cost, strict compliance, and a 5-minute RTO. What is the best exam approach?","Prioritize the hard constraints, then choose the lowest-cost option among the designs that satisfy them.",Choose any serverless option because serverless is always cheapest.,Ignore compliance because cost is mentioned first.,Always choose the service with the highest SLA.,A,medium,false,
Computer - AWS Solutions Architect Certificate,The official SAP-C02 exam can include questions about emerging technologies as unscored pretest items. How should your study set treat them?,"Include a small number of awareness questions focused on architecture, security, and governance implications.",Ignore them entirely because they can never appear.,Replace core networking and resilience topics with emerging topics.,Memorize vendor marketing claims instead of architectural use cases.,A,medium,false,
Computer - AWS Solutions Architect Certificate,Which statement best describes why distractors are often plausible in SAP-C02 questions?,They always contain numerical errors.,They are always older services that AWS has retired.,"They often solve part of the problem but violate a stated constraint such as RTO, security, operational overhead, or cost.",They are random AWS service names unrelated to the scenario.,C,medium,false,
Computer - AWS Solutions Architect Certificate,A scenario asks for a solution that is 'highly available' but not 'multi-Region.' What should you avoid assuming?,That a single EC2 instance can be highly available.,That multi-Region active/active is always required.,That multiple Availability Zones in one Region may satisfy the requirement.,That managed services can improve availability.,B,easy,false,
Computer - AWS Solutions Architect Certificate,"For questions involving many AWS accounts, which clue most often points to AWS Organizations or Control Tower?","The company needs centralized guardrails, account provisioning, governance, or consolidated visibility.",The company needs a single EC2 key pair.,The developer wants local command-line credentials.,The application needs a larger EBS volume.,A,easy,false,
Computer - AWS Solutions Architect Certificate,Why should a professional-level study quiz include scenario questions rather than only service definitions?,The exam never mentions AWS service names.,The exam emphasizes architectural decisions that balance requirements and trade-offs.,The exam only tests CLI syntax.,The exam tests only service launch dates.,B,easy,false,
Computer - AWS Solutions Architect Certificate,"A company wants every new AWS account to start with standardized logging, network baselines, and preventive guardrails. Which service is the best fit?",AWS Control Tower,Amazon WorkSpaces,Amazon CloudFront,AWS Snowball Edge,A,medium,false,
Computer - AWS Solutions Architect Certificate,A security team must prevent member accounts from disabling AWS CloudTrail. The accounts keep their own IAM administrators. What should be used?,An S3 lifecycle rule on the CloudTrail bucket.,An SCP attached to the appropriate OU that denies CloudTrail-disabling actions.,A permissions boundary attached only to the security team's IAM role.,An Amazon Inspector scan template.,B,medium,false,
Computer - AWS Solutions Architect Certificate,What is a key limitation of AWS Organizations service control policies?,"They can only grant permissions, not deny them.",They set maximum available permissions but do not grant permissions by themselves.,They cannot restrict root users in member accounts.,They can be attached only to individual IAM users.,B,medium,false,
Computer - AWS Solutions Architect Certificate,A network account owns a Transit Gateway that must be attached by VPCs in many member accounts. Which service shares the Transit Gateway across accounts?,AWS Secrets Manager,AWS Artifact,AWS Resource Access Manager,Amazon Pinpoint,C,medium,false,
Computer - AWS Solutions Architect Certificate,A company wants to deploy the same IAM role to every current and future account in an OU. Which approach is most appropriate?,Create the role manually in every account after the account owner requests it.,Use CloudFormation StackSets with service-managed permissions and automatic deployment to the OU.,Use an S3 bucket policy to create roles in member accounts.,Create a single IAM user in the management account and share its access keys.,B,hard,false,
Computer - AWS Solutions Architect Certificate,A central security account must receive findings from GuardDuty and Security Hub across an organization. What design principle is most appropriate?,Keep security telemetry isolated in each workload account with no aggregation.,Disable member account findings to reduce noise.,Create long-term IAM user credentials in every account and email reports.,Use delegated administrator and organization integration where supported to centralize findings.,D,medium,false,
Computer - AWS Solutions Architect Certificate,A finance team needs chargeback by product team across many accounts. Which combination best supports granular reporting?,Use a consistent account strategy plus cost allocation tags and Cost and Usage Reports.,Use random account names and no tags.,Use only CloudTrail event history.,Use S3 server access logs for all AWS services.,A,medium,false,
Computer - AWS Solutions Architect Certificate,A company wants account-level separation between production and development workloads. Why is a multi-account design usually preferred over many VPCs in one account?,VPCs cannot use security groups.,Accounts provide stronger administrative and billing boundaries.,A single account cannot contain more than one Region.,CloudTrail does not work in accounts with multiple VPCs.,B,medium,false,
Computer - AWS Solutions Architect Certificate,An enterprise wants developers to launch approved products without receiving broad administrative permissions. Which service is designed for governed self-service portfolios?,Amazon Rekognition,AWS DataSync,AWS Service Catalog,AWS Network Firewall,C,medium,false,
Computer - AWS Solutions Architect Certificate,Which statement about the AWS Organizations management account is best practice?,Use it primarily for organization administration and keep workloads out whenever possible.,Use it as the only account allowed to store logs.,Run all production workloads in it to simplify billing.,Disable MFA because it is not a workload account.,A,medium,false,
Computer - AWS Solutions Architect Certificate,A company needs preventive controls for OUs and detective controls that record resource configuration changes. Which pairing is most appropriate?,SCPs for preventive controls and AWS Config for detective controls.,Amazon MQ for preventive controls and AWS Glue for detective controls.,S3 Transfer Acceleration for preventive controls and AWS Batch for detective controls.,AWS Backup for preventive controls and Amazon Athena for detective controls.,A,medium,false,
Computer - AWS Solutions Architect Certificate,A newly acquired business has its own AWS accounts. The parent company needs consolidated billing and centralized policies while preserving account boundaries. Which service is the foundation?,AWS Device Farm,Amazon API Gateway,Amazon FSx for Lustre,AWS Organizations,D,easy,false,
Computer - AWS Solutions Architect Certificate,"A multi-account environment requires baseline account vending with approved OUs, guardrails, and identity integration. Which term best describes this pattern?",A landing zone,A cache cluster,A lifecycle hook,A placement group,A,easy,false,
Computer - AWS Solutions Architect Certificate,Why might a company use separate log archive and security tooling accounts?,To centralize logs and security operations away from workload account administrators.,To avoid using AWS Organizations.,To make all logs publicly readable.,To reduce the need for encryption.,A,medium,false,
Computer - AWS Solutions Architect Certificate,An SCP denies ec2:RunInstances unless a required tag is present. What else is still required for a user to launch tagged instances?,An IAM identity or resource policy that allows the launch action.,A public IP address on the instance.,A Kinesis Data Stream.,A CloudFront distribution.,A,hard,false,
Computer - AWS Solutions Architect Certificate,A company has 150 VPCs that need transitive routing through a central hub. Which service is most appropriate?,AWS Transit Gateway,NAT Gateway,VPC peering mesh,Amazon CloudFront,A,medium,false,
Computer - AWS Solutions Architect Certificate,Why is a full-mesh VPC peering design a poor fit for hundreds of VPCs?,VPC peering always requires public IP addresses.,VPC peering is not transitive and becomes operationally complex at scale.,VPC peering encrypts traffic too strongly for internal use.,VPC peering cannot route private IP traffic.,B,medium,false,
Computer - AWS Solutions Architect Certificate,"A private subnet needs outbound internet access for software updates, but inbound internet connections must not be allowed. What is the common IPv4 design?",Route through a NAT gateway in a public subnet.,Attach an internet gateway directly to the private subnet route table.,Use a gateway VPC endpoint for all internet destinations.,Assign each instance a public IP address.,A,medium,false,
Computer - AWS Solutions Architect Certificate,Instances using IPv6 need outbound-only internet access. Which VPC component is designed for this?,NAT instance with source/destination checks enabled,Transit Gateway multicast,Egress-only internet gateway,Gateway endpoint for DynamoDB,C,medium,false,
Computer - AWS Solutions Architect Certificate,A workload in private subnets must access Amazon S3 without traversing the public internet and without hourly endpoint ENI charges. Which endpoint type should be used?,Internet gateway,Gateway VPC endpoint,NAT Gateway,Interface VPC endpoint,B,medium,false,
Computer - AWS Solutions Architect Certificate,A private application must expose an API privately to consumers in other VPCs and accounts without VPC peering. Which service pattern is best?,An internet-facing Network Load Balancer with open security groups.,S3 static website hosting.,A public Route 53 hosted zone only.,AWS PrivateLink with an endpoint service and interface endpoints.,D,hard,false,
Computer - AWS Solutions Architect Certificate,A company needs dedicated private connectivity from a data center to AWS with more consistent bandwidth than an internet VPN. Which service should be considered?,Amazon SQS,AWS Direct Connect,AWS App Runner,AWS KMS,B,easy,false,
Computer - AWS Solutions Architect Certificate,What is a common resilient hybrid connectivity pattern?,Use CloudFront as the data center router.,Use an S3 bucket policy as the WAN failover mechanism.,Use Direct Connect as primary connectivity and Site-to-Site VPN as backup.,Use only a single consumer internet connection with no VPN.,C,medium,false,
Computer - AWS Solutions Architect Certificate,On-premises servers need to resolve records in a Route 53 private hosted zone associated with VPCs. Which Route 53 Resolver component is used in the VPC?,CloudFront origin request policy,Inbound Resolver endpoint,Outbound-only internet gateway,Kinesis enhanced fan-out,B,hard,false,
Computer - AWS Solutions Architect Certificate,VPC workloads need to resolve selected on-premises DNS names. Which Route 53 Resolver design is appropriate?,Inbound Resolver endpoint only.,S3 static website redirect.,Public hosted zone alias to the domain registrar.,Outbound Resolver endpoint with forwarding rules to the on-premises DNS servers.,D,hard,false,
Computer - AWS Solutions Architect Certificate,A company needs centralized inspection of traffic between VPCs. Which design is often used?,Transit Gateway routing through an inspection VPC with AWS Network Firewall or appliance firewalls.,Disable all route tables so no traffic flows.,Direct traffic over a public S3 bucket.,Use AWS Batch job queues for packet forwarding.,A,hard,false,
Computer - AWS Solutions Architect Certificate,Which statement about security groups and network ACLs is correct?,Security groups are stateful; network ACLs are stateless.,Security groups are stateless; network ACLs are stateful.,Both security groups and network ACLs are stateless.,Neither security groups nor network ACLs can filter traffic.,A,easy,false,
Computer - AWS Solutions Architect Certificate,A stateless firewall layer must explicitly allow return traffic. Which VPC control has this behavior?,IAM role,Route 53 health check,Network ACL,Security group,C,easy,false,
Computer - AWS Solutions Architect Certificate,A company must connect overlapping IP address spaces after an acquisition. Which approach is usually required before full private routing can work cleanly?,Add more route table entries with the same destination CIDR.,"Plan address remediation, NAT, or segmented connectivity because overlapping CIDRs cannot be routed directly without ambiguity.",Use an Auto Scaling lifecycle hook.,Enable S3 versioning.,B,hard,false,
Computer - AWS Solutions Architect Certificate,A workload needs extremely low-latency network communication among EC2 instances for tightly coupled HPC. Which EC2 feature is most relevant?,CloudFront signed cookies,Cluster placement group,Gateway endpoint,S3 Inventory,B,medium,false,
Computer - AWS Solutions Architect Certificate,A critical application needs each EC2 instance placed on distinct underlying hardware to reduce correlated failure. Which placement group strategy is best?,Cluster placement group,Spread placement group,Single-AZ subnet only,Warm pool,B,medium,false,
Computer - AWS Solutions Architect Certificate,A big data application needs groups of instances isolated across logical partitions so one rack failure does not affect all workers. Which placement group strategy fits?,CloudFront regional edge cache,Partition placement group,Cluster placement group only,Gateway endpoint placement,B,medium,false,
Computer - AWS Solutions Architect Certificate,A service must be reachable by a stable private IP address inside a VPC and distribute TCP traffic to targets. Which load balancer type is most appropriate?,Network Load Balancer,Gateway Load Balancer,Application Load Balancer,Classic Load Balancer with HTTP only,A,medium,false,
Computer - AWS Solutions Architect Certificate,A team wants third-party security appliances to inspect traffic transparently at scale. Which load balancer type is designed for virtual appliances?,Classic Load Balancer,Gateway Load Balancer,NAT Gateway,Application Load Balancer,B,medium,false,
Computer - AWS Solutions Architect Certificate,"A VPC needs access to AWS Systems Manager, CloudWatch Logs, and other AWS APIs without public internet. Which endpoint type is generally used for these services?",Interface VPC endpoints,Internet gateway,Gateway VPC endpoint only,VPC peering,A,medium,false,
Computer - AWS Solutions Architect Certificate,A third-party SaaS provider needs cross-account access to a customer's account. What reduces the confused deputy risk?,Require an external ID in the role trust policy.,Create an access key with AdministratorAccess and no expiration.,Disable CloudTrail for the integration role.,Share the customer's root password.,A,hard,false,
Computer - AWS Solutions Architect Certificate,A company wants central workforce access to multiple AWS accounts with SAML federation from its corporate identity provider. Which service is the best fit?,AWS Secrets Manager,AWS IAM Identity Center,Amazon MQ,Amazon Cognito user pools,B,medium,false,
Computer - AWS Solutions Architect Certificate,"An application needs sign-up, sign-in, and token-based access for millions of end users. Which AWS service is the usual fit?",AWS Organizations,AWS IAM Identity Center,AWS Artifact,Amazon Cognito,D,medium,false,
Computer - AWS Solutions Architect Certificate,A company wants to find S3 buckets and IAM roles that allow access from outside the account or organization. Which service helps analyze this?,AWS Device Farm,IAM Access Analyzer,AWS Batch,Amazon Timestream,B,medium,false,
Computer - AWS Solutions Architect Certificate,"A regulated workload requires customer-managed keys, separation of key administration from data administration, and audit trails. Which service is central to the design?",Amazon CloudFront,AWS Transfer Family,AWS KMS,AWS Glue DataBrew,C,medium,false,
Computer - AWS Solutions Architect Certificate,Which requirement is most likely to justify AWS CloudHSM or a KMS custom key store?,The organization must manage keys in dedicated HSMs under its own control.,The workload needs email sending.,The database needs read replicas.,The application needs a public static website.,A,hard,false,
Computer - AWS Solutions Architect Certificate,A company needs to rotate database credentials automatically and retrieve them securely at runtime. Which service is best suited?,AWS Secrets Manager,Amazon AppStream 2.0,AWS Data Exchange,Amazon S3 Inventory,A,medium,false,
Computer - AWS Solutions Architect Certificate,A workload needs hierarchical application configuration values and some encrypted parameters at a lower cost than full secret rotation workflows. Which service is commonly used?,AWS Systems Manager Parameter Store,Amazon QLDB,AWS Shield Advanced,Amazon Inspector,A,medium,false,
Computer - AWS Solutions Architect Certificate,"A security team needs a managed threat detection service that analyzes sources such as CloudTrail events, VPC Flow Logs, and DNS logs. Which service is appropriate?",Amazon Lex,Amazon GuardDuty,AWS CodeArtifact,AWS DataSync,B,easy,false,
Computer - AWS Solutions Architect Certificate,A company wants to scan EC2 instances and container images for software vulnerabilities. Which service should be used?,Amazon Pinpoint,Amazon Athena,AWS Migration Hub,Amazon Inspector,D,medium,false,
Computer - AWS Solutions Architect Certificate,"A central security team wants a consolidated view of findings from GuardDuty, Inspector, IAM Access Analyzer, and other tools. Which service aggregates and normalizes findings?",AWS Security Hub,Amazon EFS,AWS AppSync,AWS Snowball Edge,A,medium,false,
Computer - AWS Solutions Architect Certificate,A company must discover sensitive data such as PII in S3 buckets. Which service is designed for this?,Amazon Macie,AWS Batch,Amazon Route 53,Amazon MSK,A,easy,false,
Computer - AWS Solutions Architect Certificate,A company wants central management of AWS WAF rules across many accounts and Application Load Balancers. Which service is most appropriate?,AWS Artifact,AWS CodeBuild,AWS Firewall Manager,AWS Glue,C,medium,false,
Computer - AWS Solutions Architect Certificate,A workload must protect against common web exploits such as SQL injection and cross-site scripting at the application edge. Which service should be used?,AWS Direct Connect,AWS WAF,Amazon Polly,AWS Backup,B,easy,false,
Computer - AWS Solutions Architect Certificate,"A public application needs enhanced DDoS protection, cost protection, and access to the DDoS Response Team. Which service tier is most relevant?",AWS Budgets,Amazon Kendra,AWS Shield Standard only,AWS Shield Advanced,D,medium,false,
Computer - AWS Solutions Architect Certificate,Which logging service records AWS API calls for governance and auditing?,Amazon CloudWatch metrics only,Amazon Neptune,AWS DataSync,AWS CloudTrail,D,easy,false,
Computer - AWS Solutions Architect Certificate,Which service records resource configuration history and evaluates resources against compliance rules?,AWS Config,Amazon Textract,AWS Snow Family,AWS Lambda SnapStart,A,easy,false,
Computer - AWS Solutions Architect Certificate,A company needs evidence collection mapped to compliance frameworks. Which AWS service is built for audit evidence management?,Amazon Personalize,AWS CodeDeploy,Amazon SQS,AWS Audit Manager,D,medium,false,
Computer - AWS Solutions Architect Certificate,A Windows workload needs managed Microsoft Active Directory in AWS with trust to on-premises AD. Which service fits?,AWS Directory Service for Microsoft Active Directory,AWS WAF,Amazon EMR,Amazon Cognito identity pools,A,medium,false,
Computer - AWS Solutions Architect Certificate,A team wants secure shell access to private EC2 instances without opening inbound SSH ports or managing bastion hosts. Which feature should be used?,Amazon QuickSight,AWS Systems Manager Session Manager,S3 Transfer Acceleration,AWS App Runner,B,medium,false,
Computer - AWS Solutions Architect Certificate,A workload can tolerate hours of RTO and some data loss. Which DR pattern is usually the lowest-cost starting point?,Synchronous multi-Region writes for every component,Warm standby with full production scale,Multi-site active/active,Backup and restore,D,medium,false,
Computer - AWS Solutions Architect Certificate,"A workload needs a lower RTO than backup and restore, but the secondary Region can run only minimal core infrastructure until failover. Which DR strategy is this?",Manual AMI export only,No backup,Pilot light,Single-AZ deployment,C,medium,false,
Computer - AWS Solutions Architect Certificate,A workload runs a scaled-down but fully functional environment in a second Region and scales it up during failover. Which DR strategy is this?,Warm standby,Backup and restore only,Single-instance recovery,Cold archive,A,medium,false,
Computer - AWS Solutions Architect Certificate,A workload runs production traffic in more than one Region at the same time. Which DR strategy is this?,Retain,Backup and restore,Pilot light,Multi-site active/active,D,medium,false,
Computer - AWS Solutions Architect Certificate,Which metric measures how much data loss a business can tolerate after a disaster?,TTL,MTU,RPO,RTO,C,easy,false,
Computer - AWS Solutions Architect Certificate,Which metric measures how quickly a workload must be restored after an outage?,IOPS,RTO,CIDR,RPO,B,easy,false,
Computer - AWS Solutions Architect Certificate,A relational database needs automatic failover within a Region with minimal application changes. Which feature is usually appropriate?,RDS read replica only,Manual nightly snapshot only,S3 One Zone-IA,RDS Multi-AZ deployment,D,medium,false,
Computer - AWS Solutions Architect Certificate,Why are read replicas not a complete replacement for Multi-AZ high availability?,Read replicas cannot be encrypted.,Read replicas are primarily for read scaling and can require promotion or application changes during failover.,Read replicas always run in the same Availability Zone.,Read replicas are available only for DynamoDB.,B,medium,false,
Computer - AWS Solutions Architect Certificate,An Aurora workload must serve low-latency reads from a secondary Region and support faster regional disaster recovery than snapshot restore. Which feature should be considered?,RDS Performance Insights,AWS Glue crawler,DynamoDB DAX,Aurora Global Database,D,medium,false,
Computer - AWS Solutions Architect Certificate,A DynamoDB application needs multi-active writes in more than one Region. Which feature should be used?,DynamoDB local secondary indexes,DAX only,S3 Cross-Region Replication,DynamoDB global tables,D,medium,false,
Computer - AWS Solutions Architect Certificate,A company wants a centralized backup policy across accounts and Regions for supported AWS resources. Which service is most appropriate?,Amazon SES,AWS CodeArtifact,AWS Backup,AWS Device Farm,C,medium,false,
Computer - AWS Solutions Architect Certificate,A workload uses S3 as its data store and must survive accidental object deletion. Which control is foundational?,Enable S3 Versioning.,Use only S3 One Zone-IA.,Move all objects to an instance store.,Disable all bucket policies.,A,easy,false,
Computer - AWS Solutions Architect Certificate,A company must enforce WORM retention on S3 objects for compliance. Which feature should be used?,S3 Requester Pays,S3 Object Lock,S3 Select,S3 Transfer Acceleration,B,medium,false,
Computer - AWS Solutions Architect Certificate,An Auto Scaling group must replace unhealthy instances automatically behind a load balancer. Which combination supports this?,AWS Budgets alerts only.,Manual SSH health checks once per day.,CloudFront signed URLs only.,ELB health checks integrated with EC2 Auto Scaling.,D,medium,false,
Computer - AWS Solutions Architect Certificate,A Lambda function processes SQS messages. What reliability setting helps prevent another consumer from receiving a message before processing completes?,Use S3 Transfer Acceleration.,Use a public subnet for the queue.,Disable the dead-letter queue.,Set the SQS visibility timeout longer than the Lambda processing timeout.,D,hard,false,
Computer - AWS Solutions Architect Certificate,A service receives events from many producers. Failed event processing should be isolated for later inspection without blocking all new events. Which pattern helps?,Use a dead-letter queue.,Delete failed messages immediately.,Disable retries on every service.,Make every producer write directly to a single EC2 instance.,A,medium,false,
Computer - AWS Solutions Architect Certificate,Which Route 53 routing policy is commonly used to direct users away from an unhealthy primary endpoint to a standby endpoint?,Multivalue answer without health checks,Private hosted zone association,Failover routing,Simple routing only,C,medium,false,
Computer - AWS Solutions Architect Certificate,A stateful application on EC2 needs shared file storage across multiple Availability Zones. Which service is typically used?,Amazon EFS Regional file system,S3 Glacier Deep Archive mounted as POSIX file system,Instance store,EBS volume attached to instances in different AZs,A,medium,false,
Computer - AWS Solutions Architect Certificate,A company wants to continuously replicate on-premises servers to AWS for disaster recovery and launch recovery instances during a drill. Which service should be considered?,AWS AppSync,Amazon Kendra,AWS Glue,AWS Elastic Disaster Recovery,D,medium,false,
Computer - AWS Solutions Architect Certificate,Why should DR plans be tested regularly?,"Untested failover runbooks, permissions, quotas, and dependencies often fail during real incidents.",Testing permanently deletes the primary environment.,AWS requires every test to be manually approved by support.,Testing eliminates the need for backups.,A,easy,false,
Computer - AWS Solutions Architect Certificate,A company needs repeatable infrastructure deployments with version-controlled templates. Which service is the native AWS IaC choice?,Amazon QuickSight,AWS Snowcone,Amazon Lex,AWS CloudFormation,D,easy,false,
Computer - AWS Solutions Architect Certificate,A company wants to detect when manually changed resources no longer match a CloudFormation stack template. Which feature is relevant?,CloudFront Origin Shield,S3 Select,CloudFormation drift detection,DynamoDB adaptive capacity,C,medium,false,
Computer - AWS Solutions Architect Certificate,A SaaS team deploys Lambda functions and API Gateway APIs using a framework optimized for serverless applications. Which AWS framework is most relevant?,AWS SCT,AWS Snowball Edge,AWS Serverless Application Model (AWS SAM),AWS DMS,C,medium,false,
Computer - AWS Solutions Architect Certificate,A deployment must shift production traffic between two application versions and quickly roll back if alarms fire. Which strategy is often best?,Blue/green or canary deployment with automated health checks.,All-at-once deployment with no monitoring.,Disable the load balancer during deployment.,Manual file copy to each instance.,A,medium,false,
Computer - AWS Solutions Architect Certificate,"Which service can perform blue/green deployments for EC2, Lambda, and ECS workloads?",Amazon GuardDuty,Amazon Athena,AWS Direct Connect,AWS CodeDeploy,D,medium,false,
Computer - AWS Solutions Architect Certificate,"Which service orchestrates source, build, test, and deployment stages in a release pipeline?",AWS Backup,AWS Config,Amazon Timestream,AWS CodePipeline,D,easy,false,
Computer - AWS Solutions Architect Certificate,Which service provides managed build environments for compiling code and running tests?,AWS RAM,Amazon EFS,AWS CodeBuild,AWS WAF,C,easy,false,
Computer - AWS Solutions Architect Certificate,A company wants patch baselines and automated patching for managed EC2 fleets. Which AWS Systems Manager capability is most relevant?,Patch Manager,S3 Batch Operations,Redshift Spectrum,AppConfig hosted configuration only,A,medium,false,
Computer - AWS Solutions Architect Certificate,"A team needs inventory, command execution, and automation across EC2 instances and hybrid servers. Which agent-based service should be used?",AWS Data Exchange,AWS Systems Manager,AWS Shield,Amazon Personalize,B,medium,false,
Computer - AWS Solutions Architect Certificate,A workload needs application traces across microservices to identify latency bottlenecks. Which service is designed for distributed tracing?,AWS Transfer Family,Amazon S3 Glacier,AWS X-Ray,AWS Organizations,C,medium,false,
Computer - AWS Solutions Architect Certificate,"Which service is best for near-real-time operational metrics, alarms, and logs from AWS resources and applications?",Amazon WorkSpaces,Amazon CloudWatch,AWS Snowmobile,AWS Artifact,B,easy,false,
Computer - AWS Solutions Architect Certificate,A company wants operational dashboards and alerts based on application logs. Which combination is most appropriate?,"CloudWatch Logs, metric filters, CloudWatch metrics, and alarms.",IAM Access Analyzer and AWS SCT only.,VPC peering and NAT Gateway only.,S3 Glacier Vault Lock and AWS Data Exchange.,A,medium,false,
Computer - AWS Solutions Architect Certificate,A company needs a managed service to host Prometheus-compatible metrics. Which service is relevant?,AWS CloudHSM,Amazon Translate,AWS Transfer Family,Amazon Managed Service for Prometheus,D,medium,false,
Computer - AWS Solutions Architect Certificate,A company wants managed Grafana dashboards integrated with AWS data sources. Which service should be considered?,Amazon Polly,AWS Lake Formation,AWS Snowball,Amazon Managed Grafana,D,medium,false,
Computer - AWS Solutions Architect Certificate,A service quota is blocking scale-out during a known seasonal event. What should the architect do before the event?,Review Service Quotas and request increases where needed.,Disable all Auto Scaling policies.,Remove health checks to reduce API calls.,Move logs to S3 Glacier Deep Archive.,A,medium,false,
Computer - AWS Solutions Architect Certificate,A company wants to prevent unapproved AMIs from being used in EC2 deployments. Which controls can help?,"SCPs, IAM conditions, AWS Config rules, and approved image pipelines.",Only CloudFront cache policies.,Only Amazon Polly voices.,Only S3 Cross-Region Replication.,A,hard,false,
Computer - AWS Solutions Architect Certificate,"A managed application platform is needed for a web app where developers upload code and AWS provisions capacity, load balancing, scaling, and monitoring. Which service fits?",AWS KMS,Amazon DynamoDB,AWS Snowcone,AWS Elastic Beanstalk,D,medium,false,
Computer - AWS Solutions Architect Certificate,A platform team wants to standardize infrastructure templates for application teams while allowing teams to deploy through a self-service interface. Which service is relevant?,Amazon Textract,AWS Service Catalog,Amazon Kinesis Video Streams,AWS Artifact only,B,medium,false,
Computer - AWS Solutions Architect Certificate,A company needs to trigger automated remediation when AWS Config detects noncompliant resources. Which pattern is best?,AWS Config rule with Systems Manager Automation remediation.,Manual spreadsheet review once per quarter.,Route all application traffic through AWS DataSync.,Disable CloudTrail to reduce findings.,A,hard,false,
Computer - AWS Solutions Architect Certificate,A company must coordinate manual approval before a production deployment continues. Which service can include approval actions in a release workflow?,AWS CodePipeline,Amazon DAX,Amazon MQ,AWS RAM,A,medium,false,
Computer - AWS Solutions Architect Certificate,An application has unpredictable HTTP traffic and should run containers without managing EC2 instances. Which compute option is most appropriate?,AWS Batch single-node job queue,ECS on self-managed bare metal only,EC2 Dedicated Host with manual scaling,Amazon ECS on AWS Fargate,D,medium,false,
Computer - AWS Solutions Architect Certificate,A team already uses Kubernetes APIs and wants a managed Kubernetes control plane on AWS. Which service is the best fit?,AWS Elastic Beanstalk worker environment,Amazon ECS only,AWS Lambda@Edge,Amazon EKS,D,easy,false,
Computer - AWS Solutions Architect Certificate,A container image registry with IAM integration and image scanning is required. Which service should be used?,Amazon ECR,Amazon EMR,AWS DMS,Amazon EFS,A,easy,false,
Computer - AWS Solutions Architect Certificate,A simple containerized web service should be deployed from source or an image with minimal infrastructure management. Which service is a strong fit?,Amazon FSx for Lustre,AWS Outposts,AWS App Runner,Amazon EC2 Auto Scaling only,C,medium,false,
Computer - AWS Solutions Architect Certificate,A batch workload can use spare capacity and tolerate interruption. Which compute pricing model can reduce cost?,On-Demand Instances only,Provisioned IOPS only,EC2 Spot Instances,Dedicated Hosts only,C,easy,false,
Computer - AWS Solutions Architect Certificate,An Auto Scaling group uses Spot Instances. Which feature helps replace instances proactively when AWS sends a rebalance recommendation?,Route 53 geolocation routing,S3 Object Lock,Lifecycle expiration,Capacity Rebalancing,D,hard,false,
Computer - AWS Solutions Architect Certificate,A web tier has slow scale-out because instances take several minutes to initialize. Which Auto Scaling feature can reduce launch latency?,DynamoDB TTL,Warm pools,S3 Transfer Acceleration,CloudTrail Lake,B,medium,false,
Computer - AWS Solutions Architect Certificate,An Auto Scaling group needs to run a script and register with a third-party tool before an instance enters service. Which feature should be used?,Gateway VPC endpoints,Lifecycle hooks,KMS aliases,CloudFront invalidations,B,medium,false,
Computer - AWS Solutions Architect Certificate,A service has a predictable baseline but occasional bursts. Which EC2 Auto Scaling policy is often appropriate for maintaining a target CPU utilization?,S3 lifecycle policy,Manual scaling only,Target tracking scaling policy,Route 53 weighted routing policy,C,medium,false,
Computer - AWS Solutions Architect Certificate,A Lambda function has cold-start-sensitive Java workloads. Which Lambda feature can help reduce startup latency for supported runtimes?,Lambda SnapStart,S3 Object Lambda,CloudFront Origin Shield,AWS DataSync task scheduling,A,medium,false,
Computer - AWS Solutions Architect Certificate,"A Lambda function needs stable, pre-initialized capacity for predictable low latency. Which feature is designed for this?",EBS fast snapshot restore,Reserved concurrency only,Provisioned concurrency,SQS visibility timeout,C,medium,false,
Computer - AWS Solutions Architect Certificate,A team wants to cap one Lambda function so it cannot consume all account concurrency. Which setting should be used?,Provisioned throughput on an S3 bucket,DynamoDB TTL,Reserved concurrency,NLB cross-zone load balancing,C,medium,false,
Computer - AWS Solutions Architect Certificate,A Lambda function in a VPC needs to call a public third-party API. What must the private subnet route usually provide?,"Outbound internet path, commonly through a NAT gateway.",Only a gateway endpoint for S3.,No route table entry of any kind.,A placement group.,A,medium,false,
Computer - AWS Solutions Architect Certificate,A long-running workflow can exceed Lambda's maximum execution duration. Which service is usually better for orchestrating the workflow steps?,AWS Artifact,Amazon Macie,AWS Step Functions,S3 Inventory,C,medium,false,
Computer - AWS Solutions Architect Certificate,"A job processing platform needs queues, dependencies, retries, and managed compute environments for batch jobs. Which service is appropriate?",AWS Config,Amazon Route 53 Resolver,Amazon Cognito,AWS Batch,D,medium,false,
Computer - AWS Solutions Architect Certificate,A company must run AWS infrastructure and services on premises because of low-latency and data residency requirements. Which AWS offering is relevant?,Amazon Athena,AWS WAF,AWS Outposts,Amazon CloudFront,C,medium,false,
Computer - AWS Solutions Architect Certificate,A mobile carrier application needs ultra-low-latency compute at the 5G network edge. Which AWS offering is designed for this?,AWS Wavelength,Amazon Redshift Spectrum,AWS Artifact,AWS Snowmobile,A,medium,false,
Computer - AWS Solutions Architect Certificate,A simple virtual private server for a small website is needed with bundled networking and predictable pricing. Which service is usually simplest?,Amazon Lightsail,AWS Batch,Amazon EKS,AWS Glue,A,easy,false,
Computer - AWS Solutions Architect Certificate,A high-performance workload benefits from Arm-based price/performance on AWS. Which processor family is typically considered?,NVIDIA GPU only,AWS Snowball Edge storage optimized only,AWS Graviton,Intel-only Dedicated Host requirement,C,medium,false,
Computer - AWS Solutions Architect Certificate,Which load balancer is typically selected for host-based and path-based HTTP routing?,NAT Gateway,Application Load Balancer,Gateway Load Balancer,AWS Transit Gateway,B,easy,false,
Computer - AWS Solutions Architect Certificate,"Which load balancer should be considered for TCP, UDP, TLS, extreme performance, and static IP support?",Application Load Balancer,CloudFront distribution,Classic Load Balancer only,Network Load Balancer,D,medium,false,
Computer - AWS Solutions Architect Certificate,An ECS service should stop sending traffic to a task before terminating it during deployment. Which component helps with graceful replacement?,Load balancer health checks and deployment configuration.,IAM Access Analyzer policy validation.,SageMaker model registry.,S3 Glacier restore.,A,medium,false,
Computer - AWS Solutions Architect Certificate,A team wants to run ECS tasks on its own EC2 instances to use specialized GPUs. Which launch type or capacity option is appropriate?,CloudFront Functions,ECS on EC2 capacity,Fargate only,Lambda@Edge only,B,medium,false,
Computer - AWS Solutions Architect Certificate,Which compute choice is usually poor for an enterprise multi-account architecture with complex governance needs?,Using managed databases where possible.,Using Auto Scaling groups across multiple AZs.,Relying only on a single unmanaged Lightsail instance for critical production workloads.,Using ECS or EKS with centralized logging.,C,medium,false,
Computer - AWS Solutions Architect Certificate,An application needs durable object storage with virtually unlimited scale. Which service is the default choice?,Amazon EBS,Amazon EFS,Instance store,Amazon S3,D,easy,false,
Computer - AWS Solutions Architect Certificate,Which S3 feature routes requests through AWS edge locations to speed long-distance uploads to a bucket?,S3 Transfer Acceleration,S3 Inventory,S3 Select,S3 Object Lock,A,medium,false,
Computer - AWS Solutions Architect Certificate,A company has unpredictable object access patterns and wants automatic movement among access tiers without retrieval fees for frequent access tiers. Which storage class is generally appropriate?,S3 Intelligent-Tiering,EBS st1,S3 Glacier Deep Archive for all objects,S3 One Zone-IA for all objects,A,medium,false,
Computer - AWS Solutions Architect Certificate,Which S3 storage class is best for rarely accessed data that must be retrieved in milliseconds but can be stored in a single Availability Zone?,S3 Express One Zone for multi-Region DR,S3 Standard,S3 Glacier Deep Archive,S3 One Zone-IA,D,medium,false,
Computer - AWS Solutions Architect Certificate,A compliance archive needs the lowest-cost S3 archival option and can tolerate long retrieval times. Which class is often best?,S3 One Zone-IA for critical records,S3 Glacier Deep Archive,S3 Intelligent-Tiering frequent access only,S3 Standard,B,medium,false,
Computer - AWS Solutions Architect Certificate,A company needs to copy new S3 objects from one Region to another for compliance. Which feature is used?,S3 server access logging,S3 Select,S3 Batch Operations only,S3 Cross-Region Replication,D,medium,false,
Computer - AWS Solutions Architect Certificate,"A data lake has billions of existing objects that need an operation applied, such as copying or invoking Lambda. Which feature is best?",S3 Batch Operations,S3 Object Lock,S3 Select only,S3 website hosting,A,medium,false,
Computer - AWS Solutions Architect Certificate,"A storage administrator wants organization-wide visibility into S3 storage usage, activity, and recommendations. Which service helps?",Amazon Cognito,AWS CloudHSM,Amazon MQ,S3 Storage Lens,D,medium,false,
Computer - AWS Solutions Architect Certificate,A fleet of Linux EC2 instances needs a shared POSIX file system across multiple AZs. Which service is appropriate?,S3 Glacier Deep Archive,Instance store,Amazon EBS attached to all instances across AZs,Amazon EFS,D,easy,false,
Computer - AWS Solutions Architect Certificate,A Windows application requires shared SMB file storage integrated with Microsoft Active Directory. Which service is most appropriate?,Amazon FSx for Windows File Server,Amazon EFS,Amazon EBS Cold HDD,Amazon S3 Glacier,A,medium,false,
Computer - AWS Solutions Architect Certificate,An HPC workload needs a high-performance parallel file system that can integrate with S3 data. Which service is a strong fit?,AWS Backup vault,Amazon FSx for Lustre,Amazon S3 Object Lock,Amazon EFS One Zone for all HPC,B,medium,false,
Computer - AWS Solutions Architect Certificate,A company runs NetApp workloads and wants ONTAP features such as snapshots and multiprotocol access as a managed AWS service. Which FSx option fits?,Amazon EFS Standard,Amazon FSx for NetApp ONTAP,Amazon FSx for Lustre only,S3 Intelligent-Tiering,B,medium,false,
Computer - AWS Solutions Architect Certificate,A block storage volume must persist independently of an EC2 instance lifecycle. Which service is used?,Amazon EBS,Amazon S3 Glacier,Instance store,Amazon EFS access point,A,easy,false,
Computer - AWS Solutions Architect Certificate,A workload needs temporary high-I/O scratch storage that is lost when the instance stops or terminates. Which storage type fits?,EBS snapshot,Instance store,S3 Standard,EFS Regional,B,medium,false,
Computer - AWS Solutions Architect Certificate,A company needs low-latency initialization of EBS volumes restored from snapshots. Which feature can help?,Fast Snapshot Restore,DynamoDB Streams,AWS Global Accelerator,S3 Object Lock,A,medium,false,
Computer - AWS Solutions Architect Certificate,A single EBS volume must be attached to multiple EC2 instances in the same Availability Zone for a clustered application that handles coordination. Which feature may fit?,S3 Multi-Region Access Point,EBS Multi-Attach on supported volume types,CloudFront Functions,EFS One Zone lifecycle policy,B,hard,false,
Computer - AWS Solutions Architect Certificate,On-premises applications need file access while data is stored durably in Amazon S3. Which hybrid storage option fits?,AWS Storage Gateway File Gateway,Amazon WorkSpaces,AWS DMS,AWS CodeBuild,A,medium,false,
Computer - AWS Solutions Architect Certificate,A company wants cloud-backed iSCSI block storage for on-premises servers. Which Storage Gateway type is most relevant?,Volume Gateway,File Gateway only,Transit Gateway,Tape Gateway only,A,medium,false,
Computer - AWS Solutions Architect Certificate,A company wants to replace physical tape infrastructure while preserving tape-based backup workflows. Which Storage Gateway type is designed for this?,AWS Snowmobile,S3 Transfer Acceleration,Volume Gateway stored mode only,Tape Gateway,D,medium,false,
Computer - AWS Solutions Architect Certificate,A one-time migration must move hundreds of terabytes from a data center with limited network bandwidth. Which option is often appropriate?,Amazon Cognito,AWS AppSync,AWS Snow Family device,AWS Artifact,C,medium,false,
Computer - AWS Solutions Architect Certificate,An ongoing online data transfer must synchronize NFS file shares to Amazon S3 or EFS. Which service is most appropriate?,AWS DataSync,Amazon Lex,AWS DMS,Amazon SES,A,medium,false,
Computer - AWS Solutions Architect Certificate,External partners need SFTP access to files stored in S3 without a self-managed SFTP server. Which service is best?,Amazon EMR,AWS DataSync only,Amazon API Gateway WebSocket API,AWS Transfer Family,D,medium,false,
Computer - AWS Solutions Architect Certificate,Which S3 feature helps route clients to the lowest-latency bucket replica across Regions through a global endpoint?,S3 ACLs,S3 Object Lambda only,S3 Inventory,S3 Multi-Region Access Points,D,hard,false,
Computer - AWS Solutions Architect Certificate,The video-era material may mention S3 Object Lambda for transforming S3 GET responses. What is the most accurate 2026 takeaway for new architectures?,Use S3 Object Lambda to replace VPC interface endpoints.,Use S3 Object Lambda as the default transformation layer for every new S3 workload.,Treat it as a maintenance/lifecycle-awareness topic and verify current AWS availability before selecting it for a new design.,Use S3 Object Lambda as the required feature for S3 Cross-Region Replication.,C,medium,false,
Computer - AWS Solutions Architect Certificate,"A relational workload needs PostgreSQL compatibility, high availability, and AWS-managed operations. Which service is usually appropriate?",Amazon RDS for PostgreSQL or Amazon Aurora PostgreSQL-Compatible Edition,Amazon DynamoDB only,Amazon S3 Glacier,Amazon Kinesis Data Streams,A,easy,false,
Computer - AWS Solutions Architect Certificate,A database workload has variable demand and needs Aurora capacity that scales without managing instances in the traditional way. Which option should be considered?,Amazon Keyspaces,Aurora Serverless v2,DynamoDB DAX,RDS Custom for Oracle only,B,medium,false,
Computer - AWS Solutions Architect Certificate,A large number of Lambda functions open database connections and exhaust an RDS database. Which service can pool and manage connections?,Amazon RDS Proxy,Amazon Macie,Amazon CloudFront,AWS DataSync,A,medium,false,
Computer - AWS Solutions Architect Certificate,Which Aurora endpoint should an application commonly use for read-only queries across replicas?,S3 website endpoint,Cluster writer endpoint,Instance metadata endpoint,Reader endpoint,D,medium,false,
Computer - AWS Solutions Architect Certificate,Which Aurora endpoint should an application use for writes to the current primary DB instance?,Reader endpoint,Cluster endpoint,DynamoDB stream ARN,CloudFront distribution domain,B,medium,false,
Computer - AWS Solutions Architect Certificate,"A MySQL database on EC2 requires less operational overhead and managed backups, patching, and failover. Which modernization choice is usually best?",Keep the database on the same EC2 instance and add cron backups only.,Migrate to Amazon RDS or Aurora.,Move the database files to S3 Standard and query with HTTP.,Use Amazon SQS as the database.,B,medium,false,
Computer - AWS Solutions Architect Certificate,A workload requires single-digit millisecond key-value access at any scale with serverless operations. Which database is the best fit?,Amazon Redshift,Amazon DynamoDB,Amazon Neptune,Amazon DocumentDB,B,easy,false,
Computer - AWS Solutions Architect Certificate,A DynamoDB table has uneven traffic because many requests target one partition key value. What is the architecture issue?,Too many read replicas.,An S3 lifecycle rule conflict.,A missing NAT gateway.,Hot partition caused by poor partition key design.,D,medium,false,
Computer - AWS Solutions Architect Certificate,A DynamoDB query needs an alternate partition key not known at table creation. Which index type can be added later?,Global secondary index,RDS read replica,Local secondary index,Redshift materialized view only,A,medium,false,
Computer - AWS Solutions Architect Certificate,"A DynamoDB table needs an alternate sort key while keeping the same partition key, and the index must be created with the table. Which index type is this?",Local secondary index,DAX cluster,Aurora reader endpoint,Global secondary index,A,medium,false,
Computer - AWS Solutions Architect Certificate,An application needs strongly consistent reads from a DynamoDB index. Which index type can support this?,DynamoDB stream only,DAX only,Global secondary index,Local secondary index,D,hard,false,
Computer - AWS Solutions Architect Certificate,A read-heavy DynamoDB workload needs microsecond response times for eventually consistent reads. Which cache is designed for DynamoDB?,CloudFront Functions,Amazon ElastiCache for Memcached only,DynamoDB Accelerator (DAX),Aurora Serverless,C,medium,false,
Computer - AWS Solutions Architect Certificate,A DynamoDB table should automatically expire session items after a timestamp. Which feature is used?,Global table,RDS Proxy,Provisioned concurrency,Time to Live (TTL),D,easy,false,
Computer - AWS Solutions Architect Certificate,An application needs to react to item-level changes in DynamoDB. Which feature provides an ordered change log?,DynamoDB Streams,DynamoDB TTL only,DAX item cache,DynamoDB point-in-time recovery only,A,medium,false,
Computer - AWS Solutions Architect Certificate,"A graph application needs to query relationships among people, products, and recommendations. Which database service is most appropriate?",Amazon Redshift,Amazon Neptune,Amazon Timestream,Amazon Keyspaces,B,medium,false,
Computer - AWS Solutions Architect Certificate,A document database compatible with MongoDB APIs is needed with managed AWS operations. Which service fits?,Amazon Neptune,Amazon QLDB only,Amazon RDS for SQL Server,Amazon DocumentDB,D,medium,false,
Computer - AWS Solutions Architect Certificate,A workload uses Apache Cassandra drivers and needs a managed Cassandra-compatible service. Which service fits?,Amazon Keyspaces,Amazon ElastiCache,Amazon Aurora,Amazon Redshift,A,medium,false,
Computer - AWS Solutions Architect Certificate,Older material may identify Amazon Timestream for LiveAnalytics as the purpose-built AWS time-series database. What is the accurate 2026 study takeaway?,Use Timestream for LiveAnalytics to replace security groups.,Use Timestream for LiveAnalytics as a file share for Windows workloads.,"Understand the historical use case, but for new customers evaluate current alternatives such as Amazon Timestream for InfluxDB and verify AWS lifecycle guidance.",Select Timestream for LiveAnalytics as the default for every new account without checking availability.,C,medium,false,
Computer - AWS Solutions Architect Certificate,A company needs a fully managed data warehouse for complex analytics at scale. Which service is the usual fit?,Amazon EFS,Amazon Redshift,Amazon SQS,Amazon RDS Multi-AZ,B,easy,false,
Computer - AWS Solutions Architect Certificate,A Redshift cluster needs to query data directly in S3 without loading all data into cluster storage. Which feature is relevant?,Amazon MQ,Redshift Spectrum,RDS Proxy,DynamoDB Streams,B,medium,false,
Computer - AWS Solutions Architect Certificate,A serverless SQL query service is needed for data stored in S3 using the AWS Glue Data Catalog. Which service should be used?,Amazon Neptune,Amazon RDS,Amazon Athena,AWS DMS,C,easy,false,
Computer - AWS Solutions Architect Certificate,A cache is needed for low-latency session storage and leaderboard-style sorted sets. Which service is most appropriate?,AWS DataSync,Amazon ElastiCache for Redis or Valkey,Amazon S3 Glacier,Amazon Redshift,B,medium,false,
Computer - AWS Solutions Architect Certificate,Which ElastiCache engine is commonly selected for simple distributed object caching with multi-threaded performance and no persistence requirements?,Neptune,QLDB,Timestream,Memcached,D,medium,false,
Computer - AWS Solutions Architect Certificate,The video mentions Amazon QLDB for ledger-style workloads. What is the most accurate 2026 SAP-C02 study takeaway?,Use QLDB as the default replacement for VPC route tables.,Choose QLDB for every new relational database because it is listed as the primary RDS engine.,Use QLDB to accelerate CloudFront cache invalidations.,Treat QLDB as a historical/video topic and verify current AWS availability; do not default to it for new architectures.,D,medium,false,
Computer - AWS Solutions Architect Certificate,A production RDS database needs point-in-time recovery after accidental data corruption. What should be enabled?,Only enhanced monitoring.,Automated backups with point-in-time recovery.,Only a NAT gateway.,Only a read replica.,B,medium,false,
Computer - AWS Solutions Architect Certificate,An RDS workload has high read traffic but can tolerate read replica lag. Which scale-out method is appropriate?,Increase the S3 lifecycle transition frequency.,Add read replicas and route read traffic to them.,Convert Multi-AZ standby to serve reads automatically for all engines.,Move all reads through AWS Budgets.,B,medium,false,
Computer - AWS Solutions Architect Certificate,"A web, mobile, and service integration layer needs a managed GraphQL API with data sources such as DynamoDB and Lambda. Which service fits?",AWS DataSync,Amazon Redshift,Amazon MQ,AWS AppSync,D,medium,false,
Computer - AWS Solutions Architect Certificate,"A REST API needs request throttling, authorization, caching, and Lambda integration. Which service is most appropriate?",Amazon EFS,AWS Batch,Amazon SQS,Amazon API Gateway,D,easy,false,
Computer - AWS Solutions Architect Certificate,A private API should be accessible only from VPCs through VPC endpoints. Which API Gateway endpoint type fits?,Edge-optimized API only,Public S3 website endpoint,CloudFront signed cookie,Private API,D,medium,false,
Computer - AWS Solutions Architect Certificate,Clients need persistent two-way communication for chat messages. Which API Gateway API type is designed for this?,REST API only,WebSocket API,HTTP API only with no persistent connection,S3 website endpoint,B,medium,false,
Computer - AWS Solutions Architect Certificate,A workload needs to buffer requests and decouple producers from consumers. Which service is the simplest fit?,Amazon Route 53,Amazon EBS,Amazon SQS,AWS KMS,C,easy,false,
Computer - AWS Solutions Architect Certificate,An application needs strict first-in-first-out processing and exactly-once processing semantics where supported. Which queue type should be considered?,SNS standard topic only,Kinesis Firehose delivery stream,SQS standard queue,SQS FIFO queue,D,medium,false,
Computer - AWS Solutions Architect Certificate,A fanout pattern requires one published message to be delivered to multiple subscribed queues and functions. Which service is commonly used?,AWS DMS,Amazon SNS,Amazon FSx,Amazon EBS,B,easy,false,
Computer - AWS Solutions Architect Certificate,A company wants to route events from SaaS applications and AWS services to multiple targets using rules. Which service should be used?,Amazon EventBridge,AWS Snowcone,AWS Shield,Amazon EFS,A,medium,false,
Computer - AWS Solutions Architect Certificate,A team wants to replay past application events after fixing a consumer. Which EventBridge feature helps?,Archive and replay,NAT gateway failover,DynamoDB DAX,S3 Object Lock,A,hard,false,
Computer - AWS Solutions Architect Certificate,"A business process has branching logic, retries, wait states, and human approval steps. Which service is designed to orchestrate this?",AWS Step Functions,Amazon S3 Select,Amazon CloudFront,AWS DMS,A,medium,false,
Computer - AWS Solutions Architect Certificate,"Which Step Functions workflow type is generally better for long-running, auditable workflows with visual execution history?",Standard workflows,API Gateway WebSocket APIs,SQS FIFO queues,Express workflows only,A,medium,false,
Computer - AWS Solutions Architect Certificate,"Which Step Functions workflow type is optimized for very high-volume, short-duration event processing?",Aurora Global Database,Standard workflows only for all high-volume events,AWS Backup vault lock,Express workflows,D,medium,false,
Computer - AWS Solutions Architect Certificate,A legacy application requires ActiveMQ or RabbitMQ protocols with minimal rewrite. Which managed service should be considered?,Amazon SNS,EventBridge Scheduler,Amazon MQ,Amazon SQS,C,medium,false,
Computer - AWS Solutions Architect Certificate,An SQS message payload exceeds the queue size limit. Which pattern is commonly used?,Disable message retention.,Store the payload in S3 and send a pointer in SQS.,Move the payload to a security group rule.,Use a NAT gateway to compress the queue.,B,medium,false,
Computer - AWS Solutions Architect Certificate,A Lambda function is invoked asynchronously and failed events must be sent to a destination for analysis. Which feature can help?,EBS Fast Snapshot Restore,Lambda destinations or a dead-letter queue,DynamoDB global tables,VPC Traffic Mirroring only,B,medium,false,
Computer - AWS Solutions Architect Certificate,A company wants scheduled invocations of a Lambda function without running a server. Which service can provide the schedule?,AWS Direct Connect,Amazon EFS Lifecycle Management,Amazon EventBridge Scheduler or EventBridge rule,AWS Snowball,C,easy,false,
Computer - AWS Solutions Architect Certificate,A serverless app needs least-privilege permissions for a Lambda function to access DynamoDB. Where should permissions be granted?,The SQS visibility timeout,The Lambda execution role,The API Gateway stage name only,The user's browser local storage,B,medium,false,
Computer - AWS Solutions Architect Certificate,An API Gateway API must authorize end users with JWT tokens from a managed user directory. Which pairing is common?,API Gateway with AWS Snow Family,API Gateway with EBS snapshots,API Gateway with Amazon Cognito authorizer,API Gateway with Redshift Spectrum,C,medium,false,
Computer - AWS Solutions Architect Certificate,The video and older exam material may mention Amazon Pinpoint for customer engagement. What is the most accurate 2026 takeaway for new architectures?,"Do not default to Pinpoint for new designs; verify current AWS End User Messaging, SES, or other migration alternatives based on the channel and use case.",Use Pinpoint as the managed Kafka service for streaming analytics.,Use Pinpoint to replace AWS Organizations guardrails.,"Use Pinpoint as the only supported new-customer service for all email, SMS, and push campaigns.",A,medium,false,
Computer - AWS Solutions Architect Certificate,An application needs to send transactional and marketing email at scale. Which AWS service should be considered?,Amazon Simple Email Service (Amazon SES),AWS Snowcone,Amazon SQS,AWS Config,A,easy,false,
Computer - AWS Solutions Architect Certificate,An API must transform requests before invoking a Lambda integration without changing client code. Which API Gateway capability can help?,S3 Object Lock,AWS RAM resource shares,Mapping templates or integration request transformation,EBS Multi-Attach,C,hard,false,
Computer - AWS Solutions Architect Certificate,A serverless application needs canary deployments of Lambda aliases with automatic rollback on CloudWatch alarms. Which service supports this deployment pattern?,AWS CloudHSM,AWS Data Exchange,AWS CodeDeploy,Amazon MQ,C,hard,false,
Computer - AWS Solutions Architect Certificate,A company needs idempotent processing for at-least-once event delivery. What should the application design include?,Use public IP addresses on every consumer.,Idempotency keys or conditional writes to safely handle retries.,Disable all retries.,Assume events are never duplicated.,B,hard,false,
Computer - AWS Solutions Architect Certificate,A microservices application should avoid synchronous cascading failures when downstream services slow down. Which pattern helps most?,Increase every timeout indefinitely.,Use a single shared database for all services with no isolation.,Use queues or event buses to decouple components.,Disable circuit breakers and retries.,C,medium,false,
Computer - AWS Solutions Architect Certificate,A streaming workload needs ordered processing per partition key and custom consumers that read events in near real time. Which service fits?,Amazon Data Firehose,AWS Glue crawler,Amazon QuickSight,Amazon Kinesis Data Streams,D,medium,false,
Computer - AWS Solutions Architect Certificate,A workload needs to deliver streaming records to S3 and OpenSearch with minimal custom consumer management. Which service fits?,AWS CodeArtifact,Amazon Data Firehose,Amazon EFS,Kinesis Data Streams with custom polling only,B,medium,false,
Computer - AWS Solutions Architect Certificate,A company runs Apache Kafka clients and wants a managed Kafka-compatible service. Which service should be used?,Amazon Managed Streaming for Apache Kafka (Amazon MSK),Amazon SNS FIFO,AWS Transfer Family,Amazon S3 Batch Operations,A,medium,false,
Computer - AWS Solutions Architect Certificate,A real-time stream needs stateful transformations using Apache Flink without managing Flink clusters. Which service is relevant?,Amazon Athena,Amazon QLDB,AWS DMS,Amazon Managed Service for Apache Flink,D,medium,false,
Computer - AWS Solutions Architect Certificate,A data engineering team needs serverless ETL jobs and a central metadata catalog. Which AWS service is the best fit?,AWS Glue,AWS RAM,Amazon GuardDuty,AWS Device Farm,A,easy,false,
Computer - AWS Solutions Architect Certificate,A data lake needs fine-grained permissions and centralized governance over tables and columns. Which service is relevant?,AWS Lake Formation,Amazon ECR,AWS Snowball,AWS Wavelength,A,medium,false,
Computer - AWS Solutions Architect Certificate,A business intelligence team needs managed dashboards over AWS data sources. Which service is designed for this?,AWS CodeDeploy,Amazon EBS,Amazon MQ,Amazon QuickSight,D,easy,false,
Computer - AWS Solutions Architect Certificate,A search application needs managed search and log analytics based on OpenSearch. Which service should be used?,Amazon Keyspaces,AWS DataSync,Amazon Neptune,Amazon OpenSearch Service,D,medium,false,
Computer - AWS Solutions Architect Certificate,A company needs a managed Hadoop/Spark environment for big data processing. Which service is relevant?,Amazon Cognito,AWS KMS,Amazon Route 53,Amazon EMR,D,medium,false,
Computer - AWS Solutions Architect Certificate,A team wants to subscribe to third-party datasets from providers in the AWS Cloud. Which service supports this marketplace-style data exchange?,AWS Batch,AWS Artifact,AWS Data Exchange,Amazon CloudWatch Logs,C,medium,false,
Computer - AWS Solutions Architect Certificate,A video ingestion pipeline needs to stream video from connected devices for processing. Which service is appropriate?,Amazon EBS snapshot,Amazon Aurora reader endpoint,Amazon Kinesis Video Streams,Amazon SQS standard queue only,C,medium,false,
Computer - AWS Solutions Architect Certificate,An application needs to extract text and structured data from scanned documents. Which AI service fits?,Amazon Polly,Amazon Translate,Amazon Personalize,Amazon Textract,D,easy,false,
Computer - AWS Solutions Architect Certificate,An application needs speech-to-text transcription. Which service should be used?,Amazon Polly,Amazon Transcribe,Amazon Kendra,Amazon Rekognition,B,easy,false,
Computer - AWS Solutions Architect Certificate,An application needs text-to-speech output. Which service should be used?,Amazon Fraud Detector,Amazon Transcribe,Amazon Polly,Amazon Textract,C,easy,false,
Computer - AWS Solutions Architect Certificate,An application needs image and video analysis for labels and faces. Which service is relevant?,Amazon Keyspaces,Amazon Rekognition,Amazon Translate,Amazon Comprehend,B,easy,false,
Computer - AWS Solutions Architect Certificate,A customer support application needs a conversational chatbot with natural language understanding. Which service is relevant?,Amazon Kendra,Amazon FSx,Amazon Lex,AWS Backup,C,easy,false,
Computer - AWS Solutions Architect Certificate,An enterprise search use case needs ML-powered answers across internal documents. Which service is relevant?,Amazon Kendra,Amazon Timestream,Amazon SQS,AWS App Runner,A,medium,false,
Computer - AWS Solutions Architect Certificate,An application needs language translation. Which service should be used?,Amazon Comprehend,AWS CodeArtifact,Amazon Translate,Amazon Fraud Detector,C,easy,false,
Computer - AWS Solutions Architect Certificate,A model training and deployment platform is needed for custom machine learning workflows. Which AWS service is most relevant?,AWS Directory Service,AWS RAM,Amazon SageMaker AI,Amazon SES,C,medium,false,
Computer - AWS Solutions Architect Certificate,"An IoT solution needs managed device connectivity, messaging, and rules for connected devices. Which service is central?",AWS IoT Core,AWS Glue Data Catalog,Amazon Redshift Spectrum,Amazon WorkSpaces,A,medium,false,
Computer - AWS Solutions Architect Certificate,A company wants alerts before monthly spend exceeds a threshold. Which service is designed for budgets and alerts?,Amazon EFS,AWS Budgets,AWS CloudHSM,AWS Transfer Family,B,easy,false,
Computer - AWS Solutions Architect Certificate,"A team needs interactive analysis of historical AWS cost and usage by service, account, and tag. Which tool should they use?",Amazon GuardDuty,Amazon Kinesis Video Streams,AWS Cost Explorer,AWS CodeDeploy,C,easy,false,
Computer - AWS Solutions Architect Certificate,A finance team needs the most granular billing dataset for custom analysis in S3 and Athena. Which report should be enabled?,DynamoDB Streams,AWS Cost and Usage Report,CloudFront access logs only,AWS Artifact reports only,B,medium,false,
Computer - AWS Solutions Architect Certificate,"A compute workload has steady, predictable usage across instance families and Regions. Which pricing model can reduce cost with flexibility?",Spot Instances only for all production databases,Compute Savings Plans,S3 Glacier expedited retrieval,On-Demand Instances only,B,medium,false,
Computer - AWS Solutions Architect Certificate,A workload has steady EC2 usage in a specific instance family and Region. Which discount model can be appropriate?,CloudFront Functions,Kinesis enhanced fan-out,S3 Object Lock,Regional Reserved Instances or EC2 Instance Savings Plans,D,medium,false,
Computer - AWS Solutions Architect Certificate,A workload must reserve capacity in a specific Availability Zone but does not require a discount. Which option is relevant?,AWS DMS full load,On-Demand Capacity Reservation,S3 Storage Lens,Savings Plans only,B,hard,false,
Computer - AWS Solutions Architect Certificate,Which workloads are best suited for Spot Instances?,"Fault-tolerant, flexible, or interruptible workloads.",Stateful databases that cannot tolerate interruption.,Compliance archives requiring WORM retention.,Single-instance domain controllers with no replica.,A,easy,false,
Computer - AWS Solutions Architect Certificate,"A company wants recommendations for rightsizing EC2, Auto Scaling groups, EBS volumes, and Lambda functions. Which service is relevant?",AWS WAF,AWS Compute Optimizer,Amazon Textract,AWS Data Exchange,B,medium,false,
Computer - AWS Solutions Architect Certificate,"Which service provides automated checks and recommendations across cost optimization, security, fault tolerance, performance, and service limits?",AWS SCT,Amazon MQ,Amazon Rekognition,AWS Trusted Advisor,D,medium,false,
Computer - AWS Solutions Architect Certificate,A company sees high cross-AZ data transfer costs between chatty application tiers. Which architectural review is most relevant?,"Examine placement, service boundaries, and data flow to reduce unnecessary inter-AZ traffic while preserving availability requirements.",Disable encryption to reduce bytes.,Move all resources to one instance store volume.,Use CloudTrail Lake as a network router.,A,hard,false,
Computer - AWS Solutions Architect Certificate,A rarely accessed S3 dataset is kept in S3 Standard for years. Which cost optimization is usually appropriate?,Move it to Provisioned IOPS EBS.,Replicate it to every Region with no requirement.,Put it in an SQS queue.,Apply lifecycle policies to transition objects to lower-cost storage classes based on access and retrieval requirements.,D,medium,false,
Computer - AWS Solutions Architect Certificate,An RDS database is overprovisioned and mostly idle. Which cost optimization action is appropriate after performance review?,Move the database to S3 Glacier Deep Archive.,Disable backups and monitoring first.,Rightsize the DB instance class or consider an appropriate serverless/managed scaling option.,Increase IOPS to improve utilization percentages.,C,medium,false,
Computer - AWS Solutions Architect Certificate,A workload runs only during business hours. What cost control could reduce compute spend?,Schedule nonproduction resources to stop outside required hours.,Migrate to Dedicated Hosts for all environments.,Force all data through NAT Gateway even for S3.,Disable all alarms.,A,medium,false,
Computer - AWS Solutions Architect Certificate,Which design can reduce NAT Gateway data processing costs for private subnets that frequently access S3 and DynamoDB?,Use EBS encryption by default.,Use Route 53 geolocation routing.,Use larger NAT gateways.,Use gateway VPC endpoints for S3 and DynamoDB.,D,hard,false,
Computer - AWS Solutions Architect Certificate,A company wants to allocate shared platform costs fairly to business units. Which practice helps most?,Use only untagged shared accounts.,Use one tag key with random values.,Delete Cost and Usage Reports.,Use a consistent tagging strategy and activate cost allocation tags.,D,medium,false,
Computer - AWS Solutions Architect Certificate,A company is choosing between managed services and self-managed EC2. What cost factor should be included beyond hourly compute price?,"Operational labor, patching, availability engineering, backups, and failure recovery.",Only the number of IAM users.,Only the EC2 hourly price.,Only the color of dashboard widgets.,A,medium,false,
Computer - AWS Solutions Architect Certificate,"Which 7R migration strategy means moving an application to AWS with minimal changes, often to EC2?",Rehost,Retire,Repurchase,Refactor,A,easy,false,
Computer - AWS Solutions Architect Certificate,"Which 7R strategy means making a few cloud optimizations, such as moving a self-managed database to RDS, without a full rewrite?",Retain,Relocate,Replatform,Retire,C,medium,false,
Computer - AWS Solutions Architect Certificate,Which 7R strategy means replacing an existing application with a SaaS product?,Relocate,Retain,Repurchase,Rehost,C,easy,false,
Computer - AWS Solutions Architect Certificate,"Which 7R strategy means keeping a workload on premises for now because of business, technical, or compliance constraints?",Refactor,Rehost,Retain,Retire,C,easy,false,
Computer - AWS Solutions Architect Certificate,Which 7R strategy means decommissioning an application that is no longer needed?,Retire,Replatform,Rehost,Relocate,A,easy,false,
Computer - AWS Solutions Architect Certificate,Which 7R strategy means redesigning or rewriting an application to use cloud-native services?,Refactor or re-architect,Retain,Relocate without changes,Retire,A,medium,false,
Computer - AWS Solutions Architect Certificate,Which 7R strategy can move VMware-based workloads to VMware Cloud on AWS with minimal application changes?,Repurchase,Retire,Relocate,Refactor only,C,medium,false,
Computer - AWS Solutions Architect Certificate,A company needs lift-and-shift migration of many servers with continuous block-level replication to AWS. Which service is the primary fit?,AWS Database Migration Service,AWS Device Farm,AWS Application Migration Service,AWS Glue,C,medium,false,
Computer - AWS Solutions Architect Certificate,A company needs to migrate an Oracle database to Aurora PostgreSQL with schema conversion assistance. Which tools are most relevant?,AWS DataSync and AWS Transfer Family only.,AWS CodeBuild and CodeArtifact only.,AWS SCT for schema conversion and AWS DMS for data migration.,Amazon CloudFront and AWS WAF only.,C,hard,false,
Computer - AWS Solutions Architect Certificate,A homogeneous database migration from on-premises MySQL to Amazon RDS for MySQL needs minimal downtime. Which service is commonly used?,AWS Database Migration Service,AWS Application Discovery Service,Amazon AppStream 2.0,AWS Snowcone only,A,medium,false,
Computer - AWS Solutions Architect Certificate,Older SAP-C02 material often uses AWS Application Discovery Service for migration assessment. What is the most accurate 2026 study takeaway?,Use Application Discovery Service to replicate relational database changes.,Use Application Discovery Service to distribute CloudFront cached objects.,Use Application Discovery Service as the default for every new migration assessment without checking availability.,"Understand the historical use case, but verify current AWS lifecycle status and alternatives before recommending it for new customers.",D,medium,false,
Computer - AWS Solutions Architect Certificate,A customer already uses AWS Migration Hub to track migrations. What is the best 2026 architectural guidance?,Use AWS Migration Hub as a managed Kubernetes control plane.,Use AWS Migration Hub to replace DMS change data capture.,"Existing users can understand its tracking role, but new-customer availability and migration alternatives should be verified before making it a required design dependency.",Require AWS Migration Hub for all new migration programs without checking current availability.,C,medium,false,
Computer - AWS Solutions Architect Certificate,A company must migrate file data repeatedly over the network with verification and scheduling. Which service is usually better than a one-time Snow device?,AWS Snowball Edge only,Amazon Cognito,AWS DataSync,AWS DMS,C,medium,false,
Computer - AWS Solutions Architect Certificate,"A partner needs managed SFTP, FTPS, or FTP endpoints backed by S3 or EFS during migration. Which service fits?",Amazon Route 53 Resolver,AWS Batch,AWS Transfer Family,AWS KMS,C,medium,false,
Computer - AWS Solutions Architect Certificate,An application currently uses a message broker with JMS and ActiveMQ protocols. Which modernization path minimizes application changes?,"Use Amazon MQ first, then consider cloud-native messaging later.",Rewrite immediately to S3 Glacier.,Use Route 53 health checks as the broker.,Use EBS snapshots as a queue.,A,medium,false,
Computer - AWS Solutions Architect Certificate,A monolith has tightly coupled components and long synchronous calls. Which modernization opportunity is most relevant?,Move all code to a bigger single EC2 instance forever.,Use one IAM user for every microservice.,Disable logging to improve coupling.,Introduce service boundaries and asynchronous decoupling with queues or events.,D,hard,false,
Computer - AWS Solutions Architect Certificate,A self-managed container platform on EC2 creates heavy operational burden. Which modernization choices reduce control-plane management?,"Amazon ECS, Amazon EKS, and Fargate depending on orchestration requirements.",More shell scripts on the same instances.,Manual AMI copying only.,S3 Glacier Deep Archive for containers.,A,medium,false,
Computer - AWS Solutions Architect Certificate,A self-managed cron server runs scheduled jobs and has become a single point of failure. Which serverless modernization option can replace it?,A public S3 bucket.,EventBridge Scheduler with Lambda or Step Functions targets.,A larger NAT gateway.,A single RDS read replica.,B,medium,false,
Computer - AWS Solutions Architect Certificate,A legacy app stores user session state on local instance disks. What modernization improves elasticity?,Disable Auto Scaling.,Externalize session state to a shared store such as ElastiCache or DynamoDB.,Use only instance store for sessions.,Increase the root volume size only.,B,hard,false,
Computer - AWS Solutions Architect Certificate,A migration assessment identifies an application with no business owner and no traffic for a year. Which 7R decision is most likely?,Relocate,Refactor,Rehost,Retire,D,easy,false,
Computer - AWS Solutions Architect Certificate,A global HTTP application needs lower latency and caching close to viewers. Which service is the best fit?,AWS Direct Connect,Amazon EBS,Amazon CloudFront,AWS DMS,C,easy,false,
Computer - AWS Solutions Architect Certificate,A CloudFront distribution serves private S3 content. Which modern mechanism grants CloudFront access to the S3 origin?,A NAT gateway,A DynamoDB global table,Origin Access Control,Public-read bucket ACL,C,medium,false,
Computer - AWS Solutions Architect Certificate,A site needs to restrict access to premium video content through CloudFront. Which feature should be considered?,Signed URLs or signed cookies,Open security groups,S3 public website hosting only,Unrestricted origin access,A,medium,false,
Computer - AWS Solutions Architect Certificate,A lightweight JavaScript function must run at the viewer request stage with very low latency. Which CloudFront feature is appropriate?,CloudFront Functions,Amazon Redshift Spectrum,AWS Batch,AWS DataSync,A,medium,false,
Computer - AWS Solutions Architect Certificate,A more complex edge customization must run on origin request events and use a supported runtime beyond CloudFront Functions. Which feature should be considered?,S3 Object Lock,AWS Backup,Lambda@Edge,DynamoDB TTL,C,medium,false,
Computer - AWS Solutions Architect Certificate,A multi-Region TCP/UDP application requires static anycast IPs and health-based routing over the AWS global network. Which service fits?,Amazon CloudFront only,AWS IAM Identity Center,AWS Global Accelerator,AWS DataSync,C,medium,false,
Computer - AWS Solutions Architect Certificate,A web application wants managed protection at CloudFront and ALB against SQL injection. Which service is relevant?,Amazon Timestream,AWS Snowball,AWS CodeArtifact,AWS WAF,D,easy,false,
Computer - AWS Solutions Architect Certificate,A DNS design must direct users to the lowest-latency Region based on measurements. Which Route 53 policy should be considered?,Latency routing,Simple routing with one record only,Weighted routing only,Failover routing only,A,medium,false,
Computer - AWS Solutions Architect Certificate,A company wants to gradually shift 10% of users to a new endpoint and keep 90% on the old endpoint. Which Route 53 policy fits?,Geolocation routing,Failover routing only,Weighted routing,Private hosted zone association,C,medium,false,
Computer - AWS Solutions Architect Certificate,A company must serve different endpoints based on the user's country or continent. Which Route 53 routing policy fits?,Simple routing only,Latency routing only,Multivalue answer without geography,Geolocation routing,D,medium,false,
Computer - AWS Solutions Architect Certificate,A CloudFront distribution has low cache hit ratio because many requests go to multiple origins. Which feature can add an additional caching layer in front of the origin?,Origin Shield,DMS CDC,VPC Flow Logs,S3 Object Lock,A,medium,false,
Computer - AWS Solutions Architect Certificate,An application serves dynamic API traffic and needs global performance improvements but does not benefit from HTTP caching. Which service may be a better fit than CloudFront?,Amazon WorkSpaces,Amazon Athena,S3 Glacier Deep Archive,AWS Global Accelerator,D,hard,false,
Computer - AWS Solutions Architect Certificate,A generative AI application must block unsafe content categories and enforce topic restrictions. Which AWS capability is most relevant?,Amazon Bedrock Guardrails,Amazon EFS lifecycle management,S3 Transfer Acceleration,AWS DMS,A,medium,false,
Computer - AWS Solutions Architect Certificate,An AI agent workflow needs a human approval step before performing a sensitive operation. Which service can orchestrate that approval workflow?,Amazon S3 Select,AWS Step Functions,AWS DataSync,Amazon CloudFront Functions only,B,medium,false,
Computer - AWS Solutions Architect Certificate,A company is designing an agentic AI application and needs identity controls for agent access to resources. Which emerging topic aligns with this need?,Storing all agent credentials in application source code.,Using public S3 buckets for all agent context.,Disabling all IAM roles for agents.,"Agent identity and access controls, such as AgentCore Identity where applicable.",D,hard,false,
Computer - AWS Solutions Architect Certificate,"A regulated generative AI workload needs auditability of prompts, responses, approvals, and access decisions. Which architecture principle is most important?",No logging to reduce storage cost.,"Centralized logging, traceability, and least-privilege access around the AI workflow.",Hard-coded administrator credentials for every model invocation.,Only a public API key shared by all users.,B,hard,false,
Computer - AWS Solutions Architect Certificate,A generative AI application must prevent sensitive data exposure in prompts and responses. Which design approach is most appropriate?,Disable encryption to make filtering easier.,Allow anonymous model invocation.,Put all prompts in a public S3 bucket.,"Apply data classification, access controls, logging, and guardrails appropriate to the data sensitivity.",D,hard,false,
Computer - AWS Solutions Architect Certificate,Why should emerging AI questions remain a small part of a SAP-C02 quiz?,"They are awareness topics and core exam weighting still emphasizes architecture domains such as networking, reliability, migration, cost, and security.",AI questions never involve security controls.,AI services are out of scope forever.,AI topics replace all networking questions.,A,medium,false,
