category_name,question_text,option_a,option_b,option_c,option_d,correct_answer,complexity,disabled,image_url
Python,Which statement is correct for Python development practice?,PEP 8 recommends 4 spaces per indentation level.,PEP 8 requires class names to be written in all lowercase.,pytest tests cannot use plain assert statements.,Type hints are required for every Python function at runtime.,A,easy,false,
Python,"What is the value of the Python expression `tuple([1, 2, 3])`?","(1, 2)","[1, 2, 3]","(1, 2, 3)","(3, 2, 1)",C,easy,false,
Python,Which concept describes Python running source code using an interpreter rather than requiring a separate manual compile step for typical scripts?,Interpreted execution,Static linking,Pointer arithmetic,Manual memory allocation,A,easy,false,
Python,"What is the value of the Python expression `list(zip([1, 2], ['a', 'b', 'c']))`?","[(1, 'a'), (2, 'b')]","((1, 'a'), (2, 'b'))","[(2, 'b'), (1, 'a')]","[(1, 'a')]",A,medium,false,
Python,"What is the value of the Python expression `list(enumerate(['a', 'b'], start=1))`?","[(1, 'a')]","[(1, 'a'), (2, 'b')]","((1, 'a'), (2, 'b'))","[(2, 'b'), (1, 'a')]",B,medium,false,
Python,"After `a = [1, 2]; b = a; b.append(3)`, what is the value of `a`?","[1, 2, 3]",None,"[1, 2]",[3],A,medium,false,
Python,"After `a = [1, 2]; b = a.copy(); b.append(3)`, what is the value of `a`?","[1, 2]",None,"[1, 2, 3]",[3],A,medium,false,
Python,What is the value of the Python expression `bool([0])`?,True,0,None,False,A,easy,false,
Python,What is the value of the Python expression `bool('')`?,None,False,True,0,B,easy,false,
Python,What is the value of the Python expression `bool([])`?,True,None,False,0,C,easy,false,
Python,What is the value of the Python expression `bool('0')`?,False,None,True,0,C,easy,false,
Python,Which concept helps avoid duplicating code by placing repeated logic into one callable block?,Identity comparison,String interning,Path normalization,Function decomposition,D,medium,false,
Python,Which statement is correct in Python?,A function without an explicit return statement raises ValueError.,Default argument values are evaluated each time a function is called.,Default argument values are evaluated when the function is defined.,List comprehensions always return generator objects.,C,hard,false,
Python,What is the value of the Python expression `(lambda x: x * 2)(5)`?,20,10,11,9,B,medium,false,
Python,"What is the value of the Python expression `(lambda a, b=3: a + b)(4)`?",7,8,14,6,A,medium,false,
Python,Which feature lets Python code be divided into reusable named blocks?,Literals,Comments,Functions,Whitespace only,C,easy,false,
Python,"What is the value of the Python expression `sorted({1, 2, 3} & {2, 3, 4})`?","[3, 2]","[2, 3]","(2, 3)",[2],B,medium,false,
Python,"What is the value of the Python expression `sorted({1, 2, 3} | {3, 4})`?","(1, 2, 3, 4)","[4, 3, 2, 1]","[1, 2, 3, 4]","[1, 2, 3]",C,medium,false,
Python,"What is the value of the Python expression `{1, 2}.issubset({1, 2, 3})`?",None,True,0,False,B,medium,false,
Python,"What is the value of the Python expression `sorted({1, 2, 3} - {2})`?",[1],"[3, 1]","(1, 3)","[1, 3]",D,medium,false,
Python,"After `s = {1, 2}; s.add(2)`, what is the length of `s`?",None,3,2,1,C,easy,false,
Python,"After `d = {'a': 1}; d['b'] = 2`, what is the value associated with key `'b'`?",'b',1,2,None,C,easy,false,
Python,"What is the value of the Python expression `{'a': 1, 'b': 2}.get('c', 0)`?",-1,0,1,None,B,medium,false,
Python,"What is the value of the Python expression `sorted({'b': 2, 'a': 1}.values())`?","(1, 2)",[1],"[2, 1]","[1, 2]",D,medium,false,
Python,"What is the value of the Python expression `sorted({'b': 2, 'a': 1}.keys())`?","['b', 'a']","['a', 'b']","('a', 'b')",['a'],B,medium,false,
Python,"After `d = {'a': 1}; value = d.get('b', 0)`, what is the value of `value`?",None,KeyError,1,0,D,easy,false,
Python,"What is the value of the Python expression `{'a': 1, 'b': 2}['a']`?",1,2,None,0,A,easy,false,
Python,What is the value of the Python expression `list(range(3))`?,"[2, 1, 0]","[0, 1, 2]","[0, 1]","(0, 1, 2)",B,easy,false,
Python,What is the value of the Python expression `list(range(9))`?,"(0, 1, 2, 3, 4, 5, 6, 7, 8)","[8, 7, 6, 5, 4, 3, 2, 1, 0]","[0, 1, 2, 3, 4, 5, 6, 7, 8]","[0, 1, 2, 3, 4, 5, 6, 7]",C,easy,false,
Python,What is the value of the Python expression `list(range(8))`?,"[0, 1, 2, 3, 4, 5, 6, 7]","(0, 1, 2, 3, 4, 5, 6, 7)","[0, 1, 2, 3, 4, 5, 6]","[7, 6, 5, 4, 3, 2, 1, 0]",A,easy,false,
Python,What is the value of the Python expression `list(range(5))`?,"[0, 1, 2, 3]","[0, 1, 2, 3, 4]","[4, 3, 2, 1, 0]","(0, 1, 2, 3, 4)",B,easy,false,
Python,"What is the value of the Python expression `list(range(1, 11, 2))`?","[1, 3, 5, 7]","[1, 3, 5, 7, 9]","[9, 7, 5, 3, 1]","(1, 3, 5, 7, 9)",B,medium,false,
Python,What is the value of the Python expression `list(range(10))`?,"[0, 1, 2, 3, 4, 5, 6, 7, 8]","(0, 1, 2, 3, 4, 5, 6, 7, 8, 9)","[0, 1, 2, 3, 4, 5, 6, 7, 8, 9]","[9, 8, 7, 6, 5, 4, 3, 2, 1, 0]",C,easy,false,
Python,Which dict method is used to merge key-value pairs from another mapping or iterable?,pop(),update(),keys(),items(),B,easy,false,
Python,"For Python dict objects, what does get() do?",Remove and return the most recently inserted key-value pair.,Return a value for a key with an optional default.,Merge key-value pairs from another mapping or iterable.,Remove all key-value pairs.,B,easy,false,
Python,Which dict method is used to remove all key-value pairs?,popitem(),clear(),fromkeys(),values(),B,easy,false,
Python,"Which dict method is used to return a value for a key, inserting a default if the key is missing?",copy(),values(),setdefault(),clear(),C,hard,false,
Python,"For Python dict objects, what does update() do?",Create a new dictionary from keys and one shared value.,Return a dynamic view of dictionary keys.,Remove and return the most recently inserted key-value pair.,Merge key-value pairs from another mapping or iterable.,D,easy,false,
Python,"For Python dict objects, what does popitem() do?",Remove and return the most recently inserted key-value pair.,Remove all key-value pairs.,Return a value for a key with an optional default.,Return a dynamic view of dictionary values.,A,hard,false,
Python,Which set method is used to return elements in either set but not both?,union(),symmetric_difference(),add(),intersection(),B,medium,false,
Python,Which set method is used to return elements common to both sets?,clear(),issuperset(),intersection(),symmetric_difference(),C,easy,false,
Python,Which set method is used to remove an element if present without raising KeyError if absent?,discard(),symmetric_difference(),remove(),union(),A,medium,false,
Python,"For Python set objects, what does discard() do?",Remove an element if present without raising keyerror if absent.,Remove an element and raise keyerror if it is missing.,Return elements in the first set but not the second.,Return elements from either set.,A,medium,false,
Python,Which set method is used to return elements from either set?,issuperset(),issubset(),clear(),union(),D,easy,false,
Python,Which set method is used to test whether another set's elements are all contained here?,intersection(),issuperset(),discard(),clear(),B,medium,false,
Python,"What is the value of the Python expression `[x for x in [2, 4, 6, 8] if x % 2 == 0]`?","[8, 6, 4, 2]","[2, 4, 6]","[2, 4, 6, 8]","(2, 4, 6, 8)",C,medium,false,
Python,"What is the value of the Python expression `[x + 1 for x in [5, 4, 3, 2, 1]]`?","(6, 5, 4, 3, 2)","[6, 5, 4, 3, 2]","[6, 5, 4, 3]","[2, 3, 4, 5, 6]",B,medium,false,
Python,What is the value of the Python expression `{x: x * 2 for x in range(4)}`?,False,True,"{0: 0, 1: 2, 2: 4, 3: 6}",None,C,hard,false,
Python,"What is the value of the Python expression `[x + 1 for x in [3, 1, 4, 1, 5]]`?","[4, 2, 5, 2, 6]","[6, 2, 5, 2, 4]","[4, 2, 5, 2]","(4, 2, 5, 2, 6)",A,medium,false,
Python,What is the value of the Python expression `[x * x for x in range(3) if x % 2 == 0]`?,"[0, 4]","[4, 0]",[0],"(0, 4)",A,medium,false,
Python,What is the value of the Python expression `{x: x * 2 for x in range(6)}`?,"{0: 0, 1: 2, 2: 4, 3: 6, 4: 8, 5: 10}",True,False,None,A,hard,false,
Python,"For Python list objects, what does reverse() do?",Add one item to the end of the list.,Reverse the list in place.,Return the index of the first equal item.,Remove all items.,B,easy,false,
Python,"For Python list objects, what does insert() do?",Insert an item at a chosen position.,Sort the list in place.,Remove all items.,Reverse the list in place.,A,easy,false,
Python,"What is the value of the Python expression `[1, 2, 3].count(1)`?",0,None,1,2,C,easy,false,
Python,"For Python list objects, what does index() do?",Return the index of the first equal item.,Append every item from another iterable.,Sort the list in place.,Insert an item at a chosen position.,A,medium,false,
Python,"After `nums = [3, 1, 2]; result = nums.sort()`, what is the value of `result`?","[1, 2, 3]",None,True,"[3, 1, 2]",B,medium,false,
Python,"For Python list objects, what does remove() do?",Count equal items.,Remove the first equal item.,Return a shallow copy.,Reverse the list in place.,B,medium,false,
Python,What does `KeyboardInterrupt` usually indicate?,The user interrupts execution from the keyboard.,An operation receives an argument of the right type but inappropriate value.,Python cannot parse the program text.,A local or global name is not found.,A,medium,false,
Python,Which exception is most appropriate when division or modulo by zero occurs?,ValueError,KeyError,SyntaxError,ZeroDivisionError,D,easy,false,
Python,Which exception is most appropriate when an attribute reference or assignment fails?,KeyboardInterrupt,ValueError,AttributeError,IndexError,C,medium,false,
Python,Which exception is most appropriate when a requested file or directory does not exist?,KeyboardInterrupt,ImportError,ModuleNotFoundError,FileNotFoundError,D,easy,false,
Python,What does `ZeroDivisionError` usually indicate?,An import statement has trouble loading a module or name.,Python cannot parse the program text.,Division or modulo by zero occurs.,An operation receives an argument of the right type but inappropriate value.,C,easy,false,
Python,Which exception is most appropriate when an operation is applied to an object of inappropriate type?,TypeError,ValueError,ModuleNotFoundError,ZeroDivisionError,A,easy,false,
Python,"What is the value of the Python expression `[5, 4, 3, 2, 1][1:3]`?",[4],"(4, 3)","[4, 3]","[3, 4]",C,medium,false,
Python,"What is the value of the Python expression `[10, 0, -1, 3][::-1]`?","(3, -1, 0, 10)","[10, 0, -1, 3]","[3, -1, 0]","[3, -1, 0, 10]",D,medium,false,
Python,"What is the value of the Python expression `sum([3, 1, 4, 1, 5])`?",14,15,28,13,A,easy,false,
Python,"What is the value of the Python expression `[1, 2, 3][-1]`?",4,2,6,3,D,easy,false,
Python,"What is the value of the Python expression `[5, 4, 3, 2, 1][::-1]`?","[1, 2, 3, 4, 5]","(1, 2, 3, 4, 5)","[5, 4, 3, 2, 1]","[1, 2, 3, 4]",A,medium,false,
Python,"What is the value of the Python expression `len([1, 2, 3])`?",2,3,6,4,B,easy,false,
Python,Which statement about the list type is correct?,A mutable ordered sequence that uses square brackets.,An immutable set type.,A mutable sequence of integers in the range 0 through 255.,A number with real and imaginary parts.,A,easy,false,
Python,Which statement about the memoryview type is correct?,A view over binary data without copying it.,A double-precision floating-point number.,The boolean type whose values are true and false.,An immutable sequence of integers in the range 0 through 255.,A,hard,false,
Python,Which data collection is normally the best fit when each item needs a unique key and associated value?,Range,Tuple,Set,Dictionary,D,easy,false,
Python,Which Python type is best described as the Boolean type whose values are True and False?,bool,bytes,frozenset,complex,A,easy,false,
Python,Which Python type is best described as an immutable sequence of integers in the range 0 through 255?,frozenset,bytes,str,complex,B,medium,false,
Python,Which Python type is best described as a mutable sequence of integers in the range 0 through 255?,bytearray,bool,str,int,A,medium,false,
Python,Which Python keyword is used to combine conditions with logical disjunction?,or,as,class,yield,A,easy,false,
Python,Which Python keyword is used to start a block that handles exceptions?,not,as,continue,try,D,medium,false,
Python,Which Python keyword is used to provide a fallback branch when previous conditions fail?,else,from,or,async,A,easy,false,
Python,Which statement best describes indentation in Python?,It defines code blocks,It is required only inside comments,It must always use two spaces,It is ignored by the parser,A,easy,false,
Python,Which Python keyword is used to define asynchronous functions or context/iteration constructs?,as,async,yield,from,B,hard,false,
Python,Which Python keyword is used to negate a Boolean expression?,def,and,break,not,D,easy,false,
Python,"For Python str objects, what does endswith() do?",Test whether all characters are digits.,Return an uppercase copy.,Test whether the string ends with a suffix.,Test whether all characters are alphabetic.,C,easy,false,
Python,"For Python str objects, what does isalpha() do?",Pad a numeric string on the left with zeros.,Return an uppercase copy.,Test whether the string begins with a prefix.,Test whether all characters are alphabetic.,D,easy,false,
Python,Which str method is used to perform replacement-field formatting?,casefold(),index(),format(),partition(),C,medium,false,
Python,Which str method is used to return a copy with leading and trailing whitespace removed?,join(),isalpha(),find(),strip(),D,easy,false,
Python,"For Python str objects, what does upper() do?",Test whether the string begins with a prefix.,Test whether all characters are digits.,Return an uppercase copy.,Return a caseless comparison-oriented copy.,C,easy,false,
Python,"For Python str objects, what does find() do?",Return a copy with leading and trailing whitespace removed.,Return a copy with occurrences replaced.,Split into three parts around the first separator.,Return the lowest index of a substring or -1.,D,medium,false,
Python,What is the purpose of `with open(path) as f:`?,Test whether a filesystem path exists.,Return all non-overlapping regex matches.,Use a context manager so the file is closed automatically.,Open a text file for appending.,C,easy,false,
Python,What is the purpose of `Path.exists()`?,Read json from a file object.,Test whether a filesystem path exists.,Test whether a path points to a directory.,Create a new file and fail if it already exists.,B,easy,false,
Python,What is the purpose of `json.load()`?,Read json from a file object.,Encode a python object as a json-formatted string.,Decode a json-formatted string into a python object.,Scan through a string looking for a regex match.,A,medium,false,
Python,Which Python expression or function is used to read a file into a string using pathlib?,with open(path) as f:,Path.read_text(),json.loads(),Path.exists(),B,medium,false,
Python,Which Python expression or function is used to use a context manager so the file is closed automatically?,json.loads(),json.dump(),with open(path) as f:,"open(path, 'r')",C,easy,false,
Python,Which Python expression or function is used to open a file for reading bytes?,json.dump(),"open(path, 'a')","open(path, 'rb')",Path.exists(),C,medium,false,
Python,"In Python object-oriented programming, which term or method is used to allow a class to derive behavior from another class?",inheritance,@classmethod,__repr__,__next__,A,easy,false,
Python,What does `dataclass` mean in Python OOP?,Define the developer-oriented representation used by repr().,Store data on a single object instance.,Reduce boilerplate for classes that primarily store data.,Bind a method to the class rather than an instance.,C,medium,false,
Python,What does `@classmethod` mean in Python OOP?,Reduce boilerplate for classes that primarily store data.,Support len(obj).,Bind a method to the class rather than an instance.,Initialize a newly created instance.,C,medium,false,
Python,What does `MRO` mean in Python OOP?,Store a function on a class without binding self or cls.,Determine method search order for classes.,Allow a class to derive behavior from another class.,Redefine inherited behavior in a subclass.,B,hard,false,
Python,What does `__repr__` mean in Python OOP?,Define the developer-oriented representation used by repr().,Support len(obj).,Store data on a single object instance.,Redefine inherited behavior in a subclass.,A,medium,false,
Python,What does `__iter__` mean in Python OOP?,Define the informal string representation used by str().,Expose a method as a managed attribute.,Return an iterator for an object.,Define the developer-oriented representation used by repr().,C,hard,false,
Python,What is the value of the Python expression `' network '.strip()`?,'network','krowten',None of the above,'network!',A,easy,false,
Python,What is the value of the Python expression `'dictionary'.startswith('p')`?,0,True,False,None,C,easy,false,
Python,What is the value of the Python expression `' python '.strip()`?,'python',None of the above,'nohtyp','python!',A,easy,false,
Python,What is the value of the Python expression `'iterator'[1:4]`?,'ret',None of the above,'ter','ter!',C,medium,false,
Python,What is the value of the Python expression `'testing'.find('t')`?,1,None,-1,0,D,medium,false,
Python,What is the value of the Python expression `'DICTIONARY'.lower()`?,'dictionary!','yranoitcid',None of the above,'dictionary',D,easy,false,
Python,Which Python standard library module is best suited for specialized container datatypes such as Counter and deque?,collections,re,asyncio,subprocess,A,medium,false,
Python,What is the main use of the `itertools` module?,"Dates, times, timedeltas, and time zones.",Pretty-printing data structures.,Iterator-building functions for efficient looping.,Basic http server classes.,C,hard,false,
Python,Which Python standard library module is best suited for command-line argument parsing?,argparse,doctest,os,pickle,A,medium,false,
Python,What is the main use of the `venv` module?,Unix shell-style filename matching.,Creating lightweight virtual environments.,Creating temporary files and directories.,Decimal floating-point arithmetic.,B,medium,false,
Python,What is the main use of the `heapq` module?,Low-level network interfaces.,Heap queue algorithms.,Unix-style pathname pattern expansion.,Reading toml files.,B,hard,false,
Python,What is the main use of the `tomllib` module?,Basic http server classes.,Reading toml files.,Thread-based concurrency.,Opening urls using the standard library.,B,hard,false,
Python,"What is the value of the Python expression `divmod(33, 4)`?","(1, 8)","(8,)","[8, 1]","(8, 1)",D,medium,false,
Python,"What is the value of the Python expression `divmod(21, 2)`?","(1, 10)","[10, 1]","(10, 1)","(10,)",C,medium,false,
Python,"In Python, what is the primary purpose of pow()?",Test whether an object has a named attribute.,Return the current global symbol table as a dictionary.,"Raise a number to a power, optionally modulo a third argument.",Return the number of items in a container.,C,medium,false,
Python,"What is the value of the Python expression `divmod(31, 3)`?","(10,)","[10, 1]","(1, 10)","(10, 1)",D,medium,false,
Python,"In Python, what is the primary purpose of issubclass()?","Raise a number to a power, optionally modulo a third argument.",Create a slice object.,Return the quotient and remainder as a two-item tuple.,Test whether a class is a subclass of another class.,D,medium,false,
Python,"In Python, what is the primary purpose of hasattr()?",Return the __dict__ attribute for an object when available.,Convert an integer to a binary string with a 0b prefix.,Test whether an object has a named attribute.,Apply a function lazily to every item of one or more iterables.,C,medium,false,
Python,What is the value of the Python expression `10 ** 2`?,99,200,101,100,D,easy,false,
Python,What is the value of the Python expression `(6 + 2) * 2`?,17,15,16,32,C,easy,false,
Python,What is the value of the Python expression `2 ** 2`?,5,8,3,4,D,easy,false,
Python,What does `//` usually mean in Python?,Exponentiation.,Floor division.,Matrix multiplication operator or decorator syntax depending on context.,Logical negation.,B,easy,false,
Python,What is the value of the Python expression `(10 + 5) * 2`?,29,30,31,60,B,easy,false,
Python,What is the value of the Python expression `(11 + 6) * 2`?,34,68,33,35,A,easy,false,
Python,What is the value of the Python expression `4 + 4 * 3`?,17,15,32,16,D,easy,false,
Python,"What is the value of the Python expression `all([1, 0, True])`?",None,True,0,False,D,medium,false,
Python,Which Python standard library module is best suited for type hints and type aliases?,os,typing,pprint,re,B,medium,false,
Python,"After `text = 'Python'; text.lower()`, what is the value of `text`?",'Python',None of the above,None,It raises an exception,A,easy,false,
Python,"In Python object-oriented programming, which term or method is used to support len(obj)?",instance attribute,__len__,__eq__,dataclass,B,medium,false,
Python,"For Python str objects, what does replace() do?",Return the lowest index of a substring or raise valueerror.,Return a copy with occurrences replaced.,Test whether all characters are alphabetic.,Split a string into a list of substrings.,B,easy,false,
Python,What is the purpose of `re.sub()`?,Scan through a string looking for a regex match.,Try a regex match at the start of a string.,Open a text file for reading.,Replace regex matches with another string.,D,medium,false,
Python,Which Python keyword is used to create a small anonymous function expression?,nonlocal,in,not,lambda,D,medium,false,
Python,Which Python type is best described as an immutable set type?,int,frozenset,memoryview,float,B,medium,false,
Python,"What is the value of the Python expression `sorted([1, 2, 3])`?","(1, 2, 3)","[3, 2, 1]","[1, 2]","[1, 2, 3]",D,easy,false,
Python,"After `nums = [1, 2]; nums.append(3)`, what is the value of `nums`?","[3, 1, 2]",None,"[1, 2, 3]","[1, 2]",C,easy,false,
Python,What does `ValueError` usually indicate?,Division or modulo by zero occurs.,An operation receives an argument of the right type but inappropriate value.,An attribute reference or assignment fails.,Python cannot parse the program text.,B,medium,false,
Python,"What is the value of the Python expression `[x + 1 for x in [10, 0, -1, 3]]`?","[4, 0, 1, 11]","[11, 1, 0, 4]","[11, 1, 0]","(11, 1, 0, 4)",B,medium,false,
Python,"For Python set objects, what does difference() do?",Remove an element and raise keyerror if it is missing.,Return elements in either set but not both.,Return elements in the first set but not the second.,Remove all elements.,C,medium,false,
Python,"For Python dict objects, what does copy() do?",Return a shallow copy of the dictionary.,Create a new dictionary from keys and one shared value.,"Return a value for a key, inserting a default if the key is missing.",Remove a key and return its value.,A,medium,false,
Python,What is the value of the Python expression `list(range(7))`?,"[0, 1, 2, 3, 4, 5]","(0, 1, 2, 3, 4, 5, 6)","[6, 5, 4, 3, 2, 1, 0]","[0, 1, 2, 3, 4, 5, 6]",D,easy,false,
Python,What is the value of the Python expression `7 + 2 * 3`?,26,12,13,14,C,easy,false,
Python,Which built-in function is used to test whether an object has a named attribute?,filter(),min(),hasattr(),range(),C,medium,false,
Python,What is the main use of the `hashlib` module?,Pseudo-random number generation.,Serializing and deserializing python objects.,"Time access, sleeping, and clocks.",Secure hashes and message digests.,D,medium,false,
Python,What is the value of the Python expression `'python'.find('t')`?,2,4,3,1,A,medium,false,
Python,What does `self` mean in Python OOP?,Delegate method calls to a parent or sibling class in the mro.,Expose a method as a managed attribute.,Conventionally refer to the current instance inside instance methods.,Exit a context manager and optionally suppress an exception.,C,easy,false,
Python,"For Python str objects, what does startswith() do?",Test whether the string begins with a prefix.,Return a copy with occurrences replaced.,Split a string into a list of substrings.,Return a caseless comparison-oriented copy.,A,easy,false,
Python,Which Python expression or function is used to open a text file for appending?,"open(path, 'rb')",re.match(),"open(path, 'a')",re.findall(),C,easy,false,
Python,Which Python keyword is used to exit the nearest enclosing loop?,break,while,match,from,A,easy,false,
Python,Which statement about the str type is correct?,A mapping from hashable keys to values.,A mutable sequence of integers in the range 0 through 255.,A number with real and imaginary parts.,An immutable sequence of unicode code points.,D,easy,false,
Python,"What is the value of the Python expression `sum([2, 4, 6, 8])`?",19,20,21,40,B,easy,false,
Python,Which list method is used to return the index of the first equal item?,remove(),pop(),index(),clear(),C,medium,false,
Python,Which exception is most appropriate when an iterator has no more items?,KeyboardInterrupt,ModuleNotFoundError,StopIteration,AssertionError,C,hard,false,
Python,What is the value of the Python expression `[x * x for x in range(9) if x % 2 == 0]`?,"[0, 4, 16, 36]","[0, 4, 16, 36, 64]","[64, 36, 16, 4, 0]","(0, 4, 16, 36, 64)",B,medium,false,
Python,Which set method is used to remove and return an arbitrary element?,discard(),pop(),difference(),issuperset(),B,medium,false,
Python,"For Python dict objects, what does items() do?",Return a dynamic view of key-value pairs.,Return a dynamic view of dictionary keys.,Create a new dictionary from keys and one shared value.,Remove and return the most recently inserted key-value pair.,A,medium,false,
Python,"What is the value of the Python expression `list(range(1, 3, 2))`?",[1],None,"(1,)",[],A,medium,false,
Python,What is the value of the Python expression `6 + 4 * 3`?,18,19,36,17,A,easy,false,
Python,Which built-in function is used to apply a function lazily to every item of one or more iterables?,range(),map(),vars(),hex(),B,medium,false,
Python,What is the main use of the `doctest` module?,High-level file operations such as copytree and rmtree.,Rational numbers.,Testing examples embedded in docstrings.,Interpreter-specific parameters and functions.,C,medium,false,
Python,What is the value of the Python expression `'automation'.startswith('p')`?,False,True,None,0,A,easy,false,
Python,"In Python object-oriented programming, which term or method is used to expose a method as a managed attribute?",dataclass,__init__,@property,name mangling,C,medium,false,
Python,Which str method is used to return a title-cased copy?,split(),replace(),strip(),title(),D,easy,false,
Python,Which Python expression or function is used to try a regex match at the start of a string?,re.match(),json.load(),json.dump(),json.loads(),A,medium,false,
Python,Which Python keyword is used to produce a value from a generator function?,yield,continue,lambda,else,A,medium,false,
Python,Which statement about the bool type is correct?,A mutable collection of unique hashable elements.,The boolean type whose values are true and false.,A view over binary data without copying it.,An immutable set type.,B,easy,false,
Python,"What is the value of the Python expression `len([3, 1, 4, 1, 5])`?",6,10,4,5,D,easy,false,
Python,Which list method is used to insert an item at a chosen position?,index(),sort(),insert(),reverse(),C,easy,false,
Python,Which exception is most appropriate when a mapping key is not found?,IndentationError,TypeError,StopIteration,KeyError,D,easy,false,
Python,"What is the value of the Python expression `[x for x in [3, 1, 4, 1, 5] if x % 2 == 0]`?",[],None,[4],"(4,)",C,medium,false,
Python,"For Python set objects, what does union() do?",Add an element.,Test whether every element is contained in another set.,Return elements from either set.,Return elements common to both sets.,C,easy,false,
Python,"For Python dict objects, what does clear() do?",Create a new dictionary from keys and one shared value.,Remove all key-value pairs.,"Return a value for a key, inserting a default if the key is missing.",Remove and return the most recently inserted key-value pair.,B,easy,false,
Python,What is the value of the Python expression `list(range(4))`?,"[3, 2, 1, 0]","[0, 1, 2, 3]","(0, 1, 2, 3)","[0, 1, 2]",B,easy,false,
Python,What is the value of the Python expression `(3 + 6) * 2`?,19,17,18,36,C,easy,false,
Python,"What is the value of the Python expression `divmod(19, 3)`?","(1, 6)","(6, 1)","[6, 1]","(6,)",B,medium,false,
Python,What is the main use of the `bisect` module?,Pseudo-random number generation.,Interpreter-specific parameters and functions.,Array bisection algorithms for sorted lists.,Regular expression matching.,C,hard,false,
Python,What is the value of the Python expression `'network'[1:4]`?,None of the above,'etw!','etw','wte',C,medium,false,
Python,What does `@staticmethod` mean in Python OOP?,Store a function on a class without binding self or cls.,Allow a class to derive behavior from another class.,Reduce boilerplate for classes that primarily store data.,Exit a context manager and optionally suppress an exception.,A,medium,false,
Python,"For Python str objects, what does format() do?",Test whether the string begins with a prefix.,Split into three parts around the first separator.,Perform replacement-field formatting.,Return an uppercase copy.,C,medium,false,
Python,What is the purpose of `re.findall()`?,Test whether a path points to a directory.,Read json from a file object.,Open a file for reading bytes.,Return all non-overlapping regex matches.,D,medium,false,
Python,Which Python keyword is used to iterate over items from an iterable?,else,except,class,for,D,easy,false,
Python,Which statement about the bytearray type is correct?,A mutable sequence of integers in the range 0 through 255.,An immutable set type.,An immutable arithmetic progression used for iteration.,An integer of arbitrary precision limited by available memory.,A,medium,false,
Python,"What is the value of the Python expression `[10, 0, -1, 3][1:3]`?","[0, -1]",[0],"(0, -1)","[-1, 0]",A,medium,false,
Python,"For Python list objects, what does copy() do?",Sort the list in place.,Return a shallow copy.,Insert an item at a chosen position.,Remove the first equal item.,B,medium,false,
Python,What does `KeyError` usually indicate?,An operation receives an argument of the right type but inappropriate value.,A requested file or directory does not exist.,The user interrupts execution from the keyboard.,A mapping key is not found.,D,easy,false,
Python,What is the value of the Python expression `{x: x * 2 for x in range(3)}`?,False,True,None,"{0: 0, 1: 2, 2: 4}",D,hard,false,
Python,Which set method is used to test whether every element is contained in another set?,add(),issubset(),clear(),issuperset(),B,medium,false,
Python,"For Python dict objects, what does fromkeys() do?",Merge key-value pairs from another mapping or iterable.,"Return a value for a key, inserting a default if the key is missing.",Remove a key and return its value.,Create a new dictionary from keys and one shared value.,D,hard,false,
Python,"What is the value of the Python expression `list(range(1, 5, 2))`?","[3, 1]",[1],"[1, 3]","(1, 3)",C,medium,false,
Python,What is the value of the Python expression `(2 + 6) * 2`?,32,16,17,15,B,easy,false,
Python,"In Python, what is the primary purpose of filter()?","Raise a number to a power, optionally modulo a third argument.",Select items from an iterable for which a function returns truthy.,Return the number of items in a container.,Test whether an object is an instance of a class or tuple of classes.,B,medium,false,
Python,Which Python standard library module is best suited for decimal floating-point arithmetic?,decimal,pprint,pickle,collections,A,medium,false,
Python,What is the value of the Python expression `'iterator'[::-1]`?,None of the above,'rotareti','iterator','rotareti!',B,medium,false,
Python,"In Python object-oriented programming, which term or method is used to exit a context manager and optionally suppress an exception?",MRO,__exit__,__enter__,__repr__,B,hard,false,
Python,"For Python str objects, what does index() do?",Count non-overlapping occurrences of a substring.,Return the lowest index of a substring or raise valueerror.,Perform replacement-field formatting.,Split a string into a list of substrings.,B,medium,false,
Python,"What is the purpose of `open(path, 'a')`?",Read a file into a string using pathlib.,Try a regex match at the start of a string.,Open a text file for appending.,Scan through a string looking for a regex match.,C,easy,false,
Python,Which Python keyword is used to run cleanup code whether or not an exception occurred?,in,finally,not,break,B,medium,false,
Python,Which Python type is best described as a view over binary data without copying it?,bytes,complex,memoryview,range,C,hard,false,
Python,"What is the value of the Python expression `len([2, 4, 6, 8])`?",5,8,3,4,D,easy,false,
Python,Which list method is used to remove and return an item by index?,sort(),append(),pop(),remove(),C,easy,false,
Python,What does `ModuleNotFoundError` usually indicate?,A sequence index is out of range.,Division or modulo by zero occurs.,An operation receives an argument of the right type but inappropriate value.,An import cannot find a module.,D,medium,false,
Python,"What is the value of the Python expression `[x for x in [10, 0, -1, 3] if x % 2 == 0]`?","[10, 0]","[0, 10]","(10, 0)",[10],A,medium,false,
Python,Which set method is used to remove an element and raise KeyError if it is missing?,clear(),pop(),issuperset(),remove(),D,medium,false,
Python,Which dict method is used to return a value for a key with an optional default?,get(),fromkeys(),copy(),values(),A,easy,false,
Python,Which loop is most natural when you want to iterate directly over every item in a list?,try block,for loop,class definition,import statement,B,easy,false,
Python,What is the value of the Python expression `(5 + 2) * 2`?,15,14,28,13,B,easy,false,
Python,"What is the value of the Python expression `divmod(15, 2)`?","(7,)","(1, 7)","[7, 1]","(7, 1)",D,medium,false,
Python,Which Python standard library module is best suited for heap queue algorithms?,statistics,heapq,shutil,subprocess,B,hard,false,
Python,"What is the value of the Python expression `'iterator'.replace('t', 'T')`?",'iTeraTor','iTeraTor!',None of the above,'roTareTi',A,easy,false,
Python,What does `__enter__` mean in Python OOP?,Store a function on a class without binding self or cls.,Enter a context manager.,Return an iterator for an object.,Store data on a single object instance.,B,hard,false,
Python,"For Python str objects, what does casefold() do?",Return a copy with leading and trailing whitespace removed.,Return the lowest index of a substring or raise valueerror.,Return a caseless comparison-oriented copy.,Split a string into a list of substrings.,C,hard,false,
Python,What is the purpose of `re.search()`?,Scan through a string looking for a regex match.,Try a regex match at the start of a string.,Return all non-overlapping regex matches.,Encode a python object as a json-formatted string.,A,medium,false,
Python,Which Python keyword is used to act as a no-operation placeholder statement?,pass,match,except,if,A,easy,false,
Python,Which statement about the range type is correct?,An integer of arbitrary precision limited by available memory.,An immutable ordered sequence often written with parentheses.,An immutable arithmetic progression used for iteration.,A number with real and imaginary parts.,C,easy,false,
Python,"What is the value of the Python expression `sorted([3, 1, 4, 1, 5])`?","[1, 1, 3, 4, 5]","[5, 4, 3, 1, 1]","(1, 1, 3, 4, 5)","[1, 1, 3, 4]",A,easy,false,
Python,"What is the value of the Python expression `[2, 4, 6, 8].count(2)`?",1,0,2,None,A,easy,false,
Python,Which exception is most appropriate when the user interrupts execution from the keyboard?,IndexError,KeyError,SyntaxError,KeyboardInterrupt,D,medium,false,
Python,"What is the value of the Python expression `[x + 1 for x in [2, 4, 6, 8]]`?","[3, 5, 7, 9]","[9, 7, 5, 3]","[3, 5, 7]","(3, 5, 7, 9)",A,medium,false,
Python,"For Python set objects, what does clear() do?",Remove an element if present without raising keyerror if absent.,Remove all elements.,Test whether every element is contained in another set.,Remove and return an arbitrary element.,B,easy,false,
Python,Which dict method is used to create a new dictionary from keys and one shared value?,fromkeys(),pop(),clear(),update(),A,hard,false,
Python,"What is the value of the Python expression `list(range(1, 4, 2))`?",[1],"[3, 1]","(1, 3)","[1, 3]",D,medium,false,
Python,What is the value of the Python expression `(5 + 6) * 2`?,44,21,22,23,C,easy,false,
Python,"What is the value of the Python expression `any([False, 0, 'yes'])`?",0,None,True,False,C,medium,false,
Python,"Which Python standard library module is best suited for time access, sleeping, and clocks?",sqlite3,pathlib,time,csv,C,easy,false,
Python,What is the value of the Python expression `'automation'[1:4]`?,'uto','otu','uto!',None of the above,A,medium,false,
Python,"In Python object-oriented programming, which term or method is used to define the developer-oriented representation used by repr()?",__repr__,__len__,self,inheritance,A,medium,false,
Python,"For Python str objects, what does strip() do?",Count non-overlapping occurrences of a substring.,Return the lowest index of a substring or -1.,Return a copy with leading and trailing whitespace removed.,Return the lowest index of a substring or raise valueerror.,C,easy,false,
Python,Which Python expression or function is used to encode a Python object as a JSON-formatted string?,Path.is_dir(),json.dump(),"open(path, 'rb')",json.dumps(),D,easy,false,
Python,"Which Python keyword is used to bind an alias in imports, exception handling, or context management?",as,not,if,and,A,medium,false,
Python,Which statement about the tuple type is correct?,An immutable sequence of integers in the range 0 through 255.,A mutable collection of unique hashable elements.,An immutable ordered sequence often written with parentheses.,The type of the singleton object none.,C,easy,false,
Python,"What is the value of the Python expression `[2, 4, 6, 8][1:3]`?","(4, 6)",[4],"[4, 6]","[6, 4]",C,medium,false,
Python,"For Python list objects, what does sort() do?",Remove all items.,Remove the first equal item.,Reverse the list in place.,Sort the list in place.,D,easy,false,
Python,What does `FileNotFoundError` usually indicate?,An iterator has no more items.,Python cannot parse the program text.,A mapping key is not found.,A requested file or directory does not exist.,D,easy,false,
Python,What is the value of the Python expression `[x * x for x in range(8) if x % 2 == 0]`?,"[36, 16, 4, 0]","(0, 4, 16, 36)","[0, 4, 16]","[0, 4, 16, 36]",D,medium,false,
Python,"For Python set objects, what does pop() do?",Remove an element and raise keyerror if it is missing.,Remove all elements.,Test whether every element is contained in another set.,Remove and return an arbitrary element.,D,medium,false,
Python,"For Python dict objects, what does setdefault() do?",Remove and return the most recently inserted key-value pair.,Return a dynamic view of dictionary keys.,"Return a value for a key, inserting a default if the key is missing.",Return a dynamic view of dictionary values.,C,hard,false,
Python,What is the value of the Python expression `list(range(6))`?,"[5, 4, 3, 2, 1, 0]","[0, 1, 2, 3, 4]","[0, 1, 2, 3, 4, 5]","(0, 1, 2, 3, 4, 5)",C,easy,false,
Python,What is the value of the Python expression `11 + 3 * 3`?,21,20,40,19,B,easy,false,
Python,Which built-in function is used to read a line of text from standard input and return it as a string?,map(),input(),filter(),print(),B,easy,false,
Python,What is the main use of the `logging` module?,Configurable event logging.,Using sqlite databases.,Specialized container datatypes such as counter and deque.,Thread-based concurrency.,A,medium,false,
Python,What is the value of the Python expression `'automation'.upper()`?,'AUTOMATION!',None of the above,'AUTOMATION','NOITAMOTUA',C,easy,false,
Python,What does `__init__` mean in Python OOP?,Define the informal string representation used by str().,Redefine inherited behavior in a subclass.,Expose a method as a managed attribute.,Initialize a newly created instance.,D,medium,false,
Python,"For Python str objects, what does zfill() do?",Test whether the string begins with a prefix.,Pad a numeric string on the left with zeros.,Return a copy with leading and trailing whitespace removed.,Return an uppercase copy.,B,medium,false,
Python,"What is the purpose of `open(path, 'r')`?",Open a text file for reading.,Write a string to a file using pathlib.,Use a context manager so the file is closed automatically.,Read a file into a string using pathlib.,A,easy,false,
Python,Which Python keyword is used to repeat a block while a condition remains true?,for,case,not,while,D,easy,false,
Python,Which Python type is best described as the type of the singleton object None?,set,tuple,NoneType,bool,C,medium,false,
Python,"What is the value of the Python expression `[1, 2, 3][1:3]`?","[2, 3]","(2, 3)","[3, 2]",[2],A,medium,false,
Python,Which list method is used to remove the first equal item?,count(),copy(),remove(),pop(),C,medium,false,
Python,Which exception is most appropriate when an import cannot find a module?,ModuleNotFoundError,ValueError,AttributeError,ZeroDivisionError,A,medium,false,
Python,"What is the value of the Python expression `[x + 1 for x in [1, 2, 3]]`?","[2, 3]","(2, 3, 4)","[2, 3, 4]","[4, 3, 2]",C,medium,false,
Python,"For Python set objects, what does issubset() do?",Add an element.,Test whether every element is contained in another set.,Return elements in either set but not both.,Return elements common to both sets.,B,medium,false,
Python,Which dict method is used to return a dynamic view of dictionary keys?,items(),keys(),popitem(),pop(),B,medium,false,
Python,"What is the value of the Python expression `list(range(1, 9, 2))`?","[1, 3, 5, 7]","(1, 3, 5, 7)","[1, 3, 5]","[7, 5, 3, 1]",A,medium,false,
Python,What is the value of the Python expression `5 + 3 * 3`?,14,13,28,15,A,easy,false,
Python,"What is the value of the Python expression `divmod(31, 6)`?","(1, 5)","(5, 1)","(5,)","[5, 1]",B,medium,false,
Python,What is the main use of the `multiprocessing` module?,Operating-system interfaces such as environment variables and process information.,Basic http server classes.,Specialized container datatypes such as counter and deque.,Process-based parallelism.,D,hard,false,
Python,What is the value of the Python expression `'automation'[::-1]`?,'automation',None of the above,'noitamotua!','noitamotua',D,medium,false,
Python,What does `__str__` mean in Python OOP?,Return an iterator for an object.,Customize equality comparison.,Define the informal string representation used by str().,Rewrite names beginning with two underscores inside a class body.,C,medium,false,
Python,Which str method is used to pad a numeric string on the left with zeros?,zfill(),count(),partition(),title(),A,medium,false,
Python,What is the purpose of `json.dumps()`?,Open a text file for reading.,Encode a python object as a json-formatted string.,Try a regex match at the start of a string.,Open a file for reading bytes.,B,easy,false,
Python,Which Python keyword is used to start structural pattern matching?,case,class,match,await,C,hard,false,
Python,Which statement about the dict type is correct?,An immutable arithmetic progression used for iteration.,A mutable collection of unique hashable elements.,The type of the singleton object none.,A mapping from hashable keys to values.,D,easy,false,
Python,"What is the value of the Python expression `[10, 0, -1, 3][-1]`?",3,4,6,2,A,easy,false,
Python,Which list method is used to add one item to the end of the list?,copy(),append(),sort(),insert(),B,easy,false,
Python,Which exception is most appropriate when a local or global name is not found?,TypeError,ModuleNotFoundError,NameError,AttributeError,C,easy,false,
Python,"What is the value of the Python expression `[x for x in [1, 2, 3] if x % 2 == 0]`?","(2,)",[2],[],None,B,medium,false,
Python,"For Python set objects, what does issuperset() do?",Remove all elements.,Return elements in either set but not both.,Test whether another set's elements are all contained here.,Return elements from either set.,C,medium,false,
Python,Which dict method is used to return a shallow copy of the dictionary?,setdefault(),copy(),update(),pop(),B,medium,false,
Python,"What is the value of the Python expression `list(range(1, 6, 2))`?","[1, 3, 5]","[1, 3]","[5, 3, 1]","(1, 3, 5)",A,medium,false,
Python,What is the value of the Python expression `5 + 4 * 3`?,16,18,17,34,C,easy,false,
Python,Which built-in function is used to return a reverse iterator?,setattr(),reversed(),all(),repr(),B,medium,false,
Python,Which Python standard library module is best suited for creating lightweight virtual environments?,os,pprint,dataclasses,venv,D,medium,false,
Python,What is the value of the Python expression `'dictionary'[1:4]`?,'tci',None of the above,'ict','ict!',C,medium,false,
Python,What does `__len__` mean in Python OOP?,Support len(obj).,Expose a method as a managed attribute.,Delegate method calls to a parent or sibling class in the mro.,Store data on a single object instance.,A,medium,false,
Python,Which str method is used to test whether the string begins with a prefix?,title(),join(),format(),startswith(),D,easy,false,
Python,"What is the purpose of `open(path, 'w')`?",Read json from a file object.,Open a text file for writing and truncate it if it exists.,Encode a python object as a json-formatted string.,Create a new file and fail if it already exists.,B,medium,false,
Python,Which Python keyword is used to define a function?,match,lambda,return,def,D,easy,false,
Python,Which statement about the float type is correct?,An immutable arithmetic progression used for iteration.,An immutable ordered sequence often written with parentheses.,A double-precision floating-point number.,A mutable collection of unique hashable elements.,C,easy,false,
Python,"What is the value of the Python expression `[1, 2, 3][::-1]`?","[3, 2]","[3, 2, 1]","[1, 2, 3]","(3, 2, 1)",B,medium,false,
Python,"For Python list objects, what does clear() do?",Return a shallow copy.,Add one item to the end of the list.,Reverse the list in place.,Remove all items.,D,easy,false,
Python,What does `NameError` usually indicate?,A local or global name is not found.,An import statement has trouble loading a module or name.,The user interrupts execution from the keyboard.,Incorrect indentation is encountered.,A,easy,false,
Python,"What is the value of the Python expression `[x for x in [5, 4, 3, 2, 1] if x % 2 == 0]`?",[4],"(4, 2)","[2, 4]","[4, 2]",D,medium,false,
Python,"For Python set objects, what does remove() do?",Remove all elements.,Remove an element and raise keyerror if it is missing.,Add an element.,Test whether every element is contained in another set.,B,medium,false,
Python,"For Python dict objects, what does values() do?",Return a dynamic view of dictionary values.,"Return a value for a key, inserting a default if the key is missing.",Return a value for a key with an optional default.,Return a shallow copy of the dictionary.,A,medium,false,
Python,"What is the value of the Python expression `list(range(1, 10, 2))`?","[9, 7, 5, 3, 1]","[1, 3, 5, 7, 9]","(1, 3, 5, 7, 9)","[1, 3, 5, 7]",B,medium,false,
Python,What is the value of the Python expression `(4 + 6) * 2`?,20,21,19,40,A,easy,false,
Python,Which built-in function is used to return a proxy object that delegates method calls to a parent or sibling class?,ord(),super(),isinstance(),iter(),B,hard,false,
Python,Which Python standard library module is best suited for xUnit-style unit testing?,heapq,pprint,http.server,unittest,D,medium,false,
Python,What is the value of the Python expression `'automation'.find('t')`?,1,4,3,2,D,medium,false,
Python,"In Python object-oriented programming, which term or method is used to define the informal string representation used by str()?",class attribute,dataclass,__len__,__str__,D,medium,false,
Python,Which str method is used to test whether all characters are digits?,partition(),join(),strip(),isdigit(),D,easy,false,
Python,"What is the purpose of `open(path, 'rb')`?",Open a file for reading bytes.,Try a regex match at the start of a string.,Use a context manager so the file is closed automatically.,Create a new file and fail if it already exists.,A,medium,false,
Python,Which Python keyword is used to define a class?,with,pass,if,class,D,easy,false,
Python,Which Python type is best described as an immutable arithmetic progression used for iteration?,NoneType,list,range,float,C,easy,false,
Python,"What is the value of the Python expression `[3, 1, 4, 1, 5][-1]`?",4,5,6,10,B,easy,false,
Python,Which list method is used to reverse the list in place?,reverse(),extend(),insert(),index(),A,easy,false,
Python,Which exception is most appropriate when an import statement has trouble loading a module or name?,IndentationError,ImportError,SyntaxError,KeyError,B,medium,false,
Python,What is the value of the Python expression `[x * x for x in range(10) if x % 2 == 0]`?,"[0, 4, 16, 36, 64]","[0, 4, 16, 36]","[64, 36, 16, 4, 0]","(0, 4, 16, 36, 64)",A,medium,false,
Python,Which set method is used to remove all elements?,clear(),intersection(),symmetric_difference(),remove(),A,easy,false,
Python,Which dict method is used to return a dynamic view of dictionary values?,update(),pop(),values(),keys(),C,medium,false,
Python,"What is the value of the Python expression `list(range(1, 8, 2))`?","[7, 5, 3, 1]","(1, 3, 5, 7)","[1, 3, 5]","[1, 3, 5, 7]",D,medium,false,
Python,What is the value of the Python expression `(5 + 4) * 2`?,19,36,17,18,D,easy,false,
Python,"In Python, what is the primary purpose of hash()?",Return a user-oriented string representation.,Write text or object representations to standard output.,Return an integer hash value for a hashable object.,Create an arithmetic progression for iteration.,C,medium,false,
Python,Which Python standard library module is best suited for high-level file operations such as copytree and rmtree?,configparser,csv,shutil,tempfile,C,medium,false,
Python,What is the value of the Python expression `'network'.upper()`?,'NETWORK',None of the above,'NETWORK!','KROWTEN',A,easy,false,
Python,"In Python object-oriented programming, which term or method is used to store data on a single object instance?",class attribute,inheritance,__enter__,instance attribute,D,easy,false,
Python,Which str method is used to return the lowest index of a substring or raise ValueError?,index(),upper(),find(),isalpha(),A,medium,false,
Python,Which Python expression or function is used to scan through a string looking for a regex match?,re.search(),"open(path, 'w')",json.dumps(),Path.exists(),A,medium,false,
Python,Which Python keyword is used to send a value back from a function and exit that function?,case,return,with,assert,B,easy,false,
Python,Which statement about the frozenset type is correct?,An immutable set type.,A mutable collection of unique hashable elements.,An immutable ordered sequence often written with parentheses.,The type of the singleton object none.,A,medium,false,
Python,"What is the value of the Python expression `[2, 4, 6, 8][::-1]`?","[8, 6, 4, 2]","[8, 6, 4]","[2, 4, 6, 8]","(8, 6, 4, 2)",A,medium,false,
Python,"What is the value of the Python expression `[10, 0, -1, 3].count(10)`?",0,None,2,1,D,easy,false,
Python,What does `SyntaxError` usually indicate?,An attribute reference or assignment fails.,Division or modulo by zero occurs.,Python cannot parse the program text.,Incorrect indentation is encountered.,C,easy,false,
Python,What is the value of the Python expression `[x * x for x in range(7) if x % 2 == 0]`?,"[36, 16, 4, 0]","[0, 4, 16, 36]","[0, 4, 16]","(0, 4, 16, 36)",B,medium,false,
Python,"For Python set objects, what does add() do?",Remove an element and raise keyerror if it is missing.,Add an element.,Test whether another set's elements are all contained here.,Return elements from either set.,B,easy,false,
Python,Which dict method is used to return a dynamic view of key-value pairs?,items(),pop(),setdefault(),update(),A,medium,false,
Python,What is the value of the Python expression `list(range(11))`?,"[0, 1, 2, 3, 4, 5, 6, 7, 8, 9]","[0, 1, 2, 3, 4, 5, 6, 7, 8, 9, 10]","[10, 9, 8, 7, 6, 5, 4, 3, 2, 1, 0]","(0, 1, 2, 3, 4, 5, 6, 7, 8, 9, 10)",B,easy,false,
Python,What is the value of the Python expression `45 % 4`?,None,0,2,1,D,medium,false,
Python,"What is the value of the Python expression `divmod(19, 6)`?","(1, 3)","(3, 1)","(3,)","[3, 1]",B,medium,false,
Python,What is the main use of the `threading` module?,Pretty-printing data structures.,Thread-based concurrency.,Configurable event logging.,Cryptographically strong random values.,B,hard,false,
Python,What is the value of the Python expression `list('abc')`?,"['c', 'b', 'a']","['a', 'b']","('a', 'b', 'c')","['a', 'b', 'c']",D,easy,false,
Python,"In Python object-oriented programming, which term or method is used to return the next item from an iterator?",instance attribute,dataclass,__next__,name mangling,C,hard,false,
Python,Which str method is used to test whether the string ends with a suffix?,endswith(),find(),isdigit(),strip(),A,easy,false,
Python,Which Python expression or function is used to create a new file and fail if it already exists?,"open(path, 'a')",json.dump(),"open(path, 'x')","open(path, 'rb')",C,medium,false,
Python,Which Python keyword is used to declare that assignments target a name in an enclosing function scope?,for,case,nonlocal,with,C,hard,false,
Python,Which Python type is best described as a mapping from hashable keys to values?,int,range,list,dict,D,easy,false,
Python,"What is the value of the Python expression `sum([10, 0, -1, 3])`?",13,11,12,24,C,easy,false,
Python,Which list method is used to remove all items?,clear(),pop(),remove(),index(),A,easy,false,
Python,What does `TypeError` usually indicate?,A mapping key is not found.,An import cannot find a module.,An operation is applied to an object of inappropriate type.,Division or modulo by zero occurs.,C,easy,false,
Python,What is the value of the Python expression `[x * x for x in range(6) if x % 2 == 0]`?,"[0, 4]","[16, 4, 0]","(0, 4, 16)","[0, 4, 16]",D,medium,false,
Python,"For Python set objects, what does intersection() do?",Return elements common to both sets.,Return elements in either set but not both.,Remove an element if present without raising keyerror if absent.,Add an element.,A,easy,false,
Python,Which dict method is used to remove a key and return its value?,fromkeys(),clear(),get(),pop(),D,easy,false,
Python,"What is the value of the Python expression `list(range(1, 7, 2))`?","[5, 3, 1]","(1, 3, 5)","[1, 3, 5]","[1, 3]",C,medium,false,
Python,Which Python operator or syntax form represents value inequality comparison?,!=,not,//,%,A,easy,false,
Python,Which built-in function is used to convert an integer to an octal string with a 0o prefix?,vars(),isinstance(),slice(),oct(),D,medium,false,
Python,What is the main use of the `subprocess` module?,Array bisection algorithms for sorted lists.,Pretty-printing data structures.,Cryptographically strong random values.,Running external commands and processes.,D,hard,false,
Python,"What is the value of the Python expression `'engineer'.replace('t', 'T')`?",None of the above,'engineer!','engineer','reenigne',C,easy,false,
Python,"In Python object-oriented programming, which term or method is used to determine method search order for classes?",__iter__,MRO,__len__,__repr__,B,hard,false,
Python,Which str method is used to split into three parts around the first separator?,partition(),replace(),zfill(),lower(),A,hard,false,
Python,Which Python expression or function is used to open a text file for reading?,Path.is_dir(),"open(path, 'x')","open(path, 'r')",with open(path) as f:,C,easy,false,
Python,Which Python keyword is used to import selected names from a module or package?,pass,return,async,from,D,easy,false,
Python,Which statement about the NoneType type is correct?,The type of the singleton object none.,The boolean type whose values are true and false.,A mutable collection of unique hashable elements.,A mutable sequence of integers in the range 0 through 255.,A,medium,false,
Python,"What is the value of the Python expression `sorted([10, 0, -1, 3])`?","[-1, 0, 3]","[10, 3, 0, -1]","[-1, 0, 3, 10]","(-1, 0, 3, 10)",C,easy,false,
Python,"For Python list objects, what does append() do?",Return a shallow copy.,Add one item to the end of the list.,Remove all items.,Insert an item at a chosen position.,B,easy,false,
Python,Which exception is most appropriate when a sequence index is out of range?,KeyError,IndentationError,StopIteration,IndexError,D,easy,false,
Python,What is the value of the Python expression `[x * x for x in range(5) if x % 2 == 0]`?,"[0, 4]","[0, 4, 16]","[16, 4, 0]","(0, 4, 16)",B,medium,false,
Python,Which set method is used to add an element?,issuperset(),add(),issubset(),discard(),B,easy,false,
Python,Which dict method is used to remove and return the most recently inserted key-value pair?,setdefault(),values(),popitem(),get(),C,hard,false,
Python,What is the value of the Python expression `7 ** 2`?,98,49,50,48,B,easy,false,
Python,Which built-in function is used to return the __dict__ attribute for an object when available?,reversed(),range(),vars(),repr(),C,hard,false,
Python,Which Python standard library module is best suited for secure hashes and message digests?,random,doctest,hashlib,shutil,C,medium,false,
Python,What is the value of the Python expression `'network'.startswith('p')`?,None,0,False,True,C,easy,false,
Python,"In Python object-oriented programming, which term or method is used to enter a context manager?",__enter__,class attribute,@staticmethod,__repr__,A,hard,false,
Python,Which str method is used to return the lowest index of a substring or -1?,startswith(),find(),isalpha(),endswith(),B,medium,false,
Python,What is the purpose of `json.loads()`?,Decode a json-formatted string into a python object.,Read a file into a string using pathlib.,Scan through a string looking for a regex match.,Write json to a file object.,A,easy,false,
Python,Which Python keyword is used to pause a coroutine until an awaitable completes?,and,or,elif,await,D,hard,false,
Python,Which statement about the set type is correct?,The boolean type whose values are true and false.,An integer of arbitrary precision limited by available memory.,A number with real and imaginary parts.,A mutable collection of unique hashable elements.,D,easy,false,
Python,"What is the value of the Python expression `sorted([5, 4, 3, 2, 1])`?","[1, 2, 3, 4]","(1, 2, 3, 4, 5)","[1, 2, 3, 4, 5]","[5, 4, 3, 2, 1]",C,easy,false,
Python,"For Python list objects, what does extend() do?",Insert an item at a chosen position.,Append every item from another iterable.,Remove all items.,Remove and return an item by index.,B,easy,false,
Python,What does `StopIteration` usually indicate?,An import cannot find a module.,An import statement has trouble loading a module or name.,A local or global name is not found.,An iterator has no more items.,D,hard,false,
Python,What is the value of the Python expression `[x * x for x in range(11) if x % 2 == 0]`?,"[0, 4, 16, 36, 64, 100]","[100, 64, 36, 16, 4, 0]","[0, 4, 16, 36, 64]","(0, 4, 16, 36, 64, 100)",A,medium,false,
Python,"For Python set objects, what does symmetric_difference() do?",Return elements common to both sets.,Remove and return an arbitrary element.,Return elements in either set but not both.,Add an element.,C,medium,false,
Python,"For Python dict objects, what does keys() do?",Remove a key and return its value.,Remove all key-value pairs.,Create a new dictionary from keys and one shared value.,Return a dynamic view of dictionary keys.,D,medium,false,
Python,What is the value of the Python expression `67 % 6`?,2,0,1,None,C,medium,false,
Python,"In Python, what is the primary purpose of slice()?",Return a new sorted list from an iterable.,Retrieve an attribute by name.,Return an iterator from an iterable.,Create a slice object.,D,hard,false,
Python,What is the main use of the `fnmatch` module?,Unix shell-style filename matching.,Array bisection algorithms for sorted lists.,Higher-order functions such as lru_cache and partial.,Rational numbers.,A,medium,false,
Python,What is the value of the Python expression `'engineer'[1:4]`?,'ign','ngi','ngi!',None of the above,B,medium,false,
Python,"In Python object-oriented programming, which term or method is used to customize equality comparison?",class attribute,__iter__,__eq__,__exit__,C,medium,false,
Python,Which str method is used to return a caseless comparison-oriented copy?,zfill(),index(),endswith(),casefold(),D,hard,false,
Python,What is the purpose of `re.match()`?,Scan through a string looking for a regex match.,Read a file into a string using pathlib.,Try a regex match at the start of a string.,Replace regex matches with another string.,C,medium,false,
Python,Which Python keyword is used to declare that assignments target a module-level name?,global,async,case,from,A,hard,false,
Python,Which statement about the bytes type is correct?,A mutable sequence of integers in the range 0 through 255.,An immutable sequence of integers in the range 0 through 255.,The type of the singleton object none.,A mutable collection of unique hashable elements.,B,medium,false,
Python,"What is the value of the Python expression `[3, 1, 4, 1, 5][1:3]`?","[4, 1]","[1, 4]",[1],"(1, 4)",B,medium,false,
Python,Which list method is used to count equal items?,index(),reverse(),extend(),count(),D,easy,false,
Python,What does `ImportError` usually indicate?,A mapping key is not found.,The user interrupts execution from the keyboard.,An operation is applied to an object of inappropriate type.,An import statement has trouble loading a module or name.,D,medium,false,
Python,What is the value of the Python expression `{x: x * 2 for x in range(5)}`?,None,True,"{0: 0, 1: 2, 2: 4, 3: 6, 4: 8}",False,C,hard,false,
Python,Which set method is used to return elements in the first set but not the second?,remove(),pop(),clear(),difference(),D,medium,false,
Python,"For Python dict objects, what does pop() do?",Remove and return the most recently inserted key-value pair.,Remove all key-value pairs.,Return a dynamic view of key-value pairs.,Remove a key and return its value.,D,easy,false,
Python,What is the value of the Python expression `10 + 2 * 3`?,16,15,32,17,A,easy,false,
Python,Which function is commonly used to convert input into a decimal floating-point value?,list(),float(),bool(),dict(),B,easy,false,
Python,Which Python standard library module is best suited for basic HTTP server classes?,unittest,decimal,configparser,http.server,D,medium,false,
Python,What is the value of the Python expression `'AUTOMATION'.lower()`?,None of the above,'noitamotua','automation!','automation',D,easy,false,
Python,"In Python object-oriented programming, which term or method is used to conventionally refer to the current instance inside instance methods?",__iter__,__init__,self,name mangling,C,easy,false,
Python,Which str method is used to join an iterable of strings using this string as the separator?,lower(),upper(),partition(),join(),D,medium,false,
Python,Which Python expression or function is used to test whether a path points to a directory?,json.loads(),"open(path, 'a')",Path.is_dir(),with open(path) as f:,C,easy,false,
Python,Which Python keyword is used to load a module or package into a namespace?,else,nonlocal,from,import,D,easy,false,
Python,Which Python type is best described as a mutable ordered sequence that uses square brackets?,list,memoryview,float,str,A,easy,false,
Python,"What is the value of the Python expression `len([5, 4, 3, 2, 1])`?",4,10,6,5,D,easy,false,
Python,"After `nums = [1, 2]; result = nums.append(3)`, what is the value of `result`?",None,3,"[1, 2, 3]","[1, 2]",A,medium,false,
Python,Which exception is most appropriate when incorrect indentation is encountered?,ZeroDivisionError,KeyboardInterrupt,AttributeError,IndentationError,D,easy,false,
Python,What is the value of the Python expression `[x * x for x in range(4) if x % 2 == 0]`?,"[0, 4]","[4, 0]","(0, 4)",[0],A,medium,false,
Python,What is the value of the Python expression `12 // 3`?,4,3,5,8,A,easy,false,
Python,What is the value of the Python expression `sum(range(8))`?,56,29,27,28,D,easy,false,
Python,What is the main use of the `configparser` module?,Reading and writing comma-separated value files.,Parsing ini-style configuration files.,Xunit-style unit testing.,Serializing and deserializing python objects.,B,medium,false,
Python,What is the value of the Python expression `' dictionary '.strip()`?,'dictionary','dictionary!','yranoitcid',None of the above,A,easy,false,
Python,What does `instance attribute` mean in Python OOP?,Store data on a single object instance.,Exit a context manager and optionally suppress an exception.,Enter a context manager.,Expose a method as a managed attribute.,A,easy,false,
Python,"For Python str objects, what does partition() do?",Split a string into a list of substrings.,Split into three parts around the first separator.,Test whether the string begins with a prefix.,Count non-overlapping occurrences of a substring.,B,hard,false,
Python,Which Python expression or function is used to test whether a filesystem path exists?,"open(path, 'rb')",json.dump(),"open(path, 'r')",Path.exists(),D,easy,false,
Python,Which Python keyword is used to start a conditional block?,global,if,elif,yield,B,easy,false,
Python,Which Python type is best described as an immutable ordered sequence often written with parentheses?,frozenset,tuple,dict,list,B,easy,false,
Python,"What is the value of the Python expression `[5, 4, 3, 2, 1][-1]`?",None,0,1,2,C,easy,false,
Python,"For Python list objects, what does count() do?",Remove all items.,Append every item from another iterable.,Remove the first equal item.,Count equal items.,D,easy,false,
Python,What does `AttributeError` usually indicate?,An attribute reference or assignment fails.,Division or modulo by zero occurs.,A mapping key is not found.,A sequence index is out of range.,A,medium,false,
Python,What is the value of the Python expression `33 // 3`?,10,22,11,12,C,easy,false,
Python,"What is the value of the Python expression `divmod(9, 4)`?","(2,)","(2, 1)","(1, 2)","[2, 1]",B,medium,false,
Python,What is the main use of the `asyncio` module?,Single-threaded asynchronous i/o with coroutines and tasks.,Basic http server classes.,Command-line argument parsing.,Reading and writing comma-separated value files.,A,hard,false,
Python,What is the value of the Python expression `'package'[-3:]`?,'age!','age',None of the above,'ega',B,medium,false,
Python,What does `class attribute` mean in Python OOP?,Redefine inherited behavior in a subclass.,Store data on the class object shared through instances unless shadowed.,Store data on a single object instance.,Bind a method to the class rather than an instance.,B,medium,false,
Python,Which str method is used to return an uppercase copy?,count(),upper(),format(),casefold(),B,easy,false,
Python,What is the purpose of `Path.write_text()`?,Test whether a filesystem path exists.,Write a string to a file using pathlib.,Create a new file and fail if it already exists.,Test whether a path points to a directory.,B,medium,false,
Python,Which Python keyword is used to test membership or bind loop variables?,in,case,while,finally,A,easy,false,
Python,Which statement about the complex type is correct?,A mutable sequence of integers in the range 0 through 255.,A number with real and imaginary parts.,The boolean type whose values are true and false.,An immutable sequence of unicode code points.,B,medium,false,
Python,"What is the value of the Python expression `sorted([2, 4, 6, 8])`?","[2, 4, 6]","[2, 4, 6, 8]","(2, 4, 6, 8)","[8, 6, 4, 2]",B,easy,false,
Python,"What is the value of the Python expression `[3, 1, 4, 1, 5].count(3)`?",0,2,1,None,C,easy,false,
Python,Which exception is most appropriate when an operation receives an argument of the right type but inappropriate value?,ModuleNotFoundError,AttributeError,ValueError,ImportError,C,medium,false,
Python,What is the value of the Python expression `29 % 4`?,1,None,0,2,A,medium,false,
Python,Which function is commonly used to convert a numeric string like '42' into an integer?,float(),int(),str(),repr(),B,easy,false,
Python,Which Python standard library module is best suited for pretty-printing data structures?,statistics,enum,tomllib,pprint,D,easy,false,
Python,What is the value of the Python expression `'network'[::-1]`?,'network',None of the above,'krowten!','krowten',D,medium,false,
Python,What does `method overriding` mean in Python OOP?,Rewrite names beginning with two underscores inside a class body.,Redefine inherited behavior in a subclass.,Return an iterator for an object.,Support len(obj).,B,medium,false,
Python,"For Python str objects, what does count() do?",Count non-overlapping occurrences of a substring.,Return a title-cased copy.,Return a lowercase copy.,Split into three parts around the first separator.,A,medium,false,
Python,"What is the purpose of `open(path, 'x')`?",Open a file for reading bytes.,Create a new file and fail if it already exists.,Scan through a string looking for a regex match.,Test whether a path points to a directory.,B,medium,false,
Python,Which Python keyword is used to combine conditions with logical conjunction?,and,is,continue,global,A,easy,false,
Python,Which statement about the int type is correct?,A mapping from hashable keys to values.,An integer of arbitrary precision limited by available memory.,A mutable ordered sequence that uses square brackets.,The boolean type whose values are true and false.,B,easy,false,
Python,"What is the value of the Python expression `[3, 1, 4, 1, 5][::-1]`?","[5, 1, 4, 1, 3]","(5, 1, 4, 1, 3)","[5, 1, 4, 1]","[3, 1, 4, 1, 5]",A,medium,false,
Python,"For Python list objects, what does pop() do?",Return a shallow copy.,Count equal items.,Remove and return an item by index.,Append every item from another iterable.,C,easy,false,
Python,What does `AssertionError` usually indicate?,A sequence index is out of range.,The user interrupts execution from the keyboard.,An assert statement fails.,An import statement has trouble loading a module or name.,C,medium,false,
Python,What is the value of the Python expression `32 // 4`?,9,16,7,8,D,easy,false,
Python,What is the value of the Python expression `len(range(7))`?,7,6,8,14,A,easy,false,
Python,What is the main use of the `functools` module?,Low-level network interfaces.,Higher-order functions such as lru_cache and partial.,Interpreter-specific parameters and functions.,Specialized container datatypes such as counter and deque.,B,hard,false,
Python,"What is the value of the Python expression `'function'.replace('t', 'T')`?",'funcTion!','funcTion',None of the above,'noiTcnuf',B,easy,false,
Python,What does `super()` mean in Python OOP?,Exit a context manager and optionally suppress an exception.,Conventionally refer to the current instance inside instance methods.,Enter a context manager.,Delegate method calls to a parent or sibling class in the mro.,D,hard,false,
Python,"For Python str objects, what does join() do?",Count non-overlapping occurrences of a substring.,Split a string into a list of substrings.,Return a caseless comparison-oriented copy.,Join an iterable of strings using this string as the separator.,D,medium,false,
Python,What is the purpose of `json.dump()`?,Replace regex matches with another string.,Scan through a string looking for a regex match.,Open a text file for reading.,Write json to a file object.,D,medium,false,
Python,Which Python keyword is used to define a pattern branch inside a match statement?,case,assert,finally,or,A,hard,false,
Python,Which Python type is best described as a double-precision floating-point number?,float,str,complex,bool,A,easy,false,
Python,"What is the value of the Python expression `len([10, 0, -1, 3])`?",5,4,3,8,B,easy,false,
Python,Which list method is used to sort the list in place?,copy(),sort(),clear(),index(),B,easy,false,
Python,Which exception is most appropriate when an assert statement fails?,IndexError,AssertionError,ZeroDivisionError,NameError,B,medium,false,
Python,What is the value of the Python expression `30 // 3`?,20,9,11,10,D,easy,false,
Python,"In Python, what is the primary purpose of getattr()?",Return an integer hash value for a hashable object.,Round a number to a given precision.,Test whether an object is an instance of a class or tuple of classes.,Retrieve an attribute by name.,D,medium,false,
Python,Which Python standard library module is best suited for process-based parallelism?,multiprocessing,socket,fnmatch,heapq,A,hard,false,
Python,What is the value of the Python expression `' testing '.strip()`?,'testing','testing!',None of the above,'gnitset',A,easy,false,
Python,What does `__eq__` mean in Python OOP?,Return an iterator for an object.,Exit a context manager and optionally suppress an exception.,Reduce boilerplate for classes that primarily store data.,Customize equality comparison.,D,medium,false,
Python,Which str method is used to return a copy with occurrences replaced?,zfill(),replace(),upper(),split(),B,easy,false,
Python,Which Python expression or function is used to return all non-overlapping regex matches?,Path.write_text(),"open(path, 'x')",re.findall(),"open(path, 'w')",C,medium,false,
Python,Which Python keyword is used to test object identity?,is,case,elif,async,A,medium,false,
Python,Which Python type is best described as a mutable collection of unique hashable elements?,set,tuple,str,NoneType,A,easy,false,
Python,"After `nums = [3, 1, 2]; result = sorted(nums)`, what is the value of `nums`?","[3, 1, 2]",None,"[3, 2, 1]","[1, 2, 3]",A,medium,false,
Python,"What is the value of the Python expression `[5, 4, 3, 2, 1].count(5)`?",1,2,None,0,A,easy,false,
Python,Which exception is most appropriate when Python cannot parse the program text?,ModuleNotFoundError,StopIteration,SyntaxError,KeyError,C,easy,false,
Python,What is the value of the Python expression `41 % 5`?,2,0,1,None,C,medium,false,
Python,"Which built-in function is used to create a managed attribute using getter, setter, and deleter methods?",zip(),getattr(),property(),bin(),C,hard,false,
Python,Which Python standard library module is best suited for parsing INI-style configuration files?,tomllib,fnmatch,configparser,http.server,C,medium,false,
Python,What is the value of the Python expression `'package'[::-1]`?,'egakcap!',None of the above,'package','egakcap',D,medium,false,
Python,What does `__next__` mean in Python OOP?,Store data on the class object shared through instances unless shadowed.,Exit a context manager and optionally suppress an exception.,Return the next item from an iterator.,Return an iterator for an object.,C,hard,false,
Python,Which str method is used to test whether all characters are alphabetic?,startswith(),isalpha(),find(),split(),B,easy,false,
Python,Which Python expression or function is used to write JSON to a file object?,json.dump(),re.search(),Path.read_text(),Path.is_dir(),A,medium,false,
Python,Which Python keyword is used to enter a context manager block?,with,await,nonlocal,case,A,medium,false,
Python,Which Python type is best described as a number with real and imaginary parts?,tuple,complex,range,int,B,medium,false,
Python,"What is the value of the Python expression `sum([5, 4, 3, 2, 1])`?",16,15,30,14,B,easy,false,
Python,Which list method is used to append every item from another iterable?,pop(),append(),copy(),extend(),D,easy,false,
Python,What does `IndentationError` usually indicate?,An operation receives an argument of the right type but inappropriate value.,An import cannot find a module.,Division or modulo by zero occurs.,Incorrect indentation is encountered.,D,easy,false,
Python,What is the value of the Python expression `18 // 6`?,6,3,2,4,B,easy,false,
Python,"In Python, what is the primary purpose of all()?",Return true only if every item in an iterable is truthy.,Return a user-oriented string representation.,Convert an integer to a binary string with a 0b prefix.,Convert an integer to a hexadecimal string with a 0x prefix.,A,medium,false,
Python,Which Python standard library module is best suited for object-oriented filesystem path handling?,statistics,pathlib,urllib.request,logging,B,medium,false,
Python,What is the value of the Python expression `'python'.upper()`?,'NOHTYP','PYTHON!','PYTHON',None of the above,C,easy,false,
Python,What does `@property` mean in Python OOP?,Expose a method as a managed attribute.,Return an iterator for an object.,Initialize a newly created instance.,Exit a context manager and optionally suppress an exception.,A,medium,false,
Python,Which str method is used to count non-overlapping occurrences of a substring?,count(),replace(),upper(),index(),A,medium,false,
Python,Which Python expression or function is used to decode a JSON-formatted string into a Python object?,json.loads(),re.sub(),json.dumps(),"open(path, 'a')",A,easy,false,
Python,Which Python keyword is used to skip to the next loop iteration?,continue,nonlocal,is,except,A,easy,false,
Python,Which collection type is immutable and commonly used for fixed groups of values?,list,tuple,set,dict,B,easy,false,
Python,"What is the value of the Python expression `[2, 4, 6, 8][-1]`?",9,16,8,7,C,easy,false,
Python,Which list method is used to return a shallow copy?,copy(),clear(),sort(),insert(),A,medium,false,
Python,What does `IndexError` usually indicate?,A requested file or directory does not exist.,An operation is applied to an object of inappropriate type.,Python cannot parse the program text.,A sequence index is out of range.,D,easy,false,
Python,What is the value of the Python expression `31 % 6`?,1,0,2,None,A,medium,false,
Python,"What is the value of the Python expression `all([1, True, 'x'])`?",False,True,0,None,B,medium,false,
Python,Which Python standard library module is best suited for thread-based concurrency?,tempfile,asyncio,statistics,threading,D,hard,false,
Python,What is the value of the Python expression `'python'[::-1]`?,'python',None of the above,'nohtyp','nohtyp!',C,medium,false,
Python,"In Python object-oriented programming, which term or method is used to return an iterator for an object?",__iter__,dataclass,inheritance,class attribute,A,hard,false,
Python,"For Python str objects, what does lower() do?",Return a lowercase copy.,Return a title-cased copy.,Test whether all characters are digits.,Perform replacement-field formatting.,A,easy,false,
Python,Which Python expression or function is used to open a text file for writing and truncate it if it exists?,json.dump(),"open(path, 'rb')","open(path, 'w')",re.match(),C,medium,false,
Python,Which Python keyword is used to test another condition after a previous if condition was false?,case,global,except,elif,D,easy,false,
Python,Which Python type is best described as an immutable sequence of Unicode code points?,frozenset,str,set,tuple,B,easy,false,
Python,"What is the value of the Python expression `sum([1, 2, 3])`?",12,6,5,7,B,easy,false,
Python,What is the value of the Python expression `3 + 6 * 3`?,22,20,42,21,D,easy,false,
Python,Which built-in function is used to test whether an object appears callable?,dir(),abs(),type(),callable(),D,medium,false,
Python,What is the main use of the `json` module?,"Dates, times, timedeltas, and time zones.",Cryptographically strong random values.,Encoding and decoding json data.,Opening urls using the standard library.,C,easy,false,
Python,What is the value of the Python expression `'package'[1:4]`?,'ack','ack!','kca',None of the above,A,medium,false,
Python,What does `name mangling` mean in Python OOP?,Rewrite names beginning with two underscores inside a class body.,Support len(obj).,Allow a class to derive behavior from another class.,Redefine inherited behavior in a subclass.,A,hard,false,
Python,Which str method is used to split a string into a list of substrings?,title(),lower(),split(),startswith(),C,easy,false,
Python,What is the purpose of `Path.read_text()`?,Read a file into a string using pathlib.,Scan through a string looking for a regex match.,Test whether a path points to a directory.,Write json to a file object.,A,medium,false,
Python,Which Python keyword is used to raise AssertionError when a condition is false?,assert,async,while,lambda,A,medium,false,
Python,Which Python type is best described as an integer of arbitrary precision limited by available memory?,list,int,memoryview,set,B,easy,false,
Python,What is the value of the Python expression `55 % 6`?,1,None,0,2,A,medium,false,
Python,"What is the value of the Python expression `divmod(16, 5)`?","(1, 3)","(3, 1)","[3, 1]","(3,)",B,medium,false,
Python,What is the main use of the `typing` module?,Decimal floating-point arithmetic.,Pretty-printing data structures.,Iterator-building functions for efficient looping.,Type hints and type aliases.,D,medium,false,
Python,What is the value of the Python expression `'FUNCTION'.lower()`?,'function!','function','noitcnuf',None of the above,B,easy,false,
Python,"In Python object-oriented programming, which term or method is used to bind a method to the class rather than an instance?",__repr__,super(),@classmethod,__init__,C,medium,false,
Python,"For Python str objects, what does title() do?",Return a title-cased copy.,Split a string into a list of substrings.,Return a lowercase copy.,Return the lowest index of a substring or -1.,A,easy,false,
Python,Which Python expression or function is used to read JSON from a file object?,Path.is_dir(),with open(path) as f:,re.sub(),json.load(),D,medium,false,
Python,Which Python keyword is used to handle a selected exception?,except,elif,from,global,A,medium,false,
Python,What is the value of the Python expression `16 % 5`?,2,0,None,1,D,medium,false,
Python,"In Python, what is the primary purpose of chr()?",Return the largest item.,Return the number of items in a container.,Return a reverse iterator.,Return the character for a unicode code point.,D,medium,false,
Python,What is the main use of the `fractions` module?,Basic http server classes.,Specialized container datatypes such as counter and deque.,Rational numbers.,Opening urls using the standard library.,C,medium,false,
Python,What is the value of the Python expression `f'{3.14159:.2f}'`?,'3.14!','3.14',None,'41.3',B,medium,false,
Python,"In Python object-oriented programming, which term or method is used to store a function on a class without binding self or cls?",__enter__,__next__,__eq__,@staticmethod,D,medium,false,
Python,Which str method is used to return a lowercase copy?,split(),title(),endswith(),lower(),D,easy,false,
Python,Which Python expression or function is used to replace regex matches with another string?,"open(path, 'a')",Path.exists(),re.sub(),"open(path, 'r')",C,medium,false,
Python,What is the value of the Python expression `8 + 5 * 3`?,24,22,23,46,C,easy,false,
Python,Which built-in function is used to return the current global symbol table as a dictionary?,print(),id(),globals(),type(),C,hard,false,
Python,What is the main use of the `collections` module?,Process-based parallelism.,Specialized container datatypes such as counter and deque.,Xunit-style unit testing.,Reading and writing comma-separated value files.,B,medium,false,
Python,What is the value of the Python expression `'iterator'.find('t')`?,2,None,0,1,D,medium,false,
Python,What does `__exit__` mean in Python OOP?,Store a function on a class without binding self or cls.,Return the next item from an iterator.,Exit a context manager and optionally suppress an exception.,Determine method search order for classes.,C,hard,false,
Python,"For Python str objects, what does split() do?",Perform replacement-field formatting.,Return an uppercase copy.,Split a string into a list of substrings.,Return a copy with occurrences replaced.,C,easy,false,
Python,Which Python expression or function is used to write a string to a file using pathlib?,Path.write_text(),re.search(),re.findall(),"open(path, 'x')",A,medium,false,
Python,Which Python operator or syntax form represents matrix multiplication operator or decorator syntax depending on context?,or,a if condition else b,@,==,C,hard,false,
Python,"What is the value of the Python expression `divmod(31, 5)`?","[6, 1]","(6, 1)","(1, 6)","(6,)",B,medium,false,
Python,What is the main use of the `random` module?,Pretty-printing data structures.,Thread-based concurrency.,Pseudo-random number generation.,Object-oriented filesystem path handling.,C,easy,false,
Python,What is the value of the Python expression `'network'.find('t')`?,2,3,4,1,A,medium,false,
Python,"In Python object-oriented programming, which term or method is used to reduce boilerplate for classes that primarily store data?",__init__,dataclass,class attribute,__len__,B,medium,false,
Python,"For Python str objects, what does isdigit() do?",Return a title-cased copy.,Perform replacement-field formatting.,Test whether all characters are digits.,Return a lowercase copy.,C,easy,false,
Python,What is the purpose of `Path.is_dir()`?,Open a text file for writing and truncate it if it exists.,Test whether a path points to a directory.,Decode a json-formatted string into a python object.,Test whether a filesystem path exists.,B,easy,false,
Python,What is the value of the Python expression `18 // 3`?,5,12,7,6,D,easy,false,
Python,Which built-in function is used to round a number to a given precision?,map(),chr(),hasattr(),round(),D,easy,false,
Python,Which Python standard library module is best suited for configurable event logging?,urllib.request,threading,traceback,logging,D,medium,false,
Python,What is the value of the Python expression `' function '.strip()`?,'noitcnuf',None of the above,'function','function!',C,easy,false,
Python,"In Python object-oriented programming, which term or method is used to rewrite names beginning with two underscores inside a class body?",self,inheritance,name mangling,super(),C,hard,false,
Python,What is the value of the Python expression `9 ** 2`?,82,162,80,81,D,easy,false,
Python,"What is the value of the Python expression `divmod(43, 6)`?","[7, 1]","(7, 1)","(1, 7)","(7,)",B,medium,false,
Python,What is the main use of the `pickle` module?,Specialized container datatypes such as counter and deque.,"Mathematical functions such as sqrt, sin, and factorial.",Serializing and deserializing python objects.,Thread-based concurrency.,C,hard,false,
Python,"What is the value of the Python expression `'{} scored {}'.format('Ada', 95)`?",None of the above,'Ada scored 95!','59 derocs adA','Ada scored 95',D,medium,false,
Python,What does `inheritance` mean in Python OOP?,Allow a class to derive behavior from another class.,Return the next item from an iterator.,Reduce boilerplate for classes that primarily store data.,Exit a context manager and optionally suppress an exception.,A,easy,false,
Python,What is the value of the Python expression `44 // 4`?,11,12,10,22,A,easy,false,
Python,"What is the value of the Python expression `divmod(21, 5)`?","(1, 4)","(4,)","(4, 1)","[4, 1]",C,medium,false,
Python,Which Python standard library module is best suited for higher-order functions such as lru_cache and partial?,functools,glob,json,pathlib,A,hard,false,
Python,What is the value of the Python expression `'iterator'[-3:]`?,'tor!','rot','tor',None of the above,C,medium,false,
Python,"In Python object-oriented programming, which term or method is used to delegate method calls to a parent or sibling class in the MRO?",__init__,super(),@property,__enter__,B,hard,false,
Python,What is the value of the Python expression `10 + 3 * 3`?,19,18,38,20,A,easy,false,
Python,Which built-in function is used to return a developer-oriented string representation?,repr(),enumerate(),max(),pow(),A,medium,false,
Python,What is the main use of the `sqlite3` module?,Iterator-building functions for efficient looping.,Higher-order functions such as lru_cache and partial.,Opening urls using the standard library.,Using sqlite databases.,D,medium,false,
Python,What is the value of the Python expression `' iterator '.strip()`?,'rotareti','iterator!',None of the above,'iterator',D,easy,false,
Python,"In Python object-oriented programming, which term or method is used to initialize a newly created instance?",MRO,__eq__,@classmethod,__init__,D,medium,false,
Python,What is the value of the Python expression `13 % 4`?,0,1,2,None,B,medium,false,
Python,"What is the value of the Python expression `divmod(51, 5)`?","(1, 10)","[10, 1]","(10, 1)","(10,)",C,medium,false,
Python,What is the main use of the `math` module?,Serializing and deserializing python objects.,Object-oriented filesystem path handling.,Xunit-style unit testing.,"Mathematical functions such as sqrt, sin, and factorial.",D,easy,false,
Python,"What is the value of the Python expression `'python'.replace('t', 'T')`?",'pyThon','pyThon!',None of the above,'nohTyp',A,easy,false,
Python,"In Python object-oriented programming, which term or method is used to redefine inherited behavior in a subclass?",super(),__next__,method overriding,@property,C,medium,false,
Python,What is the value of the Python expression `6 // 2`?,4,2,6,3,D,easy,false,
Python,"In Python, what is the primary purpose of print()?",Retrieve the next item from an iterator.,Create a slice object.,Write text or object representations to standard output.,List names in the current scope or attributes of an object.,C,easy,false,
Python,What is the main use of the `glob` module?,Opening urls using the standard library.,Reading toml files.,Unix-style pathname pattern expansion.,Pseudo-random number generation.,C,medium,false,
Python,What is the value of the Python expression `'engineer'[::-1]`?,'reenigne','reenigne!','engineer',None of the above,A,medium,false,
Python,"In Python object-oriented programming, which term or method is used to store data on the class object shared through instances unless shadowed?",super(),class attribute,__eq__,@property,B,medium,false,
Python,What is the value of the Python expression `(11 + 3) * 2`?,56,28,29,27,B,easy,false,
Python,"What is the value of the Python expression `divmod(7, 3)`?","[2, 1]","(2,)","(1, 2)","(2, 1)",D,medium,false,
Python,Which Python standard library module is best suited for formatting and printing exception tracebacks?,traceback,statistics,csv,enum,A,hard,false,
Python,"What is the value of the Python expression `'automation'.replace('t', 'T')`?",'auTomaTion!','noiTamoTua','auTomaTion',None of the above,C,easy,false,
Python,What is the value of the Python expression `(2 + 4) * 2`?,11,24,12,13,C,easy,false,
Python,"What is the value of the Python expression `divmod(13, 4)`?","(1, 3)","(3, 1)","(3,)","[3, 1]",B,medium,false,
Python,What is the main use of the `sys` module?,Common statistical functions such as mean and median.,Interpreter-specific parameters and functions.,Formatting and printing exception tracebacks.,Generating special methods for data-holding classes.,B,medium,false,
Python,What is the value of the Python expression `'python'[1:4]`?,None of the above,'yth!','hty','yth',D,medium,false,
Python,What is the value of the Python expression `10 % 3`?,1,0,None,2,A,medium,false,
Python,"In Python, what is the primary purpose of divmod()?",List names in the current scope or attributes of an object.,Open a file and return a file object.,Create an arithmetic progression for iteration.,Return the quotient and remainder as a two-item tuple.,D,medium,false,
Python,Which Python standard library module is best suited for opening URLs using the standard library?,pathlib,urllib.request,math,venv,B,medium,false,
Python,What is the value of the Python expression `'iterator'.startswith('p')`?,False,True,0,None,A,easy,false,
Python,What is the value of the Python expression `22 // 2`?,12,11,10,22,B,easy,false,
Python,"In Python, what is the primary purpose of hex()?",Return an object's type.,Return the character for a unicode code point.,Return a mapping of the current local symbol table.,Convert an integer to a hexadecimal string with a 0x prefix.,D,medium,false,
Python,What is the main use of the `decimal` module?,Secure hashes and message digests.,Decimal floating-point arithmetic.,Reading toml files.,Single-threaded asynchronous i/o with coroutines and tasks.,B,medium,false,
Python,What is the value of the Python expression `'function'.startswith('p')`?,0,True,False,None,C,easy,false,
Python,What is the value of the Python expression `9 + 2 * 3`?,14,30,16,15,D,easy,false,
Python,"What is the value of the Python expression `divmod(17, 2)`?","(8,)","(1, 8)","[8, 1]","(8, 1)",D,medium,false,
Python,What is the main use of the `socket` module?,Iterator-building functions for efficient looping.,Low-level network interfaces.,Serializing and deserializing python objects.,Creating enumerations.,B,hard,false,
Python,What is the value of the Python expression `'dictionary'.find('t')`?,3,6,2,4,A,medium,false,
Python,What is the value of the Python expression `5 + 5 * 3`?,20,19,21,40,A,easy,false,
Python,"In Python, what is the primary purpose of abs()?",Combine multiple iterables into tuples of corresponding items.,Return true if at least one item in an iterable is truthy.,Return the absolute value of a number.,Test whether an object appears callable.,C,easy,false,
Python,Which Python standard library module is best suited for cryptographically strong random values?,random,pprint,sys,secrets,D,medium,false,
Python,What is the value of the Python expression `'package'.find('t')`?,-2,None,-1,0,C,medium,false,
Python,What is the value of the Python expression `(4 + 3) * 2`?,14,13,15,28,A,easy,false,
Python,Which built-in function is used to return the quotient and remainder as a two-item tuple?,slice(),locals(),divmod(),input(),C,medium,false,
Python,Which Python standard library module is best suited for pseudo-random number generation?,random,collections,shutil,sqlite3,A,easy,false,
Python,What is the value of the Python expression `'function'.upper()`?,'NOITCNUF','FUNCTION!',None of the above,'FUNCTION',D,easy,false,
Python,What is the value of the Python expression `(2 + 5) * 2`?,13,15,28,14,D,easy,false,
Python,Which built-in function is used to format a value according to a format specification?,round(),print(),enumerate(),format(),D,medium,false,
Python,What is the main use of the `http.server` module?,Reading toml files.,Interpreter-specific parameters and functions.,Basic http server classes.,Secure hashes and message digests.,C,medium,false,
Python,What is the value of the Python expression `'package'.startswith('p')`?,0,False,True,None,C,easy,false,
Python,What is the value of the Python expression `17 % 2`?,0,None,1,2,C,medium,false,
Python,What is the value of the Python expression `len(range(8))`?,9,7,16,8,D,easy,false,
Python,What is the main use of the `pathlib` module?,Low-level network interfaces.,Serializing and deserializing python objects.,Object-oriented filesystem path handling.,"Time access, sleeping, and clocks.",C,medium,false,
Python,What is the value of the Python expression `'network'[-3:]`?,'kro','ork','ork!',None of the above,B,medium,false,
Python,What is the value of the Python expression `43 % 6`?,0,1,2,None,B,medium,false,
Python,"What is the value of the Python expression `divmod(21, 4)`?","(1, 5)","(5,)","[5, 1]","(5, 1)",D,medium,false,
Python,What is the main use of the `traceback` module?,Process-based parallelism.,Basic http server classes.,Pretty-printing data structures.,Formatting and printing exception tracebacks.,D,hard,false,
Python,"What is the value of the Python expression `'package'.replace('t', 'T')`?",'package','package!','egakcap',None of the above,A,easy,false,
Python,What is the value of the Python expression `(10 + 6) * 2`?,64,33,32,31,C,easy,false,
Python,"What is the value of the Python expression `divmod(37, 6)`?","[6, 1]","(6,)","(1, 6)","(6, 1)",D,medium,false,
Python,Which Python standard library module is best suited for interpreter-specific parameters and functions?,pickle,subprocess,sys,traceback,C,medium,false,
Python,What is the value of the Python expression `'engineer'[-3:]`?,'eer','eer!',None of the above,'ree',A,medium,false,
Python,What does `@` usually mean in Python?,Conditional expression.,Matrix multiplication operator or decorator syntax depending on context.,Floor division.,Collect or unpack keyword arguments.,B,hard,false,
Python,"In Python, what is the primary purpose of dir()?",Create an arithmetic progression for iteration.,Return the current global symbol table as a dictionary.,Round a number to a given precision.,List names in the current scope or attributes of an object.,D,medium,false,
Python,What is the main use of the `enum` module?,Formatting and printing exception tracebacks.,Secure hashes and message digests.,Creating enumerations.,"Time access, sleeping, and clocks.",C,medium,false,
Python,What is the value of the Python expression `'NETWORK'.lower()`?,'network!',None of the above,'krowten','network',D,easy,false,
Python,Which Python operator or syntax form represents value equality comparison?,*args,and,==,//,C,easy,false,
Python,"In Python, what is the primary purpose of range()?",Test whether an object has a named attribute.,Return a reverse iterator.,Create an arithmetic progression for iteration.,Return the absolute value of a number.,C,easy,false,
Python,Which Python standard library module is best suited for encoding and decoding JSON data?,json,pathlib,doctest,math,A,easy,false,
Python,What is the value of the Python expression `'dictionary'[-3:]`?,None of the above,'ary!','ary','yra',C,medium,false,
Python,What is the value of the Python expression `11 + 2 * 3`?,17,34,16,18,A,easy,false,
Python,Which built-in function is used to set an attribute by name?,super(),setattr(),vars(),iter(),B,medium,false,
Python,What is the main use of the `time` module?,"Dates, times, timedeltas, and time zones.","Time access, sleeping, and clocks.",Running external commands and processes.,Pseudo-random number generation.,B,easy,false,
Python,What is the value of the Python expression `'engineer'.startswith('p')`?,False,0,True,None,A,easy,false,
Python,What is the value of the Python expression `16 // 2`?,8,7,16,9,A,easy,false,
Python,"In Python, what is the primary purpose of property()?",Return a reverse iterator.,"Create a managed attribute using getter, setter, and deleter methods.",Read a line of text from standard input and return it as a string.,Convert an integer to a binary string with a 0b prefix.,B,hard,false,
Python,Which Python standard library module is best suited for using SQLite databases?,datetime,argparse,sqlite3,secrets,C,medium,false,
Python,What is the value of the Python expression `'ENGINEER'.lower()`?,'engineer','engineer!',None of the above,'reenigne',A,easy,false,
Python,What is the value of the Python expression `6 + 5 * 3`?,42,22,21,20,C,easy,false,
Python,"In Python, what is the primary purpose of round()?",Round a number to a given precision.,"Create a managed attribute using getter, setter, and deleter methods.",Return a mapping of the current local symbol table.,Test whether an object has a named attribute.,A,easy,false,
Python,What is the main use of the `tempfile` module?,High-level file operations such as copytree and rmtree.,Creating temporary files and directories.,Serializing and deserializing python objects.,Object-oriented filesystem path handling.,B,medium,false,
Python,What is the value of the Python expression `'testing'.upper()`?,None of the above,'TESTING','TESTING!','GNITSET',B,easy,false,
Python,What is the value of the Python expression `48 // 6`?,9,16,7,8,D,easy,false,
Python,"What is the value of the Python expression `divmod(7, 2)`?","[3, 1]","(3,)","(1, 3)","(3, 1)",D,medium,false,
Python,Which Python standard library module is best suited for Unix-style pathname pattern expansion?,unittest,time,urllib.request,glob,D,medium,false,
Python,What is the value of the Python expression `'testing'[::-1]`?,'gnitset!',None of the above,'gnitset','testing',C,medium,false,
Python,Which Python operator or syntax form represents collect or unpack keyword arguments?,**,%,**kwargs,*args,C,medium,false,
Python,Which built-in function is used to return an object's type?,pow(),locals(),type(),id(),C,easy,false,
Python,Which Python standard library module is best suited for creating temporary files and directories?,venv,tempfile,threading,hashlib,B,medium,false,
Python,What is the value of the Python expression `'testing'[-3:]`?,'ing!',None of the above,'ing','gni',C,medium,false,
Python,What is the value of the Python expression `9 + 5 * 3`?,23,48,24,25,C,easy,false,
Python,"In Python, what is the primary purpose of format()?",Convert an integer to a hexadecimal string with a 0x prefix.,"Create a managed attribute using getter, setter, and deleter methods.",Return the unicode code point for a one-character string.,Format a value according to a format specification.,D,medium,false,
Python,"Which Python standard library module is best suited for dates, times, timedeltas, and time zones?",datetime,os,http.server,itertools,A,easy,false,
Python,What is the value of the Python expression `'function'[::-1]`?,'function','noitcnuf!',None of the above,'noitcnuf',D,medium,false,
Python,Which Python operator or syntax form represents remainder after division?,%,@,not,and,A,easy,false,
Python,"What is the value of the Python expression `divmod(37, 4)`?","[9, 1]","(9, 1)","(1, 9)","(9,)",B,medium,false,
Python,Which Python standard library module is best suited for serializing and deserializing Python objects?,secrets,venv,pickle,doctest,C,hard,false,
Python,What is the value of the Python expression `'dictionary'[::-1]`?,'yranoitcid!','dictionary',None of the above,'yranoitcid',D,medium,false,
Python,What is the value of the Python expression `15 // 3`?,10,6,4,5,D,easy,false,
Python,"In Python, what is the primary purpose of bin()?","Raise a number to a power, optionally modulo a third argument.",Return an integer hash value for a hashable object.,Convert an integer to a binary string with a 0b prefix.,Return a user-oriented string representation.,C,medium,false,
Python,What is the main use of the `pprint` module?,Configurable event logging.,Running external commands and processes.,Encoding and decoding json data.,Pretty-printing data structures.,D,easy,false,
Python,What is the value of the Python expression `'package'.upper()`?,'PACKAGE',None of the above,'EGAKCAP','PACKAGE!',A,easy,false,
Python,What is the value of the Python expression `10 // 5`?,4,2,3,1,B,easy,false,
Python,"In Python, what is the primary purpose of setattr()?",Set an attribute by name.,Return a developer-oriented string representation.,Return true only if every item in an iterable is truthy.,Test whether an object has a named attribute.,A,medium,false,
Python,Which Python standard library module is best suited for rational numbers?,http.server,urllib.request,fractions,re,C,medium,false,
Python,What is the value of the Python expression `'PYTHON'.lower()`?,None of the above,'nohtyp','python','python!',C,easy,false,
Python,Which Python operator or syntax form represents logical negation?,not,**,a if condition else b,**kwargs,A,easy,false,
Python,"What is the value of the Python expression `divmod(61, 6)`?","(10,)","(1, 10)","(10, 1)","[10, 1]",C,medium,false,
Python,Which Python standard library module is best suited for single-threaded asynchronous I/O with coroutines and tasks?,pathlib,tomllib,shutil,asyncio,D,hard,false,
Python,"What is the value of the Python expression `'dictionary'.replace('t', 'T')`?",'dicTionary!','yranoiTcid','dicTionary',None of the above,C,easy,false,
Python,What is the value of the Python expression `9 + 6 * 3`?,28,27,26,54,B,easy,false,
Python,Which built-in function is used to list names in the current scope or attributes of an object?,input(),dir(),slice(),chr(),B,medium,false,
Python,What is the main use of the `urllib.request` module?,Opening urls using the standard library.,Single-threaded asynchronous i/o with coroutines and tasks.,Unix-style pathname pattern expansion.,Interpreter-specific parameters and functions.,A,medium,false,
Python,What is the value of the Python expression `'TESTING'.lower()`?,None of the above,'testing','gnitset','testing!',B,easy,false,
Python,What is the value of the Python expression `4 ** 2`?,32,15,16,17,C,easy,false,
Python,"What is the value of the Python expression `divmod(34, 3)`?","(11,)","(11, 1)","(1, 11)","[11, 1]",B,medium,false,
Python,What is the main use of the `statistics` module?,Encoding and decoding json data.,Pretty-printing data structures.,Common statistical functions such as mean and median.,Secure hashes and message digests.,C,medium,false,
Python,"What is the value of the Python expression `'network'.replace('t', 'T')`?",'neTwork','neTwork!','krowTen',None of the above,A,easy,false,
Python,What is the value of the Python expression `9 % 4`?,None,2,0,1,D,medium,false,
Python,"What is the value of the Python expression `divmod(56, 5)`?","(11,)","(1, 11)","(11, 1)","[11, 1]",C,medium,false,
Python,Which Python standard library module is best suited for operating-system interfaces such as environment variables and process information?,fnmatch,secrets,pickle,os,D,medium,false,
Python,What is the value of the Python expression `'PACKAGE'.lower()`?,None of the above,'egakcap','package','package!',C,easy,false,
Python,What is the value of the Python expression `(5 + 5) * 2`?,40,21,20,19,C,easy,false,
Python,What is the value of the Python expression `len(range(9))`?,18,8,10,9,D,easy,false,
Python,"Which Python standard library module is best suited for mathematical functions such as sqrt, sin, and factorial?",math,heapq,tomllib,subprocess,A,easy,false,
Python,What is the value of the Python expression `'automation'[-3:]`?,None of the above,'ion','ion!','noi',B,medium,false,
Python,Which Python operator or syntax form represents floor division?,is,==,not,//,D,easy,false,
Python,"In Python, what is the primary purpose of min()?",Return the smallest item.,Return the largest item.,Return an object's identity value.,Return a user-oriented string representation.,A,easy,false,
Python,Which Python standard library module is best suited for running external commands and processes?,pathlib,subprocess,shutil,pickle,B,hard,false,
Python,What is the value of the Python expression `'iterator'.upper()`?,'ROTARETI','ITERATOR',None of the above,'ITERATOR!',B,easy,false,
Python,What is the value of the Python expression `19 % 3`?,2,None,1,0,C,medium,false,
Python,What is the value of the Python expression `len(range(3))`?,2,4,6,3,D,easy,false,
Python,Which Python standard library module is best suited for Unix shell-style filename matching?,statistics,heapq,fractions,fnmatch,D,medium,false,
Python,What is the value of the Python expression `'function'[-3:]`?,'ion','noi','ion!',None of the above,A,medium,false,
Python,What is the value of the Python expression `18 // 2`?,10,8,9,18,C,easy,false,
Python,"What is the value of the Python expression `divmod(46, 5)`?","(1, 9)","[9, 1]","(9, 1)","(9,)",C,medium,false,
Python,Which Python standard library module is best suited for common statistical functions such as mean and median?,math,pathlib,enum,statistics,D,medium,false,
Python,What is the value of the Python expression `'engineer'.upper()`?,None of the above,'ENGINEER!','REENIGNE','ENGINEER',D,easy,false,
Python,Which Python operator or syntax form represents logical disjunction with short-circuit evaluation?,==,**kwargs,or,//,C,medium,false,
Python,"In Python, what is the primary purpose of callable()?",Retrieve the next item from an iterator.,Test whether an object appears callable.,Return true if at least one item in an iterable is truthy.,List names in the current scope or attributes of an object.,B,medium,false,
Python,Which Python standard library module is best suited for regular expression matching?,re,bisect,logging,urllib.request,A,medium,false,
Python,What is the value of the Python expression `'ITERATOR'.lower()`?,'iterator!',None of the above,'iterator','rotareti',C,easy,false,
Python,What is the value of the Python expression `36 // 4`?,8,10,9,18,C,easy,false,
Python,"What is the value of the Python expression `divmod(67, 6)`?","(11,)","[11, 1]","(11, 1)","(1, 11)",C,medium,false,
Python,Which Python standard library module is best suited for iterator-building functions for efficient looping?,tempfile,itertools,os,fractions,B,hard,false,
Python,What is the value of the Python expression `'testing'.startswith('p')`?,False,None,True,0,A,easy,false,
Python,What is the value of the Python expression `13 % 2`?,1,0,2,None,A,medium,false,
Python,Which built-in function is used to return the smallest item?,chr(),abs(),hash(),min(),D,easy,false,
Python,What is the main use of the `datetime` module?,Reading toml files.,Operating-system interfaces such as environment variables and process information.,"Dates, times, timedeltas, and time zones.",Array bisection algorithms for sorted lists.,C,easy,false,
Python,What is the value of the Python expression `'engineer'.find('t')`?,0,-2,None,-1,D,medium,false,
Python,What is the value of the Python expression `8 // 4`?,3,4,2,1,C,easy,false,
Python,Which built-in function is used to pair items from an iterable with a running index?,open(),enumerate(),range(),id(),B,easy,false,
Python,What is the main use of the `os` module?,Pseudo-random number generation.,Operating-system interfaces such as environment variables and process information.,Basic http server classes.,Type hints and type aliases.,B,medium,false,
Python,What is the value of the Python expression `'function'.find('t')`?,4,3,8,5,A,medium,false,
Python,What is the value of the Python expression `11 % 2`?,None,2,1,0,C,medium,false,
Python,What is the value of the Python expression `len(range(4))`?,8,4,5,3,B,easy,false,
Python,What is the main use of the `unittest` module?,Reading and writing comma-separated value files.,Xunit-style unit testing.,Using sqlite databases.,Testing examples embedded in docstrings.,B,medium,false,
Python,"What is the value of the Python expression `'-'.join(['py', 'thon'])`?",None of the above,'noht-yp','py-thon','py-thon!',C,medium,false,
Python,What does `*args` usually mean in Python?,Collect or unpack positional arguments.,Logical conjunction with short-circuit evaluation.,Floor division.,Logical negation.,A,medium,false,
Python,"In Python, what is the primary purpose of vars()?",Create a slice object.,Return the __dict__ attribute for an object when available.,Apply a function lazily to every item of one or more iterables.,Select items from an iterable for which a function returns truthy.,B,hard,false,
Python,Which Python standard library module is best suited for creating enumerations?,urllib.request,subprocess,enum,math,C,medium,false,
Python,What is the value of the Python expression `'function'[1:4]`?,'cnu',None of the above,'unc','unc!',C,medium,false,
Python,What is the value of the Python expression `(11 + 5) * 2`?,64,32,33,31,B,easy,false,
Python,Which built-in function is used to test whether an object is an instance of a class or tuple of classes?,isinstance(),slice(),open(),round(),A,medium,false,
Python,Which Python standard library module is best suited for generating special methods for data-holding classes?,argparse,heapq,datetime,dataclasses,D,medium,false,
Python,What is the value of the Python expression `' package '.strip()`?,'package!','package','egakcap',None of the above,B,easy,false,
Python,What is the value of the Python expression `(2 + 3) * 2`?,11,9,20,10,D,easy,false,
Python,Which built-in function is used to convert an integer to a binary string with a 0b prefix?,format(),hex(),len(),bin(),D,medium,false,
Python,Which Python standard library module is best suited for array bisection algorithms for sorted lists?,bisect,glob,hashlib,typing,A,hard,false,
Python,"What is the value of the Python expression `'a,b,c'.split(',')`?","('a', 'b', 'c')","['a', 'b', 'c']","['a', 'b']","['c', 'b', 'a']",B,easy,false,
Python,What is the value of the Python expression `46 % 5`?,0,1,None,2,B,medium,false,
Python,"What is the value of the Python expression `divmod(26, 5)`?","(1, 5)","[5, 1]","(5, 1)","(5,)",C,medium,false,
Python,Which Python standard library module is best suited for low-level network interfaces?,subprocess,socket,sqlite3,threading,B,hard,false,
Python,What is the value of the Python expression `' engineer '.strip()`?,'engineer','reenigne','engineer!',None of the above,A,easy,false,
Python,What is the value of the Python expression `2 + 3 * 3`?,11,22,12,10,A,easy,false,
Python,"In Python, what is the primary purpose of zip()?",Return an object's identity value.,Return a new sorted list from an iterable.,Combine multiple iterables into tuples of corresponding items.,Open a file and return a file object.,C,easy,false,
Python,What is the main use of the `csv` module?,Reading and writing comma-separated value files.,Unix-style pathname pattern expansion.,Secure hashes and message digests.,"Dates, times, timedeltas, and time zones.",A,easy,false,
Python,What is the value of the Python expression `'testing'[1:4]`?,'est!','tse',None of the above,'est',D,medium,false,
Python,What is the value of the Python expression `13 % 6`?,None,1,2,0,B,medium,false,
Python,"What is the value of the Python expression `divmod(13, 3)`?","[4, 1]","(4, 1)","(1, 4)","(4,)",B,medium,false,
Python,What is the main use of the `dataclasses` module?,Generating special methods for data-holding classes.,Regular expression matching.,Creating enumerations.,Specialized container datatypes such as counter and deque.,A,medium,false,
Python,"What is the value of the Python expression `'testing'.replace('t', 'T')`?",None of the above,'TesTing!','TesTing','gniTseT',C,easy,false,
Python,What is the value of the Python expression `24 // 4`?,5,12,6,7,C,easy,false,
Python,"In Python, what is the primary purpose of input()?",Combine multiple iterables into tuples of corresponding items.,"Create a managed attribute using getter, setter, and deleter methods.",Read a line of text from standard input and return it as a string.,Retrieve the next item from an iterator.,C,easy,false,
Python,Which Python standard library module is best suited for reading TOML files?,fractions,tomllib,asyncio,pprint,B,hard,false,
Python,What is the value of the Python expression `' automation '.strip()`?,'noitamotua','automation',None of the above,'automation!',B,easy,false,
Python,What is the value of the Python expression `60 // 6`?,20,9,11,10,D,easy,false,
Python,Which built-in function is used to combine multiple iterables into tuples of corresponding items?,iter(),isinstance(),getattr(),zip(),D,easy,false,
Python,Which Python standard library module is best suited for testing examples embedded in docstrings?,venv,pickle,doctest,threading,C,medium,false,
Python,What is the value of the Python expression `'dictionary'.upper()`?,'DICTIONARY','YRANOITCID',None of the above,'DICTIONARY!',A,easy,false,
Python,What is the value of the Python expression `(8 + 5) * 2`?,25,52,27,26,D,easy,false,
Python,Which built-in function is used to convert an integer to a hexadecimal string with a 0x prefix?,callable(),iter(),hex(),type(),C,medium,false,
Python,What is the main use of the `argparse` module?,Command-line argument parsing.,Serializing and deserializing python objects.,Specialized container datatypes such as counter and deque.,Single-threaded asynchronous i/o with coroutines and tasks.,A,medium,false,
Python,What is the value of the Python expression `'python'.startswith('p')`?,None,0,False,True,D,easy,false,
Python,What is the value of the Python expression `37 % 4`?,2,1,0,None,B,medium,false,
Python,Which built-in function is used to create an arithmetic progression for iteration?,input(),round(),range(),bin(),C,easy,false,
Python,What is the main use of the `shutil` module?,Thread-based concurrency.,Using sqlite databases.,High-level file operations such as copytree and rmtree.,Testing examples embedded in docstrings.,C,medium,false,
Python,What is the value of the Python expression `'python'[-3:]`?,'hon','noh',None of the above,'hon!',A,medium,false,
Python,What is the value of the Python expression `23 % 2`?,None,2,0,1,D,medium,false,
Python,Which built-in function is used to return True if at least one item in an iterable is truthy?,hash(),any(),issubclass(),zip(),B,medium,false,
Python,What is the main use of the `re` module?,Running external commands and processes.,Reading toml files.,Regular expression matching.,Specialized container datatypes such as counter and deque.,C,medium,false,
Python,What is the value of the Python expression `7 + 5 * 3`?,22,23,44,21,A,easy,false,
Python,Which built-in function is used to return the character for a Unicode code point?,chr(),setattr(),format(),divmod(),A,medium,false,
Python,Which Python standard library module is best suited for reading and writing comma-separated value files?,functools,pickle,shutil,csv,D,easy,false,
Python,What does `!=` usually mean in Python?,Value inequality comparison.,Collect or unpack positional arguments.,Object identity comparison.,Conditional expression.,A,easy,false,
Python,"In Python, what is the primary purpose of repr()?",Return a mapping of the current local symbol table.,Return a developer-oriented string representation.,Return the largest item.,"Create a managed attribute using getter, setter, and deleter methods.",B,medium,false,
Python,What is the main use of the `secrets` module?,Rational numbers.,Cryptographically strong random values.,Operating-system interfaces such as environment variables and process information.,Thread-based concurrency.,B,medium,false,
Python,What is the value of the Python expression `8 + 3 * 3`?,17,34,16,18,A,easy,false,
Python,Which built-in function is used to retrieve an attribute by name?,oct(),divmod(),getattr(),vars(),C,medium,false,
Python,What is the value of the Python expression `3 ** 2`?,8,18,9,10,C,easy,false,
Python,"In Python, what is the primary purpose of type()?","Raise a number to a power, optionally modulo a third argument.",Return a proxy object that delegates method calls to a parent or sibling class.,Return true only if every item in an iterable is truthy.,Return an object's type.,D,easy,false,
Python,What is the value of the Python expression `(5 + 3) * 2`?,15,32,16,17,C,easy,false,
Python,"What is the value of the Python expression `divmod(41, 5)`?","[8, 1]","(8, 1)","(1, 8)","(8,)",B,medium,false,
Python,What is the value of the Python expression `6 // 3`?,2,1,4,3,A,easy,false,
Python,"What is the value of the Python expression `divmod(5, 2)`?","(2, 1)","[2, 1]","(1, 2)","(2,)",A,medium,false,
Python,Which Python operator or syntax form represents object identity comparison?,a if condition else b,or,is,@,C,medium,false,
Python,"What is the value of the Python expression `divmod(55, 6)`?","(9, 1)","(9,)","(1, 9)","[9, 1]",A,medium,false,
Python,"True or False: The Python expression `{'a': 1, 'b': 2}.get('c', 0)` evaluates to `0`.",True,False,,,A,medium,false,
Python,"True or False: The Python expression `tuple([1, 2, 3])` evaluates to `(1, 2, 3)`.",True,False,,,A,easy,false,
Python,True or False: The Python expression `bool([])` evaluates to `False`.,True,False,,,A,easy,false,
Python,True or False: A Python concept describes Python running source code using an interpreter rather than requiring a separate manual compile step for typical scripts is a relevant Python exam concept.,True,False,,,A,easy,false,
Python,True or False: `StopIteration` signals that an iterator is exhausted.,True,False,,,A,hard,false,
Python,True or False: Iterators implement `__iter__()` and `__next__()`.,True,False,,,A,hard,false,
Python,"True or False: The Python expression `sorted({1, 2, 3} & {2, 3, 4})` evaluates to `[2]`.",True,False,,,B,medium,false,
Python,"True or False: The Python expression `sorted({1, 2, 3} | {3, 4})` evaluates to `[1, 2, 3, 4]`.",True,False,,,A,medium,false,
Python,True or False: A generator expression builds an entire list before iteration begins.,True,False,,,B,medium,false,
Python,True or False: A generator function contains at least one yield expression.,True,False,,,A,medium,false,
Python,True or False: A generator expression produces values lazily.,True,False,,,A,medium,false,
Python,True or False: `zip()` stops when the shortest input iterable is exhausted.,True,False,,,A,medium,false,
Python,True or False: `zip()` pads shorter iterables with None by default.,True,False,,,B,medium,false,
Python,"True or False: `enumerate(iterable, start=1)` can begin counting at 1.",True,False,,,A,easy,false,
Python,True or False: `global` affects assignment targets in a function body.,True,False,,,A,hard,false,
Python,True or False: `nonlocal` refers to a binding in an enclosing non-global scope.,True,False,,,A,hard,false,
Python,"True or False: The LEGB rule resolves names in local, external, global, and binary order.",True,False,,,B,hard,false,
Python,True or False: `Optional[T]` means a value may be T or None.,True,False,,,A,medium,false,
Python,True or False: Type hints make CPython reject wrong types automatically before a function body runs.,True,False,,,B,medium,false,
Python,True or False: `list[int]` is a type hint for a list whose items are intended to be integers.,True,False,,,A,medium,false,
Python,True or False: Asyncio is designed for concurrent I/O-bound tasks more than CPU-bound parallel execution.,True,False,,,A,hard,false,
Python,True or False: `asyncio.run(coro())` runs an async entry point and manages the event loop.,True,False,,,A,hard,false,
Python,True or False: `await` can be used at arbitrary places in a normal non-async function.,True,False,,,B,hard,false,
Python,True or False: PEP 8 recommends CapWords for class names.,True,False,,,A,easy,false,
Python,True or False: Imports are conventionally placed at the top of a file.,True,False,,,A,easy,false,
Python,True or False: PEP 8 recommends tabs as the preferred indentation style.,True,False,,,B,easy,false,
Python,True or False: `pyproject.toml` is a common configuration file for modern Python packaging tools.,True,False,,,A,medium,false,
Python,True or False: Activating a virtual environment makes pip install into that environment by default.,True,False,,,A,medium,false,
Python,True or False: `pip install package_name` installs a package from configured package indexes.,True,False,,,A,easy,false,
Python,"True or False: The Python expression `[x + 1 for x in [5, 4, 3, 2, 1]]` evaluates to `[6, 5, 4, 3, 2]`.",True,False,,,A,medium,false,
Python,True or False: Dictionary comprehensions use `{key_expr: value_expr for ...}` syntax.,True,False,,,A,medium,false,
Python,True or False: A list comprehension creates a new list.,True,False,,,A,easy,false,
Python,"True or False: For a Python dict, get() is used to return a value for a key with an optional default.",True,False,,,A,easy,false,
Python,"True or False: For a Python dict, pop() is used to remove a key and return its value.",True,False,,,A,easy,false,
Python,"True or False: For a Python dict, values() is used to return a dynamic view of dictionary values.",True,False,,,A,medium,false,
Python,"True or False: `assertEqual(a, b)` checks that two values compare equal in unittest.",True,False,,,A,easy,false,
Python,True or False: `unittest.TestCase` is a base class for unittest-style test cases.,True,False,,,A,medium,false,
Python,True or False: pytest parametrization lets one test function run with multiple input cases.,True,False,,,A,medium,false,
Python,"True or False: The Python expression `list(range(1, 9, 2))` evaluates to `[1, 3, 5, 7]`.",True,False,,,A,medium,false,
Python,True or False: A Python loop is most natural when you want to iterate directly over every item in a list is a relevant Python exam concept.,True,False,,,A,easy,false,
Python,"True or False: The Python expression `list(range(6))` evaluates to `[0, 1, 2, 3, 4]`.",True,False,,,B,easy,false,
Python,"True or False: For a Python list, extend() is used to append every item from another iterable.",True,False,,,A,easy,false,
Python,True or False: list.sort() returns a new sorted list and leaves the original unchanged.,True,False,,,B,easy,false,
Python,"True or False: For a Python list, reverse() is used to reverse the list in place.",True,False,,,A,easy,false,
Python,True or False: set.discard(x) raises KeyError when x is absent.,True,False,,,B,medium,false,
Python,True or False: set.remove(x) silently ignores x when x is absent.,True,False,,,B,medium,false,
Python,"True or False: For a Python set, remove() is used to remove an element and raise KeyError if it is missing.",True,False,,,A,medium,false,
Python,"True or False: The Python expression `len([3, 1, 4, 1, 5])` evaluates to `5`.",True,False,,,A,easy,false,
Python,"True or False: The Python expression `[2, 4, 6, 8][1:3]` evaluates to `[4, 6]`.",True,False,,,A,medium,false,
Python,"True or False: The Python expression `sum([1, 2, 3])` evaluates to `6`.",True,False,,,A,easy,false,
Python,True or False: Positional-only parameters can be declared before `/` in a function signature.,True,False,,,A,hard,false,
Python,True or False: `**kwargs` collects extra keyword arguments into a dictionary.,True,False,,,A,medium,false,
Python,"True or False: The Python expression `(lambda a, b=3: a + b)(4)` evaluates to `7`.",True,False,,,A,medium,false,
Python,True or False: Opening a file with mode 'w' appends to the end of the file by default.,True,False,,,B,easy,false,
Python,True or False: `json.dumps()` is used to encode a Python object as a JSON-formatted string.,True,False,,,A,easy,false,
Python,True or False: `json.loads()` takes a JSON string and returns a Python object.,True,False,,,A,easy,false,
Python,True or False: str.find() raises ValueError when the substring is not found.,True,False,,,B,medium,false,
Python,"True or False: For a Python str, title() is used to return a title-cased copy.",True,False,,,A,easy,false,
Python,"True or False: For a Python str, count() is used to count non-overlapping occurrences of a substring.",True,False,,,A,medium,false,
Python,True or False: Raising an exception always terminates the Python interpreter immediately.,True,False,,,B,easy,false,
Python,True or False: `StopIteration` is associated with the situation where an iterator has no more items.,True,False,,,A,hard,false,
Python,True or False: `ImportError` is associated with the situation where an import statement has trouble loading a module or name.,True,False,,,A,medium,false,
Python,"True or False: In Python, bytearray is best described as a mutable sequence of integers in the range 0 through 255.",True,False,,,A,medium,false,
Python,"True or False: In Python, memoryview is best described as a view over binary data without copying it.",True,False,,,A,hard,false,
Python,True or False: A Python data collection is normally the best fit when each item needs a unique key and associated value is a relevant Python exam concept.,True,False,,,A,easy,false,
Python,True or False: Instance methods conventionally receive the current instance as their first parameter.,True,False,,,A,easy,false,
Python,"True or False: In Python OOP, `method overriding` is associated with the ability to redefine inherited behavior in a subclass.",True,False,,,A,medium,false,
Python,"True or False: In Python OOP, `__exit__` is associated with the ability to exit a context manager and optionally suppress an exception.",True,False,,,A,hard,false,
Python,True or False: The Python expression `'function'[::-1]` evaluates to `'NOITCNUF'`.,True,False,,,B,medium,false,
Python,True or False: The Python expression `'function'.upper()` evaluates to `'FUNCTION'`.,True,False,,,A,easy,false,
Python,True or False: The Python expression `'python'.startswith('p')` evaluates to `True`.,True,False,,,A,easy,false,
Python,True or False: The keyword elif can be used to test another condition after a previous if condition was false.,True,False,,,A,easy,false,
Python,True or False: The keyword is can be used to test object identity.,True,False,,,A,medium,false,
Python,True or False: The keyword for can be used to iterate over items from an iterable.,True,False,,,A,easy,false,
Python,True or False: The Python standard library module `decimal` is commonly used for decimal floating-point arithmetic.,True,False,,,A,medium,false,
Python,"True or False: The Python standard library module `time` is commonly used for time access, sleeping, and clocks.",True,False,,,A,easy,false,
Python,True or False: The Python standard library module `random` is commonly used for pseudo-random number generation.,True,False,,,A,easy,false,
Python,"True or False: The Python expression `divmod(26, 5)` evaluates to `[5, 1]`.",True,False,,,B,medium,false,
Python,True or False: The Python expression `len(range(3))` evaluates to `3`.,True,False,,,A,easy,false,
Python,True or False: A Python function is commonly used to convert a numeric string like '42' into an integer is a relevant Python exam concept.,True,False,,,A,easy,false,
Python,True or False: The Python expression `15 % 2` evaluates to `2`.,True,False,,,B,medium,false,
Python,True or False: The Python expression `15 // 5` evaluates to `4`.,True,False,,,B,easy,false,
Python,True or False: The Python expression `(6 + 4) * 2` evaluates to `21`.,True,False,,,B,easy,false,
Python,True or False: The Python expression `11 % 5` evaluates to `1`.,True,False,,,A,medium,false,
Python,True or False: The built-in function sorted() is used to mutate the original list and return None.,True,False,,,B,medium,false,
Python,True or False: The Python standard library module `hashlib` is commonly used for secure hashes and message digests.,True,False,,,A,medium,false,
Python,True or False: The keyword if can be used to start a conditional block.,True,False,,,A,easy,false,
Python,True or False: The Python expression `' package '.strip()` evaluates to `'package'`.,True,False,,,A,easy,false,
Python,"True or False: In Python OOP, `name mangling` is associated with the ability to rewrite names beginning with two underscores inside a class body.",True,False,,,A,hard,false,
Python,"True or False: In Python, complex is best described as a number with real and imaginary parts.",True,False,,,A,medium,false,
Python,True or False: `NameError` is associated with the situation where a local or global name is not found.,True,False,,,A,easy,false,
Python,"True or False: For a Python str, casefold() is used to return a caseless comparison-oriented copy.",True,False,,,A,hard,false,
Python,"True or False: `open(path, 'x')` is used to create a new file and fail if it already exists.",True,False,,,A,medium,false,
Python,True or False: Docstrings are stored on objects in the `__doc__` attribute.,True,False,,,A,medium,false,
Python,"True or False: For a Python set, clear() is used to remove all elements.",True,False,,,A,easy,false,
Python,"True or False: The Python expression `[3, 1, 4, 1, 5].count(3)` evaluates to `1`.",True,False,,,A,easy,false,
Python,"True or False: The Python expression `[10, 0, -1, 3][::-1]` evaluates to `[3, -1, 0, 10]`.",True,False,,,A,medium,false,
Python,True or False: dict.keys() returns a list that never changes after it is created.,True,False,,,B,medium,false,
Python,True or False: unittest requires test methods to be named with a `test` prefix for discovery by default.,True,False,,,A,medium,false,
Python,"True or False: The Python expression `list(range(1, 11, 2))` evaluates to `[1, 3, 5, 7]`.",True,False,,,B,medium,false,
Python,"True or False: The Python expression `{x: x * 2 for x in range(4)}` evaluates to `{0: 0, 1: 2, 2: 4, 3: 6}`.",True,False,,,A,hard,false,
Python,True or False: Function names should usually use CapWords according to PEP 8.,True,False,,,B,easy,false,
Python,True or False: A virtual environment is mainly used to isolate project dependencies.,True,False,,,A,easy,false,
Python,True or False: `await` can be used inside async functions to wait for an awaitable.,True,False,,,A,hard,false,
Python,True or False: Type hints are optional annotations and are not enforced by CPython at runtime by default.,True,False,,,A,medium,false,
Python,"True or False: LEGB describes Python name resolution order: local, enclosing, global, builtins.",True,False,,,A,hard,false,
Python,True or False: `//` always performs true division and returns a float.,True,False,,,B,easy,false,
Python,True or False: The built-in function isinstance() is commonly used to test whether an object is an instance of a class or tuple of classes.,True,False,,,A,medium,false,
Python,True or False: The Python standard library module `os` is commonly used for operating-system interfaces such as environment variables and process information.,True,False,,,A,medium,false,
Python,True or False: The keyword yield can be used to produce a value from a generator function.,True,False,,,A,medium,false,
Python,True or False: The Python expression `'network'[::-1]` evaluates to `'KROWTEN'`.,True,False,,,B,medium,false,
Python,"True or False: In Python OOP, `@staticmethod` is associated with the ability to store a function on a class without binding self or cls.",True,False,,,A,medium,false,
Python,"True or False: In Python, range is best described as an immutable arithmetic progression used for iteration.",True,False,,,A,easy,false,
Python,"True or False: A bare `except:` clause catches BaseException subclasses such as KeyboardInterrupt, so it is usually too broad.",True,False,,,A,hard,false,
Python,"True or False: For a Python str, index() is used to return the lowest index of a substring or raise ValueError.",True,False,,,A,medium,false,
Python,True or False: `Path` objects from pathlib can be combined with `/` to create child paths.,True,False,,,A,medium,false,
Python,True or False: Default argument values are evaluated when the function is defined.,True,False,,,A,hard,false,
Python,"True or False: For a Python set, symmetric_difference() is used to return elements in either set but not both.",True,False,,,A,medium,false,
Python,"True or False: For a Python list, copy() is used to return a shallow copy.",True,False,,,A,medium,false,
Python,"True or False: The Python expression `[1, 2, 3][::-1]` evaluates to `[3, 2, 1]`.",True,False,,,A,medium,false,
Python,"True or False: For a Python dict, copy() is used to return a shallow copy of the dictionary.",True,False,,,A,medium,false,
Python,True or False: `@pytest.mark.parametrize` runs a test with multiple sets of arguments.,True,False,,,A,medium,false,
Python,"True or False: The Python expression `list(range(1, 4, 2))` evaluates to `[1, 3]`.",True,False,,,A,medium,false,
Python,"True or False: The Python expression `[x * x for x in range(10) if x % 2 == 0]` evaluates to `[0, 4, 16, 36, 64]`.",True,False,,,A,medium,false,
Python,True or False: PEP 8 recommends lower_case_with_underscores for function names.,True,False,,,A,easy,false,
Python,True or False: `pip` is part of the Python language grammar.,True,False,,,B,easy,false,
Python,True or False: `async def` defines a coroutine function.,True,False,,,A,hard,false,
Python,"True or False: In Python, `and` can represent logical conjunction with short-circuit evaluation.",True,False,,,A,medium,false,
Python,True or False: The built-in function input() is used to return an integer automatically.,True,False,,,B,easy,false,
Python,True or False: The Python standard library module `subprocess` is commonly used for running external commands and processes.,True,False,,,A,hard,false,
Python,True or False: The keyword def can be used to define a function.,True,False,,,A,easy,false,
Python,True or False: The Python expression `'testing'[1:4]` evaluates to `'est'`.,True,False,,,A,medium,false,
Python,"True or False: All Python methods must be declared public, private, or protected with keywords.",True,False,,,B,medium,false,
Python,"True or False: In Python, int is best described as an integer of arbitrary precision limited by available memory.",True,False,,,A,easy,false,
Python,True or False: `ValueError` is associated with the situation where an operation receives an argument of the right type but inappropriate value.,True,False,,,A,medium,false,
Python,True or False: str.split() always returns a tuple.,True,False,,,B,easy,false,
Python,"True or False: `open(path, 'r')` is used to open a text file for reading.",True,False,,,A,easy,false,
Python,True or False: Default argument values are evaluated every time the function is called.,True,False,,,B,hard,false,
Python,"True or False: For a Python set, add() is used to add an element.",True,False,,,A,easy,false,
Python,"True or False: For a Python list, pop() is used to remove and return an item by index.",True,False,,,A,easy,false,
Python,"True or False: The Python expression `[3, 1, 4, 1, 5][::-1]` evaluates to `[5, 1, 4, 1]`.",True,False,,,B,medium,false,
Python,"True or False: For a Python dict, keys() is used to return a dynamic view of dictionary keys.",True,False,,,A,medium,false,
Python,True or False: `assertRaises` checks that a block raises an expected exception in unittest.,True,False,,,A,medium,false,
Python,"True or False: The Python expression `list(range(3))` evaluates to `[0, 1]`.",True,False,,,B,easy,false,
Python,"True or False: The Python expression `[x for x in [2, 4, 6, 8] if x % 2 == 0]` evaluates to `[2, 4, 6, 8]`.",True,False,,,A,medium,false,
Python,True or False: PEP 8 recommends 4 spaces per indentation level.,True,False,,,A,easy,false,
Python,True or False: `python -m venv .venv` creates a virtual environment.,True,False,,,A,medium,false,
Python,True or False: The Python expression `8 // 2` evaluates to `4`.,True,False,,,A,easy,false,
Python,True or False: The built-in function hash() is commonly used to return an integer hash value for a hashable object.,True,False,,,A,medium,false,
Python,True or False: The Python standard library module `tomllib` is commonly used for reading TOML files.,True,False,,,A,hard,false,
Python,True or False: The keyword await is used to call a normal blocking function in a separate process automatically.,True,False,,,B,hard,false,
Python,True or False: The Python expression `'package'.startswith('p')` evaluates to `True`.,True,False,,,A,easy,false,
Python,True or False: A subclass can override a method inherited from a parent class.,True,False,,,A,easy,false,
Python,True or False: The bytes type is a mutable text sequence.,True,False,,,B,medium,false,
Python,True or False: `except ValueError as exc:` binds the exception object to the name exc.,True,False,,,A,medium,false,
Python,"True or False: For a Python str, replace() is used to return a copy with occurrences replaced.",True,False,,,A,easy,false,
Python,True or False: `json.dump()` is used to write JSON to a file object.,True,False,,,A,medium,false,
Python,True or False: Function annotations are available through the function's `__annotations__` attribute.,True,False,,,A,hard,false,
Python,"True or False: For a Python set, intersection() is used to return elements common to both sets.",True,False,,,A,easy,false,
Python,"True or False: For a Python list, append() is used to add one item to the end of the list.",True,False,,,A,easy,false,
Python,"True or False: The Python expression `[5, 4, 3, 2, 1][::-1]` evaluates to `[1, 2, 3, 4]`.",True,False,,,B,medium,false,
Python,"True or False: For a Python dict, setdefault() is used to return a value for a key, inserting a default if the key is missing.",True,False,,,A,hard,false,
Python,True or False: Pytest can use plain `assert` statements in tests.,True,False,,,A,easy,false,
Python,"True or False: The Python expression `list(range(10))` evaluates to `[0, 1, 2, 3, 4, 5, 6, 7, 8, 9]`.",True,False,,,A,easy,false,
Python,"True or False: The Python expression `{x: x * 2 for x in range(6)}` evaluates to `{0: 0, 1: 2, 2: 4, 3: 6, 4: 8, 5: 10}`.",True,False,,,A,hard,false,
Python,True or False: The Python expression `9 + 3 * 3` evaluates to `19`.,True,False,,,B,easy,false,
Python,True or False: The built-in function reversed() is commonly used to return a reverse iterator.,True,False,,,A,medium,false,
Python,True or False: The Python standard library module `unittest` is commonly used for xUnit-style unit testing.,True,False,,,A,medium,false,
Python,True or False: The keyword case can be used to define a pattern branch inside a match statement.,True,False,,,A,hard,false,
Python,True or False: The Python expression `'automation'[::-1]` evaluates to `'noitamotua'`.,True,False,,,A,medium,false,
Python,True or False: `@staticmethod` automatically receives the class as its first argument.,True,False,,,A,medium,false,
Python,"True or False: In Python, dict is best described as a mapping from hashable keys to values.",True,False,,,A,easy,false,
Python,True or False: `TypeError` is associated with the situation where an operation is applied to an object of inappropriate type.,True,False,,,A,easy,false,
Python,"True or False: For a Python str, partition() is used to split into three parts around the first separator.",True,False,,,A,hard,false,
Python,True or False: Using `with open(...) as f:` helps ensure the file is closed when the block exits.,True,False,,,A,easy,false,
Python,True or False: A function without an explicit return statement returns None.,True,False,,,A,easy,false,
Python,"True or False: For a Python set, discard() is used to remove an element if present without raising KeyError if absent.",True,False,,,A,medium,false,
Python,"True or False: For a Python list, insert() is used to insert an item at a chosen position.",True,False,,,A,easy,false,
Python,"True or False: The Python expression `sum([10, 0, -1, 3])` evaluates to `12`.",True,False,,,A,easy,false,
Python,True or False: dict.get(key) raises KeyError when the key is missing and no default is supplied.,True,False,,,B,medium,false,
Python,True or False: Pytest fixtures provide reusable test setup values or resources.,True,False,,,A,medium,false,
Python,"True or False: The Python expression `list(range(1, 6, 2))` evaluates to `[1, 3, 5]`.",True,False,,,A,medium,false,
Python,"True or False: In Python, `%` can represent remainder after division.",True,False,,,A,easy,false,
Python,"True or False: The Python expression `divmod(17, 4)` evaluates to `(4, 1)`.",True,False,,,A,medium,false,
Python,True or False: The Python standard library module `heapq` is commonly used for heap queue algorithms.,True,False,,,A,hard,false,
Python,True or False: A Python statement best describes indentation in Python is a relevant Python exam concept.,True,False,,,A,easy,false,
Python,True or False: The Python expression `'testing'.find('t')` evaluates to `0`.,True,False,,,A,medium,false,
Python,"True or False: In Python OOP, `__init__` is associated with the ability to initialize a newly created instance.",True,False,,,A,medium,false,
Python,True or False: The list type is immutable and hashable by default.,True,False,,,B,easy,false,
Python,True or False: A `finally` block runs only when no exception occurs.,True,False,,,B,medium,false,
Python,"True or False: For a Python str, strip() is used to return a copy with leading and trailing whitespace removed.",True,False,,,A,easy,false,
Python,True or False: `json.dumps()` always writes directly to a file path.,True,False,,,A,medium,false,
Python,True or False: A function with no explicit return statement raises StopIteration.,True,False,,,B,easy,false,
Python,"True or False: For a Python set, difference() is used to return elements in the first set but not the second.",True,False,,,A,medium,false,
Python,True or False: list.append() returns the modified list so calls can be chained safely.,True,False,,,B,medium,false,
Python,"True or False: The Python expression `[3, 1, 4, 1, 5][-1]` evaluates to `5`.",True,False,,,A,easy,false,
Python,"True or False: In Python, `*args` can represent collect or unpack positional arguments.",True,False,,,A,medium,false,
Python,"True or False: The Python expression `divmod(15, 2)` evaluates to `(7, 1)`.",True,False,,,A,medium,false,
Python,True or False: The `random` module is primarily used for cryptographic secret generation by default.,True,False,,,B,medium,false,
Python,True or False: The keyword try can be used to start a block that handles exceptions.,True,False,,,A,medium,false,
Python,"True or False: The Python expression `'function'.replace('t', 'T')` evaluates to `'funcTion'`.",True,False,,,A,easy,false,
Python,"True or False: In Python OOP, `dataclass` is associated with the ability to reduce boilerplate for classes that primarily store data.",True,False,,,A,medium,false,
Python,True or False: The range type is a list object that stores every value immediately.,True,False,,,B,medium,false,
Python,True or False: `FileNotFoundError` is associated with the situation where a requested file or directory does not exist.,True,False,,,A,easy,false,
Python,True or False: str.replace() changes the original string in place.,True,False,,,B,easy,false,
Python,True or False: `Path.read_text()` is used to read a file into a string using pathlib.,True,False,,,A,medium,false,
Python,True or False: Keyword-only parameters can be declared after `*` in a function signature.,True,False,,,A,hard,false,
Python,"True or False: For a Python set, union() is used to return elements from either set.",True,False,,,A,easy,false,
Python,"True or False: For a Python list, count() is used to count equal items.",True,False,,,A,easy,false,
Python,"True or False: The Python expression `sorted([5, 4, 3, 2, 1])` evaluates to `[1, 2, 3, 4, 5]`.",True,False,,,A,easy,false,
Python,True or False: `and` and `or` always evaluate both operands.,True,False,,,B,medium,false,
Python,True or False: The built-in function locals() is commonly used to return a mapping of the current local symbol table.,True,False,,,A,hard,false,
Python,True or False: The Python standard library module `doctest` is commonly used for testing examples embedded in docstrings.,True,False,,,A,medium,false,
Python,True or False: The keyword yield is used to immediately terminate the entire program.,True,False,,,B,medium,false,
Python,True or False: The Python expression `'iterator'[1:4]` evaluates to `'ter'`.,True,False,,,A,medium,false,
Python,"True or False: In Python OOP, `self` is associated with the ability to conventionally refer to the current instance inside instance methods.",True,False,,,A,easy,false,
Python,True or False: The dict type is accessed only by integer position.,True,False,,,B,easy,false,
Python,True or False: The `else` block of a try statement runs when an exception is caught in an except block.,True,False,,,B,medium,false,
Python,"True or False: For a Python str, endswith() is used to test whether the string ends with a suffix.",True,False,,,A,easy,false,
Python,True or False: `json.loads()` is used to decode a JSON-formatted string into a Python object.,True,False,,,A,easy,false,
Python,True or False: A Python feature lets Python code be divided into reusable named blocks is a relevant Python exam concept.,True,False,,,A,easy,false,
Python,"True or False: For a Python set, issubset() is used to test whether every element is contained in another set.",True,False,,,A,medium,false,
Python,"True or False: For a Python list, index() is used to return the index of the first equal item.",True,False,,,A,medium,false,
Python,"True or False: The Python expression `[2, 4, 6, 8][::-1]` evaluates to `[8, 6, 4]`.",True,False,,,B,medium,false,
Python,True or False: `==` tests whether two names point to the exact same object identity.,True,False,,,B,medium,false,
Python,True or False: The built-in function len() is used to sort an iterable in place.,True,False,,,B,easy,false,
Python,True or False: The Python standard library module `argparse` is commonly used for command-line argument parsing.,True,False,,,A,medium,false,
Python,True or False: The keyword break is used to skip only the current iteration and then continue the same loop body.,True,False,,,B,easy,false,
Python,True or False: The Python expression `'engineer'[::-1]` evaluates to `'REENIGNE'`.,True,False,,,B,medium,false,
Python,"True or False: In Python OOP, `__len__` is associated with the ability to support len(obj).",True,False,,,A,medium,false,
Python,"True or False: In Python, bool is best described as the Boolean type whose values are True and False.",True,False,,,A,easy,false,
Python,True or False: `SyntaxError` is associated with the situation where Python cannot parse the program text.,True,False,,,A,easy,false,
Python,"True or False: For a Python str, isalpha() is used to test whether all characters are alphabetic.",True,False,,,A,easy,false,
Python,"True or False: `open(path, 'w')` is used to open a text file for writing and truncate it if it exists.",True,False,,,A,medium,false,
Python,True or False: Lambda expressions create anonymous function objects.,True,False,,,A,medium,false,
Python,True or False: The Python expression `20 // 2` evaluates to `10`.,True,False,,,A,easy,false,
Python,True or False: The built-in function abs() is commonly used to return the absolute value of a number.,True,False,,,A,easy,false,
Python,True or False: The Python standard library module `tempfile` is commonly used for creating temporary files and directories.,True,False,,,A,medium,false,
Python,True or False: The keyword match can be used to start structural pattern matching.,True,False,,,A,hard,false,
Python,True or False: The Python expression `'engineer'[-3:]` evaluates to `'eer'`.,True,False,,,A,medium,false,
Python,"True or False: In Python OOP, `__enter__` is associated with the ability to enter a context manager.",True,False,,,A,hard,false,
Python,True or False: The set type is designed to preserve duplicate elements.,True,False,,,B,easy,false,
Python,True or False: `AssertionError` is associated with the situation where an assert statement fails.,True,False,,,A,medium,false,
Python,True or False: str.join() can join integers directly without converting them to strings.,True,False,,,B,medium,false,
Python,True or False: `re.match()` attempts a match at the beginning of the string.,True,False,,,A,medium,false,
Python,True or False: A Python concept helps avoid duplicating code by placing repeated logic into one callable block is a relevant Python exam concept.,True,False,,,A,medium,false,
Python,True or False: `is` should normally be used to compare whether two strings have the same contents.,True,False,,,B,medium,false,
Python,True or False: The built-in function callable() is commonly used to test whether an object appears callable.,True,False,,,A,medium,false,
Python,True or False: The Python standard library module `venv` is commonly used for creating lightweight virtual environments.,True,False,,,A,medium,false,
Python,True or False: The keyword pass can be used to act as a no-operation placeholder statement.,True,False,,,A,easy,false,
