category_name,question_text,option_a,option_b,option_c,option_d,correct_answer,complexity,disabled,image_url
Television,Urban Meyer left the head coach position at the Utah Utes to become head coach of this team.,Florida St.,Bowling Green,University of Florida,University of Miami,C,medium,false,
Television,"Jack Bauer, Nina Myers and George Mason are three of the characters of this TV series.",24,3 South,60 Minutes,20/20,A,medium,false,
Television,"Harry Solomon, Dick Solomon and Dr. Mary Albright.",Battlestar Galactica,3rd Rock from the Sun,The A-Team,7th Heaven,B,medium,false,
Television,"The annoying neighbours, the Ochmoneks are from this TV show.",Dawsons Creek,ALF,Beverly Hills 90210,All My Children,B,medium,false,
Television,One of these characters is not from Baywatch.,Hobie Buchannon,Jill Riley,Kelly Taylor,Craig Pomeroy,C,medium,false,
Television,Gilbert (Gil) Arthur Grissom is the night shift team supervisor from this TV show.,The City,CSI: Crime Scene Investigation,CSI: New York,CSI: Miami,B,medium,false,
Television,One of these ER characters is not a doctor.,Gregory Pratt,Ray Barnett,Dave Malucci,Samantha Taggart,D,medium,false,
Television,This was one of the best known bosses of Fred Flintstone.,Mr. Jones,Mr. Slate,Mr. Garret,Mr. Smith,B,medium,false,
Television,Julie Cooper and Summer Roberts are two characters from this TV series.,Dawsons Creek,The O.C.,Beverly Hills 90210,One Tree Hill,B,medium,false,
Television,"Charlotte York, Miranda Hobbes and Samantha Jones are female characters from this TV show.",Desperate Housewives,Sex and the City,Gilmore Girls,Smallville,B,medium,false,
Television,Kelly and Bud are the kids of a family depicted in this TV series.,Married... with Children,Happy Family,The Partridge Family,All in the Family,A,medium,false,
Television,What is the name of the episode of SpongeBob SquarePants in which Sponge and friends all had superpowers?,Mermaid Man and Barnicle Boy 3,Fry Cook Games,Mermaid Man and Barnicle Boy 2,Bubblestand,A,medium,false,
Television,Where does SpongeBob SquarePants live in the self-titled series?,In a coconut,In an apple,In a pineapple,In a watermelon,C,medium,false,
Television,"Sandy Cheeks, the popular character from the animated series SpongeBob SquarePants, is from what state?",Alaska,Florida,Texas,Georgia,C,medium,false,
Television,"What is the secret ingredient of The Fake Krabby Patty, a sandwich mentioned in the series SpongeBob SquarePants?",Jellyfish jelly,Extra salt,A cup of love,Four heaping pounds of plankton,D,medium,false,
Television,What was the name of the toy shell SpongeBob and Patrick had with them in the Kelp Woods?,Magic Clam shell,Hermit Crab Shell Toy,Spiral,Magic conch shell,D,medium,false,
Television,Where does the cartoon character SpongeBob work?,Krusty Krab,Chum Bucket,Tuff Tavern,Beach Bums,A,medium,false,
Television,Which character from the animated series SpongeBob SquarePants spoke the words from the sound clip?,Patrick Star,Squidward Tentacles,Mr.Crabs,Gary,B,medium,false,
Television,Which SpongeBob SquarePants character spoke the following words?,Plankton,SpongeBob SquarePants,Gary,Squidward Tentacles,B,medium,false,
Television,Rachel from Friends moves to live with the rest of the friends after escaping her marriage to this man.,Mark,Mike,Frank,Barry,D,medium,false,
Television,Alf from the sitcom series has very few friends outside the Tanners. One of them is the boy that lives with Trevor and Raquel Ochmonek. This is their relation to him.,He is their adopted son.,He is their nephew.,He is their son.,He is their grandchild.,B,medium,false,
Television,Doctor Peter Benton was a fictional medical doctor on the television series ER from season one through season eight. What is characteristic of his son?,He is mentally-challenged.,He is blind.,He is deaf.,He is a girl.,C,medium,false,
Television,Jefferson DArcy is Marcys second husband in Married... with Children. She married him for money.,True,False,,,B,medium,false,
Television,The last episode of Everybody Loves Raymonds ninth season depicts a medical accident that affects this character.,Raymond,Frank,Marie,Debra,A,medium,false,
Television,Rose (Kate Winslet) from Titanic (1997) is this old when the ship sinks.,20,14,23,17,D,medium,false,
Television,Before Neo joins Morpheus and his group (The Matrix) he works as this.,Scientist,Internet broker,Software programmer,He is unemployed,C,medium,false,
Television,Darth Sidious is portrayed in all of these Star Wars movies except this one.,Star Wars Episode I: The Phantom Menace,Star Wars Episode III: Revenge of the Sith,Star Wars Episode II: Attack of the Clones,Star Wars Episode IV: A New Hope,D,medium,false,
Television,"This fictional TV character was Mikes wife, and a mother to Greg, Marcia, Peter, Jan, Bobby and Cindy.",Marian Cunningham,Shirley Partridge,Mary Hartman,Carol Brady,D,medium,false,
Television,"This TV mom, who had a daughter named Gloria, was married to the working class bigot Archie.",Carol Brady,Louise Jefferson,Marcia Brady,Edith Bunker,D,medium,false,
Television,This TV character and her husband Barney had an extremely strong son named Bamm Bamm.,Carly Simon,Wilma Flintstone,Betty Rubble,Morticia Addams,C,medium,false,
Television,"This TV moms son, Little Ricky, learned to sing Babalou like his dad, Ricky.",Ethel Mertz,Mortica Addams,Lucy Ricardo,Marian Cunningham,C,medium,false,
Television,"This TV mom was married to Herman, who caused more trouble than her son Eddie.",Olivia Newton John,Carol Partridge,Mortica Addams,Lily Munster,D,medium,false,
Television,"Which widowed TV mother travelled around in a colorful bus with her children Keith, Laurie, Danny, Christopher and Tracy?",Marian Cunningham,Shirley Partridge,Carol Brady,Mortica Addams,B,medium,false,
Television,This TV personality and her husband Ward were the loving parents of Wally and the Beaver.,Lily Munster,Edith Bunker,Marian Cunningham,June Cleaver,D,medium,false,
Television,"This TV mom and her husband Charles were busy raising Mary, Laura and Carrie in Walnut Grove, Minnesota.",Mortica Addams,Marian Cunningham,June Cleaver,Caroline Ingalls,D,medium,false,
Television,Which TV mom moved to Manhattans Upper East Side with her son Lionel and her husband George?,Edith Bunker,Carol Brady,Anne Jones,Louise Jefferson,D,medium,false,
Television,"Pugsley and Wednesday were the kids of this TV mom and her husband, Gomez.",June Cleaver,Edith Bunker,Betty Rubble,Morticia Addams,D,medium,false,
Television,This red-haired TV character was the wife of Fred and the mother of Pebbles.,Carrie Fisher,Betty Rubble,Wilma Flintstone,June Cleaver,C,medium,false,
Television,"This TV mother divorced her husband and moved back to her hometown of Indianapolis with her two daughters, Julie and Barbara.",Carol Partridge,Ann Romano Royer,June Cleaver,Carrie Fisher,B,medium,false,
Television,"This TV mom and her husband Howard were the parents of Chuck, Richie and Joanie.",Carol Brady,Marion Cunningham,Edith Bunker,Shirley Partridge,B,medium,false,
Television,In The Pilot who is dressed as a bride and becomes a room mate to Monica?,Phoebe,Janice,Chandler,Rachel,D,medium,false,
Television,What was the nickname that never caught on for Ross?,The divorcer,Fossil dude,Rossatron,Rossasaurous,C,medium,false,
Television,"In the episode where everyone is up all night in season 7, why cant Phoebe go to sleep?",The smoke detector keeps beeping,She is drunk in Vegas,She is going into labor,She has to much coffee,A,medium,false,
Television,Who broke Chandlers barcalounger?,Joey,Rachel,Chandler himself,Monica,A,medium,false,
Television,What is Rachels full name?,Rachel Isabella Green,Rachel Karen Green,Rachel Emma Green,Rachel Lisa Green,B,medium,false,
Television,What friend never had a bike as a child?,Phoebe,Monica,Chandler,Joey,A,medium,false,
Television,"In the opening credits/theme song, what is the color of Joeys umbrella?",Green,Black,Blue,Red,C,medium,false,
Television,"What was Rosss son, Bens first word?",Dog,Hi,How you doin?,Ma-ma,B,medium,false,
Television,How many chairs are around Monicas kitchen table?,Five,Three,Four,Six,C,medium,false,
Television,What number wife is Rachel to Ross?,First,Second,Third,They never got married,C,medium,false,
Television,What friend has a fear of dogs?,Joey,Phoebe,Rachel,Chandler,D,medium,false,
Television,How many Emmy Awards has the show Friends won for Outstanding Comedy Series?,2,10,1,None,D,medium,false,
Television,Who does Rachel have a baby with?,Tag,Joey,Chandler,Ross,D,medium,false,
Television,What actress plays Monica Geller?,Kelly Rippa,Jennifer Aniston,Lisa Kudrow,Courteney Cox Arquette,D,medium,false,
Television,What is Joeys favorite food?,Seafood,Lasagna,Pizza,Sandwiches,D,medium,false,
Television,In what area of New York City do the Friends live?,Soho,Tribeca,Greenwich Village,Chelsea,C,medium,false,
Television,How many seasons was Friends on the air for?,10,9,7,8,A,medium,false,
Television,What friends cast member directed some of the episodes?,Matthew Perry,Lisa Kudrow,David Schwimmer,Matt Le Blanc,C,medium,false,
Television,"In Chandlers 50 states game, who forgot 14 of the 50 states?",Monica,Phoebe,Rachel,Ross,A,medium,false,
Television,How many children did Monica and Chandler adopt?,None,Triplets,Twins,One,C,medium,false,
Television,This 80s television show featured a family living in a brownstone in Brooklyn. The father was an obstetrician and the mother was a lawyer.,The Cosby Show,Family Ties,Growing Pains,Too Close For Comfort,A,medium,false,
Television,"This show, set in New York City at the High School For Performing Arts, was about students who wanted to become actors, musicians and dancers.",You Can Do It If You Try,Fame,Talented Kids,Whiz Kids,B,medium,false,
Television,"In this 80s television show, set in Columbus, Ohio, the parents (Steve and Elyse) had 4 children. Steve worked at a television station as a manager and Elyse was an architect.",Family Ties,Family Matters,Family,Family Affair,A,medium,false,
Television,This 80s television series focused on a family that lived in the New York suburbs. The father was a psychiatrist and the mothers name was Maggie. They had 4 children with the oldest being Mike.,Family Ties,Gimme A Break,Diffrent Strokes,Growing Pains,D,medium,false,
Television,"This 80s show, which was a box office smash for Goldie Hawn, tells the story of a New York socialite who decides to tackle the U. S. Army.",Private Benjamin,Attention !!!!,Working Stiffs,Blanskys Girls,A,medium,false,
Television,"This 80s show, that took place in the fictional town of Glen Lawn, California, was about a black housekeeper who took care of three teenage girls, whose father was a police chief.",The Chief,Gimme A Break,Kojak,Just The Ten Of Us,B,medium,false,
Television,"This 80s television series, set in Connecticut, was about a male housekeeper who worked for the president of an advertising agency.",Whos the Boss?,Whos Watching The Kids,I Will Clean Your House,Just the Two Of Us,A,medium,false,
Television,This 80s show was about a probationary angel named Jonathan. His unusual mission on earth was to bring love and understanding into the lives of people who were in trouble.,Amen,Help The People,Highway to Heaven,Wings,C,medium,false,
Television,"What Canadian actor played Dr. Arthur Harmon in sitcom, Maude and than went on to star in Diffrent Strokes?",Conrad Bain,Gordon Jump,Jerry Van Dyke,Danny Thomas,A,medium,false,
Television,"Who played Detective Donahue on TV show, Soap?",John Byner,Sal Viscuso,Robert Mandan,Richard Mulligan,A,medium,false,
Television,What actor played Huggy Bear on the show Starsky and Hutch?,Antonio Fargas,Thalmus Rasulala,Whitman Mayo,Snoop Dog,A,medium,false,
Television,"Who played Charlie Harrison on the sitcom, Fish?",Barry Gordon,Jay North,Johnnie Whitaker,Rusty Hamer,A,medium,false,
Television,"Who played Carrie on 70s TV show, Little House on the Prairie?",Lindsay Sidney Greenbush,Lindsay  Greenbush,All of these,Sidney Greenbush,C,medium,false,
Television,"Who played the role of Chuck on television sitcom, Happy Days?",Don Grady,James Broderick,Gavan O Herlihy,Harold Lipschitz,C,medium,false,
Television,"What actor played Cousin Oliver on ABCs situation comedy, The Brady Bunch?",Harry Hand,Robbie Rist,Michael Gray,Neil J. Schwartz,B,medium,false,
Television,"Who played Keith on 1970s CBS sitcom, Good Times?",Al Jarreau,Ben Powers,Len Powers,Gregory Abbott,B,medium,false,
Television,"Who sang the buoyant theme song for the CBS sitcom, The Jeffersons?",Glodean James,Marla Gibbs,Janet DuBois,Patti Labelle,C,medium,false,
Television,"On television miniseries, Rich Man, Poor Man Book 1, who played the role of Tom Jordache?",Peter Strauss,Perry King,Nick Nolte,Gavan O Herlihy,C,medium,false,
Television,Which of these shows did Alan Hale Jr. play on?,Bewitched,Gilligans Island,Dark Shadows,None of the above,B,medium,false,
Television,Which of these shows did Russell Johnson play on?,Rosanne,Bewitched,Gilligans Island,Cosby,C,medium,false,
Television,Which of these shows did Milburn Stone play on?,Gunsmoke,Bonanza,Dynasty,Good Times,A,medium,false,
Television,Which of these shows did Eve Plumb play on?,Little House on the Prairie,Cosby,The Waltons,The Brady Bunch,D,medium,false,
Television,Which of these shows did Anissa Jones play on?,Bewitched,Good Times,Everybody Loves Raymond,Family Affair,D,medium,false,
Television,Which of these shows did Betty Lynn play on?,Gilligans Island,Dark Shadows,The Andy Griffith Show,The Life of Riley,C,medium,false,
Television,Which of these shows did Eddie Albert play on?,The Love Boat,Green Acres,The Mod Squad,Alf,B,medium,false,
Television,"Name the two main families in the TV series Soap, which ran on ABC from 1977 to 1981.",The Tates and the Smiths,The Tates and the Campbells,The Campbells and the Bradys,The Campbells and the Nelsons,B,medium,false,
Television,"What were the first names of the Tuscadero sisters, portrayed by Suzi Quatro and Roz Kelly, on TV series, Happy Days?",Leather and Suede,Leather and Pinky,Pinky and Blue,Black and Blue,B,medium,false,
Television,"In detective series Baretta, detective Tony Baretta lived in a run-down hotel with what pet?","Fred, the cockatoo","Max, the Border Collie","Tink, the snake","Boz, the turtle",A,medium,false,
Television,"On the sitcom Brady Bunch, Carol was a single mother before marrying Mike Brady, because her husband had been killed in a car accident.",True,False,,,B,medium,false,
Television,"What was Skipper Grumbys first name on TV sitcom, Gilligans Island?",Jonas,Jonathon,John,Joseph,A,medium,false,
Television,"Jaime Sommers, the bionic woman who first appeared on TV series The Six Million Dollar Man, was nearly killed in an accident involving what?",A car,A spacecraft,A parachute,Scuba diving,C,medium,false,
Television,"What actor played the character of Vinnie Barbarino on the sitcom, Welcome Back, Kotter?",Patrick Duffy,Don Johnson,John Ritter,John Travolta,D,medium,false,
Television,"What was the name of Radars dog in the 1972-1983 TV series, M*A*S*H?",Soldier,Ranger,Trooper,Buck,B,medium,false,
Television,"Which actress played the oldest sister, Marcia Brady, on The Brady Bunch?",Maureen McCormick,Ann B. Davis,Maureen McGovern,Florence Henderson,A,medium,false,
Television,Which actor played the Skipper on the cult sitcom Gilligans Island?,Jonas Quimby,Jonas Hale,Alan Thicke,Alan Hale,D,medium,false,
Television,"Steve Douglas, Mikes father on television series sitcom, My Three Sons was portrayed by actor Edwin R. Murray.",False,True,,,A,medium,false,
Television,"MTV super stars, Jessica and Ashlee Simpsons father used to be a youth minister at a church before managing their careers.",False,True,,,B,medium,false,
Television,"What actor portrays bumbling idiot deputy, Barney Fife, in The Andy Griffith Show?",Jim Nabors,Don Knotts,George Lindsay,Andy Griffith,B,medium,false,
Television,What Places in the Heart star also played the starring role of The Flying Nun in her earlier days?,Meryl Streep,Cher,Sally Field,Cicely Tyson,C,medium,false,
Television,"Baywatch hunk, David Hasselhoff, also starred in a TV detective series called Vegas.",False,True,,,A,medium,false,
Television,"Buddy Ebsen, who played Detective Barnaby Jones on the TV series Barnaby Jones, and Jed Clampett on the Beverly Hillbillies, served for 5 years as a lieutenant in what branch of the United States armed forces?",United States Army,United States Coast Guard,United States Navy,United States Air Force,B,medium,false,
Television,"This TV mom, who was married to Darrin, had a daughter Tabitha and a son Adam.",Jill Taylor,Samantha Stephens,Edith Bunker,Claire Huxtable,B,medium,false,
Television,"This blue-haired mom and her husband Homer had 3 kids, Bart, Lisa and Maggie.",Edith Bunker,Thelma Harper,Marge Simpson,Betty Rubble,C,medium,false,
Television,"This TV character and her spouse Tim The Tool Man were the parents of  Brad, Randy and Mark.",Florida Evans,Maureen Robinson,Jill Taylor,Edith Bunker,C,medium,false,
Television,"This hard-working TV mother and her husband James took care of their three children, J. J., Thelma and Michael.",Thelma Harper,Roseanne Conner,Florida Evans,Isabel Sanford,C,medium,false,
Television,"This TV mom and her husband John struggle to live a decent life during the Great Depression and the Second World War, taking care of their seven kids, John Boy, Mary Ellen, Jason, Erin, Ben, Jim Bob and Elizabeth.",Jill Taylor,Marge Simpson,Olivia Walton,Betty Rubble,C,medium,false,
Television,"Which TV sharp-tongued widow had a son, named Vinton?",Edith Bunker,Shirley Partridge,Thelma Harper,Lois Wilkerson,C,medium,false,
Television,"This TV character, who is a trained biochemist, and her husband John are the parents of  Judy, Penny and Will.",Claire Huxtable,Maureen Robinson,Thelma Harper,Elizabeth Montgomery,B,medium,false,
Television,"This TV mom and her husband Cliff live in in Brooklyn, New York with their kids Sondra, Denise, Theo, Vanessa and Rudy.",Carol Brady,Jill Taylor,Isabel Sanford,Claire Huxtable,D,medium,false,
Television,"This TV mom and her husband Hal are the parents of Francis, Reese, Malcom, Dewey and Jamie.",Samantha Stephens,Lois Wilkerson,Wilma Flintstone,Jane Curtin,B,medium,false,
Television,"This bossy and dominant TV character and her easy-going husband Dan have three children, Becky, Darlene, and DJ.",Anne Romano,Olivia Walton,Thelma Harper,Roseanne Conner,D,medium,false,
Television,What year did the popular sitcom Happy Days first hit the airwaves?,1969,1974,1970,1968,B,medium,false,
Television,"Ralph Malph, the chracter from Happy Days who left with Richie to join the army, was played by which actor?",Donny Most,Anson Williams,Randolph Roberts,Gavan O Herlihy,A,medium,false,
Television,What high school did the gang from the sitcom Happy Days attend?,Cleveland,Fillmore,Jefferson,Madison,C,medium,false,
Television,The sci-fi-based sitcom Mork and Mindy was a spinoff from the 70s show Happy Days.,False,True,,,B,medium,false,
Television,"What was the name of Fonzies girlfriend, portrayed on the show Happy days by actress Roz Kelly?",Laverne,Dawn,Phoebe,Pinky,D,medium,false,
Television,"What was the last name of Chachi, the character from Happy Days, who eventually married Joanie Cunningham?",Fonzarelli,Arcola,DeMartino,Cappiacola,B,medium,false,
Television,"On the ABC show Happy Days, Richie got married to Lori Beth, who was portrayed by which actress?",Linda Lavin,Lynda Purl,Lynda Goodfriend,Linda Schwartz,C,medium,false,
Television,"On the sitcom Happy Days, Fonzie worked as a mechanic in which garage?",Casperellis Repair Shop,Pinkys Fix  It Fast,Arthurs  Auto Shop,Broncos Garage,D,medium,false,
Television,Who played the part of Fonzies father in the ABC TV series Happy Days?,Cesar Romero,Joey Bagadonuts,Vicent Gardenia,Al Molinaro,A,medium,false,
Television,What was the name of the oldest Cunningham brother on the show  Happy Days?,Chuck,Mitch,Bobby,Billy,A,medium,false,
Television,"This character from the popular sitcom Happy Days was a waitress on roller skates, played by Beatrice Cohen.",Jan,Marsha,Cindy,Carol,B,medium,false,
Television,Heather O Rourke who played the little girl in Poltergeist was a regular cast member of the 70s hit show Happy Days.,True,False,,,A,medium,false,
Television,"Who played the role of  Police Officer Jon Baker on the hit show CHiPs, which hit the airwaves in 1977?",Bruce Penhall,Robert Pine,Larry Wilcox,Paul Linke,C,medium,false,
Television,"This actor played the role of Nels Oleson, the proprietor of the towns general store, in the TV series Little House on the Prairie.",Kevin Hagen,Michael Landon,Richard Bull,Dabs Greer,C,medium,false,
Television,Which Emmy-winning actor portrayed detective Dan Tanna on the 70s show  Vegas?,David Hasselhoff,Sam Elliot,Greg Evigan,Robert Urich,D,medium,false,
Television,"Who played the role of Lt. Bill Crowley on the hit television show Police Woman, that ran from 1974 to 1978?",Jerry Reed,Val Bisoglio,Earl Holliman,Dave Madden,C,medium,false,
Television,Which Canadian actor starred on the sitcom Diffrent Strokes as the rich widower Phillip Drummond?,Robert Conrad,Conrad Janis,Conrad Bain,William Conrad,C,medium,false,
Television,"This African-American actor played the role of Grady Wilson on the sitcom Sanford and Son, which debuted on NBC in 1972.",Slappy White,Don Bexley,Demond Wilson,Whitman Mayo,D,medium,false,
Television,The Facts of Life was the only spin-off from the popular television show Diffrent Strokes.,True,False,,,B,medium,false,
Television,Who starred on the sitcom Alice as the neurotic and feather-brained Vera?,Polly Holliday,Beth Howland,Celia Weston,Diane Ladd,B,medium,false,
Television,"Phillip McKeon, who played Alices son Tommy Hyatt on the show Alice, is a relative of Nancy McKeon.",False,True,,,B,medium,false,
Television,"Who played the role of  Lori Beth Allen on the sitcom Happy Days, that debuted on ABC in 1974?",Cathy Silvers,Linda Purl,Crystal Bernard,Lynda Goodfriend,D,medium,false,
Television,"In episode #48 of the sitcom The Brady Bunch, entitled  Alices September Song, Alice gets a visit from an old boyfriend whose name is what?",Mark Millard,Sam  Dabutcher,Mike Gregory,John Stephenson,A,medium,false,
Television,What was the name of Cindys beloved doll in the The Brady Bunch?,Baby This and That,Mrs. Beasley,Kitty Karryall,Tiffany Taylor,C,medium,false,
Television,"This actor portrayed Sam the Butcher, a recurring character in the TV series, The Brady Bunch.",Joe E. Ross,Allan Melvin,Jerry Van Dyke,Carroll  OConnor,B,medium,false,
Television,"This actor is famous for playing the role of Peter Brady on the sitcom, The Brady Bunch.",Michael Knight,Ted Knight,Barry Williams,Christopher Knight,D,medium,false,
Television,"In Getting Gregs Goat, an episode of The Brady Bunch, Greg steals the goat Raquel, mascot of which rival school?",Millard Fillmore High School,Carver High School,Coolidge High School,James Madison High School,C,medium,false,
Television,"This character, played by Robbie Rist is Carols nephew, who appeared in the final season of  The Brady Bunch.",Stan,Oliver,Sigmund,Jason,B,medium,false,
Television,"In 54-40 and Fight, an episode of The Brady Bunch,  the kids collect trading stamps and decide who will keep control over all stamps, using what type of contest?",3 legged race in the backyard,Building a house of cards,Doing chin ups on the swing set,Bicycle race,B,medium,false,
Television,What was Carols full name before she married Mike Brady in the pilot episode of The Brady Bunch?,Carol Luise Anderson,Carol Tyler Martin,Carol Anderson Bradford,Carol Brown Whitaker,B,medium,false,
Television,"This actress portrays Aunt Jenny in an episode of the The Brady Bunch, entitled Jans Aunt Jenny.",Natalie Schaefer,June Lockhart,Frances Whitfield,Imogene Coca,D,medium,false,
Television,"This actress, who as an adult got into graphic design, played the role of Cindy, one of Carols daughters on The Brady Bunch.",Cynthia Olsen,Susan Olsen,Mary Kate Olsen,Nellie Olsen,B,medium,false,
Television,What year did the long-running television show Cheers  first hit the airwaves?,1980,1979,1982,1984,C,medium,false,
Television,"Sam Malone, the bartender and owner of the eponymous bar on the show Cheers, was a former major league pitcher. What was his nickname as a player?",Mayday Malone,Sam the Man,The Mighty Malone,Strike em Out Sammy,A,medium,false,
Television,Who played the role of the blond waitress Diane Chambers in the 80s TV series Cheers?,Shelley Long,Kirstie Alley,Jackie Swanson,Diane Lane,A,medium,false,
Television,The television show Frasier was a spinoff of the sitcom Cheers.,True,False,,,A,medium,false,
Television,"On the sitcom Cheers, actress Rhea Perlman played the role of Carla. What was Carlas last name?",Esposito,Tortelli,Gianculli,Farlow,B,medium,false,
Television,What was the name of  Woody Boyds girlfriend on the show Cheers?,Nelly,Shelley,Michelle,Kelly,D,medium,false,
Television,"What was the maiden name of Frasier Cranes wife Lilith, portrayed on the show Cheers by Bebe Neuwirth?",Schwartz,Tannenbaum,Sternin,Goldschmidt,C,medium,false,
Television,Hall of Fame baseball player Wade Boggs appeared on the NBC sitcom Cheers.,True,False,,,A,medium,false,
Television,"What is the theme song of the TV show Cheers, performed by Gary Portnoy?",Love and Marriage,Do You Remember Me,Where Everybody Knows Your Name,I Love You,C,medium,false,
Television,What year did the popular NBC show Cheers go off the air?,1993,1997,1992,1994,A,medium,false,
Television,"Which New York City school did Archie Bunker from TV series, All in the family attend?",Long Island City,William Cullen Bryant,James Madison,Grover Cleveland,B,medium,false,
Television,In what year did the popular sitcom All in the Family first hit the airwaves?,1972,1969,1970,1971,D,medium,false,
Television,"In the sitcom All in the family, Archie Bunker was a dock foreman for what company?",Bills bait and Tackle,Johnny Estradas Hardware Goods,Freemans  Bait and Tackle,Prendergast Tool and Die company,D,medium,false,
Television,"In TV series All in the Family, the Bunkers resided at what address?",22-20 77th Street,23-34 Dorothy Place,1313 Mockingbird Lane,704 Houser Street,D,medium,false,
Television,"In the series All in the Family, what nickname was given to Michael Stivic by his father-in-law, Archie Bunker?",Dummy,Dingbat,Big Butt,Meathead,D,medium,false,
Television,"This character from All in the Family, played by actress Danielle Brisebois, was adopted by the Bunkers.",Stephanie,Billie,Gloria,Millie,A,medium,false,
Television,"In season four of  All in the family, Betty Garrett and Vincent Gardenia played the Bunkers new next-door neighbors, whose last name was what?",Esposito,Lorenzo,Cappiacola,LaRocca,B,medium,false,
Television,"What was the name of the bar, that Archie Bunker used to frequent in All in the family?",Kelseys Bar,The Manor Lounge,Murrays Bar and Grill,O Neills Pub,A,medium,false,
Television,"The sitcom, All in the Family is based on what British TV series?",Honey I Love You,Archibald And Edith,Till Death Do Us Part,The British Are Coming,C,medium,false,
Television,Which African-American couple lived next to the Bunkers on All in the Family?,The Montgomerys,The Johnsons,The Whites,The Jeffersons,D,medium,false,
Television,"Amy has one brother, but he has been called two different names.  He is mentioned and seen once in an early season. In later seasons he appears with a different name.  What are the two names he has been referred to as?",A. Peter  Rusty,C. Rusty  Russell,B. Peter  Russell,D. Russell  Ryan,C,medium,false,
Television,"After Deborahs parents divorce, they visit for Thanksgiving.  What does Ray witness that creeps him out?",Warren watching an adult movie.,Warren  Lois in bed together.,Lois kissing Robert.,Warren in bed naked.,B,medium,false,
Television,What was Roberts ex-wifes name as an exotic dancer in Atlantic City?,Peppermint,Cinnamon,Honey,Bambi,B,medium,false,
Television,"After Marie drives the car into Ray and Deborahs house, why does Ray get so upset when it is repaired?",Deborah doesnt think it looks the same as before.,Frank wont pay for it.,The stripes on the new wallpaper are different.,The window is moved over.,C,medium,false,
Television,How did Robert get injured on the job?,He was attacked by a rabid dog.,He fell in a manhole.,He was gored by a bull.,He was shot during a robbery.,C,medium,false,
Television,Where was Deborah working when she met Raymond?,For the New York Mets.,"At the Hunt, Rogers and Snyder law firm.",For the New York Rangers.,At The Charlotte Sterling Advertising Agency.,C,medium,false,
Television,What did Robert get Amy for their first Valentines Day together.,Iguana,Puppy,Flowers,A necklace,A,medium,false,
Television,Where did Frank say he learned to play ping pong?,"In Korea, during the war.",In college.,From his father.,At the lodge.,A,medium,false,
Television,Who does Ray get into a fight with when he takes Allie to sell Campfire Girl Cookies?,Allie,"The Troop leader, Peggy",A neighbor,A business owner,B,medium,false,
Television,What indiscretion does Deborah commit during college that ended up on the front page of the paper?,She got drunk.,She went to a nude beach.,She got arrested for lewd behavior.,She got topless at Mardi Gras.,D,medium,false,
Television,"When Raymond is seen swing dancing at a club, what does a woman comment that may be wrong with him.",A seizure.,He is mentally challenged.,An inner ear problem.,Body spasms.,C,medium,false,
Television,This TV cartoon character used the catchphrase HEY HEY HEY starting in 1972.,Fat Albert,Scooby Doo,Underdog,Archie Andrews,A,medium,false,
Television,"Danger, Will Robinson was heard each week on this science fiction show back in 1965.",Johnny Quest,Mannix,Its About Time,Lost in Space,D,medium,false,
Television,"This show, set in Chicago, featured a character who used the catchphrase Dyn-o-mite.",The Mary Tyler Moore Show,Good Times,The Dick Van Dyke Show,Barnaby Jones,B,medium,false,
Television,Godll get you for that was the catchphrase of Edith Bunkers cousin who appeared on which of these shows?,Maude,Columbo,The Jackie Gleason Show,The Waltons,A,medium,false,
Television,Is that your final answer was said in each episode by the host of what game show?,Jeopardy,Who Wants To Be Millionaire,Match Game P.M.,The Wheel Of Fortune,B,medium,false,
Television,The one-word catchphrase Stifle! was addressed to Edith Bunker weekly on what TV show?,Mannix,Good Times,All in the Family,The X-Files,C,medium,false,
Television,"Baby, youre the greatest could be heard from a New York bus driver on what show?",The A-Team,The Honeymooners,Bonanza,Gunsmoke,B,medium,false,
Television,"The catchphrase Good night, John Boy could be heard at the end of each episode of this family show.",The Waltons,Leave it to Beaver,Sanford and Son,The Honeymooners,A,medium,false,
Television,"At the end of most episodes of this show, Steve McGarrett would say Book em Danno.",Barney Miller,Hawaii Five - 0,Mannix,The Andy Griffith Show,B,medium,false,
Television,Come on down is a catchphrase heard on this game show hosted by Bob Barker.,The Price Is Right,Blockbusters,Super Password,Lingo,A,medium,false,
Television,"What 70s television show featured three waitresses who worked at a diner in Phoenix, Arizona?",Roseanne,Alice,Gimme a Break,Food for Thought,B,medium,false,
Television,"This controversial television show, which was the hit of 1977, centered around two families - the Tates and the Campbells.",Mamas Family,Soap,Love Sidney,Im A Big Girl Now,B,medium,false,
Television,"This 70s television, patterned after the hit series Love, American Style, consisted of sketches dealing with love of all types, young and old, married and unmarried. All of the stories took place on a luxury cruise ship.",Love Connection,Fantasy Island,Blanskys Beauties,The Love Boat,D,medium,false,
Television,"This 70s television show, set in Pasadena, California, focused on a middle class family, the Lawrences. The father Doug Lawrence was a lawyer.",Eight Is Enough,Family,Family Affair,Family Matters,B,medium,false,
Television,This 70s television show was centered around a husband and wife who were supersleuths. Jonathan was a self-made millionaire and his wife Jennifer was a freelance journalist.,Just the Two Of Us,Love And Marriage,To Catch a Thief,Hart to Hart,D,medium,false,
Television,"Who played the role of Beaver Cleaver in 1950s sitcom, Leave it to Beaver?",Bob Denver,Tony Dow,Jerry Mathers,Wile E. Coyote,C,medium,false,
Television,"Who played the role of Goober Pyle on the 1960s series, The Andy Griffith Show?",Johnny Bench,George Lindsey,Jerry Mathers,Jim Nabors,B,medium,false,
Television,"Who played the role of Kitty Russell on CBS show, Gunsmoke?",Dawn Wells,Amanda Blake,Betty Lynn,Jamie Foxx,B,medium,false,
Television,"Who played the role of Thelma Lou on 1960s CBS series, The Andy Griffith Show?",Cindy Brady,Helen Crump,Betty Lynn,Tina Louise,C,medium,false,
Television,"Who played the role of Marcus Welby on ABC drama, Marcus Welby, M.D?",Alan Hale Jr.,Russell Johnson,Robert Young,James Brolin,C,medium,false,
Television,"Who played the role of Samantha Stevens on ABC sitcom, Bewitched?",Elizabeth Montgomery,Bonnie Franklin,Jane Wyatt,Carrie Montgomery,A,medium,false,
Television,"Who played the role of Lucas McCain in the black and white western, The Rifleman?",Johnny Connors,Mike Connors,Chuck Connors,Tim Connors,C,medium,false,
Television,"Who played the role of Oliver Wendell Douglas on TV show, Green Acres?",Buddy Ebsen,Eddie Albert,Max Baer,Jim Nabors,B,medium,false,
Television,"Who played the role of Archie Bunker on 1970s CBS sitcom, All in the Family?",Paul Downing,Carroll OConnor,Ron Howard,Don Rickles,B,medium,false,
Television,"Who played the role of Jack Tripper on the famous American sitcom, Threes Company?",John Ritter,Russell Johnson,Tony Dow,Jerry Mathers,A,medium,false,
Television,"Everyone knows Richies dad on the sitcom Happy Days owned a hardware store, and the Fonz was a mechanic. Lesser known, perhaps, is the profession of Ralph Malphs father. Ralphs dad earned a living as which of the following?",policeman,postal worker,barber,optometrist,D,medium,false,
Television,"Lee Majors character, Colt Seavers, was the unknown stuntman on the show The Fall Guy. What other line of work was he in?",bodyguard,bounty hunter,undercover policeman,truck driver,B,medium,false,
Television,Which friend accidentally cut off Chandlers little toe?,Joey,Phoebe,Ross,Monica,D,medium,false,
Television,"When Joey arrived late at Monica and Chandlers wedding, what attire was he wearing?",WW1 soldier,Fireman,Priest,Clown,A,medium,false,
Television,Who plays Chandlers dad?,Helen Baxendale,Bruce Willis,Brad Pitt,Kathleen Turner,D,medium,false,
Television,What recipes did Rachel mix together to make Thanksgiving dessert?,trifle and shepherds pie,cheesecake and tomato soup,apple pie and meat and potato pie,jelly and sausage rolls,A,medium,false,
Television,What was Marcels favourite song?,Hollaback girl,Welcome to the jungle,The lion sleeps tonight,King of the swingers,C,medium,false,
Television,What is so special about Monicas left over turkey sandwiches?,Phoebe eats them.,It has a moist-maker.,It has cheese on it.,They are deep fried.,B,medium,false,
Television,"We have seen her in TV series as Dr. Susan Lewis, Laura Michaels Kelly and Christina Blake Bauer Thorpe Lindsay Spaulding Spaulding.",Maura Tierney,Sherry Stringfield,Lacey Kohl,Sharon Lawrence,B,medium,false,
Television,"We know him as Michael, Philippe Ferronaire and Sanford Sandy Cohen from the TV screen.",Peter Gallagher,Forest Whitaker,Benjamin McKenzie,Ossie Davis,A,medium,false,
Television,"On TV, she has played Monica Geller Bing, Gabriella Easden and Marie-Frederique Freddy de Lancel, among others.",Courteney Cox,Jennifer Aniston,Lucy Gutteridge,Lisa Kudrow,A,medium,false,
Television,"We know him as Jean-Luc Rieupeyroux, Meego and Larry Burton from the TV screen.",Perry King,Matt Frewer,Jonathan Lipnicki,Bronson Pinchot,D,medium,false,
Television,"We have seen her on TV as Margo Vincent, Lexy Monroe and Julie Cooper-Nichol.",Kelly Rowan,Rachel Bilson,Melinda Clarke,Julie Nathanson,C,medium,false,
Television,"On TV, he has played the roles of Captain Nemo, Professor Alan Hood and Captain Jean-Luc Picard.",Robert Beltran,Patrick Stewart,Leonard Nimoy,Tim Russ,B,medium,false,
Television,"He has played Aristotle Zakalokis, Jamie and Jake Ochmonek on TV.",Jon Cryer,Joseph Cacia,Josh Blake,Tom La Grua,C,medium,false,
Television,"We know him as Eddie Connors, Peter Burke and Scott Grainger from the TV screen.",Peter Barton,Ronn Moss,John McCook,Jack Wagner,A,medium,false,
Television,"We have seen him in TV series as Andrew Frisco Jones, Dr. Peter Burns and Jack Williams.",Casper Van Dien,Joseph Mascolo,Jason Winston George,Jack Wagner,D,medium,false,
Television,"She has played Robin Kennedy, Jesse Warner and Kelly Bundy in TV series.",Peggy McCay,Christina Applegate,Suzanne Rogers,Jennifer Milmore,B,medium,false,
Television,What is the name of Chandlers annoying on-again off-again girlfriend on Friends?,Ginger,Monica,Kathy,Janice,D,medium,false,
Television,"On TV show Friends, what is the name of Ross girlfriend, that he brought back from China?",Elizabeth,Emily,Sara,Julie,D,medium,false,
Television,"What is the name of the teenager that Monica dated, on TV-series Friends?",Richard,Bobby,Ethan,Paul,C,medium,false,
Television,"In Friends, who did Rachel date that was also her assistant at work?",Paolo,Joshua,Tag,Joey,C,medium,false,
Television,"On TV show Friends, Joey had a crush on this dancer roommate of his.",Janice,Janine,Ginger,Kathy,B,medium,false,
Television,"What is the name of the man that Phoebe married, on TV show Friends?",Mike,Richard,Kevin,David,A,medium,false,
Television,Rachel and Ross got married at the end of the Friends series.,True,False,,,B,medium,false,
Television,"What actor played Richard Burke, the older man that Monica dated on TV-series Friends?",Bruce Willis,Brad Pitt,Tom Selleck,David Arquette,C,medium,false,
Television,"On TVs Friends, what was the name of the scientist that Phoebe loved?",Chris,David,Mike,Richard,B,medium,false,
Television,"On TV show Friends, Joey and Chandler dated this same woman.",Kathy,Monica,Janice,Katie,A,medium,false,
Television,What year did the popular television show The Fresh Prince of Bel-Air first hit the airwaves?,1998,1990,1988,1992,B,medium,false,
Television,Who was Carlton Banks musical idol on the sitcom The Fresh Prince of Bel-Air?,James Guarneri,Prince,Tom Jones,Mel Torme,C,medium,false,
Television,"On the hit show The Fresh Prince Of Bel-Air, this actress played Jackie Ames, one of Wills best friends from his hometown of Philadelphia.",Tyra Banks,Nia Long,Halle Berry,Vivica A. Fox,A,medium,false,
Television,"In the TV series The Fresh Prince of Bel-Air, Will had a girlfriend (Lisa) played by actress Nia Long, what was her last name ?",Smith,Brown,Wilkes,Johnson,C,medium,false,
Television,What state does the Banks family live in on the famous television show The Fresh Prince of Bel Air?,Texas,California,Philadelphia,New York,B,medium,false,
Television,How many children do Phillip and Vivian Banks have on the sitcom The Fresh Prince of Bel-Air?,4,3,1,2,A,medium,false,
Television,What was the name of the snooty butler in the TV series The Fresh Prince of Bel-Air?,Geoffrey,Solomon,Thurston,Joseph,A,medium,false,
Television,On the popular sitcom The Fresh Prince of Bel-Air the role of Vivian Banks was played by two different actresses.,True,False,,,A,medium,false,
Television,What is the name of the university Will and Carlton attend on the TV show The Fresh Prince of Bel-Air?,University of Los Angeles,Fresno State,USC,LSU,A,medium,false,
Television,What year did the hit television show The Fresh Prince of Bel-Air leave the airwaves?,1998,1992,1996,1999,C,medium,false,
Television,In what year did the popular sitcom I Love Lucy first hit the airwaves?,1952,1953,1954,1951,D,medium,false,
Television,"Who portrayed Little Ricky, the character who frequently played the drums on I Love Lucy?",Ron Howard,Richard Keith,Desi Arnaz Jr.,Richard Thomas,B,medium,false,
Television,"What was the maiden name of Lucy Ricardo, portrayed by Lucille Ball on the sitcom I Love Lucy?",Robinson,Schwartz,Peterson,MacGillicuddy,D,medium,false,
Television,Ricky Ricardo from the TV series I Love Lucy works in which nightclub?,CBGBs,Webster Hall,Hard Rock Cafe,Tropicana,D,medium,false,
Television,Which actress and singer played the role of landlady Ethel Mertz on the popular sitcom I Love Lucy?,Mary Jane Croft,Kathryn Card,Elizabeth Patterson,Vivian Vance,D,medium,false,
Television,"This actress appeared on the show I Love Lucy as Lucys snooty friend, Mrs. Caroline Appleby.",Lucretia Ball,Doris Singleton,Elizabeth Patterson,Kathryn Cord,B,medium,false,
Television,"What is the birth name of Desi Arnaz, who starred in I Love Lucy as Cuban orchestra leader Ricky Ricardo?",Desi Arnaz,Juan Castro de Silva,Frank Perez,Desiderio Alberto Arnaz 3rd,D,medium,false,
Television,One of the famous Marx Brothers appeared on the TV show I Love Lucy.,True,False,,,A,medium,false,
Television,"During the 1956-1957 season of I Love Lucy, Ricky Ricardo opened up his own nightclub. What was its name?",Ricky Ricardo Babaloo Club,Lucy and Rickys,Ricks Club,Ricky and Lucys,A,medium,false,
Television,"On the sitcom I Love Lucy, this actor played Lucy and Ricky Ricardos landlord Fred Mertz.",Fred Mac Murray,William Demarest,Bub Connolly,William Frawley,D,medium,false,
Television,Who was the only actor to play the same character in the movie M*A*S*H and on the TV show M*A*S*H?,Loretta Swit,Jamie Farr,Alan Alda,Gary Burghoff,D,medium,false,
Television,At the end of the third season of M*A*S*H actor McLean Stevenson decided to leave the show. What happened to his character Henry Blake?,His homebound plane was shot down,Transferred to Tokyo,Returned home to Illinois,Killed by a North Korean sniper,A,medium,false,
Television,"Though disguised, this psychotic CIA Spy from the TV show M*A*S*H was easily recognizable in each of his visits to the 4077th.",Colonel Flagg,Colonel Freedman,Colonel Fetterhoff,Colonel Feldman,A,medium,false,
Television,"On the TV show M*A*S*H, in order to make Charles feel better, Radar asks Charles parents to send him what childhood artifact?",A Red and green scarf,A wooden runner sled,A Tchaikovsky music box,A Toboggan cap,D,medium,false,
Television,"After Hawkeye and Trapper destroy an overly war-promoting film in the TV series M*A*S*H, they decide to re-shoot Yankee Doodle Doctor. What comedians do they imitate in their version?",Groucho and Harpo,Abbott and Costello,Laurel and Hardy,Martin and Lewis,A,medium,false,
Television,Which of these actors did not appear as a guest star on the TV show M*A*S*H?,Donald Sutherland,Leslie Nielsen,Pat Morita,John Ritter,A,medium,false,
Television,"When Hawkeye from the series M*A*S*H has a severe case of insomnia, he comes to believe that the war will end if he gives what to the North Koreans?",Swamps still,Officers club,Latrine,Antique desk,C,medium,false,
Television,"Which morale boosting event, featured in the series M*A*S*H, was not held during the command of Colonel Potter?",The Bonfire (of unnecessary camp items),Races of rolling hospital beds,4077th Olympics,Kentucky Derby Day,B,medium,false,
Television,Which of these characters was not made up by the 4077th staff on the TV show M*A*S*H?,Private Lamb,Colonel Bloodworth,Captain Tuttle,Major Murdock,B,medium,false,
Television,"In the Pilot episode of M*A*S*H, Hawkeye and Trapper set up a raffle to win two days in Tokyo with a beautiful nurse. Who was the nurse, and who won the raffle?","Nurse Kelleye, Radar won","Nurse Dish, Mulcahy won","Nurse Bigalow, Igor won","Nurse Able, Rizzo won",B,medium,false,
Television,"In an early episode of the show M*A*S*H, Harry Morgan, who later played Colonel Potter, guest starred in a different role. What was the name of his character?",General Korshak,General Steele,General Kent,Colonel Brighton,B,medium,false,
Television,Which trick has not been played on Frank Burns in the TV series M*A*S*H?,Egg in the helmet,Toilet plunger in place of gun,Snake in the bed,Removed latrine walls while he was using it,C,medium,false,
Television,What is Frank Burns middle name on the show M*A*S*H?,Madison,Marion,Maurice,Marvin,B,medium,false,
Television,Which of these characters was played by George Morgan in the first episode of M*A*S*H?,Klinger (usually played by Jamie Farr),Hawkeye (usually played by Alan Alda),Hot Lips (usually played by Loretta Swit),Father Mulcahy (usually played by William Christopher),D,medium,false,
Television,What is Jerry Seinfelds favorite super hero?,Batman,Superman,Captain America,The Green Lantern,B,medium,false,
Television,"On Seinfeld, what was the name of the business Elaine was a partner in, with her former publishing company boss?",Top of the Muffin to You,Soup Express,EJ Publishing,Pendant Publishing,A,medium,false,
Television,"In the final episode of Seinfeld, what charge were Elaine, George, Jerry and Kramer found guilty of, in a court of law?",Criminal Self Centeredness,Criminal Negligence,Criminal Indifference,Theft of a Marble Rye roll,C,medium,false,
Television,"On TV show Seinfeld, what was the name of Kramers business that allowed him to hire an intern from NYU?",Kramerica Industries,Kramer Publishing,Kramers Collectibles,Kramers New York Tours,A,medium,false,
Television,"Jerry Seinfeld had a mountain bike made by a popular manufacturer hanging up in his hallway for most of the series. At some point  the original bike was swapped out for a new one, made by this manufacturer.",Schwinn,Klein,Trek,Specialized,B,medium,false,
Television,"Seinfelds Kramer has a gambling problem. In an episode where he is at the airport, betting on flight arrivals, he runs out of money and calls Newman to bring him this valuable object.",A mail truck,A mailbag,A Mink coat,Jerrys Television set,B,medium,false,
Television,"On Seinfeld, what type of business was Elaines boss, J. Peterman in?",Clothing catalog sales,Travel,Publishing,Importer / Exporter,A,medium,false,
Television,"In the Seinfeld episode where Kramer is mistaken as mentally challenged, he is invited to sit at the head table at a charity benefit.  What led to this error being maintained at the benefit?",Punched in the mouth by Jimmy,He bit his tongue and it swelled,George and Jimmys jumping shoes,Anesthetic from the dentist,A,medium,false,
Television,"In TV show Seinfeld, for a few years during his childhood, what holiday did Georges family celebrate in place of Christmas?",Hanukkah,Feats of Strength day,Festivus,Chinese New year,C,medium,false,
Television,What were the names of Staff Sgt. Rizzos wife and son in the TV series M*A*S*H?,Kimmy and Lilly Lary,Zera and Jimmy James,Dari and Sammy,Zola and Billy Bubba,D,medium,false,
Television,What was the name of the crazy Colonel from the CIA in the TV series M*A*S*H?,Col. Line,Col. Smith,Col. Star,Col. Flagg,D,medium,false,
Television,"In the TV series M*A*S*H, Major Margaret Houlihan married which fellow officer?",Lt Col. Danny Penobscot,Lt Col. David Penobscot,Lt Col. Dick Penobscot,Lt Col. Donald Penobscot,D,medium,false,
Television,"Who stole a wounded colonels gun in an episode of M*A*S*H, entitled The Gun?",Margret,Rizzo,Frank,Zale,C,medium,false,
Television,"In the TV series M*A*S*H, Hawkeye gave Margret Radars Teddy Bear to stand for all the men who just needed a friend.",True,False,,,B,medium,false,
Television,Who won the weekend with Lt. Dish in the pilot episode of the series M*A*S*H?,Father Mulcahy,Hawkeye,Corp. Radar,Trapper,A,medium,false,
Television,"In an episode of M*A*S*H, entitled Goodbye, Farewell, and Amen, Sgt. Maxwell Q. Klinger decided to stay in Korea to help Soon-Lee find her family.",True,False,,,A,medium,false,
Television,"On Seinfeld, who did Kramer hit in the mouth at the Fantasy Baseball camp?",Reggie Jackson,Mickey Mantle,Babe Ruth,Pete Rose,B,medium,false,
Television,Which of these main Seinfeld characters was not in the pilot episode?,Elaine,Kramer,George,Jerry,A,medium,false,
Television,"On TV show Seinfeld, what was the Chinese Food Delivery boys name, who Elaine was getting sued by?",Ping,Pong,Kong,Ming,A,medium,false,
Television,What did Seinfelds Kramer become when he was in Los Angeles to get a screenplay produced?,Suspected Serial Killer,CEO of Kramerica Enterprises,John Savages personal assistant,A successful writer,A,medium,false,
Television,"On TVs Seinfeld, what did Elaine steal from Puddys car?",His radio,His Jersey Devils Antennae Flag,The Tick bumper sticker,A Jesus Fish,D,medium,false,
Television,"Who played the Post Master General in the Seinfeld episode, where Kramer tried to stop his mail, forever?",Kenny Rogers,Wilford Brimley,Don Ameche,Keith Hernandez,B,medium,false,
Television,"On Seinfeld, what video game did George try to rescue from an old pizza shop that was closing down, because he had a long-standing High Score?",Donkey Kong,Frogger,Elevator Action,Centipede,B,medium,false,
Television,"Frank Costanza sold raincoats for 35 years on TV show, Seinfeld.",True,False,,,B,medium,false,
Television,What year did Little House on the Prairie make its television debut?,1974,1972,1970,1976,A,medium,false,
Television,"In the TV series Little House on the Prairie, Charles Ingalls called his daughter Laura by what nickname?",Doodlebug,Booboobear,Half-pint,Maschpoopa,C,medium,false,
Television,What actress played the spoiled little brat Nellie Oleson on the television show Little House on the Prairie?,Melissa Sue Anderson,Alison Arngrim,Karen Grassle,Allison Balson,B,medium,false,
Television,"On the television show Little House on the Prairie, the role of the youngest daughter Carrie Ingalls was played by two actresses, who were twin sisters.",True,False,,,A,medium,false,
Television,Where did the Ingalls family from Little House on the Prairie live?,Chesepeake Valley,Strawberry fields,Jackson Heights,Walnut Grove,D,medium,false,
Television,Shannen Doherty was a regular castmember of the show Little House : A New Beginning.,False,True,,,B,medium,false,
Television,Who played the role of Isaiah Edwards on the television show Little House on the Prairie?,Merlin Olsen,Richard Bull,Jackie Cooper,Victor French,D,medium,false,
Television,"What was the name of the fifth child, born to Charles and Caroline Ingalls in 1978 in the series Little House in the Prairie?",Wendy,Grace,Ann,June,B,medium,false,
Television,"The TV series Little House on the Prairie was loosely based on a childrens series of books, written by by which author?",Michael Landon,Mary Ingalls,Laura Ingalls Wilder,Judy Blume,C,medium,false,
Television,What year did the popular NBC show Little House on the Prairie go off the air?,1982,1985,1983,1984,C,medium,false,
Television,What was the name of Cindys doll on the sitcom The Brady Bunch?,The doll had no name.,Kitty Karry-All,Karry Kitty-All,All-Kitty Karry,B,medium,false,
Television,"On The Brady Bunch, Jan was thought to have developed an allergy to which character?",Fluffy,Jan,Bobby,Tiger,D,medium,false,
Television,"Carol, a character from The Brady Bunch, lost her voice before the Christmas service and wouldnt be able to perform. Why did she eventually get her voice back and sang?",The Doctor told her not to talk for a couple of days and it helped.,Mike comforted her.,Cindy asked Santa to bring her mothers voice back.,Marcia got very angry.,C,medium,false,
Television,What school play did Cindy star in in episode 3 of The Brady Bunch?,Snow-white and the Seven Dwarfs.,The Frog Prince,Pocahontas.,About the Brady family.,B,medium,false,
Television,Where did the family spend their vacation in the third season of The Brady Bunch?,Malibu,Grand Canyon,North Pole,Hawaii,B,medium,false,
Television,"Why did Peter, a character from The Brady Bunch, get in a fight at school in the second season of the sitcom?",Because the others laughed at his pants.,Because his teacher hated the Brady family.,Because the others laughed at Cindy.,Because he hit a teacher.,C,medium,false,
Television,Name the boyfriend that Jan made up in episode 34 of The Brady Bunch because her love for her classmate Clark was unrequited.,George Glass,George Wall,Sophie Gloss,George Table,A,medium,false,
Television,"On The Brady Bunch, what world record did Bobby and Cindy decide to set in the third season?",To spend most hours on a teeter-totter.,To swing for two whole weeks.,To stay awake for a month.,To be quiet for a year.,A,medium,false,
Television,Who pretended to be Cindys secret admirer on the sitcom The Brady Bunch?,Bobby,Greg,Kitty Kary-All,Mike,A,medium,false,
Television,"When Greg judged a cheer-leading contest on the sitcom The Brady Bunch, who did he pick?",Carol,None of these.,"Jennifer, his girlfriend","Marcia, his sister",B,medium,false,
Television,"On the television series The Brady Bunch, who was Bobbys childhood hero?",His father,Jesse James,Daniell Boon,The president,B,medium,false,
Television,What year did the show Bewitched first hit the airwaves?,1959,1963,1971,1964,D,medium,false,
Television,What was the name of the advertising agency at which Darrin Stephens worked on the popular sitcom Bewitched?,Even Stephens,McMann and Tate,Ads Are Us,Stephens and Tate,B,medium,false,
Television,What comedian played Samanthas uncle Arthur on the famous TV show Bewitched?,Paul Lynde,Buddy Hackett,Jonathan Winters,Rich Little,A,medium,false,
Television,Who was the first actor to play Darrin Stephens on the popular 60s sitcom Bewitched?,Dick Sargent,Dick Lewis,Dick York,Dick Blork,C,medium,false,
Television,The role of Tabitha Stephens on the long-running sitcom Bewitched was played by twin sisters.,False,True,,,B,medium,false,
Television,"This actress, who starred in the 1941 movie Citizen Kane, played Samanthas mother Endora on the popular sitcom Bewitched.",Elizabeth Taylor,Alice Ghostley,Frances Gumm,Agnes Moorehead,D,medium,false,
Television,"Elizabeth Montgomery, who played Samantha Stephens on the sitcom Bewitched, was married in real life to the producer/director of  Bewitched, William Asher.",True,False,,,A,medium,false,
Television,What was the name of Darrin Stephenss boss on Bewitched?,Larry Strait,Larry Tate,Larry Anderson,Larry Mac Quade,B,medium,false,
Television,Who was the second actor to portray Darrin Stephens on the hit sitcom Bewitched?,Dick York,Dick Sargent,Dick Colonel,Dick Goodman,B,medium,false,
Television,What year did the long-running sitcom Bewitched leave the airwaves?,1975,1977,1973,1972,D,medium,false,
Television,"This 1999 movie, starring Adam Sandler, is about a single guy who adopts the child of his friend in order to impress his ex-girlfriend.",Big Daddy,Whos Your Daddy,Daddy Day Care,Fathers Day,A,medium,false,
Television,This 1981 movie depicts the life of of a famous actress as seen through the eyes of her adopted daughter.,Mommy Dearest,Father of the Bride,Serial Mom,Daddy Day Care,A,medium,false,
Television,"In this 1964 movie, Mr. Eckland finds himself on an island during WW II. Soon he is joined by a school teacher and several of her students.",Father Goose,Ghost Dad,Father of the Bride,American Dad,A,medium,false,
Television,This 2003 comedy film stars Eddie Murphy as an unemployed dad who ends up staying home taking care of the kids.,Mr Mom,Father Goose,Dads Day,Daddy Day Care,D,medium,false,
Television,In this movie an FBI agent disguises himself as an old lady to keep an eye on a federal witness and her son.,Big Mommas House,Mommy Dearest,American Pop,Serial Mom,A,medium,false,
Television,"This movie stars Kathleen Turner as a mother who is ready to protect her family at any cost. The bodies pile up, as the police get closer to the truth, threatening the familys picture perfect world.",Big Mommas House,Serial Mom,Mommy Dearest,Mom and Me,B,medium,false,
Television,"Spencer Tracy played the leading role in this 1950 comedy film, directed by Vincente Minnelli.",Father of the Bride,Father Goose,Mr Mom,Ghost Dad,A,medium,false,
Television,"This 1983 film tells the story of Jack Butler, who looses his job and stays home with the kids, while his wife is at work.",Serial Mom,Mr. Mom,Ghost Dad,American Dad,B,medium,false,
Television,How many seasons did The Flintstones air?,6,4,2,8,A,medium,false,
Television,"In the animated series The Flintstones, the Flintstones and the Rubbles lived in what town?",Sheetrock,Bedrock,Big Rock,Gravelton,B,medium,false,
Television,Who is Fred and Barneys boss at the stone quarry where they work in the TV series The Flintstones?,Mr. Graphite,Mr. Rockhead,Mr. Slate,Mr. Stoneface,C,medium,false,
Television,"On The Flintstones, Fred and Barney are members of what lodge?",The Moose,The Stone Cutters,The Loyal Order of Water Buffaloes,The Cavemen of Canotia,C,medium,false,
Television,What was the name of the Rubbles pet on The Flintstones?,Jumper,Bingo,Dino,Hoppy,D,medium,false,
Television,Where did Fred Flintstones family come from in the TV series The Flintstones?,New Rock,Arkenstone,Rockvania,Californstone,B,medium,false,
Television,"Who voiced The Great Gazoo, a tiny green alien sent to Earth, on the animated show The Flintstones?",Kelsey Grammer,Harvey Korman,Don Knotts,Burt Reynolds,B,medium,false,
Television,On The Flintstones Wilmas maiden name was McBricken.,True,False,,,B,medium,false,
Television,The Flintstones was loosely based on what classic TV show?,The Honeymooners,My Three Sons,The George Burns and Gracie Allen Show,I Love Lucy,A,medium,false,
Television,"What is Freds nickname in the Bedrock bowling team, featured on The Flintstones?",Twinkle Steps,Twinkle Toes,Twinkle Hops,Twinkle Jumps,B,medium,false,
Television,"On The Flintstones Freds pet dinosaur greets him at the door, knocking him down, every time Fred comes home. What kind of dinosaur is he?",Raptorsaurus,Snorkasaurus,Barkasaurus,Stegasaurus,B,medium,false,
Television,"Lucas McCain, a single dad, is trying to raise his son Mark to be a decent young man in this classic TV show set in the Old West.",Father Knows Best,Gunsmoke,Bonanza,The Rifleman,D,medium,false,
Television,Lorne Green played a widowed father of three sons on this show which aired on NBC from 1959 until 1973.,Gunsmoke,Bonanza,Fury,Bachelor Father,B,medium,false,
Television,"In this TV series Steve Douglas, a single dad, raised his three kids with the help of grouchy Bub OCasey and even grouchier, Charley OCasey.",Flipper,My Three Sons,Family Affair,Bachelor Father,B,medium,false,
Television,"This show, that lasted only one season, starred Sally Field as the 15-year old daughter of college professor Russell Lawrence.",Gidget,Family Affair,Father Knows Best,Accidental Family,A,medium,false,
Television,"In this show Cissy, and twins Buffy and Jody are raised by their Uncle Bill Davis, who gets help by his butler, Mr. French.",The Courtship of Eddies Father,Make Room For Daddy,"Mayberry, R.F.D",Family Affair,D,medium,false,
Television,"On this show, which aired from 1969-1972, Tom Corbett, a widowed dad, struggled to raise his son and to have a social life as well.",Family Affair,Bachelor Father,The Courtship of Eddies Father,The Andy Griffith Show,C,medium,false,
Television,"On this sitcom, a single dad lived with his grown-up son in Watts, Los Angeles, CA. He was famous for faking a heart attack to join his deceased wife, Elizabeth.",Sanford and Son,Chico and the Man,Joe and Sons,Diffrent Strokes,A,medium,false,
Television,"On this TV show, a widowed father adopted two brothers after their mother, who was his housekeeper, died.",Make Room For Daddy,Diffrent Strokes,Park Avenue Paupers,Our New Penthouse Pop,B,medium,false,
Television,"In this series, single dad, Rick Marshall, had to raise Will and Holly on his own, surrounded by dinosaurs and Sleestacks, after an earthquake caused their raft to be swallowed by a large crack in the earth, sending them back in time.",The People that Time Forgot,The Land that Time Forgot,Land of the Lost,Lost,C,medium,false,
Television,"On this sitcom, the second spin off of Diffrent Strokes, Larry Alder was a divorced father of two teenage daughters.","Hello, Larry",Mr. T and Tina,The Tony Randall Show,Popi,A,medium,false,
Television,"On this sitcom Norman Davis, a divorced dad, is enjoying bachelor life when his ex wife suddenly drops their 11 year old daughter in his lap.",Empty Nest,Ladies Man,Im A Big Girl Now,Me and Maxx,D,medium,false,
Television,On this show Eddie Stratton plays a divorced dad who owns a toy company. He takes his son out of military school to come live with him.,Eddie and the Kid,Me and Maxx,Silver Spoons,Star of the Family,C,medium,false,
Television,Widower Art Foster is a dance studio owner raising his twin teen daughters on what sitcom?,Kate and Allison,Two of a Kind,Father Murphy,Double Trouble,D,medium,false,
Television,"On this hit TV show, Tony Micelli, a widowed dad, takes a housekeeping job in Connecticut to give his daughter Samantha a better life.",Star of the Family,Im A Big Girl Now,Me and Maxx,Whos the Boss?,D,medium,false,
Television,"On this NBC show, Police Chief and widowed father, Carl Kanisky was raising three teenage daughters with a lot of help from his loud, opinionated housekeeper, Nell.",Odd Man Out,Whos The Boss?,Nell,Gimme A Break!,D,medium,false,
Television,"This series stars Paul Reiser and Greg Evigan as two single men, who suddenly find that one of them may be the father of preteen Nicole, whose deceased mother they both dated. A judge assigns them joint custody of Nicole and they must all learn to live together.",Full House,Double Trouble,Three of A Kind,My Two Dads,D,medium,false,
Television,"On this NBC sitcom, newly widowed dad, Mike relies on the help of his sister, Sandy, to care for his three sons after the death of their mother.",The Hogan Family,My Three Sons,Full House,Sandys Family,A,medium,false,
Television,"John Stamos plays hell raising teenager Matt Willows, who turns the bachelor life of his father upside down when he comes to live with him on this NBC sitcom.",The Odd Couple,Just the Two of Us,You Again?,Dear John,C,medium,false,
Television,"In this series, until he remarried in Paris in 2000, single dad Chaz, was raising two-year old Chuckie with the help of Dr. Lipschitz, the daycare provider, and Chuckies friends Tommy, Phil, Lil, and Angelica.",Little Man Chuck,Me and My Dad,Chuckie and Me,Rugrats,D,medium,false,
Television,"This sitcom stars Charles Shaughnessy as a Broadway producer with an enormous house, an English butler and three kids who need a mother. Fate knocks on his door one day and he hires the door-to-door cosmetics saleslady to be the kids new nanny.",Maxwells House,Beauty and the Beast of Broadway,The Nanny and the Professor,The Nanny,D,medium,false,
Television,"In this show set in New York City, the main character was Greek and used to suck on lollipops.",Kojak,Barnaby Jones,Hill Street Blues,Cannon,A,medium,false,
Television,"In this cop show, set in the ghetto area of a large unnamed Eastern city, the first in command was Capt. Frank Furillo.",The Mod Squad,The Streets Of San Francisco,21 Jump Street,Hill Street Blues,D,medium,false,
Television,This show was about 4 youthful officers who were part of a special unit of the Los Angeles Police Department and fought crimes in schools. The main character was Officer Tom Hanson.,Booker,Kids Can Be Cops Too,Magnum P.I,21 Jump Street,D,medium,false,
Television,What is the name of the cop show which featured two police officers who rode motorcycles on the highways of California?,SWAT,CHiPS,Adam-12,Chopper One,B,medium,false,
Television,"In this police drama, set in the Bay area, the main character Lt. Mike Stone had a young partner named Steve Keller.",Mike Hammer,CHiPS,The Rockford Files,The Street of San Francisco,D,medium,false,
Television,"The main characters of this classic show were Officers Francis Muldoon and Gunther Toody. They were assigned to the 53rd Precinct, in a run-down area of the Bronx.",The Rookies,"Car 54, Where Are You?",Police Woman,Dempsey And Makepeace,B,medium,false,
Television,"This 80s show was centered around a detective named Sonny Crockett, who lived on a sailboat and always wore white clothing. His partners name was Ricardo Tubbs.",Hill Street Blues,Miami Vice,Hardcastle and McCormack,Simon And Simon,B,medium,false,
Television,This 80s Emmy Award-winning show focused on two female detectives who were best friends. One of the girls was married to a man named Harvey.,Girl Power,Cagney  Lacey,Girls Can Be Cops Too!,It Takes Two,B,medium,false,
Television,"This 70s classic cop show featured a detective, who drove around the Los Angeles area in his shiny Lincoln Continental. He was a bald, middle-aged, portly fellow who rarely ever fired a shot from his gun. Even though he was out of shape, he always found a way to beat up his adversaries and get the job done.",Cannon,Kojak,Barnaby Jones,The Rockford Files,A,medium,false,
Television,"This detective from a 70s show of the same name, had a cockatoo named Fred and an informant named Rooster. The theme song of the show was sung by Sammy Davis Jr. What is the name of the show?",Barnaby Jones,Shields  Yarnell,Baretta,Barney Miller,C,medium,false,
Television,What year did the classic 70s sitcom Sanford and Son first hit the airwaves?,1970,1975,1977,1972,D,medium,false,
Television,What was the name of Fred Sanfords son in the television series Sanford and Son?,Demond,Rollo,Lamont,Melvin,C,medium,false,
Television,"On the popular 70s show Sanford and Son, Fred had a girlfriend who was a nurse. What was her name?",Dee,Joanne,Delores,Donna,D,medium,false,
Television,What was Fred Sanfords late wifes name on the show Sanford and Son?,Judith,Elizabeth,Esther,Sadie May,B,medium,false,
Television,"On the show Sanford and Son, what city did Fred and Lamont live in?",Chicago,New York,Philadelphia,Los Angeles,D,medium,false,
Television,"On the classic television show Sanford and Son, what was the name of Fred Sanfords best friend?",Grady,Cornelius,Shorty,Goldie,A,medium,false,
Television,Did Fred Sanfords wife Elizabeth ever make an appearance on the long running hit sitcom Sanford and Son ?,Yes,No,,,B,medium,false,
Television,Who provided the music for the hit television show Sanford and Son?,Tom Jones,Quincy Jones,Barnaby Jones,Shirley Jones,B,medium,false,
Television,What year did the classic television sitcom Sanford and Son finally leave the airwaves?,1977,1976,1981,1979,A,medium,false,
Television,What year did the sitcom The Facts of Life first hit the airwaves?,1983,1981,1980,1979,D,medium,false,
Television,"What was the name of the housemother, who took care of all the young women on the show The Facts of Life?",Mrs. Dubinsky,Mrs. Garrett,Mrs. Tucker,Mrs. Peabody,B,medium,false,
Television,"Which actress played the role of Blair Warner, the rich, spoiled beautiful schoolgirl from the TV series The Facts of Life?",Nancy Mc Keon,Geri Jewell,Jenny O Hara,Lisa Whelchel,D,medium,false,
Television,Actress Molly Ringwald was a cast member of the NBC show The Facts of Life.,True,False,,,A,medium,false,
Television,What was the name of the school that the girls from The Facts of Life attended?,Westminister,Soutbend,Eastland,Northwestern,C,medium,false,
Television,"This character from the series The Facts of Life, portrayed by Kim Fields, was an African American girl who gossiped about everyone.",Cindy,Tootie,Missy,Natalie,B,medium,false,
Television,Was George Clooney a regular cast member on the TV show The Facts of Life?,No,Yes,,,B,medium,false,
Television,"What was the birth name of the character in The facts of Life, who was nicknamed Tootie?",Margaret,Eunice,Angelica,Dorothy,D,medium,false,
Television,Charlotte Rae left the show The Facts of Life after the 1986 season and was replaced by which veteran actress?,Stephanie Powers,Valerie Harper,Cloris Leachman,Linda Lavin,C,medium,false,
Television,What was the name of Blairs cousin who had cerebral palsy on the show The Facts of Life?,Sherry,Kerri,Geri,Carrie,C,medium,false,
Television,"When Monica and Chandler of TV sitcom, Friends, went to the hospital to watch the birth of their child from a surrogate mother, which if these were they  not expecting?",To have have a beautiful baby,To have twins,The baby to be a girl,The baby to be a boy,B,medium,false,
Television,"On TV show, Friends, when did Rachael first realize that Ross had feelings for her?",When Ross bought her coffee,When he gave her a special pin for her birthday,When he kissed her,When he gave her a flower,B,medium,false,
Television,"How did everyone on TV show, Friends find out who the father was of Rachaels unborn child was?",Phoebe had a vision,"At Monicas wedding, Rachael told all of her friends",Joey had a dream,The sweatshirt they tried to give to Tad in Central Park turned out to be Rosss,D,medium,false,
Television,"On TV sitcom, Friends, why did Joey and Rachels intimate relationship only last for the first three episodes of season ten?",Joey cheated on Rachael,They got into a physical fight,Rachael cheated on Joey,They were too uncomfortable getting physical with each other,D,medium,false,
Television,"In season ten of TV show, Friends, Rachel interviewed for this Italian haute couture establishment, but her Ralph Lauren boss was at the same restaurant the interview took place.",Ferretti,Gucci,Armani,Fendi,B,medium,false,
Television,"We have seen her on TV as Amanda Woodward Blake Parezi McBride Burns, Alex Burton and Caitlin Moore.",Carla Gugino,Josie Bissett,Connie Britton,Heather Locklear,D,medium,false,
Television,"Benny Ray Riddle was played by Tim Abell in Soldier of Fortune, Inc (this is true). Benny was a former Marine Sniper.",True,False,,,A,medium,false,
Television,"Charlie Sheen starred in a TV series together with Jon Cryer, where Charlies character was a selfish jingle writer.  Name the character.",Stephan,Alan Harper,Stuart Bondek,Charlie Harper,D,medium,false,
Television,"In an episode of the popular TV series 3rd Rock from the Sun, one of the characters said Tommy, this is outrageous. The next time you set off the fire alarm, youd well better start a fire first. Who was the actor that played that character?",John Lithgow,French Stewart,Joseph Gordon-Levitt,Wayne Knight,A,medium,false,
Television,"Which one of these characters hasnt been played by Mariann Aalda? If she has played all four, which one has she played last?",Grace Battles,Sally Spectra,Elizabeth Royal Winston,Lena Hart,B,medium,false,
Television,"The voice of the short furry alien named Gordon Shumway, but better known as ALF, was provided by this man.",Tom Patchett,Max Wright,Paul Fusco,Josh Blake,C,medium,false,
Television,Fox Mulder and Dana Scully were two CIA agents investigating strange and unexplained cases in the TV series X-Files.,False,True,,,A,medium,false,
Television,Lance Henriksen played Timothy in B.A.D. Cats and Preston Post in Ryans Hope. What was his characters name in Millennium?,Howard Gordon,William Price Bill Woodard,Peter Watts,Frank Black,D,medium,false,
Television,Lorenzo Lamas has appeared in The Bold and the Beautiful.,True,False,,,A,medium,false,
Television,"On September 4, 1972 this person started hosting the game show The Price Is Right.",Monty Hall,Ted Brown,Jack Barry,Bob Barker,D,medium,false,
Television,Who was the original host of the Gong Show?,Jack Barris,Chuck Barry,Jack Barry,Chuck Barris,D,medium,false,
Television,Which of these has been a host of the popular American TV game The Wheel of Fortune?,Gene Simmons,Gary Moore,Pat Sajak,Bob Barker,C,medium,false,
Television,This person started hosting the game show Jeopardy in 1984.,Alex Trebek,Louie Anderson,Vanna White,Bill Cullen,A,medium,false,
Television,Who hosted the show Love Connection from 1983 to 1994?,Chuck Woolery,Louie Anderson,Bill Anderson,Gene Wood,A,medium,false,
Television,This American journalist started hosting the American version of Who Wants To Be A Millionaire in 2002.,Bill Stern,Ben Stein,Marc Summers,Meredith Vieira,D,medium,false,
Television,Which of the following hosted Lets Make A Deal?,Bob Barker,Bill Cullen,Monty Hall,Meredith Vieira,C,medium,false,
Television,Which of the following hosted the Match Game?,Dennis James,Gene Rayburn,Moss Hart,Richard Hayes,B,medium,false,
Television,Who hosted The Newlywed Game from 1966 - 1974?,Pat Sajak,Bob Eubanks,Bill Cullen,Garry Moore,B,medium,false,
Television,Family Feud has been hosted by several different hosts. Which of the listed people was one of them?,Geoff Edwards,Richard Dawson,Groucho Marx,Bob Dyer,B,medium,false,
Television,What year did Whos The Boss? make its television debut?,1986,1982,1984,1988,C,medium,false,
Television,Who played Mona Robinson on the ABC show Whos The Boss??,Katherine Helmond,Betsy Ross,Marion Ross,Katherine Ross,A,medium,false,
Television,"On the sitcom Whos the Boss?, before Tony Micelli took the job as Angelas housekeeper, he played professional baseball for what team?",New York Yankees,Los Angeles Dodgers,St. Louis Cardinals,New York Mets,C,medium,false,
Television,"This character, played by Alyssa Milano, was Tonys daughter on the hit television show Whos The Boss?.",Sarah,Antoniette,Samantha,Trina,C,medium,false,
Television,"Tony Micelli, one of the main characters on the show Whos the Boss? took a job as a housekeeper for Angela. What was Angelas last name?",Bower,Jacobs,Howser,Mauser,A,medium,false,
Television,In the TV series Whos the Boss? Angela worked at what advertising agency?,Yarborough and Peebles,Wallace and McQuade,Mcfadden and Whitehead,Bruckner and Garcia,B,medium,false,
Television,"Samantha Micelli, a character from Whos the Boss? got married in 1991. What was the name of her husband?",Angelo,Hank,Frank,Joey,B,medium,false,
Television,Where did Angela Bower and Tony Micelli live on the show Whos the Boss?,"St. Petersburg, Florida","Brooklyn, New York",Delaware,Connecticut,D,medium,false,
Television,Who played Jonathan Bower on the television show Whos The Boss??,Danny Pintauro,Danny Ponce,Mike Lookinland,Billy Taylor,A,medium,false,
Television,What year did the popular sitcom Whos The Boss? leave the airwaves?,1992,1998,1996,2000,A,medium,false,
Television,"What was the name of the public television station, run by Steve Keaton on the TV show Family Ties?",WKS-TV,PBS-TV,MTV,TBS,A,medium,false,
Television,Which actress portrayed Mallory Keaton on the NBC sitcom Family Ties?,Tina Yothers,Tracy Pollan,Courtney Cox,Justine Bateman,D,medium,false,
Television,Which character form the TV series Family Ties was Alex Keatons best friend and neighbour?,Skippy Handleman,Darren Harley,Johnny Peterson,Nick Moore,A,medium,false,
Television,Actress Courtney Cox played Lauren Miller on the hit show Family Ties.,True,False,,,A,medium,false,
Television,What year did the popular sitcom Family Ties first hit the airwaves?,1982,1985,1984,1983,A,medium,false,
Television,"The Keatons, the family featured on the show Family Ties, lived in which city?","Woodstock, New York","Columbus, Ohio",Los Angeles,San Francisco,B,medium,false,
Television,Did actor Tom Hanks appear on the show Family Ties?,No,Yes,,,B,medium,false,
Television,"What was the theme song of  Family Ties, sung by Johnny Mathis and Deniece Williams?",Without Us,Woodstock,Family Ties,"He aint Heavy, Hes my brother",A,medium,false,
Television,What was the name of the biker on the show Family Ties who became romantically involved with Mallory?,John Flynn,Billy Smith,Nick Moore,Snake Rogers,C,medium,false,
Television,"On the sitcom Family Ties, Alex and his younger brother Andrew used to watch every week which TV show?",Politics in Ohio,Wall Street Week,How to make a million dollars before the age of 18,Money,B,medium,false,
Television,"In the TV series Family Ties, this actress played Elyse Keaton, the mother of 4 children.",Abby Mills,Judith Light,Meredith Baxter-Birney,Valerie Harper,C,medium,false,
Television,What year did the show Family Ties leave the airwaves?,1990,1989,1991,1987,B,medium,false,
Television,"Mister, we could use a man like Herbert Hoover again! comes from the theme song of which popular American show?",All in the Family,The Waltons,Get Smart,James at Sixteen,A,medium,false,
Television,The words While trying to tap into the hidden strengths all humans have.. are extracted from the Lost in Space show theme song.,False,True,,,A,medium,false,
Television,Which TV show had a theme song with these words: Never heard the word Im-possible!?,Mork and Mindy,Threes company,Laverne and Shirley,Happy Days,C,medium,false,
Television,The spoken intro of what TV show included the line They were each assigned very hazardous duties?,Happy Days,Charlies Angels,Star Trek,The Dukes of Hazzard,B,medium,false,
Television,What happened to my piece of the cake? is a line from the Gimme a Break! theme song.,False,True,,,B,medium,false,
Television,"Is it true that the words It feels so right, it cant be wrong, came from the Joanie Loves Chachi theme song.",Yes,No,,,B,medium,false,
Television,Then along come two and they got nothing but their jeans is from the theme song of The Facts of Life.,False,True,,,A,medium,false,
Television,Streaks on the china never mattered before - who cared? is a line from the theme song of what popular 80s sit-com?,ALF,Mr. Belvedere,Growing Pains,Married.. With Children,B,medium,false,
Television,What 80s TV theme song included the line He sleeps downstairs and its understood...?,Family Ties,Cheers,Whos the Boss?,Charles in Charge,D,medium,false,
Television,"Dr. Jerry Robinson, portrayed by Peter Bonerz, was a dentist on what popular TV series?",All in the Family,The Jeffersons,The Bob Newhart Show,"Doogie Howser, M.D.",C,medium,false,
Television,"In this TV series, Dr. Sam Beckett, is actually a scientist who finds himself traveling through time, temporarily taking over other peoples lives.",Quantum Leap,Time Bandits,The X-Files,Star Trek,A,medium,false,
Television,"Dr. Zoidberg, a lobster-like alien, is the staff doctor of Planet Express on what TV show?",Futurama,Star Trek,Enterprise,Lost in Space,A,medium,false,
Television,Who portrayed Dr. Beverly Crusher on the TV series Star Trek: The Next Generation?,Gates McFadden,LeVar Burton,Denise Crosby,Marina Sirtis,A,medium,false,
Television,Jack Klugman portrayed a strong-willed Medical Examiner on which TV show?,"Doogie Howser, M.D.",Frasier,Quincy,Crypt,C,medium,false,
Television,"Who was the doctor on Star Trek, played by DeForest Kelley?",Dr. Leonard McCoy,Dr. Barbara Crusher,Dr. Frasier Crane,Dr. Spock,A,medium,false,
Television,"Dr. Quinn, Medicine Woman starred Jane Seymour as Dr. Quinn. The people from Colorado, Springs called Dr. Quinn by what other name?",Dr. Mick,Dr. T,Dr. Mike,Dr. Q,C,medium,false,
Television,Dr. Daniel Jackson is a member of a secret military team that travels through space in which TV series?,Quantum Leap,Stargate SG-1,Starman,Star Trek,B,medium,false,
Television,In this TV series Nick Riviera is a doctor with questionable credentials.,Lost in Space,Family Guy,The Simpsons,Futurama,C,medium,false,
Television,"This actor portrayed Sam Drucker, the general store owner, on the hit TV series Petticoat Junction and Green Acres.",Frank Cady,Arnold Haney,Ed Carson,Frank Douglas,A,medium,false,
Television,Which actor was on both You Again? and the hit TV show Full House?,Jesse Katsopolis,Bob Saget,Joey Gladstone,John Stamos,D,medium,false,
Television,"Which famous actor starred on both The Odd Couple and Quincy, ME?",Jack Klugman,Oscar Madison,Tony Randall,James Garner,A,medium,false,
Television,Actor Michael J. Fox  is the common bond between Family Affair and Spin City.,True,False,,,B,medium,false,
Television,Who is the common bond between the TV shows Bosom Buddies and Family Matters?,Telma Hopkins,Tom Hanks,Jaleel White,Donna Dixin,A,medium,false,
Television,This actor is the primary common bond between two award-winning shows - Cheers and Frasier.,Kelsey Grammer,Ted Danson,George Wendt,John Mahoney,A,medium,false,
Television,Actor MacLean Stevenson is the common bond between which two shows?,The Odd Couple/MASH,MASH/Hello Larry,MASH/After MASH,Hello Larry/The Odd Couple,B,medium,false,
Television,Which actor appeared on both Bosom Buddies and the hit show Newhart?,Tom Posten,Michael Desmond,Peter Scolari,Bob Newhart,C,medium,false,
Television,In this animated TV series Jane and George had a pet named Astro.,The Jetsons,King of the Hill,Fox Trot,The Flintstones,A,medium,false,
Television,"Gary, an accomplished snail-poet, is the pet of the main character in which cartoon?",Family Guy,The Simpsons,SpongeBob SquarePants,The Jetsons,C,medium,false,
Television,"Spritle and his pet chimp, Chim Chim often got into trouble in this cartoon series.",The Saint,The Tick,Speed Racer,Speed Bump,C,medium,false,
Television,"Santas Little Helper and Snowball are the pets of Bart, Lisa, Maggie, Homer and Marge, the popular characters from which animated sitcom?",Heathcliff,Fred Basset,King of the Hill,The Simpsons,D,medium,false,
Television,"In this cartoon series Hank, Peggy and Bobby are the owners of a purebred bloodhound named Ladybird.",The Simpsons,King of the HIll,Family Guy,American Dad,B,medium,false,
Television,"In this animated sitcom Peter Griffin lives with his family and his intellectual talking dog, Brian.",The Jetsons,Speed Racer,American Dad,Family Guy,D,medium,false,
Television,"This superhero, who has a pet named Speak, is the main character in a self-titled animated series.",Spongebob Squarepants,The Tick,King of the Hill,Jonny Quest,B,medium,false,
Television,"Klaus is the pet goldfish of the Smith Family, featured in which cartoon  TV series?",American Dad,King of the Hill,Speed Racer,Family Guy,A,medium,false,
Television,"Bandit is Jonnys pet in this science fiction animated TV series, produced by Hanna-Barbera Productions.",Family Guy,Speed Racer,Jonny Quest,The Tick,C,medium,false,
Television,"In this animated series Dino is the pet dinosaur of Fred and his wife Wilma, who live in the fictional city of Bedrock.",Family Guy,The Flintstones,The Jetsons,American Dad,B,medium,false,
Television,"In Homer the Great, an episode from the sixth season of The Simpsons, Homer joins an ancient secret society, called what?",The Freemasons,The No Homers Club,Barneys Beer Drinkers,The Stonecutters,D,medium,false,
Television,"Homer Simpson is drinking his usual Duff beer at the bar, when he first hears the performance of Lurleen, a barmaid at the BeerNBrawl who dreams of being a country musician.",True,False,,,B,medium,false,
Television,"In an episode from the fifth season of The Simpsons, Homer tells the story of the days when he used to participate in a quartet called The Be Sharps. What style of music did The Be Sharps win a Grammy for?",Barbershop music,Rock,Reggae,Capella music,A,medium,false,
Television,"Which original member of the Pin Pals, Homer Simpsons bowling team, is forced by circumstances to give up his place in the team?",Otto,Mr. Burns,Homer,Apu,A,medium,false,
Television,"In the episode Kill the Alligator and Run, Homer Simpson is having a nervous breakdown and has to go to Florida for relaxation. Homer refers to the state as Americas Whang.",False,True,,,B,medium,false,
Television,"On The Simpsons, Bart Sells His Soul is the episode in which Bart declares to Milhouse he believes there are no such things as souls.  In response, Milhouse tells Bart that hed like to buy his soul. How much does he pay Bart for his soul?",A coupon for a free Krustyburger,$0.25,$1.00,$5.00,D,medium,false,
Television,"In the episode You Only Move Twice, what football team did Hank Scorpio, an evil genius, owner of Globex Corporation and Homer Simpsons new boss, buy for Homer to show his appreciation?",Los Angeles Rams,Dallas Cowboys,Denver Broncos,Oakland Raiders,C,medium,false,
Television,"What Springfield Elementary School bully participates in Bart Simpsons pop boyband, Party Posse?",Dolph,Jimbo Jones,Kearney,Nelson,D,medium,false,
Television,What is the name of Archies dysfunctional family in All in the Family?,Smith,Bunker,Nelson,Tate,B,medium,false,
Television,What was the name of the family featured in Family Ties?,Brown,Walton,Keaton,Johnson,C,medium,false,
Television,"In the television show The Honeymooners, who were Ed and Trixie, the neighbors of Ralph and Alice?",The Kramdens,The Wisemans,The Nortons,The Calabashes,C,medium,false,
Television,"What was the family name of Rob, Laura and their son Richie who were on a 1960s television show?",Cleavers,Reiners,Petersons,Petries,D,medium,false,
Television,What is the name taken by the family of con artists who move into the home of a dead couple in a 2007 television series?,Riches,Cunninhams,Nortons,Stevensons,A,medium,false,
Television,"Who were the main families on the television show Soap, which aired from 1977-81?",Campbells and Taylors,Taylors amd Nelsons,Tates and Campbells,Tates and Nelsons,C,medium,false,
Television,"In the television drama Dallas, what was the name of the power-hungry family that lived on the Southfork Ranch?",Falconi,Soprano,Ewing,Faustus,C,medium,false,
Television,What was the family name of the single parent sheriff and his son on The Andy Griffith Show?,Parkers,Fifes,Taylors,Tylers,C,medium,false,
Television,"What was the last name of Ozzie and Harriet in the long running family comedy, The Adventures of Ozzie and Harriet?",Thompson,Johnson,Nelson,Cleaver,C,medium,false,
Television,What was the name of the family featured on the Cosby Show?,Welby,Chappell,Huxtable,Cooper,C,medium,false,
Television,"What is the name of the fictional factory, where Roseanne and Jackie worked in the first season of the TV series Roseanne?",Workman Metals,Wellman Plastics,Wellman Metals,Workman Plastics,B,medium,false,
Television,On the sitcom Roseanne a tornado spun through Landford and tore down Dan and Roseannes house.,False,True,,,A,medium,false,
Television,Where is Crystals first husband buried in the TV series Roseanne?,None of these,His ashes were tossed in the ocean,In the town bridge,He is not dead,C,medium,false,
Television,"This character, portrayed by  William Sadler on the popular show Roseanne, had a crush on Jackie.",None of these,Dwight,Joe,Steve,B,medium,false,
Television,"In the pilot episode of Roseanne, Roseanne had to go to Darlenes school because the teacher complained that Darlene was doing what in class?",Farting,Barking,Snoring,Burping,B,medium,false,
Television,"In high school Dan, Roseannes husband, cheated on Roseannes with her nemesis, Phyllis.",True,False,,,A,medium,false,
Television,"Which character, played by Sal Barone in the pilot episode and Michael Fishman in other seasons of  Roseanne, was called  DJ?",Dwight Joshua,Daniel Jr.,Donald Joseph,David Jacob,D,medium,false,
Television,The ladies of Roseanne opened a restaurant and DJ named it this.,The Lunchbag,The Lanford Lunch Box,Roseannes,Loose Meat Sandwiches,B,medium,false,
Television,Which TV show featured the theme on the sound clip?,The Jeffersons,Sanford and Son,Chico and the Man,Whats Happening?,B,medium,false,
Television,Name the popular show which featured the song on the sound clip?,Archies Place,All in the Family,Bunkers Place,Family Guy,B,medium,false,
Television,The theme on the sound clip is from which show?,Love Boat,Dallas,Bionic Woman,Charlies Angels,D,medium,false,
Television,The following song is from which 1970s TV show?,Welcome Back Carter,The Sweathogs,What?,Welcome Back Kotter,D,medium,false,
Television,This popular theme is associated with which TV show?,C.H.I.P.S.,L.A.P.D.,Seven Mary Three,Ponch  John,A,medium,false,
Television,Name the show which had this theme song.,Rhoda,Alice,CENTRUM,One Day at a Time,D,medium,false,
Television,The sitcom Good Times was a spinoff of what primetime 70s television show?,Sanford and Son,Streets of San Francisco,Maude,One Day at a Time,C,medium,false,
Television,"Janet Jackson, the youngest child of the Jackson family starred on the sitcom Good Times.",True,False,,,A,medium,false,
Television,"The Evans family, featured on the show Good Times lived in an African American neighbourhood, in which city?",Los Angeles,Chicago,Philadelphia,New York,B,medium,false,
Television,"What was the name of Florida Evans daughter, portrayed in Good Times by Bern Nadette Stanis?",Wilona,Louise,Equan,Thelma,D,medium,false,
Television,"James Evans, the father of three children on the television show Good Times, was played by which actor?",Sidney Poitier,John Amos,Wally Amos,Ben Vereen,B,medium,false,
Television,What was the name of Florida Evans best friend and neighbour in the TV series Good Times?,Willona,Pearl,Wilma,Winona,A,medium,false,
Television,"On the show Good Times, Thelmas husband Keith had a knee injury which halted his career as a football player. After his full recovery, he was offered a contract by what NFL team?",Chicago Bears,Buffalo Bills,Atlanta Falcons,New York Jets,A,medium,false,
Television,"What was the name of the building superintendent, portrayed by Johnny Brown, who joined the cast of  Good Times during the 1977 season?",Isaac Hayes,Sweet Daddy,Nathan Bookman,Carl Dixon,C,medium,false,
Television,"J. J. Evans, a character from the show Good Times, became famous with which catchphrase?",Sit on it !,Hi there!,Dy-no-mite,"Hey, Hey, Hey !",C,medium,false,
Television,"Michael Evans, the youngest member of the Evans family from the series Good Times, was portrayed by which actor?",James Earl Carter,Nell Carter,T.K Carter,Ralph Carter,D,medium,false,
Television,"Which show featured a pathological liar who would say Yeah, thats the ticket whenever he figured out his new lie?",TJ Hooker,Hill Street blues,Saturday Night Live,MAD,C,medium,false,
Television,"This comedian, who was in a comedy team with his brother, would say, Mom always liked you best.",Tommy Smothers,Jan Brady,Peter Brady,Dicky Smothers,A,medium,false,
Television,"Where did the line, Im not a doctor, but I play one on TV originate from?",St Judes hospital commercial,Tylenol Commercial,Vicks Formula 44 commercial,Pepto Bismol Commercial,C,medium,false,
Television,"This detective had Just one more thing.... to ask, usually seemingly irrelevant to the case.",Barnaby Jones,Rockford Files,Dragnet,Columbo,D,medium,false,
Television,Which character from a 1970s TV show said Up your nose with a rubber hose ?,Vinnie Barbarino,Freddy Boom Boom Washington,Juan Luis Pedro Phillipo de Huevos Epstein,Arnold Horshack,A,medium,false,
Television,"Holding his hand to his heart he would almost fall to the ground and say Elizabeth, Im coming! whenever someone did something he didnt like.",Fred Sanford,John Holmes,John Boy Walton,Darren Stevens,A,medium,false,
Television,"The line , “…if it weren’t for you meddling kids! , was in nearly every episode.  of which show?",Eight is Enough,Brady Bunch,Hardy Boys,Scooby Doo,D,medium,false,
Television,"This newscaster would interrupt his co-anchor and say Jane, you ignorant slut.",Chevy Chase,John Belushi,Bill Murray,Dan Aykroyd,D,medium,false,
Television,"Neil Armstrong actually flubbed his famous words, delivered when he landed on the moon, which rendered the phrase contradictory.",False,True,,,B,medium,false,
Television,"The co-creator of Seinfeld, Larry David, supplied the voice of the eccentric owner of what professional sports franchise?",New York Yankees,New York Mets,New Jersey Devils,New York Knicks,A,medium,false,
Television,"This D-List actress guest starred in several Seinfeld episodes, playing Georges fiancees former college roommate, who launches a one-woman comedy show all about bashing Jerry.",Kathy Griffin,Lauren Graham,Teri Hatcher,Tara Reid,A,medium,false,
Television,"This Malcolm in the Middle star had a recurring role on Seinfeld playing Jerrys dentist, Dr. Tim Whatley.",Bryan Cranston,David Anthony Higgins,Christopher Masterson,Frankie Muniz,A,medium,false,
Television,Which Frasier co-star played a virgin in the classic Seinfeld episode The Contest?,David Hyde Pierce,Jane Leeves,Bebe Neuwirth,Kelsey Grammer,B,medium,false,
Television,"This Desperate Housewife guest starred in an episode of  Seinfeld, where the debate centered around the nature of her breasts.",Nicolette Sheridan,Teri Hatcher,Marcia Cross,Felicity Huffman,B,medium,false,
Television,Which former SNL comedian pretended to be deaf in the Seinfeld episode The Friars Club?,Adam Sandler,Rob Schneider,David Spade,Chris Farley,B,medium,false,
Television,This star of Everybody Loves Raymond appeared in the Seinfeld episode The Bottle Deposit as Jerrys obsessive mechanic.,Peter Boyle,Patricia Heaton,Brad Garrett,Ray Romano,C,medium,false,
Television,This Cheers barfly plays himself in the Seinfeld episode The Trip.,Woody Harrelson,John Ratzenberger,George Wendt,Ted Danson,C,medium,false,
Television,Which former New York Mets baseball player played himself in the Seinfeld episode The Boyfriend?,Darryl Strawberry,Dwight Gooden,Keith Hernandez,David Cone,C,medium,false,
Television,"In the episode The Summer of George, this actress plays Jerry Seinfelds girlfriend who is such a high maintenance that Jerry must enlist George to help him handle his relationship.",Amanda Peet,Reese Witherspoon,Julia Roberts,Kirsten Dunst,A,medium,false,
Television,"In the Seinfeld episode The Millennium, this Gilmore Girls actress taunts Jerry with his position on her speed dial.",Lauren Graham,Kelly Bishop,Melissa McCarthy,Alexis Bledel,A,medium,false,
Television,"When this actor played himself in the Seinfeld episode The Mom  Pop Store, he bit Kramer.",Nick Nolte,John Malkovich,Jon Voight,Jack Nicholson,C,medium,false,
Television,What year did the popular CBS show The Jeffersons first hit the airwaves?,1980,1971,1975,1973,C,medium,false,
Television,"Roxie Roker, who played Helen Willis in the popular sitcom The Jeffersons, was the mother of superstar rocker Lenny Kravitz.",True,False,,,A,medium,false,
Television,What was the name of George and Louise Jeffersons son on the hit television show The Jeffersons?,Kyle,George,Lionel,Tyrone,C,medium,false,
Television,"On the smash hit television show The Jeffersons, what was George Jeffersons profession?",He was a teacher.,He was a casino owner.,He owned a chain of dry cleaning stores.,He worked in a car wash.,C,medium,false,
Television,"Actress Janet Du Bois, who played Willona Woods on the sitcom Good Times, composed and sang the theme song of the show The Jeffersons.",True,False,,,A,medium,false,
Television,Which actress played the role of Florence Johnston - the maid on the American sitcom The Jeffersons?,Georgina Wilson,Kiki Love,Pookie Robinson,Marla Gibbs,D,medium,false,
Television,"On the hit show The Jeffersons, what was the name of Lionel and Jennys baby girl, born in the spring of 1980?",Tawana,Jessica,Louise,Khisha,B,medium,false,
Television,What was the name of the Jeffersons  English neighbor on the hit show The Jeffersons?,Mr. Bentley,Mr. O Hara,Mr. McGillicuddy,Mr. O Rourke,A,medium,false,
Television,"On the sitcom The Jeffersons, what was the name of the bar which George Jefferson and Tom Willis frequented?",Larrys Liquid Love,Charlies Bar,Kelseys Pub,Georges Suds,B,medium,false,
Television,What year did the American television show The Jeffersons go off air?,1989,1990,1985,1979,C,medium,false,
Television,What is the name of the really dysfunctional family from the sitcom Married With Children?,Brooks,Bunker,Brady,Bundy,D,medium,false,
Television,What was the family name of the fictional father and son detective team based in New York during the 1940s?,Queen,Duke,King,Prince,A,medium,false,
Television,What was the last name of the sitcom father and son who owned a junk yard in the Watts neighborhood of Los Angeles?,Sanford,Willis,Stevenson,Wilson,A,medium,false,
Television,What was the name of the family in the long running television show Bonanza?,Masterson,Cartwright,Ponderosa,Rogers,B,medium,false,
Television,What was the last name of the Ozarks multi-millionaire in The Beverly Hillbillies?,Bodine,Drysdale,Clampett,Hazzard,C,medium,false,
Television,What was the name of the family featured in the TV comedy Bewitched?,Benchly,Duncalf,Davis,Stephens,D,medium,false,
Television,"In the sitcom Mamas Family, what was Thelmas last name?",Gardner,Simpson,Harper,Vinton,C,medium,false,
Television,What was the last name of the popular sitcom family that was movin on up to the East Side?,The Roosevelts,The Washingtons,The Jeffersons,The Jacksons,C,medium,false,
Television,What was the last name of the featured family on Home Improvement?,Simpson,Taylor,Harper,Jasper-johns,B,medium,false,
Television,"What was the historical name of the president, portrayed by Martin Sheen, on the TV drama The West Wing?",Benjamin Franklin,Roger Sherman,Josiah Bartlet,Thomas Jefferson,C,medium,false,
Television,What year did the television show The Munsters  first hit the airwaves?,1964,1969,1971,1960,A,medium,false,
Television,What was the home address of the Munsters on the self-titled sitcom?,666 Maiden Lane,1313 Mockingbird Lane,612 Emerald Place,813 Forgotten Road,B,medium,false,
Television,What was the middle name of the werewolf Eddie Munster on the television show The Munsters?,Herman,Wolfgang,Butch,Dracula,B,medium,false,
Television,"On the the TV show The Munsters, Herman Munster, who was portrayed by Fred Gwynne, worked at what funeral home?",Quinns Funeral Home,Papavero Funeral Home,"Gateman, Goodbury  Graves Funeral Home",Farengas Funeral Home,C,medium,false,
Television,The Munsters from the eponymous show had a fire-breathing dragon that lived under their staircase. What was the name of their pet ?,Thing,Fang,Lucretia,Spot,D,medium,false,
Television,"Initially, Marilyn, Hermans niece on the show The Munsters was played by Beverley Owen, who left the show in 1964. What was the name of the actress who replaced her?",Pat Priest,Joanne Worley,Dana Plato,Marcia Wallace,A,medium,false,
Television,"On the hit television show The Munsters, this actress played the role of homemaker Lily Munster, who wore goth-style makeup.",Yvonne De Carlo,Hillary Van Dyke,Carolyn Jones,Roxie Roker,A,medium,false,
Television,"Fred Gwynne and Al Lewis played together in another show, before they appeared on The Munsters.",False,True,,,B,medium,false,
Television,"Herman, portrayed by Fred Gwynne on The Munsters, once tried out for which professional baseball team?",Giants,Dodgers,Indians,Mets,B,medium,false,
Television,What year did the original series  The Munsters leave the airwaves?,1966,1974,1976,1968,A,medium,false,
Television,What is the name of the Ultimate Behemoths satellite in The Simpsons?,Van Star 1,Moderate behemoth,Van Star 2,Sputnik,A,medium,false,
Television,Who was Homers boss when he moved to Cypress Creek?,Hank Scorpion,The Scorpion,Hank Scorpio,Scorpio,C,medium,false,
Television,"According to the Springfield Charter, what past time was discovered to be illegal when researching a case of mail threats?",Curling,Midget-tossing,Putting squirrels in your pants for the purposes of gambling,Eating Grasshoppers for money,C,medium,false,
Television,"In The Simpsons, how much does homer pay for Professor Frinks matter transporter?",$0.75,$150,$5.00,"$1,000",A,medium,false,
Television,"Whose gravestone was in the place, where Homer thought his mother was buried?",Walt Whitman,James Joyce,Henry David Thoreau,Jean Jacque Rouseau,A,medium,false,
Television,"What evil contraption did Mr. Burns unleash on Homer, when he tried to get Bart to come back home?",Robotic Richard Simmons,Robotic Carrot top,Robotic Pee Wee Herman,Robotic Marky Mark,A,medium,false,
Television,In what power plant sector does Homer Simpson work ?,7-c,7-d,7-g,7-p,C,medium,false,
Television,"As revealed in The Day the Violence Died, an episode of The Simpsons, who was the original creator of Itchy?",Roger Myers Jr.,Peter Falk,Rogers Myers Sr.,Chester J. Lampwick,D,medium,false,
Television,Homer Simpson dances as a mascot of the Springfield Isotopes to the song Baby Elephant Walk.  Who is the Baby Elephant Walk by?,Henry Mancini,Count Basie,Doc Severinsen,LL Cool J,A,medium,false,
Television,Who is the creator of the animated TV series Family Guy?,Seth Green,Peter Shin,Mike Henry,Seth MacFarlane,D,medium,false,
Television,What year was the animated series Family Guy created?,1990,1992,1999,1995,C,medium,false,
Television,Does Seth Green provide the voice of Peter Griffin on the animated show Family Guy?,No,Yes,,,A,medium,false,
Television,Who taught Eliza Pinchley to speak proper English in the series Family Guy?,Peter,Clevland,Brian,Stewie,D,medium,false,
Television,Which Family Guy character got addicted to cocaine?,Peter,Joe,Brian,Cleveland,C,medium,false,
Television,"In this episode of Family Guy, when burglars break in, the Griffins become hopelessly trapped in their own panic room, prompting Peter to tell the incredible epic story of his family.",Peterotica,Deep Throats,Petergeist,Untitled Griffin Family History,D,medium,false,
Television,"In the animated TV series Family Guy, Meg is the oldest child of Peter and Lois Griffin.",True,False,,,A,medium,false,
Television,The catchphrase Freakin Sweet belongs to which Family Guy character?,Quagmire,Stewie,Clevland,Peter,D,medium,false,
Television,Which character from Family Guy uses the phrase You will bow to me?,Chris,Greased up deaf guy,Stewie,Lois,C,medium,false,
Television,"Which list contains the names of the children on Family Guy, starting with the oldest and ending with the youngest?","Meg, Stewie, Chris","Meg, Chris, Stewie","Stewie, Meg, Chris","Chris, Meg, Stewie",B,medium,false,
Television,"Who does the voices of Peter, Stewie, Brian, Quagmire and Tom Tucker in the animated series Family Guy?",Seth Green,Mike Henry,Seth MacFarlane,Chris Sheridan,C,medium,false,
Television,"Who is Ikes older brother on animated series, South Park?",Kenny,Stan,Cartman,Kyle,D,medium,false,
Television,What South Park character is known for eating Cheesy Poofs?,Cartman,Mr. Garrison,Wendy,Kyle,A,medium,false,
Television,"Jimbo, from TV series South Park, is the uncle of which character?",Cartman,Kyle,Timmy,Stan,D,medium,false,
Television,"On South Park, what role is played by Mrs. Crabtree?",Principal,School Nurse,School Bus Driver,Lunchroom Lady,C,medium,false,
Television,What is Cartmans pigs name on  South Park?,Bacon Bits,Rover,Fluffy,Piggy,C,medium,false,
Television,What country do the people of TVs South Park hate?,Canada,Germany,Russia,China,A,medium,false,
Television,Who is Cartmans father on TV animated series South Park?,Cartman doesnt have a father,His mother,Mr. Garrison,Chef,B,medium,false,
Television,"John Kricfalusi, creator of The Ren  Stimpy Show, once claimed that one of the 4 main South Park characters were stolen from his work.",True,False,,,B,medium,false,
Television,What year and network did South Park make its debut on?,1999 -- MTV,1997 -- Comedy Central,1996 -- MTV,1998 -- Comedy Network,B,medium,false,
Television,Which character on Friends was not related to Ross web of the past?,Phoebe,Rachel,Chandler,Joey,D,medium,false,
Television,How was the father of Rachels child revealed to the characters on the sitcom Friends?,Rachel told them his name.,Ross revealed he was the father.,None of these,Ross claimed the red sweater as his.,D,medium,false,
Television,Ross and Rachel get together at the end of the TV show Friends.,True,False,,,A,medium,false,
Television,"Is it true that at the end of the show Friends, Monica and Chandler get two babies.",No,Yes,,,B,medium,false,
Television,Which Friends character has Ross NOT kissed?,Joey,Phoebe,Monica,Chandler,D,medium,false,
Television,"What year did the sitcom Welcome Back, Kotter make its television debut?",1975,1974,1973,1976,A,medium,false,
Television,"What was the name of the assistant principal on the TV show Welcome Back, Kotter?",Mr. Woodman,Mr.Giles,Mr. Lincoln,Mr. Lewis,A,medium,false,
Television,"This actor, who portrayed Freddie Boom Boom on the show  Welcome Back, Kotter starred  in the 1975 movie Cooley High.",Ron Palillo,Dennis Bowen,Robert Hegyes,Lawrence Hilton-Jacobs,D,medium,false,
Television,"Did John Travolta star on the show Welcome Back, Kotter?",Yes,No,,,A,medium,false,
Television,"In the TV series Welcome Back, Kotter, the wise-cracking teacher Mr. Kotter worked in which high school?",James Buchanan,James Madison,James K. Polk,Grover Cleveland,A,medium,false,
Television,"Ron Palillo played the nerdy Sweathog Arnold on the sitcom Welcome Back, Kotter.  What was the characters last name?",Epstein,Horshack,Borstack,Morstock,B,medium,false,
Television,What was Mr. Kotters first name on the show Welcome Back Kotter?,Gene,Gabe,Bill,Marvin,B,medium,false,
Television,"On the show Welcome Back, Kotter, Kotters wife Julie gave birth to twin girls during the end of the 1976-1977 season. What were their names?",Susan and Francis,Rachel and Robin,Joey and Jessica,Billie and Marcia,B,medium,false,
Television,"The ABC show Welcome Back, Kotter was set in what part of Brooklyn, New York?",Bensonhurst,Dyker Heights,Canarsie,Flatbush,A,medium,false,
Television,"This musician, best known as a founder of The Lovin Spoonful, performed the theme song of  Welcome Back, Kotter.",Peter Frampton,John Sebastian,Mick Jagger,Rod Stewart,B,medium,false,
Television,What year did the popular television show Family Matters first hit the airwaves?,1993,1990,1995,1989,D,medium,false,
Television,Where did the Winslows live on the popular television show Family Matters?,Philadelphia,Los Angeles,Chicago,New York,C,medium,false,
Television,What was Carl Winslows profession on the sitcom Family Matters?,Stock Broker,Security Officer,Manager of a department store,Police Officer,D,medium,false,
Television,How many children did the Winslow family have in the TV series Family Matters?,2,4,1,3,D,medium,false,
Television,What was the name of Eddie Winslows best friend on the popular television show Family Matters?,Cockroach,Waldo,Buddy,Boner,B,medium,false,
Television,Family Matters was a spin-off from the hit 80s television show Perfect Strangers?,True,False,,,A,medium,false,
Television,What was the name of the debonair boy that Steve created in Family Matters in order to get Laura to like him?,Stefan Urquelle,Stefan Armstrong,Joe Patterson,Steve Dogg,A,medium,false,
Television,"In the TV series Family Matters, Steve and the Winslow family flew to Paris on which of Steves inventions?",The Urk - Pad,Steves Saucer,Urkels Jet,The Fun Balloon,A,medium,false,
Television,What year did the popular television show Family Matters leave the airwaves?,1999,2000,1996,1998,D,medium,false,
Television,"How many episodes of the show Friends are there altogether from its start on September 22, 1994, to the last episode on May 6, 2004?",305,199,278,236,D,medium,false,
Television,Which of these is not one of the numerous songs Phoebe wrote throughout the ten seasons of Friends?,Little Black Curly Hair,Smelly Car,The 66 Colours of My Bedroom,Double-jointed Boy,B,medium,false,
Television,What is the name of the nanny  Rachels had as a child In the popular sitcom Friends?,Mrs. Maples,Miss Krupp,Miss May,Mrs. K,D,medium,false,
Television,"In one of the episodes of Friends, how many cookies must Ross sell, so that Sarah can go to space camp? Shes already sold 75.",319,287,400,100,C,medium,false,
Television,"In an episode of Friends, we learn that when Ross was 4 years old, he made his father cry by doing what?",He washed his Porsche with rocks.,He drove the Porsche out of the garage and crashed it.,He told him he didnt love him.,He cut up his favourite suit.,A,medium,false,
Television,There comes a point in Friends where Chandler is desperately trying to break up with his girlfriend Janice. What address does Chandler tell Janice to write to when he tells her he was going away?,He didnt give her an address,"19 Yemen Ave, Yemen Town","The Grand Hotel of Yemen, Rm5, Yemen","15 Yemen Road, Yemen",D,medium,false,
Television,"In season five of Friends, where are the friends going, when Phoebe goes into labour with the triplets?",Central Park,Vermont,Central Perk,Atlantic City,D,medium,false,
Television,Who was the first to propose to Phoebe in Season 9 of  Friends?,David,Duncan,Gary,Mike,D,medium,false,
Television,"In the popular sitcom Friends, Phoebes half brother Frank likes doing what?",Cooking stuff,Burning stuff,Making stuff,Melting stuff,D,medium,false,
Television,"Several of the Seinfeld plots hatched in the booth of which restaurant often frequented by Jerry, George, Elaine and Kramer?",Tonys Place,Marios,Monks Cafe,Jims Eats,C,medium,false,
Television,Fred Flintstone and Barney Rubble of The Flintstones were members of what club?,Twinkle Toe Tappers,Loyal Order of Water Buffaloes Lodge,The Sabertooth Tigers,Caveman Coven,B,medium,false,
Television,"Archie Bunker, a character on All in the Family would frequent this local bar, which he later bought and renamed Archie Bunkers Place.",Kelcys Bar,Tommys Place,The White Room,Murrays Bar,A,medium,false,
Television,"On the animated sitcom Family Guy, Peter Griffin and his buddies can be found at which bar?",The Octopus Lounge,The Drunken Muscle,The Breaded Clam,The Drunken Clam,D,medium,false,
Television,The FYI team on Murphy Brown often had lunch at this bar.,Arties,Joes,Sams,Phils,D,medium,false,
Television,The surgeon of M*A*S*H could be found drinking at this establishment close to the camp.,Hot Lips Lounge,Swiftys Bar,Sues Place,Rosies Bar,D,medium,false,
Television,"Ursula, an extremely forgetful waitress on Mad About You worked at what bar?",Ralphs,Riffs,Rodneys,Rogers,B,medium,false,
Television,What is the name of the local restaurant where the characters on Threes Company meet for a few drinks?,Furleys,The Regal Beagle,The Legal Eagle,Chrissys Bar,B,medium,false,
Television,The main characters from Friends go to chat at which fictional coffee shop?,Central Perk,New York Times,Coffee House,Hot Coco,A,medium,false,
Television,What was the favorite after-school hangout for the students in Happy Days?,Arnolds,Harolds,Pats,Chips,A,medium,false,
Television,"On Taxi, the taxi drivers for The Sunshine Cab Company frequented which bar?",Regers,Dannys,Jims Marios,Louies,C,medium,false,
Television,What year did the show The Partridge Family make its debut on television?,1974,1975,1970,1971,C,medium,false,
Television,"Who played the mother Shirley partridge on the 70s television show, The Partridge Family?",Shirley Jones,Shirley Booth,Marion Ross,Shirley Johns,A,medium,false,
Television,What was the name of the manager of the Partridge family on the self-titled 70s hit television show?,Andy Milonakis,Ricky Moore,Reuben Kinkaid,Reuben Cartwright,C,medium,false,
Television,The sitcom The Partridge Family was loosely based on the real life story of which popular recording band?,The DeFranco Family,The Cowsills,The Osmonds,The Jackson 5,B,medium,false,
Television,"Shirley Jones and David Cassidy were the only band members who actually sang on the TV series, The Partridge Family.",True,False,,,A,medium,false,
Television,What was the name of the Partridges dog on the show The Partridge Family?,Simone,Woodstock,Peace,Nina,A,medium,false,
Television,"Which actor played the role of Chris Partridge from 1970 to 1971, on the show The Partridge Family?",Danny Bonaduce,Jeremy Gelbwaks,Brian Forster,Ricky Segall,B,medium,false,
Television,"This L.A. Law star played Laurie Partridge, a character from the hit show The Partridge Family .",Susan Pesklevitz,Maureen McCormick,Susan Dey,Suzanne Crough,C,medium,false,
Television,What year did the popular show The Partridge Family go off of the airwaves?,1977,1974,1979,1972,B,medium,false,
Television,"How did the Partridge Family, from the self-titled show, travel around from city to city to perform their concerts?",School Bus,Motorcycles,Boat,Airplane,A,medium,false,
Television,"In the  American television sitcom Full House, who was Pam Tanner?",Dannys wife and Jesses sister,Dannys wife and Joeys sister,Jesses wife and Dannys sister,Joeys wife and Dannys sister,A,medium,false,
Television,"In the sitcom Full House, Pams death occurred in the middle of the first season.",False,True,,,A,medium,false,
Television,"In Full House, we could see Pam Tanner only once in a home video that Danny recorded the day when Michelle was brought home from the hospital.",False,True,,,B,medium,false,
Television,"Jesse, a character on the Sitcom Full House was introduced by what last name in the first season of the series?",Gladstone,Cochran,Tanner,Gibler,B,medium,false,
Television,"In Full House, initially D.J.s boyfriend was referred to as Steve Peters. Later on in the series, his name was changed into what?",Steve Tanner,Steve Russell,Steve Lawless,Steve Hale,D,medium,false,
Television,"In the popular American television sitcom Full House, who was the best friend of the eldest daughter D.J.?",Kathey Gibbler,Kathey Santony,Kimmy Santony,Kimmy Gibbler,D,medium,false,
Television,Who were Michelles first best friends in the Full House series?,Nikki and Alex,Teddy and Denise,Teddy and Nikki,Denise and Alex,B,medium,false,
Television,"In the sitcom Full House, Stephanie had many different friends since kindergarten, but she never had a really  good friend until she met whom in DiMaggio Junior High?",Jerrica,Gina,Jennifer,Gia,D,medium,false,
Television,"In the pilot episode of Full House, where did D.J. move to when Jesse moved in and she was obliged to share a room with Stephanie?",In Dannys room,In a tent,In the attic,In the garage,D,medium,false,
Television,"In season 1 of Full House, the youngest of the Tanner girls, Michelle, addressed her first words, dada to whom?",Joey,Danny,Jesse and Joey,Jesse,C,medium,false,
Television,"In an episode of the Full House series, when Jesse, Joey, and Stephanie caught the chicken pox, who stayed home to look after Michelle so she wouldnt get it?",Steve,Danny,Kimmy,D.J.,D,medium,false,
Television,"On Full House, once D.J. wanted badly to have an autograph from her favourite singer and pretended to be sick in order to skip school and get it. Who was that singer?",Stacys Mom,Stacy Q,Susie Q,Jo De,B,medium,false,
Television,"In the sitcom Full House, this actor played Steve, D.J.s cousin, but was the actress brother in real life.",Bobby Cameron,Kirk Cameron,Billy Cameron,Jason Cameron,B,medium,false,
Television,"In the sitcom Full House, when Jesse went skiing with his friends and Danny told  D.J. and Stephanie that he had left and would probably not return, they became very sad. What plan did they make up to get him back?",To call him and tell him Danny was dying,To call him and announce Danny was getting married,To call him and tell him that Machelle was sick,To call him and beg him to come back,C,medium,false,
Television,"What song was played in the Full House series, after Jesse got a phone call from the girls while he was gone skiing?",Will You Still Love Me Tomorrow,Stop In the Name of Love,Baby Love,Please Forgive Me,C,medium,false,
Television,"In the sitcom Full House, Stephanie loved one of her toys best. What was its name?",Mr. Rabbit,Mr. Bell,Mr. Bear,Mr. Dog,C,medium,false,
Television,In the Full House series it was revealed that Jesses first name was actually what?,Guthery,Homer,Hermes,Archie,C,medium,false,
Television,"On the TV show Full House, Stavros was what kind of relative to Jesse?",His uncle,His father,His brother,His cousin,D,medium,false,
Television,What was Jesses popular catchphrase on the show Full House?,Have Mercy!,Cut.. it.. out!,How rude!,You got it dude!,A,medium,false,
Television,What was Dannys middle name on the show Full House?,Gurtrued,Audrey,Ernest,Gretchen,C,medium,false,
Television,What was Joeys catchphrase on the show Full House?,You got it dude!,How rude!,Have mercy!,Cut it out!,D,medium,false,
Television,What was D.J.s full first name on the sitcom Full House?,Donna Jane,Diana Jo,Diana Jane,Donna Jo,D,medium,false,
Television,What was Stephanies catchphrase on the show Full House?,"You’re in big trouble, Mister!",Cut it out!,How rude!,Have mercy!,C,medium,false,
Television,What was Michelles catchphrase in Full House series?,You got it dude!,Have mercy!,Cut it out!,How rude!,A,medium,false,
Television,On the show Full House Jesse gave Michelle what nickname?,Little princess,Munchkin,Pumkin,Squirt Jr.,B,medium,false,
Television,What was the name of Jesses wife on Full House?,Kimberly,Victoria,Rebecca,Janet,C,medium,false,
Television,What were the names of Jesses identical twin sons on the sitcom Full House?,Nicky and Andrew,Nicky and Alex,Andrew and Alex,Nelson and Alex,B,medium,false,
Television,"What song did Jesse, a character from Full House, sing to his wife at their wedding?",Forever,I Am Yours,I Honestly Love You,Still Loving You,A,medium,false,
Television,"What did Jesse do on his wedding day, in season 4 of Full House?",Went paragliding,Ran away from the church and got on a plane for Africa,Ran away and went skiing,Jumpped out of a plane,D,medium,false,
Television,What did Jesse ask Joey to do if he didnt come back alive on his wedding day?,He told him to marry Becky.,He told him to find Becky a new husband.,He told him to tell Becky he will be at the wedding.,He told him to tell every one what he had done.,A,medium,false,
Television,In what town did Jesse turn out to be just half an hour before the beginning of his wedding in the sitcom Full House?,Pickle Country,Watermelon Country,Tomato Country,Orange Country,C,medium,false,
Television,"On the TV show The Love Boat, Burl Gopher Smith was a dimwitted crew member aboard the Pacific Princess. What exactly was his job?",bartender,cruise director,yeoman purser,medical doctor,C,medium,false,
Television,"Slow and forgetful, but always very likable, Coach Ernie Pantusso provided lots of laughs on the show Cheers for its first three seasons. Which of the following actors played The Coach?",John Ratzenberger,Nicholas Colasanto,George Wendt,Woody Harrelson,B,medium,false,
Television,"This plump, pink, friendly character is SpongeBobs best friend in the TV cartoon series SpongeBob SquarePants.",Plankton,Mr.T,Patrick Star,Squidward,C,medium,false,
Television,"These twins in the animated TV series, Rugrats enjoy playing in mud and eating worms and insects.",Lil and Phil,Tommy and Chuckie,Tommy and Angelica,Phil and Dil,A,medium,false,
Television,"In the animated series Rugrats, Chuckie Finster is afraid of Santa Claus, clowns, and the guy on the oatmeal box.",True,False,,,A,medium,false,
Television,"Is it true that in the animated series Rugrats, Tommy Pickles and the evil-minded Angelica are cousins?",No,Yes,,,B,medium,false,
Television,"In the animated TV series, The Simpsons, Bart is how many years older than his sister Lisa?",4,1,2,9,C,medium,false,
Television,"What is the job of Homer Simpson, the overweight and lazy character in the animated TV series The Simpsons?",lawyer,high school teacher,football coach,safety inspector,D,medium,false,
Television,What is the name of SpongeBobs pet snail in the animated TV series SpongeBob SquarePants?,Gary,Jarry,Yoshi,Larry,A,medium,false,
Television,"Is it true that in Lisas First Word, an episode from The Simpsons, Maggie speaks for the first time?",No,Yes,,,B,medium,false,
Television,"What is the favourite TV show of SpongeBob, the main character in the animated series, SpongeBob SquarePants?",Patrick and Sandy,Mermaiddude and Barnacleman,Squidward and Mr.Crabbs,Mermaidman and Barnacleboy,D,medium,false,
Television,What year did the sitcom I Dream of Jeannie premiere?,1964,1966,1963,1965,D,medium,false,
Television,Which popular screenwriter and novelist  created the TV series I Dream of Jeannie?,William Asher,Barbara Eden,Sidney Sheldon,Mel Brooks,C,medium,false,
Television,What town does Major Anthony Nelson live in on the I Dream of Jeannie TV series?,"Miami, Florida","Tampa, Florida","Cocoa Beach, Florida","Key West, Florida",C,medium,false,
Television,What part of Jeannies anatomy didnt the censors allow to be shown in the TV series I Dream of Jeannie?,Underarms,Navel,Ear lobes,Knees,B,medium,false,
Television,"Who portrayed Major Roger Healey, Major Nelsons best friend on the popular sitcom I Dream of Jeannie?",Bill Daily,Barton MacLane,Hayden Rorke,Larry Hagman,A,medium,false,
Television,"When was Jeannie, one of the central characters on I Dream of Jeannie, born?","April 1, 64 B.C.",Genies are not born,The year Anthony Nelson opened her bottle,1964,A,medium,false,
Television,"In the TV series I Dream of Jeannie, what language does Jeannie speak when Captain Nelson releases her from the bottle?",Greek,Persian,Mayan,Spanish,B,medium,false,
Television,What year did the show I Dream of Jeannie go off the air?,1973,1971,1972,1970,D,medium,false,
Television,What was Andy Taylors occupation on The Andy Griffith Show?,Dentist,Deputy,Sheriff,Lawyer,C,medium,false,
Television,Who lived with Andy and his son Opie on The Andy Griffith Show?,Andys wife and Opies Mom,Aunt Bee,No one,Barney,B,medium,false,
Television,Which character on The Andy Griffith Show was always in competition with Aunt Bee?,None of these,Thelma Lou,Helen Crump,Clara Edwards,D,medium,false,
Television,"On the Andy Griffith Show, Opie usually got the lowest grades in what subject?",Social Studies,Biology,English,Math,D,medium,false,
Television,What branch of the service did Gomer Pyle join on The Andy Griffith Show?,Marines,Navy,Army,Air Force,A,medium,false,
Television,"In one episode of The Andy Griffith Show, Andy had three dinners, all consisting of lasagna.",True,False,,,B,medium,false,
Television,"On The Andy Griffith Show, Barney and Thelma Lou always ate caramel popcorn and watched Gunsmoke on Thursday nights.",False,True,,,A,medium,false,
Television,"The little boy, Leon, who appeared in some episodes of The Andy Griffith Show, always offered everyone a bite of his tuna fish sandwich.",False,True,,,A,medium,false,
Television,The first name of the barber on The Andy Griffith Show was Floyd.,False,True,,,B,medium,false,
Television,Who was Fred and Barneys boss in the popular animated series The Flintstones?,Mr. Slate,Mr. Quartz,Mr. Rockhead,Mr. Granite,A,medium,false,
Television,"The cartoon Top Cat was considered too mature for Saturday mornings, so it was moved to prime time like The Flintstones.",False,True,,,B,medium,false,
Television,Which Hanna-Barbera cartoon featured a boy parachuting from a crashing plane and saved by a caveman?,Mighty Mightor,Dino-Boy in the Lost Valley,Land of the Lizards,One Million Years Ago,B,medium,false,
Television,Which of the following cartoons was not created by Hanna-Barbera?,Huckleberry Hound,Yogi Bear,Moby Dick,Popeye,D,medium,false,
Television,"In the animated series The Flintstones, Fred and Barney were members of  what lodge organization?",Society of Grand Poobahs,Order of Water Buffaloes,Saber-Tooth Tiger Society,Fraternal Order of Teradactyls,B,medium,false,
Television,What fixture of Als diner and eventually Arnolds did The Fonz like to hang around by in the Happy Days series?,His personal booth,The front door,The bar,The jukebox,D,medium,false,
Television,What area of Als Diner did the Fonz refer to as my office in the hit sitcom Happy Days?,The mens room,His personal booth,The kitchen,The parking lot,A,medium,false,
Television,Originally The Fonz from Happy Days was going to be called Mash.,False,True,,,B,medium,false,
Television,What was The Fonz most prized possession on the face of the Earth in Happy Days?,His nickname,His motorcycle,His hair,His home,B,medium,false,
Television,The Happy Days character Fonz had his own cartoon.,False,True,,,B,medium,false,
Television,What did The Fonz do for a living according to the Happy Days sitcom?,He was a stunt driver.,He was unemployed.,He was a mechanic.,He was a motorcycle salesman.,C,medium,false,
Television,Henry Winkler always wore a real leather jacket on camera while Happy Days was filming.,False,True,,,A,medium,false,
Television,"In one episode of Happy Days, The Fonz jumped over something while water skiing. That episode led to a popular term for a show that has began its decline or hit rock bottom. What was the thing the The Fonz jumped?",A shark,Richie Cunningham,A group of swimmers,A boat,A,medium,false,
Television,What year did the TV series The Love Boat  first hit the airwaves?,1980,1983,1972,1977,D,medium,false,
Television,What was Captain Stubings first name on the hit television show The Love Boat ?,Reuben,Sidney,Monty,Merrill,D,medium,false,
Television,What was the name of the group of eight dancers on the hit television show The Love Boat?,Ocho Bonita,The Love Boat Mermaids,Hot  Ladies,Eight is Great,B,medium,false,
Television,Desperate Housewives actress Teri Hatcher was a cast member of The Love Boat.,False,True,,,B,medium,false,
Television,What was the name of the cruise ship on the hit television show The Love Boat?,Zsa Zsas Princess,The Pacific Princess,Stubings Boat,Little Vicki,B,medium,false,
Television,"In the TV series The Love Boat, Cruise Director Julie McCoy was played by what actress?",Ann Jillian,Lauren Tewes,Elke Sommer,Jill Whelan,B,medium,false,
Television,What was Isaacs profession on the sitcom The Love Boat?,Lifeguard,Bartender,Waiter,Card dealer in  the casino,B,medium,false,
Television,What actor portrayed Dr. Adam Bricker in the TV show The Love Boat?,John Ritter,Arthur Fonzarelli,Bernie Kopell,Ted Knight,C,medium,false,
Television,Did Ted McGinley play a photographer on the hit television show The Love Boat ?,True,False,,,A,medium,false,
Television,What year did the long-running television show The Love Boat end its original run on the airwaves?,1980,1983,1986,1999,C,medium,false,
Television,I say What you talkin bout Willis you say _________.,Silver Spoon,Diffrent Strokes,Benson,The Facts of Life,B,medium,false,
Television,"I say come here KITT car, you say ______.",Magnum P.I.,Knight Rider,Starsky and Hutch,The A-Team,B,medium,false,
Television,"I say Who was that masked man?, you say ________.",The Dukes of Hazzard,The Greatest American Hero,The Lone Ranger,Six Million Dollar Man,C,medium,false,
Television,"I say I pity the fool, you say _______.",Hardcastle and McCormick,Magnum P.I.,The A-Team,Kojak,C,medium,false,
Television,"I say Cliff and Norm, you say __________.",My Two Dads,Perfect Strangers,Cheers,Bosom Buddies,C,medium,false,
Television,"I say Alan Thicke and Kirk Cameron, you say _________.",My Two Dads,Full House,Mad About You,Growing Pains,D,medium,false,
Television,"I say Screech, you say _______.","Doogie Howser, M.D.",Facts of Life,Saved by the Bell,Roseanne,C,medium,false,
Television,"I say Rock around the Clock, you say ________.",Happy Days,Samford and Son,Good Times,Welcome back Kotter,A,medium,false,
Television,What year did the hit television show Alice first hit the airwaves?,1968,1975,1979,1976,D,medium,false,
Television,"On the hit show Alice, there was a waitress named Flo who was famous for what catchphrase?",Shut up!,Kiss my butt!,Sit on it!,Kiss my grits!,D,medium,false,
Television,What was the name of the diner at which Alice Hyatt worked in the 70s television show Alice?,Alices Tasty Treats,Mels Diner,The Red Wagon,Cactus Jacks,B,medium,false,
Television,Which movie inspired the idea for the hit television show Alice?,Alice in Wonderland,Carrie,Alice Doesnt Live Here Anymore,The Boy in The Plastic Bubble,C,medium,false,
Television,The popular 70s show Alice is set in which city?,Texas,New York,"Phoenix, Arizona",New Jersey,C,medium,false,
Television,"Philip McKeon, who plays Tommy Hyatt on the hit television show Alice, is related to Nancy McKeon, a cast member of  The Facts of Life?",True,False,,,A,medium,false,
Television,What veteran actress played Mel Sharples mother on the sitcom Alice?,Carol Channing,Lucille Ball,Phyllis Diller,Martha Raye,D,medium,false,
Television,"What was the name of the clumsy waitress, played by Beth Howland, on the television show Alice?",Belle,Meredith,Vera,Jolene,C,medium,false,
Television,"Who sang Theres a New Girl in Town, the theme song of the popular 70s television show Alice?",Linda Lavin,Carole King,Carly Simon,Melissa Manchester,A,medium,false,
Television,What year did the popular 70s show Alice finally leave the airwaves?,1986,1989,1981,1985,D,medium,false,
Television,In what city do the Charmed ones live on the TV show by the same name?,"Chicago, IL","San Francisco, CA","Los Angeles, CA","New York City, NY",B,medium,false,
Television,Which sister has died by a dart poisoning on the TV show Charmed?,Phoebe,Prue,Piper,Paige,C,medium,false,
Television,"In the 1st episode of Charmed, which sister was afraid to go into a church?",Prue,Phoebe,Paige,Piper,D,medium,false,
Television,"In the TV show Charmed, which sister dated a demon?",All of these,Paige,Piper,Phoebe,A,medium,false,
Television,"On Charmed, which sister has the ability to ORB?",Phoebe,Paige,Piper,Prue,B,medium,false,
Television,"On Charmed, which sister first discovered that the sisters were the charmed ones?",Piper,Phoebe,Prue,Paige,B,medium,false,
Television,Which of the Charmed sisters was married in a dark wedding?,Piper,Prue,Phoebe,Paige,C,medium,false,
Television,The television series M*A*S*H were originally aired on the CBS network from September 1972 until February 1983 how many days of the week?,4,5,7,2,B,medium,false,
Television,Which of the following actors did not make a guest appearance on the TV show M*A*S*H?,Laurence Fishburne,John Travolta,Andrew Dice Clay,Ron Howard,B,medium,false,
Television,Episode 15 of season 1 of the TV series M*A*S*H was titled Tuttle. Hawkeye and Trapper made up the character of Captain Tuttle so that they could give supplies to the orphanage. They ended up giving all his back pay to the orphanage as well. What were Captain Tuttles first name and middle initial?,Samuel J.,Jonathan S.,Benedict T.,Jehosephat Y.,B,medium,false,
Television,"What is the name the short-lived TV show, an extract of which you can hear in the audio hint?",Streets of San Fransisco,Police Squad,The Rookies,S.W.A.T.,D,medium,false,
Television,Name this popular comedy that began its 5-year run in 1978.,WKRJ in Cincinnati,WKRP in Cincinnati,WMRP in Cincinnati,WJRP in Cincinnati,B,medium,false,
Television,The main character in this show whose theme you will hear lived and worked out of his ranch home.,False,True,,,A,medium,false,
Television,What is the name of this popular 70s TV show you will hear and extract from?,The Six Billion Dollar Man,The Bionic Man,The Six Million Dollar Man,None of These,C,medium,false,
Television,What is the name of this TV show that remained short-lived due to tragic circumstances?,Kojak,Sanford and Son,Chico and the Man,One Day at a Time,C,medium,false,
Television,A cast member from this show had a #1 Billboard Music single.,False,True,,,B,medium,false,
Television,What year did the show I Dream Of Jeannie first hit the airwaves?,1972,1970,1965,1966,C,medium,false,
Television,How old is Jeannie on the hit television show I Dream Of Jeannie ?,"1,400 years old","2,000 years old",26 years old,150 years old,B,medium,false,
Television,"In season 1 of I Dream Of Jeannie, Major Nelson was engaged to General Stones daughter. What was her first name?",Diane,Susan,Barbara,Melissa,D,medium,false,
Television,"What was the name of the base psychiatrist on the show I Dream of Jeannie, portrayed by actor Hayden Rorke?",Kildare,Zhivago,Bellows,Doolittle,C,medium,false,
Television,What was the name of Major Nelsons best friend on the hit television show I Dream Of Jeannie?,Major Tom Wilcox,Captain Williams,Major Roger Healey,Major Tom,C,medium,false,
Television,"On the hit television show I Dream Of Jeannie, Jeannie was not allowed to show what part of her body?",Buttocks,Breasts,Navel,Legs,C,medium,false,
Television,Did Major Anthony Nelson and Jeannie ever get married on the hit television show  I Dream Of Jeannie ?,Yes,No,,,A,medium,false,
Television,What did Jeannie call Major Anthony Nelson on the popular sitcom I Dream Of Jeannie ?,Ol Great One,Master,Tony,Antney,B,medium,false,
Television,What  General replaced General Stone after the 1966 season of the famous television show I Dream Of Jeannie?,General Lee,General Mac Arthur,General Thomkins,General Peterson,D,medium,false,
Television,What year did the hit television show I Dream Of Jeannie leave the airwaves?,1975,1969,1974,1970,D,medium,false,
Television,"In a Brady Bunch episode, Bobby lies to his friends telling them that a certain professional football player is dropping by for dinner with the Bradys.  Bobbys friends are looking forward to meeting the NFL star because he is playing an exhibition game in town the next week.  Who was this famous guest star ?",Deacon Jones,Don Drysdale,Bubba Smith,Joe Namath,D,medium,false,
Television,"In an episode of The Brady Bunch, Greg appears to be sick.  Alice discovers a love note he wrote to a mysterious girl named Linda.  Mike and Carol attempt to resolve the problem by trying to find out who Linda is.  Linda is actually Gregs math teacher.  She has a famous boyfriend who is a major league baseball player.  Who is the famous guest star in this episode?",Tony Cacciolo,Don Drysdale,Tom Seaver,Wes Parker,D,medium,false,
Television,"Marcia from The Brady Bunch is president of a fan club at school.  She  promises to get a certain famous singer to appear at the prom, but she doesnt even know how to get in touch with him. Who is this famous singer that Marcia wants to get to perform at her prom?",Davy Jones,Desi Arnaz Jr.,Mickey Dolenz,Mike Nesmith,A,medium,false,
Television,"Marcias diary, in which she has confided her deep feelings for this famous person, is accidentally given away by her sister Cindy in an episode of The Brady Bunch.  She is so mad at Cindy she stops talking to her.  Mike and Carol begin searching the towns used book stores for the diary.  What famous person finds her diary and brings it to the Brady residence?",Davey Jones,"Desi Arnaz, Jr.",Buzz Aldrin,Alan Shepherd,B,medium,false,
Television,Peter is being harassed by his football team for joining the glee club.  A professional football player shows up at practice and tells Peters teammates that he also used to be part of a glee club when he was younger.  Which famous football player appeared on The Brady Bunch?,Deacon Jones,Rosie Greer,Mean Joe Green,Bubba Smith,A,medium,false,
Television,"The Brady Bunch family is in Hawaii. The boys find a tiki idol and have to return it to a cave. When arriving at the cave, they get held hostage by an archaeologist who thinks that the Brady boys are up to no good. What famous person plays the part of the archaeologist?",Vincent Price,Jackie Coogan,Hal Smith,Jeff Rotull,A,medium,false,
Television,What year did Nickelodeons Drake And Josh first hit the airwaves?,2001,2002,1999,2004,D,medium,false,
Television,Drake And Josh is a spin-off of Nickelodeons The Amanda Show?,False,True,,,B,medium,false,
Television,What is the name of Drake Bells band in real life?,The Wolverines,The Teenagers,24/7,D and J,C,medium,false,
Television,When was actor and singer Drake Bell born?,"July 4, 1976","September 4, 1990","August 31, 1988","June 27, 1986",D,medium,false,
Television,What is actor Josh Pecks favorite food to eat?,Knishes,Pizza,Lasagna,Baked Ziti,B,medium,false,
Television,"In 2002, Josh Peck from the hit television show Drake And Josh started playing what musical instrument?",Piano,Drums,Guitar,Slide Trombone,A,medium,false,
Television,"Who plays Drake and Joshs sister, Megan Parker on the hit television show Drake And Josh?",Ashley Tisdale,Joshetta Peck,Miranda Cosgrove,Hillary Duff,C,medium,false,
Television,Who is Drake Bells musical idol in real life?,John Lennon,Elton John,Jimi Hendrix,Tommy James,A,medium,false,
Television,What is Joshs hobby on the show Drake And Josh?,Baseball,Knitting,Crocheting,Cooking,D,medium,false,
Television,Actor and singer Drake Bell received private guitar lessons from which Rock and Roll legend?,Roger Daltrey,Peter Frampton,Jimi Hendrix,Bob Dylan,A,medium,false,
Television,"On the show Drake And Josh, Josh Nichols writes for the school newspaper under what pen name?",Just Josh,Joshadosh,Josho,Miss Nancy,D,medium,false,
Television,How did Josh and Drake become brothers on the sitcom Drake and Josh?,Drake was adopted,Drakes mother married Joshs father,Josh was adopted,They both were adopted from different families and placed together,B,medium,false,
Television,What year did The Andy Griffith Show begin?,1961,1962,1963,1960,D,medium,false,
Television,What was the last name of Andy Griffiths on the self-titled show?,Fife,Taylor,Griffith,Pyle,B,medium,false,
Television,"On The Andy Griffith Show, Opie Taylor was played by which of these actors?",Ken Berry,George Lindsey,Don Knotts,Ron Howard,D,medium,false,
Television,This character from The Andy Griffith Show bowled a perfect 300 score for the Mayberry bowling team.,Emmett Clark,Goober Pyle,Howard Sprague,Ernest T. Bass,C,medium,false,
Television,Who was the Mayberry town drunk on The Andy Griffith Show?,Ernest T. Bass,Floyd Lawson,Otis Campbell,Gomer Pyle,C,medium,false,
Television,Floyd Lawson was the barber in Mayberry on The Andy Griffith Show.,True,False,,,A,medium,false,
Television,Jim Nabors left The Andy Griffith Show and started his own spin off called Gomer Pyle U.S. Air Force.,True,False,,,B,medium,false,
Television,"Who played Ernest T. Bass, a character who only appeared in 8 episodes of The Andy Griffith Show?",Howard Morris,Roy Engel,Burt Mustin,Paul Hartman,A,medium,false,
Television,Ron Howard has a brother named Clint Howard who played which character on The Andy Griffith Show?,Leon,Clay,Anthony,Jimmy,A,medium,false,
Television,What year did The Andy Griffith Show stop airing new episodes?,1967,1969,1965,1968,D,medium,false,
Television,"What 80s show had characters named Hannibal, Faceman, Murdock  B.A. Baracus?",The A-Team,Battlestar Galactica,The Muppet Show,Knight Rider,A,medium,false,
Television,The main character of this show was a huge Detroit Tigers fan. He lived in Robins Nest with Zeus and Apollo. Listen to the track and choose the correct name of this show.,Miami Vice,Matt Houston,Magnum PI,The Powers of Matthew Star,C,medium,false,
Television,The theme song you can hear in the audio file belonged to a show which ran from 1978-1991 and centered around a wealthy family that lived on a huge ranch called South Fork.,Knots Landing,Dallas,Dynasty,Falcon Crest,B,medium,false,
Television,"Listen to the track and choose the correct name of this show that ran from 1985-1992 and was set in Miami, Florida.",The Golden Girls,Flipper,Miami Vice,CSI Miami,A,medium,false,
Television,What year did the hit television series Barney Miller first hit the airwaves?,1975,1972,1974,1973,A,medium,false,
Television,Who played the role of Barney Miller on the hit television show Barney Miller?,Maxwell Gail,Hal Linden,Dennis Franz,Steve Landesberg,B,medium,false,
Television,What city was the television show Barney Miller set in?,New York City,Philadelphia,Chicago,Los Angeles,A,medium,false,
Television,This veteran actor who played Nick Yemana on the TV show Barney Miller died in January of 1979.,Jack Soo,Ron Glass,Don Carey,Abe Vigoda,A,medium,false,
Television,Who played Detective Wojohowicz in the hit television series Barney Miller?,James Gregory,Maxwell Gail,Ron Carey,Michael Tessier,B,medium,false,
Television,Which TV show was a spin-off  from the Barney Miller series?,The Precinct Blues,Fish,Cops are People Too !,The 12th Precinct,B,medium,false,
Television,"What was the name of the know-it-all detective, played by Steve Landesberg on the show Barney Miller?",Detective Ron Harris,Detective Baptista,Detective Arthur Dietrich,Detective Chano Amenguale,C,medium,false,
Television,Was Linda Lavin from the popular 70s show Alice ever a regular cast member on the hit television show Barney Miller?,No,Yes,,,B,medium,false,
Television,What was the first  name of  Detective Fishs wife in the comedy series Barney Miller?,Gladys,Edith,Jennifer,Bernice,D,medium,false,
Television,What year did the popular show Barney Miller finally leave the airwaves?,1979,1986,1980,1982,D,medium,false,
Television,Which of the following soap operas is on ABC (American Broadcasting Company)?,Young and the Restless,Guiding Light,One Life to Live,Bold and the Beautiful,C,medium,false,
Television,What year did Good Morning America first begin broadcasting on ABC?,1975,1965,1981,1969,A,medium,false,
Television,How many years was the show American Bandstand aired on ABC?,28,20,30,34,C,medium,false,
Television,Spider-Man and His Amazing Friends was a popular cartoon which aired on ABC for 4 years in the 80s.,False,True,,,A,medium,false,
Television,"Of the following, who did not play one of Roseannes children on the show Roseanne?",Garret Hazen,Cole Roberts,Sarah Chalke,Sara Gilbert,A,medium,false,
Television,Which of these singers has never appeared on the Mickey Mouse Club?,Christina Aguilera,Britney Spears,Jessica Simpson,Justin Timberlake,C,medium,false,
Television,Which of these is not an ABC TV show?,Wonder Years,Empty Nest,Spin City,Growing Pains,B,medium,false,
Television,Who has never been a host on ABCs The View?,Meredith Vieira,Lisa Ling,Elisabeth Hasselbeck,Julia Barr,D,medium,false,
Television,When did Will and Grace appear on TV for the first time?,"September 21, 1998","January 15, 1998","March 26, 1998","August 03, 1998",A,medium,false,
Television,"On the TV show Will and Grace, Jack McFarland, Karens best friend, found a long lost son, a shortly after he found out his father was dead.",True,False,,,A,medium,false,
Television,"In Will and Grace Karens maid, Rosario Salazar, is played by Shelley Morrison.",True,False,,,A,medium,false,
Television,What is Will Trumans occupation in Will and Grace?,Entrepreneur,Consultant,Lawyer,Clerk,C,medium,false,
Television,Which one of these actors didnt guest star on the sitcom Will and Grace?,Eric Stoltz,Taye Diggs,Andy García,Daniel Baldwin,D,medium,false,
Television,Which actor/actress didnt appear on Will and Grace?,Rosie ODonnell,Sara Gilbert,Jennifer Aniston,Beau Bridges,C,medium,false,
Television,On the TV show Will and Grace Jacks become a backup dancer for what female singer?,Ashanti,Mariah Carey,Beyonce,Jennifer Lopez,D,medium,false,
Television,When did Will and Grace go off air?,"May 6, 2006","May 20, 2006","May 18, 2006","May 16, 2006",C,medium,false,
Television,"In the M*A*S*H TV series, what was the name of Radars Uncle who was his father figure back home?",Uncle Mo,Uncle Darryl,Uncle Ed,Uncle Steve,C,medium,false,
Television,What is Corporal OReillys home state according to the M*A*S*H series?,Kansas,Minnesota,Indiana,Iowa,D,medium,false,
Television,Radar OReilly appeared in 4 adaptations of M*A*S*H projects.,True,False,,,A,medium,false,
Television,Which fellow M*A*S*H character did Radar worship as a hero?,Hawkeye Pierce,B.J. Honeycutt,Major Frank Burns,Colonel Potter,A,medium,false,
Television,Big Bird on Sesame Street had a Teddy bear named Radar in honor of the M*A*S*H character of the same name.,True,False,,,A,medium,false,
Television,What is the name of the Griffins dog in the popular animated sitcom Family Guy?,Peter,Brendon,Brian,Sam,C,medium,false,
Television,Little Stewie Griffin from the animated sitcom Family Guy cries and becomes very depressed when the family dog leaves for Los Angeles.,False,True,,,A,medium,false,
Television,"In the episode of Family Guy, entitled To Live and Die in Dixie, why does the Griffin family have to go to the south?",Peter accepts a promising job proposal in another town,Chris witnesses a robbery and the family is put in a witness protection program,Lois sister is expecting a baby,Peter has committed a robbery and has to hide from the police,B,medium,false,
Television,"In the popular animated series The Family Guy the old guy Herbert, who lives down the street, has a crush on which character?",Lois,Meg,Brian,Chris,D,medium,false,
Television,"Stewie, a character from the series Family Guy, breaks off what part of the body of the family dogs mom?",Her ear,Her tail,Her leg,Her head,B,medium,false,
Television,"In the animated sitcom Family Guy, while the family dog is in Los Angeles in pursuit of career, he stays with whom?",Jasper,Mapper,Loiss brother,Peters old dog,A,medium,false,
Television,What year did the show Hannah Montana first hit the airwaves?,2006,2005,2004,2007,A,medium,false,
Television,"Miley Stewart, the main character on Hannah Montana, lives a double life. During the day, she is an average girl going to school and at night time, she does something that nobody knows about. What is her secret?",She is an actress.,She is a belly dancer.,She is a model.,She is a pop singer.,D,medium,false,
Television,Who is Miley Stewarts female best friend on the show Hannah Montana?,Vanilli,Lilly,Cindi,Millie,B,medium,false,
Television,What is the name of the obnoxious little kid who is in love with Miley on the show Hannah Montana?,Rico,Javier,Tito,Suave,A,medium,false,
Television,What is Mileys brothers name on the show Hannah Montana?,Andrew,Jackson,Oliver,Reggie,B,medium,false,
Television,"Before becoming Hannah Montanas manager, what did Mileys dad Robby Stewart due for a living on the TV show Hannah Montana?",baseball player,stand- up comedian,Country singer/songwriter,photographer,C,medium,false,
Television,Where do the Stewarts live on the hit childrens sitcom Hannah Montana?,"Junction City, Kansas","Malibu, California","Coplay, Pennsylvania","Brooklyn, New York",B,medium,false,
Television,Country singing sensation Dolly Parton has appeared on the show Hannah Montana.,False,True,,,B,medium,false,
Television,What is the name of the theme song of the popular childrens sitcom Hannah Montana?,I Got Nerve,Who Said,The Best of Both Worlds,Nobodys Perfect,C,medium,false,
Television,"Who dares to summon the Master of Masters, the Deliverer of Darkness, the Shogun of Sorrow, Aku?",South Park,"Ed, Edd n Eddy",Samurai Jack,"Scooby Doo, Where Are You!",C,medium,false,
Television,"I know you hate being ugly, but someone has to make everbody else look good.",Cramp Twins,Cow and Chicken,Johnny Bravo,"Ed, Edd n Eddy",B,medium,false,
Television,"Theres something fishy goin on here, or my name is Stinky Looloo, and thank goodness its not.",Courage the Cowardly Dog,Hi Hi Puffy Amiyumi,Fosters Home for Imaginary Friends,Evil Con Carne,A,medium,false,
Television,And now you push me into a dimension where Jamie is even more of a jerk?,Megas XLR,Dragonball Z,Codename: Kids Next Door,The Grim Adventures of Billy and Mandy (Grim and Evil),A,medium,false,
Television,Oooh! What does THAT button do?,Cramp Twins,Dexters Laboratory,Johnny Bravo,Samurai Jack,B,medium,false,
Television,"Well, mission accomplished. It took some doing, but we talked Karl Marx out of building the worlds largest igloo and back to writing the Communist Manifesto.",Two Stupid Dogs,Time Squad,Cow and Chicken,Sheep in the Big City,B,medium,false,
Television,"Hey Foxy Mama, You smell kinda pretty, wanna smell me? Hoohah!",Codename: Kids Next Door,Johnny Bravo,Courage the Cowardly Dog,"Ed, Edd n Eddy",B,medium,false,
Television,"I hate you, I hate playing with you, and I especially hate your little girlfriend!",The Grim Adventures of Billy and Mandy (Grim and Evil),Sheep in the Big City,Evil Con Carne,Courage the Cowardly Dog,A,medium,false,
Television,We could be like Bonnie and Clyde. Or Attila the Hun and... Mrs Hun.,Cramp Twins,Samurai Jack,Johnny Bravo,Cow and Chicken,A,medium,false,
Television,"Boy, Plank. Ever feel as though you might as well be talking to a piece of wood?",Two Stupid Dogs,Time Squad,The Grim Adventures of Billy and Mandy (Grim and Evil),"Ed, Edd n Eddy",D,medium,false,
Television,What were the names of the four main characters on the show The Golden Girls?,"Molly, Polly, Holly and Cher","Diane, Lorraine, Lucy and Carol","Blanche, Dorothy, Rose and Sophia","Thelma, Naomi, Fran and Iola",C,medium,false,
Television,Film director Quentin Tarantino played the part of an Elvis impersonator on the show The Golden Girls.,True,False,,,A,medium,false,
Television,"On the sitcom The Golden Girls, Blanche had a brother named Clayton.",False,True,,,B,medium,false,
Television,"On the sitcom The Golden Girls, Rose was from what town in Minnesota?",St. Olaf,St. Paul,St. Ignatius,St. Gustaav,A,medium,false,
Television,Who did Dorothy marry in the finale of the show The Golden Girls?,Max Weinstock,Lucas Hollingsworth,Stan Zbornak,Miles Webber,B,medium,false,
Television,What Florida city did the main characters from the show The Golden Girls live in?,Miami,Daytona,Orlando,Ft. Lauderdale,A,medium,false,
Television,How many years did The Golden Girls air on NBC?,8,6,9,7,D,medium,false,
Television,Who is Steves biological father?,Rush,Jim,Mel,Bill,A,medium,false,
Television,All of the following missed the 10 year Reunion special except for one. Who was it?,Ian Ziering,Shannon Doherty,Tori Spelling,Brian Austin Green,B,medium,false,
Television,How many seasons did Beverly Hills 90210 air for on the FOX network?,12,10,7,8,B,medium,false,
Television,"On their way to Yosemite Park the kids get stranded at a motel due to a storm.  After the storm breaks, Dylan goes for a hike and almost falls off a cliff.",True,False,,,B,medium,false,
Television,Who was not an original member of the gang?,Scott,Dylan,Brenda,Claire,D,medium,false,
Television,Aaron Spelling created Beverly Hills 90210 and cast daughter Tori as Donna Martin.  He later created a role for son Randy Spelling.  Which character was Randys character related to?,David,Steve,Valerie,Donna,B,medium,false,
Television,"Is Jennie Garth, who plays Kelly Taylor, a vegetarian in real life?",Yes,No,,,A,medium,false,
Television,There have been a bunch of real athletes to make guest appearances on the show over the years.  Which one of the following has not?,Andre Agassi,Kerri Strung,Steve Young,Barry Bonds,A,medium,false,
Television,Who of the following cast members did not host Saturday Night Live?,Luke Perry,Jason Priestley,Shannon Doherty,Jennie Garth,D,medium,false,
Television,Who was voted one of People Magazines 50 Most Beautiful People in the early 1990s?,Luke Perry,Ian Ziering,Vincent Young,Jason Priestley,D,medium,false,
Television,James Eckhouse has been Jim Walsh from the beginning.,False,True,,,A,medium,false,
Television,How did Brandon become president of CU?,Brandon defeated Josh in the election.,Josh dropped out of running and backed Brandon.,Josh Richland moved to Brazil.,Josh was killed in a car wreck minutes after winning the election.,D,medium,false,
Television,What was the first name of Mrs. Lovey Howell on the show Gilligans Island?,Hildegard,Louise,Eunice,Fern,C,medium,false,
Television,"Which actor was originally asked to play the role of Gilligan on Gilligans Island, but turned it down?",Mickey Rooney,Jerry Van Dyke,Dick Van Dyke,Don Knotts,B,medium,false,
Television,What was the first name of fictional character Gilligan?,Willy,Sam,Buford,Norbert,A,medium,false,
Television,"What was the first name of the Professor, one of the major characters on Gilligans Island?",Roy,Bradley,Richard,Simon,A,medium,false,
Television,"On Gilligans Island, what state is the character Mary Ann from?",Kansas,Nebraska,Iowa,Oklahoma,A,medium,false,
Television,Who was the first host of the game show Wheel of Fortune?,Richard Dawson,Chuck Woolery,Pat Sajak,Monty Hall,B,medium,false,
Television,Which of the following hosts was born in the United States?,Richard Dawson,Pat Sajak,Alex Trebek,Monty Hall,B,medium,false,
Television,"Johnny Carson, the popular host of the Tonight Show, started his prime time TV show career as a game show host.",True,False,,,A,medium,false,
Television,What game show host has a Black Belt in Martial Arts and studied under Chuck Norris?,Alex Trebek,Pat Sajak,Richard Karn,Bob Barker,D,medium,false,
Television,How many different game show hosts hosted The Family Feud until the end of 2005?,4,5,3,2,A,medium,false,
Television,This bow-tie and hat wearing character had a dim-witted sidekick named Chumly.,Tennessee Tuxedo,Klondike Kat,Underdog,Elmer J. Fudd,A,medium,false,
Television,Which cartoon superheros perilous love interest was Sweet Polly Purebred?,Underdog,Deputy Dawg,Huckleberry Hound,Scooby Doo,A,medium,false,
Television,"Created by William Hanna and Joseph Barbera, this cartoon sheriff was the high-falutinest, fastest shootinest cowboy you ever saw.",Doggy Daddy,Baba Looey,Quick Draw McGraw,Huckleberry Hound,C,medium,false,
Television,"On the Alvin Show, which one of the chipmunks was the brainy one?",Simon,Dave,Theodore,Alvin,A,medium,false,
Television,The Flintstones featured several delightful musical performances provided by celebrity voice artists. Which one of these did not lend their vocal talents to the show?,Ricky Nelson (Rocky Nelson),The Beau Brummels (The Beau Brummelstones),James Darren (Jimmy Darrock),Ann Margret (Ann-Margrock),A,medium,false,
Television,Yogi Bear debuted in 1958 as a supporting character in which animated series?,Quick Draw McGraw,Loopy De Loop,The Huckleberry Hound Show,Josie and the Pussycats,C,medium,false,
Television,This character from the Honeymooners is said to be the inspiration for the Yogi Bear character.,Ed Norton,Jack Lescoulie,Frank Satenstein,Ralph Kramden,A,medium,false,
Television,"This cartoon series, which featured Boris and Natasha as villains, paralleled Cold War issues of the time.",Beany and Cecil,Magilla Gorilla,Dynamutt,The Bullwinkle Show,D,medium,false,
Television,What was the real first name of character Jesse Katsopolis on the sitcom Full House?,Jesse,Danny,Nicky,Hermes,D,medium,false,
Television,How did Full House characters uncle Jesse and Rebecca meet?,They met at the grocery store.,She was his neighbor.,She worked with Danny.,They met at a rock concert.,C,medium,false,
Television,Did uncle Jesse and Rebecca get married on the sitcom Full House?,No,Yes,,,B,medium,false,
Television,"In Full House, did Jesse and Rebecca have twins?",Yes,No,,,A,medium,false,
Television,"At the beginning of the series Full House, uncle Jesses last name was Cochran.",True,False,,,A,medium,false,
Television,Which Full House character gave Stephanie Mr. Bear?,Joey,Her dad,Her mom,D.J.,C,medium,false,
Television,Did Rebecca eventually move in to live with Uncle Jesse on the sitcom Full House?,Yes,No,,,A,medium,false,
Television,"In Full House, what was Michelles catchphrase?","You got it, dude!",Have mercy!,Cut it out!,Pin a rose on your nose!,A,medium,false,
Television,"Michelle, played by the Olsen twins, lost her class pet on the sitcom Full House.",False,True,,,B,medium,false,
Television,"At the end of the Full House series in 1995, how many people were living in the household?",6,7,5,9,D,medium,false,
Television,What year did the prime-time television show The Odd Couple first hit the airwaves?,1970,1971,1973,1972,A,medium,false,
Television,"This character from the TV series The Odd Couple was Oscar and Felixs friend, who worked for the New York City Police Department.",Murray,Monte,Mike,Milton,A,medium,false,
Television,Who played the role of Oscars ex wife Blanche Madison on the TV show The Odd Couple?,Carol Shelly,Janis Hansen,Brett Somers,Monica Evans,C,medium,false,
Television,Actor and singer Leif Garrett appeared on the ABC TV show The Odd Couple.,True,False,,,A,medium,false,
Television,"This grey-haired man from the sitcom The Odd Couple was Oscar and Felixs friend, who used to come over and play cards with them.",Billy,Pookie,Johnny,Speed,D,medium,false,
Television,What was the name of Felixs ex wife on the show The Odd Couple?,Betty,Gloria,Missy,Gwendolyn,B,medium,false,
Television,"In the TV series The Odd Couple, Oscar Madison was a sportswriter for what newspaper?",New York Herald,LA Times,New York Times,Chicago Tribune,A,medium,false,
Television,What did Felix Unger do for a living on the sitcom The Odd Couple?,He was a traffic cop,He was a freelance photographer,He was a gym teacher,He was an architect,B,medium,false,
Television,"Felix and Oscar, the main characters on the show The Odd Couple, lived in which city?",San Francisco,Boston,Chicago,New York City,D,medium,false,
Television,Professional tennis player Billie Jean King made an appearance on the show The Odd Couple.,True,False,,,A,medium,false,
Television,How many seasons did the popular American sitcom Mork and Mindy air?,5,2,4,3,C,medium,false,
Television,Mork and Mindy appeared as a spin-off of what other popular American sitcom?,Happy Days,Too Close for Comfort,Bosom Buddies,M*A*S*H,A,medium,false,
Television,In the Mork and Mindy TV series Mork and Mindy lived in what town?,"Topeka, Kansas","Sidney, Illinois","New York, New York","Boulder, Colorado",D,medium,false,
Television,"What famous actor portrayed Mearth, Morks son, on the sci-fi-based sitcom Mork and Mindy?",Tom Cruise,Bob Denver,Jonathan Winters,Kurt Russell,C,medium,false,
Television,At the end of each Mork and Mndy show Mork gave a verbal report to the Orkan leader back on Ork. What was his name?,Melvin,Lars,Dork,Orson,D,medium,false,
Television,"Mr. Bickley, who lived in the downstairs apartment on Mork and Mindy and wrote greeting cards was portrayed by what actor?",Tom Poston,Judd Nelson,Bob Newhart,Carrol OConner,A,medium,false,
Television,"Who portrayed Exidor, a UFO prophet and leader of the Invisible Friends of Venus on the Mork and Mindy show?",Howie Mandel,Carl Reiner,Don Knotts,Robert Donner,D,medium,false,
Television,"What sort of store did Mindys father, Fred McConnell, run in the TV series Mork and Mindy?",Grocery Store,Music Store,Pet Store,Shoe Store,B,medium,false,
Television,How did Mork drink on the Mork and Mindy sitcom?,With his mouth,With his finger,With his nose,With his elbow,B,medium,false,
Television,Mindy on the Mork and Mindy show was studying to be what?,A Hockey coach,A computer programmer,A photographer,A journalist,D,medium,false,
Television,What word did Mork use when he got angry or frustrated on the Mork and Mindy show?,Dizbot,Hecktiod,Shazbat,Be-ach,C,medium,false,
Television,From what high school was the quarterback who tried to use Marcia to get to Gregs playbook in The Brady Bunch?,Riverdale,Fairview,Calvin Coolidge,Benjamin Franklin,B,medium,false,
Television,What was the nickname of  Carol Bradys old football playing boyfriend in The Brady Bunch who ends up betting against his own alma mater?,Bronco,Tank,Ram,Rhino,B,medium,false,
Television,"In the sitcom The Brady Bunch, Peter saves a little girls life in a toy store and he ends up getting a truckload of toys as a reward.",False,True,,,A,medium,false,
Television,"In the episode of The Brady Bunch where Greg creates a Pilgrim home movie as a school project, who is the snowmaker in the winter scene?",Peter,Dad,Greg,Cindy,A,medium,false,
Television,"When Marcia is picked to play Juliet in Romeo and Juliet in an episode of The Brady Bunch, what were the two odd features of the boy who played Romeo?","He had thick, dark glasses and a squeaky voice when upset.",He had orange hair and was not as tall as Marcia.,He had white hair and wore sunglasses.,He was nearsighted and too shy to say his lines.,A,medium,false,
Television,"In the episode of The Brady Bunch, titled Two Petes in a Pod, Peter meets his exact double to help him with two dates in the same night. What was Peters costume for the Halloween date?",Dracula,Frankenstein,He didnt dress up. The double did.,wolfman,A,medium,false,
Television,"In The Brady Bunch when Bobby and Greg are locked in a meat locker, Sam the butcher calls Bobby by what name?",Little guy,Shrimpo,Small fry,Pee-wee,B,medium,false,
Television,Who played the grizzled old prospector who locks the Bradys up in a jail cell in the famed Grand Canyon episode of The Brady Bunch?,Vincent Price,Walter Brennen,Jack Elam,Jim Backus,D,medium,false,
Television,"When Jan, a character from The Brady Bunch rides her bike down the driveway without her glasses, she hits into what?",the neighbors barbecue,A silver anniversary platter,the Brady station wagon,A special framed portrait,D,medium,false,
Television,What year did the show Saturday Night Live first hit the airwaves?,1980,1979,1975,1976,C,medium,false,
Television,Who is the creator of the long running television show Saturday Night Live?,Lorne Michaels,Don Novello,Lorne Greene,John Belushi,A,medium,false,
Television,Who was the first person to host the show Saturday Night Live?,Robert DeNiro,Dustin Hoffman,Gerald Ford,George Carlin,D,medium,false,
Television,"Who became the youngest SNL cast member, after joining the the cast in 1985?",Kenan Thompson,Anthony Michael Hall,Horatio Sanz,Ruth Gordon,B,medium,false,
Television,Who was the first performer on Saturday Night Live to simultaneously host the show and also appear as the musical guest?,Paul Anka,Paul Simon,Peter Frampton,Paul Williams,B,medium,false,
Television,John Belushi was a SNL cast member when he died of a drug overdose on March 5th 1982.,True,False,,,B,medium,false,
Television,"In 1982, this person became the youngest host ever of the long running television show Saturday Night Live.",Emmanuel Lewis,Drew Barrymore,Jodie Foster,Gary Coleman,B,medium,false,
Television,"Who was the first person to actually host the show Saturday Night Live, while still being an active cast member?",Eddie Murphy,Joe Piscopo,Chevy Chase,Billy Crystal,A,medium,false,
Television,SNLs cast member Maya Rudolph is the daughter of 70s singing sensation Minnie Ripperton.,True,False,,,A,medium,false,
Television,Which one of these joined the cast of SNL after hosting the show?,Alec Baldwin,Dana Carvey,Martin Short,Billy Crystal,D,medium,false,
Television,"In 2006, this singer broke the record for the longest span in between musical guest spots on the hit television show Saturday Night Live.",Frank Sinatra,Tony Bennett,Prince,Michael Jackson,C,medium,false,
Television,"This actors film credits include The Sand Pebbles (1966), Wait Until Dark (1967), Body Heat (1981) and First Blood (1982).",Sylvester Stallone,Richard Crenna,Brian Dennehy,David Caruso,B,medium,false,
Television,"This actor, born Marion Morrison in 1907, starred in the 1952 movie The Quiet Man.",William Holden,Bob Hope,Rock Hudson,John Wayne,D,medium,false,
Television,"In an episode of I Love Lucy, Lucy takes a tour of Hollywood celebrity homes. She gets off the tour bus and climbs a wall to try and pick a grapefruit from the backyard of which actor?",James Cagney,Edward G. Robinson,Richard Widmark,Charles Bronson,C,medium,false,
Television,How does Phoebe get Chandler to stop smoking on the TV show Friends?,She tells him she wont hang out with him.,She sleeps with him.,She uses hypnosis.,"She gives him $7,000.",D,medium,false,
Television,Who is the priest at Pheobe and Mikes wedding on the sitcom Friends?,Pheobes dad,Mr.Tribbiabi,Mikes dad,Joey,D,medium,false,
Television,In an attempt to teach Ben about the importance of Hanukkah the guys from Friends dress up as what?,"Mr. Rogers, Cousin It and Michael Jackson","The Tooth Fairy, Batman and Spok.","Santa Claus, the Easter Bunny and a giant menorah.","Santa Claus, Superman and an Armadillo",D,medium,false,
Television,What holiday does Chandler from Friends boycott?,Halloween,Thanksgiving,New Years,Fourth of July,B,medium,false,
Television,Who inspired Friends character Joey to become an actor?,Al Pacino,Dean Martin,Danny DeVito,Robert De Niro,A,medium,false,
Television,What is Rachels middle name in the TV series Friends?,Ann,Louis,Karen,Michell,C,medium,false,
Television,Which character on Friends had a third nipple which he/she called a nubbin?,Ross,Monica,Phoebe,Chandler,D,medium,false,
Television,Which actress guest-starred on Friends as Rachels sister?,Gweneth Paltrow,Katie Holmes,Kirsten Dunst,Reese Witherspoon,D,medium,false,
Television,Friends character Chandler once kissed a man.,False,True,,,B,medium,false,
Television,What year did the show Eight is Enough first hit the airwaves?,1977,1983,1981,1980,A,medium,false,
Television,Which family with 8 children was featured on the ABC show Eight is Enough?,Brady,Anderson,Bradford,Ferguson,C,medium,false,
Television,"This actress portrayed Sandra Sue Abbott, a character in Eight is Enough, who married Tom.",Sissy Spacek,Jennifer Salt,Diana Hyland,Betty Buckley,D,medium,false,
Television,"Who played the role of Tom Bradford, the father of eight children in the TV series Eight is Enough?",Michael Thoma,Dick Van Patten,Michael Goodrow,Grant Goodeve,B,medium,false,
Television,Was actor Ralph Macchio ever a regular on the ABC show Eight is Enough?,Yes,No,,,A,medium,false,
Television,"Grant Goodeve, who played David in Eight is Enough, also sang the theme song of the show.",True,False,,,A,medium,false,
Television,What were the names of the five daughters on the show Eight is Enough?,"Mary, Nancy, Joanie, Susan, Elizabeth","Laurie, Jane, Beatrice, Jackie, Sarah","Trixie, Tootie, Tamika, Rachel, Monica","Mary, Phoebe, Janis, Lisa, Rosanna",A,medium,false,
Television,"Which actor played the 8-year old Nicholas, the youngest son on the show Eight is Enough?",Glen Scarpelli,Corey Feldman,Tommy James,Adam Rich,D,medium,false,
Television,"On the show Eight is Enough, Susan married  a professional baseball player named Merle The Pearl  Stockwell, who played for what team?",California Angels,New York Mets,San Diego Padres,Los Angeles Dodgers,B,medium,false,
Television,Which of Toms children was the first to have a baby on the show Eight is Enough?,Tommy,Joanie,David,Susan,D,medium,false,
Television,How many spin-off television shows were spawned from the hit television show The Mary Tyler Moore Show ?,4,3,5,1,B,medium,false,
Television,"On the popular 70s television show The Mary Tyler Moore Show, Mary Richards grew up in Minnesota.  What city did she live in, in Minnesota?",Metropolis,Tuscon,Minneapolis,Roseburg,C,medium,false,
Television,"On the popular 70s show The Mary Tyler Moore Show, Mary has an upstairs neighbor who is an ex- New Yorker. What is her name?",Sue Ann,Morgan,Rhoda,Gina,C,medium,false,
Television,"Who was the Happy Homemaker on the station WJM, according to The Mary Tyler Moore Show?",Sue Ann Nivens,Phyllis Lindstrom,Ida Morgenstern,Rhoda Morgenstern,A,medium,false,
Television,Gavin MacLeod (aka Merrill Stubing from The Love Boat) was a regular cast member of the immensely popular  Mary Tyler Moore Show.,True,False,,,A,medium,false,
Television,Did Mary Tyler Moore ever win a Golden Globe award for her portrayal of Mary Richards on the popular 70s television show The Mary Tyler Moore Show?,No,Yes,,,B,medium,false,
Television,What was the name of the buffoonish anchorman on The Mary Tyler Moore Show?,Andy Rivers,Murray Slaughter,David Baxter,Ted Baxter,D,medium,false,
Television,What was the name of Ted Baxters girlfriend on The Mary Tyler Moore Show?,Georgette Franklin,Pat Greene,Bonnie Franklin,Hunter Green,A,medium,false,
Television,What year did  The Mary Tyler Moore Show go off the airwaves?,1979,1977,1975,1980,B,medium,false,
Television,Who were the only actors to appear in the first episode all the way through to the last episode of the show Happy Days?,"Henry Winkler, Marion Ross and Tom Bosley","Erin Moran, Marion Ross and Ron Howard","Pat Morita, Al Molinaro and Suzi Quatro","Henry Winkler, Anson Williams and Donny Most",A,medium,false,
Television,"This 1950s show starred Charles Farrell, an investment banker, as Vernon Albright and his daughter was played by Gale Storm.",Bachelor Father,Fury,Bonanza,My Little Margie,D,medium,false,
Television,"In 1957, John Forsythe was the TV dad of Kelly, played by Noreen Corcoran.",False,True,,,B,medium,false,
Television,"This 1990s dad invented Festivus, the holiday for the rest of us and had a paralyzing fear of mice.",Archie Bunker,Tony Soprano,Nick Russo,Frank Costanza,D,medium,false,
Television,"Jack Arnold, a furniture business owner was father to whom in this series which ran from 1988-1993?",Mark,Johnny,Karen,Blossom,C,medium,false,
Television,This 70s  80s sitcom was based on the BBC series called Til Death Us Do Part.  The dad in this series was a huge inspiration to Eric Cartman on Southpark.,Happy Days,Eight Is Enough,All In The Family,The Donna Reed Show,C,medium,false,
Television,"This 1990s TV series starred a divorced session musician who had three kids named Anthony, Joey and Blossom.",Homer Simpson,Nick Russo,Tony Soprano,Cliff Huxtable,B,medium,false,
Television,"Charlies Angels, broadcast from 1976 to 1981, was a television series about three women who work for what fictional private investigation agency?",Townshend Investigators,Charlies Place,The Charles Townsend Agency,The Angels Agency,C,medium,false,
Television,"These three actresses played the three original angels on the TV series, Charlies Angels.","Kate Jackson, Farrah Fawcett and Jacyln Smith","Kate Jackson, Shelley Hack and Farrah Fawcett","Kate Jackson, Farrah Fawcett and Cheryl Ladd","Farrah Fawcett, Cheryl Ladd and Tanya Roberts",A,medium,false,
Television,"This character from the TV series Charlies Angels was portrayed by television actress, Jaclyn Smith.",Kate Garrett,Kris Monroe,Jill Monroe,Kelly Garrett,D,medium,false,
Television,"What actor played the role of Charlies assistant, Bosley, on TV series Charlies Angels?",Gabe Kaplan,David Doyle,John Voight,Dick VanPatten,B,medium,false,
Television,"Name the episode from season one of Charlies Angels, in which a woman hired the angels to find her sister, who had disappeared from a womens prison farm.",Angels in Chains,Caged Angels,Angels in Waiting,Angels On The Run,A,medium,false,
Television,"This actress, who played Jill Munroe in the series Charlies Angels, left the show after the first season, to pursue a film career.",Farrah Fawcett,Cheryl Ladd,Shelley Hack,Kate Jackson,A,medium,false,
Television,"Tanya Roberts was the 7th and final angel to appear on TV series, Charlies Angels.",False,True,,,A,medium,false,
Television,"Kelly Garrett, a character on TV series Charlies Angels, portrayed by Jaclyn Smith, drove what kind of car?",Aston Martin,Ford Mustang,Volkswagen Beetle,Fiat Pinto,B,medium,false,
Television,"This actor portrayed John Bosley in the 2000 movie Charlies Angels, based on the famous TV series.",John Goodman,Bill Murray,Steve Martin,Randy Quaid,B,medium,false,
Television,In the sitcom Father Knows Best what was the last name of Jim?,Crocker,Anderson,Searson,Allen,B,medium,false,
Television,Cousin Itt and Hand were members of which macabre TV family?,The Horribles,The Frank-en-steins,The Addams,The Munsters,C,medium,false,
Television,Who were the neighbors of the Petries on the Dick Van Dyke Show?,The Andersons,The ONeils,The Renns,The Helpers,D,medium,false,
Television,What was the maiden name of Marge Simpson in the TV animated series The Simpsons?,Boulevarda,Bouvier,DuBarry,Du Bois,B,medium,false,
Television,"In the animated television series The Simpsons, what was the last name of the long-suffering neighbor of the Simpsons?",Flinders,Farmingberry,Flanders,Flannighan,C,medium,false,
Television,"What was the name of the family featured in Make Room for Daddy, a television comedy show which aired beginning in 1953?",Wellington,Wallace,Webster,Williams,D,medium,false,
Television,"This unusual American family, with members such as Grandpa and Lily, first appeared on television in 1964.",The Horribles,The Frank-en-stiens,The Munsters,The Addams,C,medium,false,
Television,Who were the superintendents of Mary Richards apartment house on the Mary Tyler Moore Show?,The Minastrones,The Lindstrums,The Morgansterns,The Goldbergs,B,medium,false,
Television,What is Frasiers family name on the hit comedy series of the same name?,Fraiser,Eggret,Heron,Crane,D,medium,false,
Television,"Which family was featured in I Remember Mama, the old TV series which aired from 1949-1957?",Swenson,Hansen,Henderson,Olafson,B,medium,false,
Television,What is the last name of the single mom and her spoiled son Eric in the animated comedy South Park?,Cleason,Kyleson,Brown,Cartman,D,medium,false,
Television,What was the name of the featured family on the wholesome sitcom My Three Sons?,Stebens,Charles,Douglas,Edwards,C,medium,false,
Television,What was the name of the family with three daughters on the TV show Petticoat Junction?,Sherman,Patton,Bradley,McArthur,C,medium,false,
Television,John Schneider was cast in The Dukes of Hazzard in the role of which character?,Bo Duke,Uncle Jesse,Luke Duke,Roscoe P. Coltrain,A,medium,false,
Television,What actor played Luke Duke in the original series The Dukes of Hazzard?,John Schneider,Denver Pyle,Tom Wopat,James Best,C,medium,false,
Television,"In The Dukes of Hazzard series, there is a number 01 on the side of Bo and Lukes car.",False,True,,,B,medium,false,
Television,"Boss Hogg, a character in the TV series The Dukes of Hazzard, rides in a Cadillac with what distinguishing feature?",Steer Horns,A Confederate flag,Bright yellow color,Stinky exhaust system,A,medium,false,
Television,"Lulu Hogg, played by Peggy Rea, is Roscos sister in the TV series The Dukes of Hazzard.",False,True,,,B,medium,false,
Television,Which character of The Dukes of Hazzard is known for his strange laugh?,Jesse Duke,Bo Duke,Boss Hogg,Rosco P. Coltrain,D,medium,false,
Television,"Daisy Duke, Bo and Lukes cousin in The Dukes of Hazzard series, is a waitress at what place?",Pig in a Blanket,Hoggs Nest,Boars Nest,Boss Hoggs Delightful Deli,C,medium,false,
Television,"American voice actor Melvin Jerome Blanc was born in San Francisco, on what date?","May 30, 1916","May 30, 1920","May 30, 1908","May 30, 1912",C,medium,false,
Television,Among Mel Blancs various roles was voicing the old automobile of which comedian?,Ronnie Barker,Johny Carson,Jack Black,Jack Benny,D,medium,false,
Television,"Mel Blanc joined Leon Schlesinger Studios, a subsidiary of Warner Brothers Pictures, in what year?",1932,1936,1946,1956,B,medium,false,
Television,There was a period when Mel Blanc did the voices of his characters in both his home bed and his hospital bed. What was the reason for this?,He had a sun stroke,None of these,He had a heart attack,He was in a bad car accident,D,medium,false,
Television,Which of these characters did Mel Blanc not voice on The Jack Benny Show?,Professor LeBlanc,Jacks butler,Polly the Parrot,"Carmichael, the polar bear",B,medium,false,
Television,"What fictional character from popular television animated series, The Flintstones, was voiced by Mel Blanc?",Bamm Bamm Rubble,Barney Rubble,Fred Flintstone,Mr. Slate,B,medium,false,
Television,"This orange cat was the last original character, voiced by Mel Blanc.",Heathcliff,Garfield,Marvin,Arthur,A,medium,false,
Television,"What is the title of Mel Blancs autobiography, published in 1988?","Me, My Voice, and My Characters","Thats Not All, Folks",The Loonist Looney Tune,"Me, Bugs and Daffy",B,medium,false,
Television,Who played the character of Gilligan on the 60s sitcom Gilligans Island?,Bob Denver,John Wayne,Alan Hale,Russell Johnson,A,medium,false,
Television,Did Carroll OConnor test for the role of the Skipper during Gilligans Islands casting?,Yes,No,,,A,medium,false,
Television,The Skippers name in the Gilligans Island show was Jonas Grumby.,True,False,,,A,medium,false,
Television,Thurston Howell III was played by Jim Backus in the popular sitcom Gilligans Island.,False,True,,,B,medium,false,
Television,There were a total of 98 episodes of the classic sitcom Gilligans Island.,True,False,,,A,medium,false,
Television,"In the Gilligans Island show, Eunice Wentworth was Mrs. Howells maiden name.",False,True,,,B,medium,false,
Television,Professor Roy Hinckley was played by actor Russell Johnson in Gilligans Island.,False,True,,,B,medium,false,
Television,Which of these actresses played Mary Ann Summers in Gilligans Island?,Tina Louise,Dawn Wells,Jean Stapleton,Natalie Schafer,B,medium,false,
Television,"After playing Ginger Grant on Gilligans Island, Tina Louise played on the prime-time soap opera Days of our Lives.",False,True,,,A,medium,false,
Television,"Gilligans Island premiered on September 26, 1964 and its last original episode aired on September 4, 1967.",False,True,,,B,medium,false,
Television,Whose concert does the gang attend in the first episode of That 70s Show?,Todd Rundgrens,Donnie Osmonds,Lynyrd Skynrds,Ken Nugents,A,medium,false,
Television,What does Hyde contribute to the Formans garage sale in That 70s Show series?,His album collection,Home-made brownies,Nothing,He runs a kissing booth,B,medium,false,
Television,"In the sitcom That 70s Show, whose panties are found in the Vista Cruiser?",Kittys,Jackies,Donnas,Midges,D,medium,false,
Television,"After Eric lost the man-ring Donna gave him in an episode of That 70s Show, what did the gang discover had happened to it?",Kelso ate it.,Fez had it.,Jackie gave it to her maid.,Hyde pawned it.,B,medium,false,
Television,Hyde had a number of jobs in the popular American sitcom That 70s Show. Which of the following is not a place where he worked?,Record Store,Funeral Home,Hotel Catering,Photo Shop,B,medium,false,
Television,The actor/actress which played this character was replaced by a look-alike during That 70s Show series run.,Laurie,Midge,Randy,Grandma Forman,A,medium,false,
Television,"In That 70s Show, when we first meet Fenton at the jewelry store, we discover he has had a feud with Fez over what?",A roller-disco contest,A common love interest,The last ABBA record in the mall,A pair of pants,D,medium,false,
Television,"When Pastor Dave visits the Forman house in an episode of That 70s Show, he asks the kids to draw a picture of God. Who do both Hyde and Eric draw?",Eric Clapton,Jesus,Red,Alice Cooper,A,medium,false,
Television,Who was the thief who raided Erics Candyland stash in the second season of That 70s Show?,Kitty,Hyde,Laurie,Red,D,medium,false,
Television,What do the friends from That 70s Show steal that creates an uproar in the town?,A school bus,The watertower sign,Point Place High Schools mascot,The head of a clown,D,medium,false,
Television,What year did the popular 70s television sitcom WKRP in Cincinnati first hit the airwaves?,1978,1976,1977,1974,A,medium,false,
Television,What was the name of the hippie DJ on the popular 70s sitcom WKRP in Cincinnati?,Dr. Johnny Fever,Les Nessman,Johnny Estrada,Venus Flytrap,A,medium,false,
Television,Who was the General Manager at  WKRP?,Andy Travis,Jennifer Marlowe,Arthur Carlson,Herb Tarlek,C,medium,false,
Television,"On the hit television show  WKRP in Cincinnati, Dr. Johnny Fever had a girlfriend that worked at the radio station. What was her name?",Ginger Lynn,Princess Dee 1010,Jennifer Marlowe,Bailey Quarters,D,medium,false,
Television,"Loni Anderson, who played Jennifer Marlowe on the popular television show WKRP in Cincinnati, was married to actor Burt Reynolds.",False,True,,,B,medium,false,
Television,What was the real name of the evening DJ Venus Flytrap on the hit 70s television show WKRP in Cincinnati?,Pipo Poppins,Bucky Dornster,Ralph  Onmyshoe,Gordon Sims,D,medium,false,
Television,Who was the news director on the hit television 70s show WKRP in Cincinnati?,Les Nessman,Herb Tarlek,Doug Funny,Gary Sandy,A,medium,false,
Television,"In 1991, there was a spinoff/sequel series of WKRP in Cincinnati called The New WKRP in Cincinnati.",True,False,,,A,medium,false,
Television,Where was the radio station on the show WKRP in Cincinnati located?,Chicago,New York,Detroit,Cincinnati,D,medium,false,
Television,What year did the original 70s show WKRP in Cincinnati leave the airwaves?,1984,1986,1980,1982,D,medium,false,
Television,"In Beverly Hills 90210, what is the name of Brandons ex-girlfriend who he loses his virginity to?",Susan,Cheryl,Kelly,Emily,B,medium,false,
Television,"Who wore matching dresses to the Spring dance, In Beverly Hills 90210?",Brenda  Donna,Brenda  Kelly,Donna  Kelly,Brenda  Andrea,B,medium,false,
Television,"In Beverly Hills 90210, who is Davids friend who shot and killed himself accidentally?",Steve,Brian,Sam,Scott,D,medium,false,
Television,"In Beverly Hills 90210, where were Brandon and Andrea when she told him that she was going to give herself to him as a going away present?",Riding a Merry-go-round,At the Peach Pit,Driving in Brandons car,In the Walsh living room,A,medium,false,
Television,"In Beverly Hills 90210, during Brendas slumber party, Donna revealed that she likes to eat what with her ice cream?",Candy Corn,Oreos,Popcorn,Pretzels,C,medium,false,
Television,On the TV-Series Beverly Hills 90210 Brenda is older that Brandon.,False,True,,,A,medium,false,
Television,What holiday was Donna from Beverly Hills 90210 born on?,Christmas,Fourth of July,Thanksgiving,Halloween,A,medium,false,
Television,"On Beverly Hills 90210, Dylan and Kelly have known each other since elementary school.",False,True,,,B,medium,false,
Television,"This character from the teen sitcom Saved by the Bell, played by Elizabeth Berkley, is one of Zacks childhood friends.",Screech,Zack,Jessie,Lisa,C,medium,false,
Television,Who is the principal of Bayside High in the TV series Saved by the Bell?,Richard Belding,Ronald Belding,Richard Bording,Reggie Balding,A,medium,false,
Television,"Slater, a charcter on the TV show Saved by the Bell, shortens his first and middle name to the initials A. C. What do those initials stand for?",Albert Clifford,Alfred Clinton,Albert Charles,Andrew Charles,A,medium,false,
Television,Which of these girls has the charming and manipulative Zack kissed on the TV show Saved by the Bell?,Jesse,Lisa,Kelly,All of these,D,medium,false,
Television,"What is the name of Slaters ex-girlfriend in Saved by the Bell, who transferred to Bayside High School from Germany?",Julie,Jennifer,Jessica,Jamie,B,medium,false,
Television,What is the mascot of the fictional school Bayside in the teen sitcom Saved by the Bell?,Wolf,Dragon,Tiger,Bulldog,C,medium,false,
Television,What is the name of Screechs robot in the TV series Saved by the Bell?,Kevin,Sam,Arnold,Kyle,A,medium,false,
Television,"In the TV series Saved by the Bell, Jessies parents divorced and her mother remarried. What was the name of Jessies step-brother?",Eric,Tony,John,Neil,A,medium,false,
Television,"In the teen sitcom Saved by the Bell, the kids needed fake IDs to get into which club?",The Attic,The Lodge,The Basement,The Pier,A,medium,false,
Television,The Osbournes is a popular MTV reality show. It shows the domestic life of the famous Black Sabbath star Ozzy Osbourne and his family. But this member of the family refused to participate in the show.,Rob,Jack,Kelly,Aimee,D,medium,false,
Television,This is the near-sighted elderly neighbor of Beavis and Butt-head. He always hires them to do odd jobs and that usually results in his yard being destroyed or his house- ruined.,Principal McVicker,Tom Anderson,Stewart Stevenson,David Van Driessen,B,medium,false,
Television,The referee on Celebrity Deathmatch always starts matches by saying Lets get cracking.,False,True,,,A,medium,false,
Television,The first episode of Pimp My Ride aired on 4 March 2004. Which one of these famous rappers takes the cars to the custom body shop of West Coast Customs in the show?,50 cent,Xzibit,The Game,Dr. Dre,B,medium,false,
Television,"MTV describes this show as such: Its one of the wealthiest, most beautiful beachside communities in the world and MTV has unlimited access to the tight-knit power clique of eight rich, beautiful teenagers that live there.",Real World,Inferno 2,Laguna Beach,Power Girls,C,medium,false,
Television,Which one of these pairs show- star of the show is wrong?,Trippin- Cameron Diaz,Viva La Bam- Bam Margera,Newlyweds- Toby Amies,Punkd- Ashton,C,medium,false,
Television,The debut of Beavis and Butt-head on TV was in 1993.  When was the show cancelled?,1995,1997,1999,2002,B,medium,false,
Television,"Daria is another show produced by MTVs animation department. The main character, Daria, is a very fashionable girl, who likes going to parties and watching MTV.",True,False,,,B,medium,false,
Television,One of these shows is actually a musical one.,Nick Cannon Presents Wild N Out.,Direct Effect,Date My Mom,True Life,B,medium,false,
Television,"Jackass is a controversial show on MTV. Which one of these men, involved in the production of the show,  has never participated in any of the stunts shown?",Johnny Knoxville,Rick Kosick,Chris Pontius,Steve-O,B,medium,false,
Television,Which Charmed One also starred with Arnold Schwarzenegger in Commando in 1985?,Holly Marie Combs,Alyssa Milano,Shannen Doherty,Rose McGowan,B,medium,false,
Television,"Belthazor, an upper level demon on the Charmed series, was known by what name in his human form?",Leo Wyatt,Cole Wyatt,Leo Turner,Cole Turner,D,medium,false,
Television,"Which actor portrayed Belthazor, a character with a demon mother and a human father, on the television series Charmed?",Julian McMahon,Robert Englund,Brian Krause,Michael Bailey Smith,D,medium,false,
Television,"On the television series Charmed, in which war did Brian Krauses character die?",World War I,The Civil War,The American Revolution,World War II,D,medium,false,
Television,Which character from the Charmed series foretold that the three sisters would become the most powerful witches in the world?,Melinda Warren,Penny Halliwell,Melinda Halliwell,Patty Halliwell,A,medium,false,
Television,"At the end of the third season of Charmed, Prue was killed by which demon?",Shax,The Sea Hag,Abraxis,Balthazar,A,medium,false,
Television,Which ancient symbol represents the three witches on the series Charmed?,Triquetra,Pentagram,Trifecta,Pentacle,A,medium,false,
Television,What actress was originally cast for the role of Charmed character Phoebe Halliwell?,Lindsay Lohan,Constance M. Burge,Lori Rom,Alyssa Milano,C,medium,false,
Television,"Which actor from Charmed starred in the 1992 movie Sleepwalkers, directed by Mick Garris?",Brian Krause,Ted King,Dorian Gregory,Julian McMahon,A,medium,false,
Television,Which one of the three Charmed sisters possesses the powers of temporal stasis and molecular combustion?,Piper Halliwell,Paige Matthews,Prue Halliwell,Phoebe Halliwell,A,medium,false,
Television,Laura Elizabeth Ingalls Wilder was played by Melissa Gilbert on the Little House On The Prairie TV series.,False,True,,,B,medium,false,
Television,What was Charles Ingalls middle name on the Little House on the Prairie series?,James,Philip,Joe,Ben,B,medium,false,
Television,"On the Little House on the Prairie series, which actor played Nelson Nels Oleson?",Victor French,Kevin Hagen,Richard Bull,Michael Landon,C,medium,false,
Television,Little House on the Prairie character Reverend Robert Alden was played by which of these actors?,Dabbs Greer,Scottie MacGregor,Matthew Laborteaux,Jonathan Gilbert,A,medium,false,
Television,"Karl Swenson, who played Lars Hanson, appeared in 40 episodes of Little House on the Prairie from 1974 - 1978.",False,True,,,B,medium,false,
Television,What was Nellies brothers name on the Little House on the Prairie show?,Jimmy,Willie,James,Billy,B,medium,false,
Television,What character did Kevin Hagen play on the Little House on the Prairie show?,Charles Ingalls,Dr. Hiram Baker,Almanzo Wilder,none of these,B,medium,false,
Television,Shannen Doherty played Jenny Wilder in the Little House on the Prairie series.,True,False,,,A,medium,false,
Television,What was Nellie Olesons married name on the Little House on the Prairie series?,Graves,Dalton,Greer,Whipple,B,medium,false,
Television,Which character did Merlin Olsen play in the series Little House on the Prairie?,Isaiah Edwards,Jonathan Garvey,Adam Kendall,John Carter,B,medium,false,
Television,"In Saved by the Bell, when Lisa finally agrees to go out on a date with Screech, which movie does he take her to?",Zombies Take Manhattan,Attack of the Killer Caterpillar,Mating habits of the Flea,Zombies in Love,D,medium,false,
Television,What was the name of the female wrestler in Saved by the Bell who joined the Bayside team alongside Slater?,Carly,Christie,Kimberly,Katie,B,medium,false,
Television,What is the name Zack and Jessie used when they became dance partners in Saved by the Bell?,Spandex Twins,Zack Attack,Powerhouse Preppies,Four Aces,C,medium,false,
Television,"When Screech, a character from Saved by the Bell met Violets parents, he said that her mother looked like what famous movie star?",Jim Belushi,Sylvester Stalone,Tom Arnold,Arnold Swartzenegger,D,medium,false,
Television,"In the sitcom Saved by the Bell, Zack lies to his mom about sleeping over at Slaters so he and the guys can go to a dance club. That same night his mother attended what concert?","Peter, Paul and Mary",Phil Collins,Simon and Garfunkel,Aerosmith,A,medium,false,
Television,"Zack, one of the main characters in Saved by the Bell decides to run an Advice Line out of his room with the help of Lisa and Screech. What name does Zack use while hes taking calls?",Nitro,Laser,Bruno,Wolfman,A,medium,false,
Television,"In the sitcom Saved by the Bell, when the gang goes to Palm Springs for Jesses fathers wedding, Slater meets a princess with whom he spends his vacation. While they are dancing, the princess says he is what?",a real American birthday cake,a real American beefcake,a real American cheesecake,a real American coffee cake,C,medium,false,
Television,"In Saved by the Bell, this movie star shows up at Bayside and decides to shoot an Anti-Drug commercial there.",James Diamond,James Dakota,Johnny Diamond,Johnny Dakota,D,medium,false,
Television,"In the popular sitcom Saved by the Bell, Screechs mother goes out of town on vacation and leaves Screech home alone. The guys decide to have a little fun, so they put on sunglasses and lip sync to what song?",My Girl,Wild Thing,Freedom,Barbara Ann,D,medium,false,
Television,Zack and Kelly from Saved by the Bell attend a Costume Ball dressed up as what famous couple?,Snow White and Prince Charming,Cleopatra and Marc Anthony,Bonnie and Clyde,Romeo and Juliet,D,medium,false,
Television,Zack from Saved by the Bell made a calendar The Girls of Bayside. Who was Miss December?,Kelly,Mr. Belding,Lisa,Violet,B,medium,false,
Television,What was Margaret Houlihans rank in the TV series M*A*S*H?,Major,Captain,Lieutenant,Colonel,A,medium,false,
Television,What was the home state of fictional character Margaret Houlihan?,Texas,Illinois,New York,California,D,medium,false,
Television,What was the first name of Margaret Houlihans father?,Michael,Arthur,Alvin,Christopher,C,medium,false,
Television,"Through the first few seasons of the TV show M*A*S*H, Margaret Houlihan had an ongoing affair with which fellow 4077 member?",Frank Burns,B.J. Honeycutt,Hawkeye Pierce,Trapper John,A,medium,false,
Television,"Stating that sheloved his crooked smile and his sturdy frame, Margaret Houlihan admitted having a crush on which fellow M*A*S*H* character?",Hawkeye Pierce,Trapper John,BJ Honeycutt,Charles Winchester III,B,medium,false,
Television,Did Margaret Houlihan appear in the M*A*S*H spin-off AfterM*A*S*H.,No,Yes,,,A,medium,false,
Television,"In the context of television series, Lost, what is the next number in the following sequence:  4, 8, 15, 16, 23?",62,52,32,42,D,medium,false,
Television,"How many survivors were there in the pilot episode of TV series, Lost?",48,49,60,50,A,medium,false,
Television,"Sayid Jarrah, a character of TV series, Lost, had what job in Iraq?",Police Officer,Engineer,Radio operator,Communications Officer,D,medium,false,
Television,"What character of television series Lost said the following words on the pilot episode?  Two players, two sides — one is light, one is dark.",Jin-Soo Kwon,Michael Dawson,John Locke,Jack Shephard,C,medium,false,
Television,"On television series, Lost, did James Sawyer Ford kill the man who conned his parents?",No,Yes,,,A,medium,false,
Television,"On TV show, Lost, which two characters found the Hatch?",Sayid Jarrah and Jack Shephard,Jack Shephard and John Locke,Boone Carlyle and  Hugo Hurley Reyes,Boone Carlyle and John Locke,D,medium,false,
Television,"Where was this music first heard, on TV show, Lost?",On the radio,On the Plane,In the Jungle,In the Bunker,D,medium,false,
Television,Who played the role of Jack Tripper on the popular sitcom Threes Company?,John Writter,John Ritter,John Tripper,John Tinker,B,medium,false,
Television,Who played the down-to-earth Janet Wood on the hilarious show Threes Company?,Audra Lindley,Suzanne Somers,Pricilla Barnes,Joyce DeWitt,D,medium,false,
Television,What was Mr. Ropers first name on Threes Company?,Stanley,Charlie,Furley,Bill,A,medium,false,
Television,The TV show Threes Company ran on ABC from 1977 to 1984.,False,True,,,B,medium,false,
Television,Which of the following stars was the first to leave the show Threes Company?,Suzanne Somers,Richard Kline,Joyce DeWitt,John Ritter,A,medium,false,
Television,"On the TV show Threes Company, Ralph Furley played by Don Knotts replaced Mr. Roper as the apartment complex manager.",True,False,,,A,medium,false,
Television,"After Chrissy left the show Threes Company, Cindy moved in with Jack and Janet. How was Cindy related to Chrissy?",She was her sister.,She was her aunt.,She was her cousin.,She wasnt related to Chrissy.,C,medium,false,
Television,The first pilot episode for Threes Company was shot in what year?,1976,1977,1975,1978,A,medium,false,
Television,"What was the name of the bartender at The Regal Beagle, played by Brad Blaisdell in the series Threes Company?",Mike,Dave,Steve,Jimmy,A,medium,false,
Television,What was the total number of the episodes of the hit sitcom Threes Company?,174,175,176,177,A,medium,false,
Television,What Golden Globe Award did the series House win in 2006?,Best actress in a television series drama,Best actor in a television series drama,Best television series drama,Best producer of a television series drama,B,medium,false,
Television,Dr. House from the self-titled series is certified in what two fields of medicine?,infectious diseases/nephrology,neurology/gynecology,intensive care/emergency medicine,immunology/cardiology,A,medium,false,
Television,"Bad Hat Harry, the company that co-produces the series House, is named after a line from what 1975 blockbuster movie?",Jaws,Tommy,One Flew Over The Cuckoos Nest,The Rocky Horror Picture Show,A,medium,false,
Television,"In the episode of House titled Fools for Love, the doctors treat a married couple with the same hereditary genetic disease. How is this possible?",Its a coincidence.,It cant happen.,None of these,The woman got the disease from her husband.,C,medium,false,
Television,What doctor does  Jennifer Morrison portray in the series House?,Dr. Cameron,Dr. Cuddy,Dr. Volger,Dr. Chase,A,medium,false,
Television,"On the TV show House, Houses ex-wife shot him.",False,True,,,A,medium,false,
Television,The actress who plays Dr. Cuddy in the series House also had a role in what popular law TV series?,Boston Legal,LA Law,Law and Order,The Practice,D,medium,false,
Television,What year did the smash hit television show from the 80s The A- Team first hit the airwaves?,1982,1984,1986,1983,D,medium,false,
Television,How did the main characters on the hit television show The A-Team meet one another?,They played professional football together.,During the Vietnam War,They served in the United States Air Force.,They went to school together.,B,medium,false,
Television,Who was the leader of the A-Team on the show of the same name?,Capt. H. M. Howling Mad Murdock,Lt. Templeton Peck Faceman,Sgt. Bosco B. A. Baracus,Col. John Hannibal Smith,D,medium,false,
Television,"On the hit television show from the 1980s The A-Team, Mr. T played the role of B.A. Baracus. What did B. A. stand for ?",Big and Annoying,Bobby Armstrong,Bad Attitude,Bloody Always,C,medium,false,
Television,"On the show The A-Team, four days after the Vietnam War ended, the boys knocked off the Bank of Hanoi and took how much money?","100,000  yen","100,000,000  yen","600,000  yen","50,000  yen",B,medium,false,
Television,"On the hit television show The A -Team,  Mr. T wore all of his gold chains (35 lbs.) while he was playing the part of B. A. Baracus.",False,True,,,B,medium,false,
Television,Who was the pilot on the popular television show The A-Team?,Hannibal Smith,Mad Murdock,Faceman,B.A. Baracus,B,medium,false,
Television,What was the name of the reporter who used to travel with the boys during the 1983 season of the television series The A- Team?,Amy Allen,Missy Gold,Janice Gold,Jennifer Smith,A,medium,false,
Television,"What was the greatest fear of the popular character from the A-Team, B. A. Baracus?",flying in an air plane piloted by Murdock,the Number 13,black cats,the dark,A,medium,false,
Television,What year did the popular television show The A-Team leave the airwaves?,1986,1990,1989,1988,A,medium,false,
Television,What year did the popular television show Mad About You first hit the airwaves?,1994,1992,1990,1997,B,medium,false,
Television,Where did Jamie and Paul live on the hit television show Mad About You?,New York City,Chicago,Chicago,Philadelphia,A,medium,false,
Television,What was Jamie and Pauls last name on the sitcom Mad About You?,Gluckman,Buchman,Schwartz,Someguytony,B,medium,false,
Television,"In the hit television series Mad About You, what did Paul do for a living?",He was a bus driver.,He was a filmmaker.,He was a computer technician.,He worked at the Social Security Building.,B,medium,false,
Television,Where did Jamie and Paul first meet each other on the hit show Mad About You?,during Jury duty,at a museum,on a blind date,at a rock concert,B,medium,false,
Television,What was Jamies maiden name on the sitcom Mad About You?,Stemple,Harris,Zorich,Birnbaum,A,medium,false,
Television,"On the popular television show Mad About You, before meeting Paul, Jamie attended what college?",Harvard,NYU,Yale,Rutgers,C,medium,false,
Television,"During the final years of the hit television show Mad About You, Jamie and Paul had a daughter. What was her name?",Bonnie,Mabel,Szuna,Chrissie,B,medium,false,
Television,What was the name of Jamie and Pauls dog on the hit sitcom Mad About You?,Fido,Oscar,Clay Diamond,Murray,D,medium,false,
Television,What year did the hit television show Mad About You leave the airwaves?,1999,1997,2001,1998,A,medium,false,
Television,"This sitcom is about a psychiatrist named Jason Seaver, who works from home, while his wife Maggie continues her career as a reporter. They have four children named Mike, Carol, Ben and Chrissy.",Wonder Years,Family Ties,Growing Pains,Home Improvement,C,medium,false,
Television,This sitcom is about a young republican named Alex P. Keaton and his parents Elyse and Steven Keaton.,Benson,Family Ties,Whats Happening,Step By Step,B,medium,false,
Television,"What sitcom would I be talking about if I mentioned the names Ritchie, Joanie, Marion, Howard, Potsie, Ralph and Chachi?",Laverne and Shirley,Whats Happening,Happy Days,Wonder Years,C,medium,false,
Television,"The sitcom, set in Chicago, focuses on the African American Winslow family (Carl, Harriet, Laura, Eddie, and Judy).",Fresh Prince of Bel Air,Whats Happening,Family Matters,Good Times,C,medium,false,
Television,What sitcom was famous for the catch phrase Dy-NO-Mite?,The Jeffersons,Sanford and Son,Good Times,All in the Family,C,medium,false,
Television,"Some of the characters in this sitcom were Janet, Chrissy, Jack and the Ropers.",Threes Company,My Three Sons,Mork and Mindy,Wonder Years,A,medium,false,
Television,"This sitcom, set in the fictional town of Lanford, Illinois, was about a dysfunctional family, struggling to make ends meet.",Roseanne,Good Times,Eight is Enough,Wonder Years,A,medium,false,
Television,This sitcom is about a young boy named Kevin Arnold and his sweetheart Winnie Cooper.,Boy Meets World,Just the Two of Us,My Two Dads,The Wonder Years,D,medium,false,
Television,"What sitcom had a theme song that contained these lyrics? One, two, three, four, five,six, seven, eight Schlemeel, Schlemazel, Hasenfeffer incorporated Were gonna do it! Give us a chance now, well take it. Give us any rule, well break it were gonna make our dreams come true......Doin it our way!",Mork and Mindy,Bosom Buddies,Happy Days,Laverne and Shirley,D,medium,false,
Television,"What sitcom starred actors Gary Coleman, Dana Plato, Todd Bridges and Conrad Bain?",Diffrent Strokes,Family Matters,Step by Step,Good Times,A,medium,false,
Television,"In the M*A*S*H TV series, B.J.s initials were short for what first name?",Bobby Jack,Barry Johnson,Billy Joe,None,D,medium,false,
Television,What is the name of B.J. Hunnicutts daughter in the M*A*S*H series?,Emily,Erin,Karen,Anne,B,medium,false,
Television,B.J. Hunnicutt from the TV show M*A*S*H* had a wife named Pam.,False,True,,,A,medium,false,
Television,Which was the first episode in which B. J. Hunnicutt appeared on the TV show M*A*S*H*?,Welcome to Korea,"Goodbye, Farewell and Amen","Abyssinia, Henry",Change of Command,A,medium,false,
Television,"In the M*A*S*H TV series, B.J. Hunnicutt is from a town called Mill Valley. What state is it in?",Pennsylvania,Missouri,California,New Jersey,C,medium,false,
Television,The character of B.J. Hunnicutt had always have a moustache on the TV show M*A*S*H.,True,False,,,B,medium,false,
Television,What year did the great cartoon The Jetsons first hit the airwaves?,1967,1969,1977,1962,D,medium,false,
Television,What was the name of the George Jetsons boss on the cartoon show The Jetsons?,Mr. Siderman,Mr. Spacely,Mr. Coggs,Mr. Slate,B,medium,false,
Television,Where did George Jetson work on the hit cartoon series The Jetsons?,At the Space Mall,Cogwell Cogs,Spacelys Space Sprockets,Spacelys Sprockets,C,medium,false,
Television,What was the name of the maid who worked for the Jetsons on the hit show of the same name?,Judy,Posie,Rosie,Jane,C,medium,false,
Television,The Robot Maid only appeared in two episodes of the original The Jetsons show in the 60s.,False,True,,,B,medium,false,
Television,"What was the name of the handyman on the show The Jetsons, who lived in the Jetsons complex?",Frank Welker,Bill Melater,John E. Comelately,Henry Orbit,D,medium,false,
Television,What was the means of transportation on the popular 60s show The Jetsons?,flying saucer,plane,car,helicopter,A,medium,false,
Television,What was the name of the Jetsons dog on the animated sitcom The Jetsons?,Star,Comet,Astro,Pluto,C,medium,false,
Television,"What was the name of the high school that Judy Jetson attended on the 60s cartoon, The Jetsons?",U.F.O High School,Orbit High School,Asteroid Art  Design,Rocket High School,B,medium,false,
Television,"On American sitcom, Threes Company, how many room mates have Jack Tripper and Janet Wood had?",3,6,1,2,A,medium,false,
Television,"At what establishment does Janet of  TV show, Threes Company work?",Flower shop,Night club,Janet does not work,Restaurant,A,medium,false,
Television,"On American sitcom, Threes Company, is Jack Tripper actually gay?",True,False,,,B,medium,false,
Television,"On TVs Threes Company, who was the second roommate to move in the house (excluding Janet and Terri)?",Jack,Elanor,Cindy,Crissy,A,medium,false,
Television,"On the sitcom The Brady Bunch, the Brady boys had a dog and the Brady girls had a cat.",False,True,,,B,medium,false,
Television,Who was the guest football star on The Brady Bunch when Peter was teased about being in the glee club?,Deacon Jones,Merlin Olsen,Joe Namath,Dick Butkus,A,medium,false,
Television,What was the prize  that Peter would get for selling the most sunflower-girl cookies on the TV show The Brady Bunch?,He gets a new bike and his name in the paper,He gets camping equipment,He becomes blossom of the month.,Marsha would have to drop out of sunflower girls,C,medium,false,
Television,What was the gift that the Brady girls end up getting with their shopping stamps in the TV series The Brady Bunch?,A color TV,A sewing machine,A rowboat,A new stereo,A,medium,false,
Television,Who was the baseball player on The Brady Bunch who gave Greg tips about baseball playing?,Willie Mays,Nolan Ryan,Mickey Mantle,Don Drysdale,D,medium,false,
Television,What was the name of the boy who teased Cindy about her lisp on the sitcom The Brady Bunch?,Felix Brown,George Glass,Bradley Hinkle,Buddy Hinton,D,medium,false,
Television,"On the TV show The Brady Bunch, Davy Jones from The Monkees found Marshas diary and showed up at her school to return it.",False,True,,,A,medium,false,
Television,Which one of these Brady Bunch characters did not appear as the Snow White character beside it.,Sam the butcher-Dopey,Cindy-Grumpy,Peter-Sneezy,Greg-Happy,D,medium,false,
Television,"What did Mike Brady, one of the main characters on The Brady Bunch, buy for the family to get Bobby to walk on his sprained ankle?",A trampoline,A set of pogo sticks,All of these,A swing set with a balance beam,A,medium,false,
Television,"What happened to Gregs hair on The Brady Bunch, when Bobby sold him some conditioner?",It turned green,His skin itched for days,It fell out,It turned bright orange,D,medium,false,
Television,"In the Hawaii episodes of The Brady Bunch, Peter ends up with a black widow spider on his stomach while hes in bed.",True,False,,,B,medium,false,
Television,"In Ring a Ding Ding, an episode of Sex and the City, Carrie is complaining that she never had any money but eventually realizes that she had spent how much on shoes?","$40,000","$5,000","$4,000","$50,000",A,medium,false,
Television,"Samantha Jones, the sassy lady  from Sex and the City, has a passion for the struggling actor Jerry Jerrod. As she finds his name unsuitable for an acting career, she gives him a new name. What is it?",Smith Jones,Smith Johnson,Smith Jerrod,Jared Jones,C,medium,false,
Television,"Charlotte York, one of the main characters in Sex and the City named her dog after which celebrity?",Princess Diana,Raquel Welch,Elizabeth Taylor,Joan Collins,C,medium,false,
Television,What name did Miranda Hobbes from Sex and the City give to her baby?,Brady,Steve Jr.,Brandon,Brad,A,medium,false,
Television,Miranda Hobbes is the oldest of the four ladies in the HBO series Sex and the City.,False,True,,,A,medium,false,
Television,"All four ladies, Carrie, Miranda, Charlotte and Samantha, are happy and in love at the end of the HBO series Sex and the City.",False,True,,,B,medium,false,
Television,"This character, portrayed by Candice Bergen, appeared in an episode of Sex and the City as Carrie Bradshaws editor in Vogue.",Kyra,Phoebe,Margaret,Enid,D,medium,false,
Television,"In the final episode of Sex and the City, Charlotte and Harry, finally get a chance to adopt a baby, born in which country?",Germany,France,China,Japan,C,medium,false,
Television,Which season 4 episode of Buffy the Vampire Slayer was nominated for an Emmy?,New Moon Rising,Hush,The Harsh Light Of Day,Reastless,B,medium,false,
Television,What was the name of the musical episode of season 6 of Buffy the Vampire Slayer?,"Once More, With Feeling",Tabula Rasa,Hells Bells,Entropy,A,medium,false,
Television,What creature was Oz in the TV series Buffy the Vampire Slayer?,vampire,demon,werewolf,evil genius,C,medium,false,
Television,What is the name of the big bad in season 7 of Buffy the vampire Slayer?,Glory,Caleb,The First,Adam,C,medium,false,
Television,Which character on Buffy the Vampire Slayer was played by actress Eliza Dushku?,Faith,Buffy,Willow,Anya,A,medium,false,
Television,Which character on Buffy the Vampire Player was originally a ball of green energy known as the Key?,Anya,Tara,Cordelia,Dawn,D,medium,false,
Television,"On Buffy the Vampire Slayer, Angel, played by David Boreanaz, is what kind of character?",a vampire with a soul and Buffys ex-lover,a werewolf and Willows boyfriend,the person who kills Oz,a kitten eating demon,A,medium,false,
Television,What is the name of the stake given to Buffy by Kendra in the TV series Buffy the Vampire Slayer?,Woody,Mr. Pointy,Mr. stabby,Vampire killing thingy,B,medium,false,
Television,"Which of these is a nickname of the vampire character Spike, featured on Buffy the Vampire Slayer?",Railroad Spike,William the Bloody,Spike the Tormentor,Bloody Spike,B,medium,false,
Television,"What is the middle name of Buffy, the main character on Buffy the vampire Slayer?",Abigail,Anne,Michelle,Amanda,B,medium,false,
Television,Which band performs the theme song of Buffy the Vampire Slayer?,Love Spit Love,Me First and the Gimme Gimmes,Nerf Herder,The Smiths,C,medium,false,
Television,Who is the creator of the TV series Buffy the Vampire Slayer?,Steven Spielberg,Chris Columbus,Oliver Stone,Joss Whedon,D,medium,false,
Television,The TV series Buffy the Vampire Slayer was loosely based on a movie of the same name.,True,False,,,A,medium,false,
Television,Buffy the Vampire Slayer ran for how many seasons?,9,10,14,7,D,medium,false,
Television,"In this country, all television broadcasting came to a complete halt during World War II, until programming was resumed on June 7, 1946.",France,Germany,United States,England,D,medium,false,
Television,"After WW II and the Great Depression, fearing the possible outbreak of WW III, people in the US were afraid to spend their savings, thus bringing sales of television sets to a virtual halt.",False,True,,,A,medium,false,
Television,"In 1954, Radio Corporation of America introduced the first all-electronic color TV set -- the CTC-100, boasting a 12-1/2 screen. What was its retail price?","$1,000",$250,$500,$100,A,medium,false,
Television,"In season three of TV series, Beverly Hills 90210, Brenda met in Paris this character, portrayed by actor Dean Cain.",Rick,Steve,Stuart,Joe,A,medium,false,
Television,"This character, portrayed by Rebecca Gayheart, was Dylans wife in the TV series. Beverly Hills 90210.",Valerie,Antonia,Carly,Suzanne,B,medium,false,
Television,"This Beverly Hills 90210 character, portrayed by a 2005 Oscar award winner, was a single mother, who dated Steve.",Claire,Carly,Jill,Susan,B,medium,false,
Television,"This character, played by Christine Elise, appeared on Beverly Hills 90210 as Brandons leather- wearing, motorcycle-riding girlfriend.",Donna,Kelly,Emily,Valerie,C,medium,false,
Television,"This character, portrayed by Jamie Waters, appeared on the soap opera Beverly Hills 90210 in 1994, as Donnas abusive boyfriend.",David,Steve,Joe,Ray,D,medium,false,
Television,"This character, portrayed by Dan Gauthier, appeared in BH 90210 as Steves drug-taking friend.",Ray,Dick,Brandon,Scott,B,medium,false,
Television,"This character, portrayed by Matthew Perry, appeared in the earlier episodes of BH 90210, as an outstanding student and tennis star.",Roger,Steve,Rob,Alan,A,medium,false,
Television,"This character, played by Grant Show, had a romance with Kelly in the TV series BH 90210. He later appeared on Melrose Place, which was a spin-off from Beverly Hills 90210.",Jake,Matt,Mike,Randy,A,medium,false,
Television,"In Beverly Hills 90210, Steve met this character, played by Cary Grants daughter, on a dating game show.",Celeste,Claire,Julie,Carly,A,medium,false,
Television,"On the hit TV show Cheers, what was the middle name of bartender Woodrow Woody Boyd?",Tiberius,Angus,Buford,Clem,A,medium,false,
Television,"When fictional character Sam Malone bought Cheers he hired as a bartender Ernie Pantusso, also known as Coach. When Ernie was a baseball player and coach, he was an expert in what?",spitball,being hit by pitches,Infield Fake,stealing homeplate,B,medium,false,
Television,Kelsey Grammer received three Emmy Awards for playing Frasier Crane on three different TV shows.,False,True,,,B,medium,false,
Television,Who was not one of the three original characters to appear in every episode of Cheers?,Carla Tortelli,Sam Malone,Norm,Cliff Clavin,D,medium,false,
Television,Which of these was not one of Norms professions in the TV series Cheers?,Accountant,Interior decorator,Banker,House painter,C,medium,false,
Television,Kelsey Grammer has tied James Arness record for playing the same character for most seasons.,True,False,,,A,medium,false,
Television,"In the comic strip Peanuts, Snoopy is Lucys watchdog.",False,True,,,A,medium,false,
Television,Whose brother is the popular cartoon character Charlie Brown?,Corrinnes,Lucys,Sallys,Kristis,C,medium,false,
Television,One of Peanuts characters is named Pig-Pen because he smells badly and is always dirty.,True,False,,,A,medium,false,
Television,Is it true that Jim Carey took part in the writing of the Peanuts comic strips.,Yes,No,,,B,medium,false,
Television,Charles Schulz received the National Cartoonist Society Humor Comic Strip Award in 1955 for Peanuts.,True,False,,,B,medium,false,
Television,Which of these cartoon characters is one of Snoopys siblings?,None of these,Lucy,Violet,Spike,D,medium,false,
Television,What year was Sallys debut in the comic strip Peanuts?,1959,1976,1998,1898,A,medium,false,
Television,Who is Linuss younger brother in the comic strip Peanuts?,Schroeder,Pigpen,Rerun,Charlie Brown,C,medium,false,
Television,"This  famous  TV actor  was considered a threat to John Wayne. He was supposedly taller, better looking , and more macho than The Duke.  He took the TV role and kept it for over 15 years.",Jack Elam,James Arness,Brett Halsey,James Taylor,B,medium,false,
Television,William Shatner of Star Trek shared the first interracial kiss on TV.,False,True,,,B,medium,false,
Television,"In 2005, Archie Bunker from the TV show All in the Family was named by Bravo the #1 television character of all time.",True,False,,,A,medium,false,
Television,"What was the name of the prankster, who was one of Archie Bunkers best friends on All in the Family?",Stew Cunningham,Stern Cunningham,Stretch Cunningham,Steve Cunningham,C,medium,false,
Television,On the TV show All in the Family the Jeffersons were introduced as Archie Bunkers neighbors. What was the first name of George Jeffersons brother who appeared in a recurring role on the hit show?,Henry,Herbert,Harold,Harvey,A,medium,false,
Television,What was the first name of the woman with whom Archie Bunker nearly had an affair on the show All in the Family?,Deborah,Denise,Dorothy,Dotty,B,medium,false,
Television,What was the occupation of Archie Bunkers father according to the sitcom All in the Family?,A milk man,Police Officer,Mailman,Railroad Conductor,D,medium,false,
Television,In an episode of All in the Family it was revealed that as a child Archie Bunker was abused by his father.,False,True,,,B,medium,false,
Television,What was the first name of Archie Bunkers brother on the sitcom All in the Family?,Chuck,Billy,Fred,John,C,medium,false,
Television,"Archie Bunkers chair from the sitcom All in the Family can be seen in the American Television Hall of Fame and Museum in Hollywood, CA.",True,False,,,B,medium,false,
Television,What year did the hit television show Too Close For Comfort first hit the airwaves?,1980,1975,1982,1987,A,medium,false,
Television,What was Henry Rushs profession on the hit television show Too Close For Comfort ?,Janitor,Photographer,Mechanic,Cartoonist,D,medium,false,
Television,How many children did Henry and Muriel Rush have on the hit television show Too Close For Comfort?,2,4,0,3,D,medium,false,
Television,What was the name of Henrys hippie niece from Delaware who appeared on the television show Too Close For Comfort during the 1981-1982 season?,Venus,June,April,May,C,medium,false,
Television,What college did Sara Rush attend on the popular show Too Close For Comfort?,BYU,LSU,Berkley College,San Francisco State College,D,medium,false,
Television,"Who played Saras friend, Monroe Ficus in the TV series Too Close For Comfort?",JM  J Bullock,Paul Lynde,Steve Guttenberg,Hank Azaria,A,medium,false,
Television,"Audrey Meadows, who played Alice Kramden on The Honeymooners, was on the hit television show Too Close For Comfort .",True,False,,,A,medium,false,
Television,What was the name of the weekly newspaper that Henry Rush bought on the famous show Too Close For Comfort?,The Marin Bugler,LA Tribune,California Times,San Francisco Herald,A,medium,false,
Television,The show Too Close For Comfort  was retitled The Ted Knight Show after the 1983 season.,True,False,,,A,medium,false,
Television,Who played Jackie Rush on the hit television show Too Close For Comfort?,Deborah Van Valkenburgh,Johanna Fisher,Nancy Dussault,Mary Miller,A,medium,false,
Television,"Where was Robert Petrie, the main character on The Dick Van Dyke Show, born?","New Rochelle, N.Y.","New York, N.Y.","Danville, ILL.","Redhook, N.J.",C,medium,false,
Television,"What was Rob Petries job on The Dick Van Dyke Show, just before he was hired by Alan Brady?",Stage Manager,Disc Jockey,Army Cook,Magazine writer,B,medium,false,
Television,"On The Dick Van Dyke Show, what is Ritchie Petries middle name?",Tulip,Daisy,Rosebud,Petunia,C,medium,false,
Television,Who was beating up Ritchie at school on The Dick Van Dyke Show?,Joan Delroy,Prisilla Darwell,Paula Marshall,Valerie Blake,B,medium,false,
Television,"On The Dick Van Dyke Show, why did the Petries have a second marriage ceremony?",Robs mother missed the original,Laura lied on their marriage licence,They got divorced in Mexico,It was their 10 wedding anniversary,B,medium,false,
Television,Which character on The Dick Van Dyke Show was Sallys perennial boyfriend?,Harrison B. Harding,Herman Glimsher,Leo Fassbinder,Bert Monker,B,medium,false,
Television,What was Sallys cats name on The Dick Van Dyke Show?,Mr. Bevedere,Mr. Henderson,Mrs. Henson,Mrs. Miniver,B,medium,false,
Television,"On The Dick Van Dyke Show, what valuable item does Robs uncle leave him in his will?",An oil painting of George Washington,An autograph of Thomas Jefferson,A letter written by Benjamin Franklin,A photograph of Abraham Lincoln,D,medium,false,
Television,What is Jerry Helpers occupation on the sitcom The Dick Van Dyke Show?,Photographer,Optometrist,Plumber,Dentist,D,medium,false,
Television,The Petries from The Dick Van Dyke Show live at 148 Bonny Meadow Road.,False,True,,,B,medium,false,
Television,"On The Dick Van Dyke Show, when Rob buys a painting at an auction, they discover a painting underneath the one seen at first and ruin the one on top in an attempt to restore the painting underneath. In the end the painting on the top they ruin turns out to be painted by whom?",Winston Churchill,Frank Sinatra,Jimmy Stewart,Tony Curtis,B,medium,false,
Television,What is the name of the street in which Desperate Housewives takes place?,Wisteria Lane,Elm Street,Wisteria Road,Mystery Lane,A,medium,false,
Television,"In Desperate Housewives, what is Zach Youngs original name, given to him at birth?",Mike,Jamie,Don,Dana,D,medium,false,
Television,What actor plays the part of Andrew Van de Kamp in Desperate Housewives?,Shawn Pryfrom,Doug Savant,Cody Kasch,Sean Pryfron,A,medium,false,
Television,"In Desperate Housewives, what was Mikes wifes name?",Diane,Angela,Susan,Dierdre,D,medium,false,
Television,What object was used to kill Mrs. Huber in Desperate Housewives?,blender,hammer,toaster,lamp,A,medium,false,
Television,"In Desperate Housewives, how did Mary Alice die?",overdose,murdered,naturally,suicide,D,medium,false,
Television,What composer did the theme music for the show Desperate Housewives?,Bon Jovi,Andrew Lloyd Webber,Danny Elfman,Mike Johnson,C,medium,false,
Television,"In Desperate Housewives season one, how many children does Lynette have?",five,four,two,none,B,medium,false,
Television,There were 25 episodes in the first season of Desperate Housewives.,False,True,,,A,medium,false,
Television,He starred in Disneys Old Yeller (1957) and played Lucas McCain in the classic television series The Rifleman.,James Arness,Clint Eastwood,Chuck Conners,Lee Van Cleef,C,medium,false,
Television,"This ex NFL quarterback created a sensation by appearing on television commercials wearing pantyhose, and in a TV ad for Noxema Shaving Cream, he had a beautiful model lathering his face and saying Take it off...take it all off!",Joe Namath,Bart Starr,Kenny Stabler,Johnny Unitas,A,medium,false,
Television,This famous entertainer goes by the nickname Mr. Las Vegas and is one of the very few people to be made an honorary Green Beret.,Frank Sinatra,Elvis Presley,David Copperfield,Wayne Newton,D,medium,false,
Television,"Known as The Great One, this television legend also played Minnesota Fats in The Hustler and Sheriff Buford T. Justice in the Smokey and the Bandit movies. His grandson is actor Jason Patric.",Jackie Gleason,Orson Welles,Jack Benny,Milton Berle,A,medium,false,
Television,Johnny Carson plays the part of a car salesman named Cheerful Charlie in a 1969 episode of Heres Lucy.,True,False,,,B,medium,false,
Television,This legendary beauty won Best Actress Oscars for Butterfield 8 (1960) and Whos Afraid of Virginia Woolf? (1966),Ingrid Bergman,Elizabeth Taylor,Sophia Loren,Lauren Bacall,B,medium,false,
Television,"In high school, fictional character Al Bundy played this sport and led his team to a championship.",Baseball,Hockey,Football,Basketball,C,medium,false,
Television,Which of the following is Al Bundys least favorite on the sitcom Married with Children?,Having sex with his wife,John Wayne,Football,Beer,A,medium,false,
Television,What kind of car did TV character Al Bundy drive?,73 Dodge Dart,76 Chevy Impala,75 Plymouth GTO,73 El Camino,A,medium,false,
Television,What is the name of Al Bundys wife on the hit sitcom Married with Children?,Pam,Gloria,Peg,Marcy,C,medium,false,
Television,In which famous U.S. city do the Bundys reside on the TV show Married with Children?,New York,Los Angeles,Boston,Chicago,D,medium,false,
Television,Which of these does fictional character Al Bundy love the most?,Beer,His job,His family,The French,A,medium,false,
Television,"In the sitcom Leave It to Beaver, Wally dated three girls fairly regularly. Which one worked at the library?",Mary Jane,Julie,Mary Ellen,Laurie Ann,D,medium,false,
Television,What was Ward Cleavers occupation on the TV show Leave It to Beaver?,School teacher,None of these,Lawyer,Paramedic,B,medium,false,
Television,"Did June Cleaver, the mother of two boys in the series Leave It to Beaver, drive a car?",No,Yes,,,B,medium,false,
Television,This character form the show Leave It to Beaver was Wally and Beavers favorite uncle.,Uncle Billy,Uncle William,Uncle Jimmy,Uncle Bobby,A,medium,false,
Television,"On the show Leave It to Beaver, the boys favorite aunt lived about an hour away from the Cleavers. What was her name?",Aunt Gladys,Aunt Mary,Aunt Edna,Aunt Martha,D,medium,false,
Television,What was Wally and Beavers favorite meal of for dinner that June made occasionally in the series Leave It to Beaver?,roast beef,roasted chicken,squab,pot roast,A,medium,false,
Television,"In the TV series Leave It to Beaver, Wally took Julie Foster to which expensive restaurant?",The White Horse,The White Fox,The White Rabbit,The White Tiger,B,medium,false,
Television,"In the popular sitcom Leave It to Beaver, Mary Ellens father was a teacher at the high school.",True,False,,,B,medium,false,
Television,"Wally and Beaver, the two brothers on the show Leave It to Beaver, spent their train money on hot dogs and stuff and couldnt pay for the train ride home from their aunts house. Where did they tell the conductor she lived?",In Belport,In a poor house,In an apartment in the city,In a nursing home,B,medium,false,
Television,The Cleavers from Leave It to Beaver lived in what city?,Mayfield,Mayberry,Mapletown,Mayport,A,medium,false,
Television,Beaver and Wally from Leave It to Beaver baby-sat for a little girl who kept telling them she wanted to see Mary-Jane. What was Mary Jane?,The park,The play-room,The bathroom,Her stuffed animal,C,medium,false,
Television,"On the show Leave It to Beaver, Beaver and Larry performed a magic trick on Benji, the little boy who lived down the street. They made Benji think they had turned Beaver into what?",A tree,A bush,A dog,A rock,D,medium,false,
Television,There were two old firemen in the series Leave It to Beaver that Beaver used to visit. What were their names?,Larry and Gus,Gus and Charlie,Gus and Joe,Gus and Bill,B,medium,false,
Television,What did Eddie Haskel from Leave It to Beaver buy for himself with his service station credit card?,A tire,A car battery,A sweater,A vest,D,medium,false,
Television,"On the show Leave It to Beaver, there was a haunted house in the neighborhood. What did Beaver do for the lady who lived in it?",Shoveled her snow,Walked her dog,Mowed her lawn,None of these,B,medium,false,
Television,What were the names of Eddie Haskels parents in the series Leave It to Beaver?,Archie and Betty,George and Alice,George and Eileen,George and Evelyn,B,medium,false,
Television,"One night Larry Mondello, a character from Leave It to Beaver, got sick when he stayed at Beavers house. What was the reason for this?",He ate too much ice cream,He ate too many cookies,He ate too many candy bars,None of these,C,medium,false,
Television,"The show Welcome Back, Kotter ran from 1973 - 1977.",False,True,,,A,medium,false,
Television,"In the TV series Welcome Back, Kotter, Sweathogs was the name given to the students in Mr. Kotters class.",True,False,,,A,medium,false,
Television,"What was the name of Mr. Kotters wife on the show Welcome Back, Kotter?",Jerri,Julie,Judy,Jenny,B,medium,false,
Television,"Marcia Strassman, the actress who played Mrs. Kotter on the show Welcome Back, Kotter was born in what city?",New York City,Atlanta,Cincinnati,Denver,A,medium,false,
Television,"Which actor played Vinnie Barbarino in the TV series Welcome Back, Kotter?",Ron Palillo,John Sylvester White,John Travolta,Robert Hegyes,C,medium,false,
Television,"On the sitcom Welcome Back, Kotter Ron Palillo played Arnold. What was Arnolds last name?",None of these,Hoorshak,Horshack,Horsshaft,C,medium,false,
Television,Dustin Diamond who starred in Saved by the Bell beat Ron Palillo in a boxing match.,True,False,,,A,medium,false,
Television,"What is the birth date of actor Lawrence-Hilton Jacobs who played Freddie Boom Boom Washington in the series Welcome Back, Kotter?","September 31, 1955","September 5, 1955","September 4, 1953","September 4, 1954",C,medium,false,
Television,"Which of these actresses played Rosalie Hotsy Totsy in Welcome Back, Kotter?",Irene Arranga,Ellen Travolta,Helaine Lembeck,Debralee Scott,D,medium,false,
Television,"Which of these characters from Welcome Back, Kotter did Stephen Shortridge play?",Gabe Kotter,Beau De Labarre,Mr. Michael Woodman,Juan Luis Pedro Phillipo de Huevos Epstein,B,medium,false,
Television,Did Florence Henderson star as the Brady mother in the The Brady Bunch sitcom?,No,Yes,,,B,medium,false,
Television,Robert Reed played Mitch Brady on The Brady Bunch series.,False,True,,,A,medium,false,
Television,Sherwood Schwartz played Sam Franklin on the popular American sitcom The Brady Bunch.,True,False,,,B,medium,false,
Television,The Brady Bunch TV Series ran from 1969-1974.,False,True,,,B,medium,false,
Television,Marcia Brady was played by actress Maureen McCormick on the Brady Bunch series.,False,True,,,B,medium,false,
Television,"Character Jan Brady, played by Eve Plumb, only appeared in 69 episodes of the The Brady Bunch show.",True,False,,,B,medium,false,
Television,Barry Williams played the role of Peter Brady on the The Brady Bunch show.,False,True,,,A,medium,false,
Television,"In The Brady Bunch, Ann B. Davis played the role of Aunt Alice Nelson, the housekeeper.",False,True,,,A,medium,false,
Television,Mike Lookinland appeared in 69 episodes of The Brady Bunch as Bobby Brady.,False,True,,,B,medium,false,
Television,The youngest Brady known as Cindy was played by Susan Olsen and she appeared in more episodes of the The Brady Bunch show than any other Brady character.,True,False,,,B,medium,false,
Television,What year did the hilarious sitcom Just Shoot Me first hit the airwaves?,2000,1989,1997,1999,C,medium,false,
Television,What was Dennis Finchs middle name on the popular television show  Just Shoot Me?,Jonas,Quimby,Darren,Cornelius,B,medium,false,
Television,The TV show Just Shoot Me focused on the staff of which fictional magazine?,Blush,Q,Vanity Fare,Vogue,A,medium,false,
Television,"On the show Just Shoot Me, Dennis Finch, who went to Hudson River Junior College, was a member of what athletic team?",Wrestling,Football,Baseball,Cheerleading,D,medium,false,
Television,What was the name of Jack Gallos daughter who worked for Blush magazine on the hit television show Just Shoot Me?,May,Maya,Amanda,Amy,B,medium,false,
Television,What was Nina Van Horns real name in the TV series Just Shoot Me?,Johanna Fisher,Eileen Schwartz,Kerri Strug,Claire Noodleman,D,medium,false,
Television,"Who was Mayas boyfriend on the show Just Shoot Me, who also worked for Blush magazine?",Harvey,John,Dennis,Elliot,D,medium,false,
Television,"Nina Van Horn, a character on the show Just Shoot Me, was a supermodel in the 70s. Who was the supermodel she said she used to live with?",Janice Dickinson,Carol Alt,Twiggy,Cheryl Tiegs,C,medium,false,
Television,In which city were the Blush magazine headquarters located on the hit show Just Shoot Me?,San Francisco,New York City,Las Vegas,Los Angeles,B,medium,false,
Television,What year did the famous television show Just Shoot Me leave the airwaves?,2003,1999,2005,2001,A,medium,false,
Television,In The Fugitive Harrison Fords character killed his wife.,False,True,,,A,medium,false,
Television,The fictional A-Team did commit war crimes.,False,True,,,A,medium,false,
Television,In Primal Fear Edward Nortons character murdered the priest.,False,True,,,B,medium,false,
Television,Tim Robbins character in Shawshank Redemption killed his wife.,False,True,,,A,medium,false,
Television,"In American History X, Edward Nortons character committed the felony assault he was convicted of.",True,False,,,A,medium,false,
Television,Brad Pitts character in Thelma and Louise committed fraud.,False,True,,,B,medium,false,
Television,Kevin Spacys character in The Usual Suspects did murder other gangsters.,False,True,,,B,medium,false,
Television,Wesley Snipes character in U.S. Marshals murdered U.S. Marshals.,False,True,,,A,medium,false,
Television,Kevin Spacys character in The Life of David Gale murdered his female friend and was executed for this crime.,False,True,,,A,medium,false,
Television,Gene Hackmans character in The Chamber did commit the murder that he was executed for.,False,True,,,B,medium,false,
Television,How many true sequels were there to the Frosty the Snowman Christmas special?,1,3,2,0,C,medium,false,
Television,June Foray is credited with voicing the little girl in the film Frosty the Snowman but it was another voice actress who actually did the part.,True,False,,,A,medium,false,
Television,What year did the hit television show Bosom Buddies first hit the airwaves?,1977,1981,1980,1982,C,medium,false,
Television,What was the theme song for the classic 80s television show Bosom Buddies”?,My Sharona by The Knack,Movin Out by Billy Joel,One Thing Leads To Another by The Fixx,My Life by Billy Joel,D,medium,false,
Television,What was the name of the hotel that the guys and gals lived in on the popular 80s television show Bosom Buddies?,The Haven Motel,The Westway Hotel,Susan B. Anthony Hotel,The Grand Motor Inn,C,medium,false,
Television,Who played the role of Kip Wilson/Buffy on the popular 80s television show Bosom Buddies”?,Peter Scolari,Lyle Waggoner,Tom Hanks,William Ragsdale,C,medium,false,
Television,Where did Kip and Henry work in the 80s television series Bosom Buddies”?,In a cosmetic company,In an advertising agency,In McDonalds,In a shoe store,B,medium,false,
Television,Who played the role of Henry Desmond/ Hildegarde on the sitcom Bosom Buddies?,Peter Scolari,Tom Hanks,Larry Linville,James Remar,A,medium,false,
Television,"On the show Bosom Buddies Isabelle was played by actress Telma Hopkins. Before becoming an actress, Telma Hopkins used to be in the musical group Tony Orlando And Dawn.",False,True,,,B,medium,false,
Television,What television network carried the show Bosom Buddies”?,CBS,ABC,WOR,NBC,B,medium,false,
Television,What was the name of the company that Kip and Henry worked for on the hit television show Bosom Buddies?,Livingston Gentry And Mishkin Advertising Agency,Freddie Pateks Ads Are Us,Wallace And MacQuade Shoe Store,Matt Houstons Audio Clips,A,medium,false,
Television,What year did the television show Bosom Buddies leave the airwaves?,1986,1982,1985,1981,B,medium,false,
Television,Which actor was originally offered the part of Sam Malone on Cheers?,Fred Dwyer,Patrick Duffy,Tom Seleck,Dirk Bennedict,A,medium,false,
Television,What position did Cheers character Sam Malone play in the Major Leagues?,Pitcher,Outfield,Catcher,First Base,A,medium,false,
Television,Why did Cheers character Sam Malone have to end his baseball career?,Shoulder Injury,Drug Addiction,Alcoholism,His Age,C,medium,false,
Television,What number did Sam Malone form Cheers wear when he played professional baseball?,5,13,2,16,D,medium,false,
Television,In what year was Cheers character Sam Malone born?,1949,1950,1948,1951,C,medium,false,
Television,"According to a Sports Illustrated article on Sam Malone, what was the number of strikeouts he got in his fictional baseball career?",150,59,98,40,D,medium,false,
Television,"In the Disney film Lilo  Stitch, Stitch is the name of experiment 626.",False,True,,,B,medium,false,
Television,"Which statement about Lilo, one of the main characters in Lilo  Stitch is true?",She took a dog as a pet.,She took a ghost of 626.,She adopted Stitch even though Nani didnt like him.,She picked a dog first and then traded him for Stitch.,C,medium,false,
Television,Stitch from the film Lilo  Stitch couldnt swim.,False,True,,,B,medium,false,
Television,"In the film Lilo  Stitch, did Lilos parents pass away?",Yes,No,,,A,medium,false,
Television,Where did Lilo find Stitch in the animated movie Lilo  Stitch?,at the pound.,under a truck,in a gutter.,at the zoo.,A,medium,false,
Television,Pleakley from Lilo  Stitch dresses in womens clothing.,False,True,,,B,medium,false,
Television,"In Lilo and Stitch, Lilo attends Hula school.",True,False,,,A,medium,false,
Television,"The TV series The Wonder Years, created by Carol Black and Neal Marlens, focuses on which fictional family?",The Arnolds,The Slaters,The Johnsons,The Kantwells,A,medium,false,
Television,"In the TV series The Wonder Years, Kevins siblings are called Carol and Wayne.",False,True,,,A,medium,false,
Television,Where did Kevin and his girlfriend kiss for the first time in the pilot episode of The Wonder Years?,in Wonder Woods,in Johnsons Woods,in Hanson Woods,in Harpers Woods,D,medium,false,
Television,"The actresses who played Winnie Cooper and Becky Slater in the TV series, The Wonder Years are sisters in real life.",False,True,,,B,medium,false,
Television,"The cover version of which song by the Beatles was featured as a theme tune on TVs, The Wonder Years?",None of these,Yesterday,Imagine,With a Little Help from My Friends,D,medium,false,
Television,"In the TV dramedy The Wonder Years, Winnie Coopers brother was killed in Vietnam.",False,True,,,B,medium,false,
Television,"This The Wonder Years character, portrayed by Josh Saviano, is Kevins lifelong best friend.",Brian,Brad,Eric,Paul,D,medium,false,
Television,"What is the name of the junior high school teacher, with whom Kevin is infatuated?",Miss Brown,Miss White,Miss Green,Miss Black,B,medium,false,
Television,What was Fran selling door-to-door on the TV show The Nanny when she first met the Sheffield family?,Encyclopedias,Girl scout cookies,Aluminum siding,Cosmetics,D,medium,false,
Television,Who is Frans best friend on the sitcom The Nanny?,Monica,Val,Sylvia,Buffy,B,medium,false,
Television,"On the TV show The Nanny, Maxwell Sheffield is a music video producer.",False,True,,,A,medium,false,
Television,What is the name of Frans food-loving mother in the TV series The Nanny?,Sylvia Fine,Kitty Montgomery,Joyce Summers,Frida Fine,A,medium,false,
Television,"On the popular sitcom The Nanny, Fran and Maxwell got married in Niagara Falls.",True,False,,,B,medium,false,
Television,"Which actress portrays Maxwells youngest daughter, Grace in the TV series The Nanny?",Gretchen Wilson,Amber Benson,Nicolle Tom,Madeline Zima,D,medium,false,
Television,What is the name of C.C. Babcocks dog on the popular TV show The Nanny?,Chester,Princess,Spike,Harry,A,medium,false,
Television,Did Barbra Streisand sing at Fran and Maxwells wedding on The Nanny?,Yes,No,,,B,medium,false,
Television,"On the sitcom The Nanny, what is the name of Frans ex-fiance?",Danny,Stewart,Ira,Michael,A,medium,false,
Television,"Nicolle Tom, who played Margaret (Maggie) Sheffield on The Nanny stared on ER as an intern for one season.",False,True,,,A,medium,false,
Television,"Which sitcom stars Fran Drescher as a divorced mother, whose boyfriend is slightly older than her two children?",The Fran Drescher Show,Living with Fran,Fran and Company,Shacking Up,B,medium,false,
Television,"In this show, the bat Igor lived with his owner, Grandpa, and the rest of the family at 1313 Mocking Bird Lane.",The Munsters,Eight is Enough,The Addams Family,The Brady Bunch,A,medium,false,
Television,"On Star Trek: The Next Generation, Lieutenant Commander Data has a pet cat named Speck 1987-1994.",False,True,,,A,medium,false,
Television,"Salem, a warlock, sentenced to live as a black cat, was featured on which TV show?",Bewitched,"Sabrina, the Teenage Witch",Charmed,Buffy the Vampire Slayer,B,medium,false,
Television,Which city was Trappers hometown according to the M*A*S*H series?,Atlanta,Chicago,Philadelphia,Boston,D,medium,false,
Television,"According to the M*A*S*H series, Trapper John went to want famous University where he played football?",Stanford,Yale,Harvard,Dartmouth,D,medium,false,
Television,Three actors actually have played the part of Dr. Trapper John McIntyre in all the M*A*S*H TV and film adaptations.,True,False,,,A,medium,false,
Television,Why did actor Wayne Rogers leave M*A*S*H and his character Trapper” John after only the third season of the show?,He needed more time with his family.,He had originally been offered equal billing to Hawkeye.,He had a better job offer.,He had medical issues.,B,medium,false,
Television,Initially Wayne Rogers wanted to play not Trapper John but the Hawkeye character in the M*A*S*H series but he was turned down on that part.,True,False,,,B,medium,false,
Television,"In the M*A*S*H TV series, what did Trapper give to camp clerk Radar to give to Hawkeye in lieu of a goodbye letter because Hawkeye was away in Tokyo when Trapper left for home?",A beer,A kiss on the cheek,A handshake,A lucky stethoscope,B,medium,false,
Television,Wayne Rogers was sued by M*A*S*H producers for breach of contract for leaving the show.,False,True,,,B,medium,false,
Television,What was the name of the last episode in which Dr. Trapper John McIntyre appeared in the M*A*S*H series?,"Abyssinia, Henry","Goodbye, Farewell and Amen",White Gold,Big Mac,A,medium,false,
Television,What year did the television comedy-drama show  The Wonder Years first hit the airwaves ?,1985,1989,1988,1986,C,medium,false,
Television,The voice of Kevin Arnold as an adult was narrated every episode. The narrator would explain to the viewers about his growing up and his experiences in life. What actor provided the voice of Kevin Arnold on the show “The Wonder Years”?,Daniel Stern,Howard Stern,Bob Saget,Richard Dreyfuss,A,medium,false,
Television,What was the name of the theme song of the popular 80s television show “The Wonder Years”?,Happy Together,With a Little Help from My Friends,You Are So Beautiful,Life Goes On,B,medium,false,
Television,David Schwimmer from the television show “Friends played Michael (Karen Arnolds boyfriend and later husband) on the hit television show The Wonder Years.,False,True,,,B,medium,false,
Television,What actress played Waynes high school girlfriend Delores on the hit television show “The Wonder Years”?,Paula Marshall,Julie Condra,Crystal McKellar,Juliette Lewis,D,medium,false,
Television,Winnie started dating an 8th grader while Kevin was dating Becky Slater. What is the name of the 8th grader that Winnie was seeing on the show “The Wonder Years”?,Kirk McCray,Jason Hervey,Paul Pfeiffer,Dave Shafter,A,medium,false,
Television,Screech from the show “Saved By the Bell was also seen on the hit TV series “The Wonder Years.,False,True,,,B,medium,false,
Television,What was the name of the junior high school that Kevin and Paul attended on the great television show “The Wonder Years “?,Robert F. Kennedy Junior High School.,Martin Van Buren Junior High School,Washington Junior High School,Lincoln Junior High School,A,medium,false,
Television,Who portrayed Jack Arnold (Kevin’s father) on the popular television show “The Wonder Years”?,Bobby Henderson,Josh Saviano,Robert Picardo,Dan Lauria,D,medium,false,
Television,What year did the comedy-drama show “The Wonder Years leave the airwaves?,1994,1993,1996,1988,B,medium,false,
Television,What year did the television show Whats Happening!! first hit the airwaves?,1979,1978,1976,1975,C,medium,false,
Television,Who played Mama on the television show Whats Happening!!?,Nell Carter,Shirley Hemphill,Mabel King,Regina King,C,medium,false,
Television,The show Whats Happening!! was loosely based on which movie released in 1975?,Ebony Eyes,Cleopatra Jones,Cooley High,Shaft,C,medium,false,
Television,Martin Lawrence starred in the hit sitcom Whats Happening Now!! in 1987.,True,False,,,A,medium,false,
Television,What was Reruns last name on the show Whats Happening!!?,Stubbs,Fudgeman,Cakeeater,Chubbs,A,medium,false,
Television,On the show Whats Happening!! the gang hung out at what diner?,Robs Place,Airline Diner,Mobys,The Buccaneer,A,medium,false,
Television,Who played the role of Dee Thomas on the hit television show Whats Happening!!?,Nia Long,Quinn Cummings,Danielle Spencer,Marla Gibbs,C,medium,false,
Television,"On the show Whats Happening!!, what was Dwaynes last name?",Brown,Nelson,Koufax,Whitaker,B,medium,false,
Television,The hit television show Whats Happening!! was on what television network in the 1970s?,ABC,NBC,FOX,CBS,A,medium,false,
Television,What year did the show Whats Happening!! first leave the airwaves?,1979,1999,1978,1980,A,medium,false,
Television,Mamas Family started as a skit in the Carol Burnett Show.,False,True,,,B,medium,false,
Television,"When Mamas Family first started, Vinton Harper had his two children living with him. His sons name was Buzz. What was his daughters name?",Sissy,Daisy,Sonia,Carmen,C,medium,false,
Television,On what date did the show Mamas Family debut?,"September 14, 1980","October 1, 1978","March 4, 1988","January 22, 1983",D,medium,false,
Television,"On Mamas Family, Beverly Archer played the Harpers spinster neighbor who lived with her parents and had a crush on Vint. What was her name?",Iola Boylan,Lucy Conner,Ellen Jackson,Margery Fielding,A,medium,false,
Television,Bubba was Thelmas son on the show Mamas Family.,False,True,,,A,medium,false,
Television,Did Vinton and Naomi have any children together on the Mamas Family show?,No,Yes,,,B,medium,false,
Television,What was the name of the womans group that Thelma and Iola belonged to on the show Mama’s Family?,The Church Ladies League,The Junior League,The Greater Good,The League of Women Voters,A,medium,false,
Television,What was Vints pet name for his wife on Mamas Family?,He didnt have a pet name for her,Snuggle Bunny,Pooh Bear,Skeeter,D,medium,false,
Television,"On the Mama’s Family show, what April Fools trick did mama play on the others one year?",She tricked them into cleaning up the yard.,She tricked them into taking her out for supper.,She made a bet with them that she knew they would lose.,She tricked them into getting everything set up for a yard sale.,A,medium,false,
Television,What is the main course Boss J.D. Hogg always eats in the Dukes of Hazzard?,Salad,"Chicken, salad, liver, pizza, and beer from the Boars Nest",Big beefy piles of chicken,Raw beef liver,D,medium,false,
Television,Who plays Capt. B.J. Hunnicut in the TV series M*A*S*H?,James Johnson,Harry Morgan,Mike Farrell,Bob Denver,C,medium,false,
Television,Hy Averback was the voice over the loudspeaker heard on the TV show M*A*S*H.,True,False,,,A,medium,false,
Television,What actor played Stanley Zbornak on the sitcom The Golden Girls?,Herb Edelman,Fredrick Van Helton,Charles Winchester,Jeff Davidson,A,medium,false,
Television,"In the movie The Dukes of Hazzard, what type of car was the General Lee?",1968 Dodge Charger,1962 Pontiac GTO,1967 Chevrolet ElCamino,1969 Dodge Charger,D,medium,false,
Television,Who was Lucas Hollingsworth played by when Dorothy married him in The Golden Girls?,Johnathan Ackman,Robert DeNiro,Herb Edelman,Leslie Nielsen,D,medium,false,
Television,Was the show Saved By The Bell ever called Good Morning Miss Bliss?,No,Yes,,,B,medium,false,
Television,"Don Adams, the voice of Inspector Gadget in the popular cartoon, played the leading character in what 1960s show?",Get Smart,Mr. Gadget,The Famous Inspector,The Man With The Gadgets,A,medium,false,
Television,At the end of the movie Inspector Gadget Brain speaks and his voice is the same as in the cartoon series of the same name?,True,False,,,B,medium,false,
Television,What was the first name of Major Burns wife on the show M*A*S*H?,Dorothy,Louise,Maria,Ethel,B,medium,false,
Television,What is Major Frank Burns home state in the M*A*S*H series?,Michigan,Minnesota,Illinois,Indiana,D,medium,false,
Television,What kind of pet did Major Burns from M*A*S*H own when he was a child?,Pet Rock,Beagle,Goldfish,Canary,D,medium,false,
Television,What field of medicine did Frank Burns specialize in the M*A*S*H series?,Opthamology,Gynocology,Thoracic Surgery,Podiatry,D,medium,false,
Television,"In the TV series M*A*S*H, what did Frank leave to Margaret in his will?",His Dog Tags,His Stethoscope,His Bible,His Clothes,D,medium,false,
Television,Frank Burns was a character on M*A*S*H for how many seasons?,6,5,4,3,B,medium,false,
Television,"TV series Kojak, which ran between 1973 and 1978 on CBS, was set in what major city?",Philadelphia,San Francisco,Chicago,New York,D,medium,false,
Television,"This actor, who participated in the prime-time soap opera Knots Landing,  portrayed the character of Kojaks partner, Detective Bobby Crocker, on CBS series, Kojak.",William Devane,Kevin Dobson,Larry Wilcox,Robert Pine,B,medium,false,
Television,What was the name of the 1973 TV movie that made the character of Kojak popular and ultimately led to the TV series Kojak ?,Cold Blood,Melendes Murders,3 strikes and youre out,The Marcus Nelson Murders,D,medium,false,
Television,"This actor, who was often called Demosthenes, played the part of detective Stavros, one of the working partners of Lt. Kojak, on the 1970s TV series, Kojak.",Dan Frazer,George Savalas,Mark Russell,Vince Conti,B,medium,false,
Television,"In which precinct of the Manhattan South district did the tough and incorruptible 1970s TV detective, Lt. Kojak work?",44th precinct,23rd precinct,13th precinct,24th precinct,C,medium,false,
Television,"Television detective Lt. Kojak is famous for practising this habit, which became his trademark.",Smoking cigarettes,Smoking cigars,Smoking a pipe,Sucking on lollipops,D,medium,false,
Television,"What 1970s Kojak actor portrayed Captain Frank McNeil, who initially was Kojaks partner, but later worked his way up the system and became chief of detectives?",Dan Frazer,Vince Conti,Mark Russel,Kevin Dobson,A,medium,false,
Television,"What actor played the role of Detective Rizzo from 1974 to 1977 on US detective TV series, Kojak?",Johnny Buscaglia,Vince Conti,Joey Papalardo,Vincent Bongitiore,B,medium,false,
Television,"In March 2005, a remake of the Kojak series debuted on the USA Network. This time, the main character is portrayed by an African-American actor.",True,False,,,A,medium,false,
Television,"In the animated show Pinky and the Brain by Warner Bros, what company splices the genes that make lab mice Pinky and the Brain so special?",Genes Are Us,The Dizzy Knee Labs,Acme Labs,"You Dice Em We Splice Em, Inc.",C,medium,false,
Television,"Before having a show of their own, Pinky and the Brain appeared in which popular animated TV series?",Animaniacs,Merrie Melodies,Tiny Toon Adventures,Looney Tunes,A,medium,false,
Television,"This famous movie director, known to be a big fan of animated cartoons, was the executive producer of Pinky and the Brain.",Russell Calabrese,Steven Spielberg,David Letterman,Mike Milo,B,medium,false,
Television,"The Pinky and the Brain show featured many different writers, but there were only two main staff writers. Name them.",Bill Braunstein and Eva Almos,Sherri Stoner and  Wendell Morris,Alex Boorstein and Tom Sheppard,Dave Finkle and Dave Fury,C,medium,false,
Television,"In Pinky and the Brain, which actor gave his voice to the Brain, Pinkys highly intelligent cagemate, who is constantly contemplating a plan for world domination?",Maurice LaMarche,Rob Paulsen,Paul Rugg,Noel Blanc,A,medium,false,
Television,"Which actor voices the animated albino lab mouse Pinky, that is just like the Brain, but appears to be substantially less bright?",Rob Paulsen,Peter Hastings,Peter LaMarche,Paul Rugg,A,medium,false,
Television,"The Brain, the more intelligent character of the animated duo, speaks and acts coldly, in a deadpan manner, and never shows any kind of emotion.",False,True,,,A,medium,false,
Television,"The animated adventures of Pinky and the Brain aired on the WB Television Network from 1995 to 1998, and were created by what two men?",Tom Ruegger and Paul Ruegger,Steven Spielberg and Peter Hastings,Paul Ruegger and Steven Spielberg,Tom Ruegger and Peter Hastings,D,medium,false,
Television,"Which of these voice actors is not among the many, who lent their voices to the different characters in Pinky and the Brain?",Jim Belushi,John Tesh,Jim Carrey,Rowdy McDowell,C,medium,false,
Television,"Every episode of Pinky and the Brain ends with the Brain asking one and the same question: Pinky, are you pondering what Im pondering? and Pinky giving a completely irrelevant answer. Which of these was the first answer to this memorable question?","Id say, Whoof, the odds of that happening are terribly small, Brain.","I think so, Brain, but where are we going to find a duck and a hose at this hour?","Certainly Brain, Narf, but where do we find a tattoo parlor and a box of corn flakes at this time of night?","I think so, Brain, but why would a turkey go to a tattoo parlor, Narf?",B,medium,false,
Television,"In an episode of the Saved by the Bell series, Zach decides he wants to be remembered not as a trouble maker but as a good guy, so he tries rewrite the school song and win the contest. What does he name his song?",Cool School,Schools Cool,School is where the heart is,Theres no place like School,A,medium,false,
Television,What is the name of Slaters little sister on the American teen sitcom Saved by the Bell?,D.J.,J.B.,P.J.,C.T.,B,medium,false,
Television,What was the name of the teacher who taught Drivers Education in the Saved by the Bell series?,Mr. Dewey,Mrs. Cobberstone,Mr. Testeverti,Mr. Tuttle,D,medium,false,
Television,"In Saved by the Bell, when Zack hurt his knee and had to have surgery, which sport was he playing?",Track,Basketball,Tennis,Volleyball,B,medium,false,
Television,"In the Saved by the Bell series, Screech discovers a cream that makes acne disappear. What happens when Kelly gets a zit right before homecoming and uses the cream?",Her face clears up.,Her face turns maroon.,She gets a rash.,Her face breaks out.,B,medium,false,
Television,"In an episode of Saved by the Bell, Zack convinces Jesse, Kelly and Lisa to start a signing group. What name does he give them?",Hot Mamas,Hot Fudge,Hot Sundae,Hot Chocolate,C,medium,false,
Television,"In an episode of the show Saved by the Bell, Zack falls for a homeless girl who works at the mall. What is her name?",Lizzy,Linda,Lana,Laura,D,medium,false,
Television,What is Lisas mothers profession in the Saved by the Bell series?,Designer,Teacher,Nurse,Doctor,D,medium,false,
Television,"In Saved by the Bell, what score did Zack have on his SAT’s?",1050,1160,800,1502,D,medium,false,
Television,What is Valleys mascot in the Saved by the Bell series?,Bear,Bulldog,Lion,Mastiff,B,medium,false,
Television,"In Saved by the Bell, what was the Indian name given to Zack by Chief Henry?",Running Zack,Sprinting Zack,Jogging Zack,Blonde Lightning,A,medium,false,
Television,"In the Saved by the Bell series, what is the name of the sleazy jeweler Zack gets the class rings from?",Gem Diamond,Joe Ruby,Ruby D.,Jim Diamond,A,medium,false,
Television,"When Lisa from the Saved by the Bell series becomes Homecoming queen, the gang all attend a toga party and Zack crashes Lisas moms car. What happens to Slater during the crash?",He takes the fall.,He sprains his arm.,He breaks his leg.,He gets whiplash.,B,medium,false,
Television,What was the name of the beach club at which the gang from Saved by the Bell worked during the summer?,Sand Beach Club,Malibus Oceanside Getaway,Bayside by the Seaside,Malibu Sands Beach Resort,D,medium,false,
Television,What is the theme for the gangs senior prom in the sitcom Saved by the Bell?,Under the Sea,Beach Party,Famous couples,Oklahoma,D,medium,false,
Television,On this show the father was a prejudiced bigot who disliked his son-in-law and the mother was an understanding woman named Edith.,The Fresh Prince of Bel-Air,The Brady Bunch,The Jeffersons,All in the Family,D,medium,false,
Television,I named my kid Opie. I was a sheriff and my Deputy was called Barnie Fife. What TV show was I on?,Barney Fife,All in the Family,The Andy Griffith Show,Happy Days,C,medium,false,
Television,"We lived in the hills until we got rich, then we moved to Beverly Hills. What TV show were we on?",Mister Ed,Mamas Family,The Beverly Hillbillies,The Andy Griffith Show,C,medium,false,
Television,On this sitcom the wife had 3 daughters and the husband had 3 sons.,Perfect Strangers,All in the Family,The Brady Bunch,The Beverly Hillbillies,C,medium,false,
Television,"I was a college student working as a babysitter for three kids in New Brunswick, New Jersey. What TV show was I on?",kids incorporated,Charles in Charge,All in the Family,Saved by the Bell,B,medium,false,
Television,"I am famous as the little boy who always got in trouble and I had a neighbour, Mr Wilson who despised me. What TV show was I on?",All My Children,Dennis the Menace,All in the Family,The Care Bears,B,medium,false,
Television,"My catchphrase was Whachoo talkin bout, Willis? What TV show was I on?",The Jeffersons,Diffrent Strokes,The Fresh Prince of Bel-Air,The Cosby Show,B,medium,false,
Television,We were two cousins who outran the law. What TV show were we on?,Little House on the Prairie,M.A.S.H,The Dukes of Hazzard,The Andy Griffith Show,C,medium,false,
Television,My trademark line is Did I do that? What TV show was I on?,Family Matters,Full House,Family Guy,The Cosby Show,A,medium,false,
Television,"I am married to a man, named Ricky and my best friend is Ethel. What TV show was I on?",The Mary Tyler Moore Show,I Love Lucy,Full House,Family Matters,B,medium,false,
Television,What year did Gomer Pyle U.S.M.C. series debut?,1965,1964,1966,none of these,B,medium,false,
Television,What was the first name of Sgt. Carter in the TV show Gomer Pyle U.S.M.C.?,Nick,Vince,Lester,Duke,B,medium,false,
Television,Gomer Pyle U.S.M.C. was a spin off of The Andy Griffith Show.,True,False,,,A,medium,false,
Television,What was the highest rank Gomer received in the Gomer Pyle show?,Private First Class,Lieutenant,Staff Sergeant,Gunnery Sergeant,A,medium,false,
Television,Barbara Stuart played Sgt. Carters number one girlfriend in the Gomer Pyle TV series.,True,False,,,A,medium,false,
Television,Pvt. Lester Hummel was played by which of these actors in the Gomer Pyle show?,Ted Bessell,William Christopher,Allan Melvin,Ronnie Schell,B,medium,false,
Television,Lou-Ann Poovie was Sgt. Carters first girlfriend on the Gomer Pyle series.,True,False,,,B,medium,false,
Television,Sgt. Hacker was mentioned but never appeared in the show Gomer Pyle U.S.M.C.,False,True,,,A,medium,false,
Television,Gomer Overcomes the Obstacle Course was the title of the first episode of Gomer Pyle U.S.M.C.,False,True,,,B,medium,false,
Television,"May 2, 1969 was the date of the last original episode filmed of the great classic sitcom Gomer Pyle U.S.M.C.",False,True,,,B,medium,false,
Television,What was Sophias nickname for her daughter Dorothy on the sitcom The Golden Girls?,Pussycat,Sissy,Babydoll,Pumpkin,A,medium,false,
Television,Which actress portrayed Rose on the TV show The Golden Girls?,Rue McClanahan,Estelle Getty,Betty White,Beatrice Arthur,C,medium,false,
Television,"On the popular sitcom The Golden Girls, what was the name of Dorothys ex-husband?",Stan,Daniel,Wren,Mitch,A,medium,false,
Television,"Blanche, one of the main characters on The Golden Girls, had one sister, Virginia.",True,False,,,B,medium,false,
Television,Where was Sophia from The Golden Girls born?,Miami,Paris,Sicily,Brooklyn,C,medium,false,
Television,What year did The Golden Girls first air?,1984,1983,1982,1985,D,medium,false,
Television,"On The Golden Girls, what was the name of the nursing home Sophia was in before she went to live with the girls?",Blue Falls,Sunny Hills,Shady Pines,Seasons For Care,C,medium,false,
Television,"In the TV series The Golden Girls, Charlie was the name of Roses late husband.",True,False,,,A,medium,false,
Television,In what city do the Golden Girls from the popular TV show live?,Atlanta,Miami,Destin,Sacramento,B,medium,false,
Television,What major university did Major Winchester attend on the TV show M*A*S*H?,Notre Dame,Dartmouth,Yale,Harvard,D,medium,false,
Television,"In the M*A*S*H series, Major Winchesters sister suffered from what malady?",Blindness,Epilepsy,Deafness,Stuttering,D,medium,false,
Television,How long was Major Winchesters stay at the 4077 originally supposed to be in the TV series M*A*S*H?,1 week,2 days,1 month,2  weeks,B,medium,false,
Television,In what year did Major Winchester first appear on M*A*S*H?,1978,1979,1976,1977,D,medium,false,
Television,For how many seasons did the character of Major Charles Winchester appear on the M*A*S*H* TV show?,6,4,5,7,A,medium,false,
Television,What major U.S. city is M*A*S*H* character Major Winchester from?,New York,Providence,Hartford,Boston,D,medium,false,
Television,What television network carried the great sitcom Soap that came on the air in 1977?,TBS,CBS,ABC,NBC,C,medium,false,
Television,Soap was the first primetime series to feature a regular gay character?,True,False,,,B,medium,false,
Television,Which one of these actresses was not a regular cast member on the hit 70s sitcom Soap?,Susan Harris,Cathryn Damon,Diana Canova,Katherine Helmond,A,medium,false,
Television,What was the name of the fictional town in which the hit television series Soap was set?,"Jackson Heights, Queens","Junction City, Kansas","Maspeth,  Queens","Dunns River, Connecticut",D,medium,false,
Television,"On the popular 70s television show Soap, the Tate family had a butler named Benson. What was Bensons last name?",DuBois,Whitaker,Nelson,Brown,A,medium,false,
Television,What actor played the role of Chester Tate on the 70s sitcom Soap?,Ted Wass,Sal Viscuso,Robert Mandan,Richard Mulligan,C,medium,false,
Television,"Robert Urich, who was a cast member of the 70s television show Vega$, played a part on the hit 70s television show Soap.",True,False,,,A,medium,false,
Television,Each episode of the popular 70s sitcom Soap starts with an off-camera announcer giving a brief description of the shows storyline. What was the name of this announcer?,Rod Roddy,Bernie Carbo,Johnny Olson,Don Pardo,A,medium,false,
Television,What year did the popular television show Soap leave the airwaves?,1983,1982,1981,1985,C,medium,false,
Television,"In the sitcom Petticoat Junction, this female character was the proprietor of the Shady Rest hotel.",Shirley Jones,Edy Buchanan,Kate Bradley,Beth Bohara,C,medium,false,
Television,The nearest store to the Shady Rest hotel from the Petticoat Junction series was the Pixley Mercantile.,False,True,,,A,medium,false,
Television,"In the Petticoat Junction series, Uncle Joe Carson was played by this comical actor.",Edgar Buchanan,Burl Ives,Don Knotts,Sammy Kaye,A,medium,false,
Television,Which of these actresses played a doctor on Petticoat Junction?,Eve Sommers,Stella Parsons,Jayne Mansfield,June Lockhart,D,medium,false,
Television,What was the name of the train that regularly stopped at the Shady Rest in the Petticoat Junction series?,Express,Old 101,Old 99,Cannonball,D,medium,false,
Television,"Beverly Jo, Bobbie Jo and Betty Jo were the three daughters of the proprietor of Shady Rest in Petticoat Junction.",True,False,,,B,medium,false,
Television,"In the Petticoat Junction series, Betty Jo married Steve. What was Steves occupation?",Crop duster,Teacher,Door to door salesman,Sheriffs deputy,A,medium,false,
Television,"In Petticoat Junction, J. Homer Bedloe was the villain that wanted to shut down the train.",True,False,,,A,medium,false,
Television,"In the Petticoat Junction sitcom, which of the girls played a tomboy role?",Betty Jo,Beverly Jo,Bobbie Jo,Billie Jo,A,medium,false,
Television,The last episode of the Petticoat Junction sitcom was called Betty Jos Business.,False,True,,,B,medium,false,
Television,Who plays the recurring character of Mr. Big?,John Corbett,Kyle Maclachlan,David Eigenberg,Chris Noth,D,medium,false,
Television,She’s very open about her sexual life. Her name is Samantha _____.,Jones,Hobbes,Jorns,York,A,medium,false,
Television,He was a local politician with sexual habits Carrie wouldn’t put up with.,Steve Brady,Harry Goldenblatt,Bill Kelley,Anthony Marentino,C,medium,false,
Television,Who is the girls favourite shoe designer?,Jimmy Choo,Manolo Blahnik,Marc Jacobs,Christian Louboutin,B,medium,false,
Television,Who is the famous actor / producer from Hollywood Carrie gets to know in Los Angeles?,Matthew Fox,Matthew McConaughey,Matthew Perry,Matthew Broderick,B,medium,false,
Television,Where did Rachel plan to go during The One Where Underdog Gets Away?,She was going to see her boyfriend in Italy.,"She was joining her family in Vail, Colorado.",She was going to Florida with her sorority sisters.,She planned to stay in New York.,B,medium,false,
Television,Why does Friends character Chandler hate Thanksgiving?,His dog died on Thanksgiving.,He just doesnt like Thanksgiving food.,Chandler was raised in Canada.,His parents announced that they were getting divorced on Thanksgiving.,D,medium,false,
Television,There was no Thanksgiving episode in Season 2 of Friends.,True,False,,,A,medium,false,
Television,"On the show Friends, the Gellar Cup was a troll doll nailed to a wooden plank.",False,True,,,B,medium,false,
Television,Why did Chandler spend Thanksgiving in a box in Season 4 of Friends?,It proves to Joey how much he cares,It gives Chandler time to think about what he had done.,All of these,It hurts.,C,medium,false,
Television,Which Friends character put a turkey on his/her head to cheer Chandler up?,Monica,Joey,Ross,Rachel,A,medium,false,
Television,Which of these secrets was not revealed during the Friends episode The One Where Ross Got High?,"Monica broke the porch swing, not Hurricane Gloria.",Pheobe revealed her crush on Jack Gellar to Jack.,"Ross had stolen his fathers Playboys, not the postman.",Rachel realized that she wasnt supposed to put beef in the trifle.,B,medium,false,
Television,It is revealed that Ross is afraid of dogs in the season 7 Thanksgiving episode of Friends.,False,True,,,A,medium,false,
Television,Brad Pitt guest stars on Friends as a character who hated Rachel Greene in high school. What was his characters name?,Bobby,James,Will,Marc,C,medium,false,
Television,Why were Ross and Joey late for Thanksgiving dinner in The One with the Late Thanksgiving?,They wanted to meet a group of dancers for dinner.,They were playing football.,They went to a beauty pageant .,They were at a Rangers game.,D,medium,false,
Television,"Cousin Oliver on ABCs situation comedy, The Brady Bunch was played by Jeremy Stephens.",False,True,,,A,medium,false,
Television,Joe Namath appeared on The Brady Bunch show.,True,False,,,A,medium,false,
Television,The situation comedy Gomer Pyle U.S.M.C. ran for a total of three seasons.,True,False,,,B,medium,false,
Television,"David Lawrence is credited with playing the part of Adam, Samantha and Darrins only son in the TV series Bewitched.",False,True,,,B,medium,false,
Television,Leave it to Beaver first aired in 1957.,True,False,,,A,medium,false,
Television,"On the sitcom I love Lucy, Lucys maiden name was McGillicuddy.",True,False,,,A,medium,false,
Television,Amanda Blake played Kitty Russell in the western Have Gun Will Travel.,True,False,,,B,medium,false,
Television,Its About Time ran for only one season.,False,True,,,B,medium,false,
Television,Ester Rolle played the role of Willona Woods in the classic sitcom Good Times.,True,False,,,B,medium,false,
Television,Otis Campbell the town drunk of Mayberry was played by actor Hal Smith on The Andy Griffith Show.,True,False,,,A,medium,false,
Television,What is the name of the producer of The Muppet Show?,John Henderson,James Henson,Jim Henson,Jimmy Hendrix,C,medium,false,
Television,What year did The Muppet Show debut?,1976,1977,1978,1975,A,medium,false,
Television,Which one of these actors/actresses never appeared on The Muppet Show?,Ruth Buzzi,Nancy Walker,Elton John,John Travolta,D,medium,false,
Television,Which Muppet Show character blows the trumpet at the end of the opening song?,Kermit the Frog,Miss Piggy,Fozzie Bear,Gonzo,D,medium,false,
Television,Which statement regarding the Swedish Chef from The Muppet Show is true?,The character was based on Julia Childs.,His hands were actually the puppeteers hands.,He always threw his cooking utensils at the audience.,He always spoke Swedish.,B,medium,false,
Television,"This character, who appeared on the show The Suite Life of Zack and Cody gave the idea to ditch Tapeworm and Max in the pool.",Zack,Moesby,Drew,Cody,C,medium,false,
Television,Who portrays math genius Tapeworm on the TV show The Suite Life of Zack and Cody?,Adrien Monte,Dennis Bendersky,Alyson Stoner,Phill Lewis,B,medium,false,
Television,"This character, portrayed by Kim Rhodes, is the twins mother in the TV series The Suite Life of Zack and Cody.",Karen,Carey,Carol,Catrina,B,medium,false,
Television,Who is Maxwell Smarts partner and love interest on the TV series Get Smart?,Agent 99,Agent 12,Agent 86,Agent 13,A,medium,false,
Television,Where is Maxwell Smarts phone concealed in Get Smart?,in his pen,in his ring,in his shoe,in his glasses,C,medium,false,
Television,"In the TV series Get Smart, Maxwell Smart tells his family and friends that his occupation is what?",Shoe Salesman,Greeting Card Salesman,Dish Washer,Fire Fighter,B,medium,false,
Television,What is the gadget which insures that no one can overhear the discussions in the Chiefs office on the Get Smart TV show?,Voice Scrambler,Cone of Silence,Rabbit Ears,Data Decoder,B,medium,false,
Television,What was one of the Chiefs cover names on the TV show Get Smart?,Mr. Big,Susan Hilton,Edward Platt,Harold Clark,D,medium,false,
Television,Who portrayed Hymie the Robot in the comedy TV series Get Smart?,Dick Gautier,Robert Karvelas,Edward Platt,Don Adams,A,medium,false,
Television,"Which agent from the TV show Get Smart was always stationed inside weird places such as mailboxes, washing machines and lockers?",Agent P,Agent 13,Agent 11,Agent 007,B,medium,false,
Television,Who was CONTROLs nemesis on Get Smart?,KAOS,UNDERWORLD,KILLER,SOAP,A,medium,false,
Television,What was the name of Phoebes mother on the TV show Friends?,Teri,Debra,Jessica,Phoebe,D,medium,false,
Television,"On the TV show Friends, before marrying Mike, Phoebe was married to another man.",True,False,,,A,medium,false,
Television,What scrabble letters did Marcel swallow on Friends?,"e, y and n","m, e and n","k, y and o","m, o and k",D,medium,false,
Television,Where did Friends character Chandler go to get rid of Janice?,Yemen,L.A.,Minsk,Atlantic City,A,medium,false,
Television,Did Brad Pitt ever appear on the show Friends?,Yes,No,,,A,medium,false,
Television,Tom Selleck played Dr. Richard Burke on the sitcom Friends.,False,True,,,B,medium,false,
Television,What job did Ross pick on a dare on the sitcom Friends?,Scientist,Paleontologist,Doctor,Teacher,B,medium,false,
Television,What singer did Chandler say Monica looked like in Barbados on the sitcom Friends?,Weird Al Yankovic,Marilyn Monroe,Britney Spears,Celine Dion,A,medium,false,
Television,Which one of these actresses never played the role of Alice Kramden on the sitcom The Honeymooners?,Sheila MacRae,Jane Kean,Audrey Meadows,Pert Kelton,B,medium,false,
Television,"On the TV show The Honeymooners, What fraternal order did Ralph Kramden and Ed Norton belong to?",Water Buffalo,Badger,Raccoon,Sloths,C,medium,false,
Television,"In the TV series The Honeymooners, Ralph Kramden was employed by which company?",Greyhound,Checker Cab Company,The Gotham Bus Company,New York Transit Authority,C,medium,false,
Television,"Youre My Greatest Love, the theme song for The Honeymooners, was written by Jackie Gleason.",True,False,,,A,medium,false,
Television,"In 1956, Jackie Gleason won an Emmy for his portrayal of Ralph Kramden on The Honeymooners.",True,False,,,B,medium,false,
Television,"On the TV show The Honeymooners, Ralph Kramden held what position at his lodge?",Sergeant-at-arms,Treasurer,Exalted High Grand Poobah,Secretary,B,medium,false,
Television,"Alice Kramden from The Honeymooners was well known for her wise-cracks at Ralphs expense. This would anger Ralph, and he would holler out threats. Which one of these did Ralph NOT shout at Alice?",Bang!! ZOOM!!,Youre going to the moon Alice!,"One of these days Alice...POW, right in the kisser","Alice, you chucklehead...why I oughtta....",D,medium,false,
Television,What was the name of the oldest child on the show Roseanne?,DJ,Becky,Jackie,Darlene,B,medium,false,
Television,What Seinfeld character fantasizes about being an architect?,George,Newman,Jerry,Kramer,A,medium,false,
Television,What do the Crane brothers bid on during a silent auction benefiting homeless cats in the Frasier show?,A 1982 chardonnay,An antique chess set,A dinner with Pavarotti,A lunch with Nobel Prize winners,D,medium,false,
Television,"In the Frasier show, during his separation from Maris, Niles takes up residence at the Shangri-La, and later, at this building.",The Heights,ParkLane,The Montana,The Dakota,C,medium,false,
Television,"In the final episode of Frasiers season one, My Coffee with Niles,” Marty reveals hes been grumpy because of what fact?",His first date with a new love interest went badly.,The boys forgot his birthday.,Eddie was playing with a Barbie doll.,His cane was bothering him.,B,medium,false,
Television,"In an episode of the Frasier comic series, when the entire Crane clan makes a visit to a skiing cabin together, what drink does Marty spend the evening whipping up?",Margaritas,Daquiris,Egg Nog,Hot Buttered Rum,D,medium,false,
Television,"According to the Frasier series, where is Daphne from?",Liverpool,London,Glasgow,Manchester,D,medium,false,
Television,"When Frasier from the sitcom of the same name hosts a benefit for the Seattle Theatre Ensemble, Niles asks a woman out. How does he describe her response?",Wild horses couldnt have driven her away more quickly.,She looked like a deer in headlights.,"Her lips said no, but her eyes said read my lips.",She was as giddy as a schoolgirl waiting for a Donny Osmond autograph.,C,medium,false,
Television,During what dance do Niles and Daphen create a stir among Seattles elite in the Frasier sitcom series?,The Foxtrot,The Tango,The Samba,The Hustle,B,medium,false,
Television,"In an episode of the Frasier show titled Fool Me Once, Shame on You, Fool Me Twice..., during a particularly grumpy day, Frasier threatens Eddie by saying what?","You may bark now, but sleeping dogs tell no tales!","Im a humane man, but right now Id kick a kitten through an electric fan!",Your kibbles will soon be bits!,"You didnt know this, Eddie, but I hid Hoffa, I can hide you!",B,medium,false,
Television,"In the Frasier show, when Sam (Ted Danson) visits Frasier, how does he initially explain his trip to Seattle?",A local team needs a coach.,His mother has passed away.,A friend is in the hospital.,Hes run away from his wedding.,A,medium,false,
Television,How does Niles frequently describe the scent of Daphnes hair in the popular TV series Frasier?,Citrus and pine,French Vanilla Musk,Cherry bark and almond,Angels breath,C,medium,false,
Television,He was Bud Bundy on the sit-com  Married...with Children.,Roger Garrison,Ted McGinley,David Faustino,David Garrison,C,medium,false,
Television,She played Cissy on 135+ episodes of Family Affair. Brian Keith played her Uncle and Sebastian Cabot played the butler/nanny.,Jody Davis,Holly Woods,Kathy Garver,Sue Ann Niven,C,medium,false,
Television,In what year did the sitcom Soap first hit the airwaves?,1975,1977,1976,1978,B,medium,false,
Television,"This television comedy writer and producer, famous for creating The Golden Girls and Empty Nest, wrote or co-wrote all 93 episodes of Soap.",Susan Harris,Kathering Helmond,Jennifer Salt,Diana Canova,A,medium,false,
Television,What actor played the gay character Jodie Dallas on the TV show Soap?,Ted Wass,Richard Mulligan,Robert Guillaume,Billy Crystal,D,medium,false,
Television,Why does Burt Campbell wind up in a mental hospital during the first season of Soap?,He thinks he is a little girl,He tries to kill his wife,He thinks he can make himself invisible,He tries to kill himself,C,medium,false,
Television,"What was the former profession of Tim Flotsky, who married Corinne Tate in the TV series Soap?",priest,chef,boxer,police officer,A,medium,false,
Television,"On the TV show Soap, Jessica and Marys father was an ex-military man who lived in a world where he was still fighting The War. What was his rank?",Admiral,Colonel,Major,Captain,C,medium,false,
Television,"At the end of the last season of the TV show Soap, a number of plot lines where left unresolved.  Which of these was not one of them?",Burt was about to walk into an ambush.,Chester was threatening to kill Danny.,Jodie was preparing for a sex change operation.,Jessica was facing execution by a firing squad.,C,medium,false,
Television,"One of the best skits on The Carol Burnett show was about a secretary and her boss. Carol Burnett played the secretary, Mrs. Wiggens; Tim Conway played the part of her boss. What was that characters name?",Mr. Tudwell,Mr. Tudball,Mr. Thingleberry,Mr. Tattleberry,B,medium,false,
Television,"From the first episode to the last, the four stars of The Carol Burnett Show were Carol Burnett, Vickie Lawrence, Tim Conway and Harvey Korman.",False,True,,,A,medium,false,
Television,The Carol Burnett Show ran for 11 seasons on CBS.,True,False,,,A,medium,false,
Television,Which actor appeared on the first new episode of every season of The Carol Burnett Show?,Jim Nabors,Alan Alda,Dick Van Dyke,Roddy MacDowell,A,medium,false,
Television,"At the end of every Carol Burnett Show, what did Carol do after singing Im So Glad We Had This Time Together?",She saluted.,She tugged on her ear.,She took questions from the audience.,She pretended to hit a tennis ball.,B,medium,false,
Television,How many Emmy Awards did The Carol Burnett Show win?,0,22,11,5,B,medium,false,
Television,Which of these stars did not appear on the Carol Burnett Show?,Mama Cass Elliot,Vincent Price,Clark Gable,Lucille Ball,C,medium,false,
Television,"What is the name of Larry Davids wife, on HBO sitcom, Curb Your Enthusiasm?",Cindy,Suzie,Roberta,Cheryl,D,medium,false,
Television,"In season three of HBO sitcom, Curb Your Enthusiasm, Larry befriends what rapper?",MC talk-a-lot,Mo Fo Man,Gangasta Man,Crazy Eyez Killa,D,medium,false,
Television,"What is the first name of Larrys obsessed with sex manager on HBOs, Curb Your Enthusiasm?",Jim,Jack,John,Jeff,D,medium,false,
Television,"The role of Cheryls father, on HBO sitcom, Curb Your Enthusiasm, is played by what actor?",Shelley Berman,Paul Benedict,John Astin,Paul Dooley,D,medium,false,
Television,"What is the favorite hobby of Larry David, the star of sitcom, Curb Your Enthusiasm?",Shuffleboard,Golf,Backgammon,Trading Stamps,B,medium,false,
Television,"Actor David Schwimmer has made appearances on HBO show, Curb Your Enthusiasm.",False,True,,,B,medium,false,
Television,"What is the favorite basketball team of Larry David, the star of sitcom, Curb Your Enthusiasm?",New York Knicks,New Jersey Nets,Sacramento Kings,Los Angeles Lakers,A,medium,false,
Television,"In season one, episode three, Larry David, the star of sitcom, Curb Your Enthusiasm, attends the party of this adult movie star.",Jack,Gil,Bill,Will,B,medium,false,
Television,"What Hollywood couple appeared together more than once on season one of HBO sitcom, Curb Your Enthusiasm?",Ben Affleck and Jennifer Lopez,Ted Danson and Mary Steenburgen,Ted Danson and Whoopie Goldberg,Mel Brooks and Anne Bancroft,B,medium,false,
Television,"On August 29, 1967 the Narrator, William Conrad delivered the final line, Tuesday 29th, the day the running stopped. In what television show did the One Armed Man meet his fate in an abandoned amusement park?",The Fugitive,Dallas,Twin Peaks,Dragnet,A,medium,false,
Television,I shall not seek and I will not accept the nomination of my party as your president . What President made this startling announcement on March 31 1968?,Lyndon Johnson,Jimmy Carter,John F. Kennedy,Richard Nixon,A,medium,false,
Television,"On the night of July 18, 1976 the scoreboard at the Montreal Olympics flashed 1.00. as a tiny Romanian gymnast, Nadia Comaneci, received the first perfect score ever given in Olympic history.",False,True,,,B,medium,false,
Television,"This program had it all: money, sex, greed and big big shoulder pads. But Dallas ended the second season with a cliffhanger that became an international question. Who shot J.R.?",Jock,Sue Ellen,Kristin,Miss Ellie,C,medium,false,
Television,"On November 17, 1968 the New York Jets had taken the lead with 65 seconds left to play in a televised game between the New York Jets and the Oakland Raiders. 7:00 PM-time for a commercial break and the start of the regular scheduled program. To the rage of the Jets and Raiders fans, what program replaced the last 65 seconds of the Jets and Raiders game?",The Magic Kingdom,The Hardy Boys,I Love Lucy rerun,Heidi,D,medium,false,
Television,"Lorne Michaels innovative idea of using comic talent from improvisational groups such Chicagos Second City and L.A.s The Groundlings made a success for NBCs new program Saturday Night. What comedian, famous for his seven words you cant say on television, was the first guest host?",George Carlin,Lenny Bruce,Bill Cosby,Richard Pryor,A,medium,false,
Television,Do you believe in miracles? YES! Sportscaster Al Michaelss description summed up the play and excitement surrounding the USA Olympic hockey team at the 1980 games at Lake Placid. What team did the USA hockey team beat to take the gold at the 1980 Games?,Finland,Norway,Soviet Union,Czechoslovakia,A,medium,false,
Television,"The Madonna/Britney Spears kiss paled in comparison to this kiss bestowed on Americas best known bigot, Archie Bunker. Who kissed Archie Bunker on the count of three?",Liberace,Meathead,Sammy Davis Jr.,Tiny Tim,C,medium,false,
Television,When did the original version of the show The Hollywood Squares air?,1962- 1978,1963- 1977,1966- 1981,1961-1975,C,medium,false,
Television,Who was the emcee of the show The Hollywood Squares?,Peter Marshall,Paul Lynde,Tommy Noonan,Rose Marie,A,medium,false,
Television,The first person to be in the center square in the game show The Hollywood Squares was Ernest Borgnine.,True,False,,,A,medium,false,
Television,How many episodes of the show The Hollywood Squares were filmed?,"Over 3,500",Less than 1000,"Between 1,501 and 2,000","Between 1,000  and 1,500",A,medium,false,
Television,What was the original winning prize on the show The Hollywood Squares?,$200,$500,A year supply of Rice-a-Roni,"$1,000",A,medium,false,
Television,Only two people were on both the first and last episode of the original version of The Hollywood Squares. Who were they?,Peter Marshall and Rose Marie,Peter Marshall and Bert Parks,Peter Marshall and Paul Lynde,Peter Marshall and Don Pardo,A,medium,false,
Television,This Oscar-winning actor once fell asleep in his square during a taping of The Hollywood Squares.,Tom Hanks,Jack Palance,Tom Holtice,Ernest Borgnine,B,medium,false,
Television,The Hollywood Squares panelist Charlie Weaver was often asked history questions because he was a history buff. What statement is true about him?,He won a Congressional Medal of Honor for his WWII service.,He had a Ph.D. in American History from UCLA.,"He was the grandpa of Rosanna, Patricia and David Arquette.",His grandfather was a General in the Union Army.,C,medium,false,
Television,This famous Swedish-born woman was an admitted fan of the show The Hollywood squares.,Bess Truman,Greta Garbo,Talulah Bankhead,Eleanor Roosevelt,B,medium,false,
Television,In what year did the Batman TV series first hit airwaves?,1966,1968,1970,1964,A,medium,false,
Television,How many episodes of the Batman series were produced?,96,120,85,140,B,medium,false,
Television,Which of these veteran actors played the evil Bookworm in the 60s Batman TV series?,Roddy McDowell,Vincent Price,Bing Crosby,Milton Berle,A,medium,false,
Television,Batman was the first show in TV history to hold two time slots per week on American TV.,True,False,,,B,medium,false,
Television,"Which of these stars, who all had guest roles on Batman, portrayed the villain Egghead?",John Astin,James Brolin,Vincent Price,Milton Berle,C,medium,false,
Television,"In the TV series Batman, the part of the Riddler was once played by John Astin, who became famous as Gomez Addams in The Addams Family.",True,False,,,A,medium,false,
Television,What was the name of Jennifer Anistons character in the hit television show Friends?,Jessica,Monica,Rachel,Phoebe,C,medium,false,
Television,"When Jennifer Aniston was a child, she spent a year of her life in this country.",Italy,Greece,Thailand,Spain,B,medium,false,
Television,Which day time soap opera did Jennifer Anistons father play on?,The Young and the Restless,The Bold and the Beautiful,Days of Our Lives,As the World Turns,C,medium,false,
Television,Who did Jennifer Aniston divorce in the year 2005?,Brad Pitt,Vince Vaughn,Jack Black,Johnny Depp,A,medium,false,
Television,Jennifer Aniston starred in the movie Bruce Almighty. Who played her characters boyfriend in the movie?,Morgan Freeman,Steve Carrell,Jim Carrey,Brad Pitt,C,medium,false,
Television,Which of the following movies did Jennifer Aniston not have a role in?,The Good Girl,Men in Black,The Breakup,Office Space,B,medium,false,
Television,Jennifer Aniston has revealed that she has a fear of flying.,True,False,,,A,medium,false,
Television,What jobs did Jennifer Aniston have before making it as an actress?,factory worker and valet parking attendant,waitress and Disney World character,a telemarketer and waitress,life guard and dog groomer,C,medium,false,
Television,What was Jennifer Aniston known as in high school?,The most popular girl,Class Clown,The most likely to succeed,Best dressed,B,medium,false,
Television,How did Jennifer Aniston meet Brad Pitt?,At an Academy Awards after party,At the grocery store,on a blind date,They were neighbors.,C,medium,false,
Television,What year did the popular television show Wings first hit the airwaves?,1993,1992,1995,1990,D,medium,false,
Television,What actor played Antonio Scarpacci on the hit television show Wings?,Thomas Haden Church,David Schramm,William Hickey,Tony Shalhoub,D,medium,false,
Television,In what state was Sandpiper Airlines located?,Texas,New York,Massachusetts,Philadelphia,C,medium,false,
Television,What year did the hit television show Wings  leave the air-waves?,1999,1998,2000,1997,D,medium,false,
Television,What is Norms favorite restaurant in the TV series Cheers?,The Hungry Heiffer,The Flaming Hog,The Mad Cow,The Angry Angus,A,medium,false,
Television,What was Norms wrestling name in high school as revealed in the TV series Cheers?,The Mad Dog,The Rabid Dog,Moonglow,Moondog,C,medium,false,
Television,There is a Star Trek character based on Cheers character Norm.,False,True,,,B,medium,false,
Television,What is Norms real first name on the hit show Cheers?,Carroll,Pat,Hillary,Lesley,C,medium,false,
Television,"What was the name of the woman Norm dated on Cheers, after he broke up with his wife?",Susan,Arlene,Katherine,Rosemary,B,medium,false,
Television,The actress who provided the voice of Norms wife on Cheers was the real life wife of the actor who portrayed Norm.,True,False,,,A,medium,false,
Television,Which of these was not a job held by Norm on the TV show Cheers?,Pet sitter,Mall Santa,Dishwasher,House painter,A,medium,false,
Television,What is the name of the town where the satirical animated series King of the Hill is set?,Arlen,Houston,Springfeild,McManerberry,A,medium,false,
Television,"On King of the Hill, Bobbys girlfriends real name is Connie.",True,False,,,B,medium,false,
Television,What state is Peggy Hill originally from in the King of the Hill series?,Texas,Nebraska,Wyoming,Montana,D,medium,false,
Television,"In the satirical animated series King of the Hill, who killed Mr. Stricklands mistress, Debbie?",None of the these,Ms. Liz,Hank,Mr. Strickland,A,medium,false,
Television,What are the first names of the alley friends in King of the Hill?,"Hank, Bill, Boomehauer, David","Hank, Bill, Dale, Boomhauer","Kahn, Hank, Bill, Boomhauer","Hank, Bob, Bill, Dale",B,medium,false,
Television,What is Peggy Hills profession in the animated series King of the Hill?,Journalist,Cook,Librarian,Substitute teacher,D,medium,false,
Television,"In the King of the Hill series, has Hank Hill ever smoked pot?",Yes,No,,,A,medium,false,
Television,Which one of these popular TV series did not run for 14 seasons?,Bonanza,Knots Landing,My Three Sons,Dallas,C,medium,false,
Television,Which of these TV series did not run for 11 seasons?,M*A*S*H,To Tell The Truth,Cheers,Perry Mason,D,medium,false,
Television,Which one of these TV shows didnt make it to the ninth season?,The Facts of Life,Diffrent Strokes,The Beverly Hillbillies,Alice,B,medium,false,
Television,Which one of these TV shows didnt last eight seasons?,The Twilight Zone,Full House,The Dukes of Hazzard,Laverne  Shirley,C,medium,false,
Television,Seven is sure a lucky number for TV series popularity. Which of these shows didnt get to the seventh season?,"Quincy, M.E.",Cagney  Lacey,Empty Nest,CHiPs,D,medium,false,
Television,Which of these popular TV series didnt run for six seasons?,The Rockford Files,Rown  Martins Laugh-In,Soap,The Real McCoys,C,medium,false,
Television,Which of these famous series was the longest-running?,Barnaby Jones,Fantasy Island,Medical Center,Green Acres,A,medium,false,
Television,Which of these TV shows ran for the longest period?,L.A. Law,The Jack Benny Show,The Cosby Show,Lassie,D,medium,false,
Television,Which is the longest-running of these four popular American TV shows?,"Gomer Pyle, USMC",Maude,"Trapper John, M.D.",One Day At A Time,D,medium,false,
Television,Which of these popular TV series was the longest-running?,Newhart,The Wonder Years,Columbo,Hawaii Five-O,D,medium,false,
Television,"Which Friends character delivered this line when he was trying to pick up a girl, How YOU doin?",Gunther,Joey,Chandler,Ross,B,medium,false,
Television,Which of the Friends said this line at Thanksgiving? Its very difficult to appreciate a Thanksgiving dinner once youve seen it in reverse.?,Chandler,Monica,Ross,Joey,A,medium,false,
Television,Which Friends character had a grandmother with a secret chocolate chip cookie recipe?,Joey,Monica,Phoebe,Rachel,C,medium,false,
Television,"In the Friends episode called The One with All the Poker, who said this line at Monicas apartment when the girls started to play poker with the guys? Alright, now, you sure? Phoebe just threw away two jacks because they didnt look happy......",Monica,Joey,Ross,Chandler,C,medium,false,
Television,Which one of the Friends gets stung at the beach by a jellyfish in the episode called The One with All the Jellyfish?,Joey,Chandler,Monica,Rachel,C,medium,false,
Television,"In the Friends episode from Season 3, TOW the Tiny T-Shirt, which one of the Friends gang sang these lines at Monicas apartment, dancing around her kitchen table? Oh mama, oh daddie, I am a big old baddie! Oh mama, oh daddie, I am a big old baddie!",Joey,Phoebe,Chandler,Ross,A,medium,false,
Television,Which Friend always exchanges every present given to him/her for store credit in TOW Chandler in a Box from Season 4?,Monica,Rachel,Ross,Phoebe,B,medium,false,
Television,"In the Friends show, Season 7, TOW the Nap Partners, which two of the Friends accidentally fell asleep all snuggled up together on a couch, then woke up and screamed when they realized what they had done?",Joey and Ross,Chandler and Joey,Chandler and Ross,Phoebe and Ross,A,medium,false,
Television,"In the Friends episode from Season 2, TOW the Chicken Pox, who played Phoebes Navy friend Ryan, who didnt care if she gave him chicken pox or not?",Emilio Estevez,Charlie Sheen,Richard Gere,Brad Pitt,B,medium,false,
Television,"Which one of the Friends can speak French and attempts to teach it to Joey in Season 10, in the episode The One Where Joey Speaks French?",Phoebe,Monica,Rachel,Ross,A,medium,false,
Television,"In an episode of the Roseanne show, Dan says that one of the kids looks just like Roseanne. Which child is he talking about?",D.J.,He never says that,Darlene,Becky,A,medium,false,
Television,What is the name of the alcoholic drink Becky makes for her and her friend when Dan and Roseanne leave them home by themselves for the first time in the Roseanne series?,Suicide,Hurricane,Tornado,Cyclone,C,medium,false,
Television,"On the Roseanne show, after Jackie gets beaten up by her boyfriend Fisher, who walks in on her in the bathroom and discovers her secret?",Becky,Roseanne,Darlene,D.J.,C,medium,false,
Television,"In the TV series Roseanne, a door to door salesman drops dead in the Conner kitchen one day. The Conners have to try to hide the body while prospective buyers come to the house to buy what?",Washer and Dryer,Stove,Dishwasher,Refrigerator,A,medium,false,
Television,"On the TV show Roseanne, when Roseanne and Jackies Dad dies, Roseanne makes Jackie call a relative to give the bad news. Who is it?",Auntie Barbara,Auntie Betsy,Auntie Betty,Auntie Bertha,A,medium,false,
Television,"When TV characters D.J. and Dan Conner have a camp out in the back yard inside the tent, Roseanne brings them a snack. What snack does she bring?",crackers,chips,donuts,pretzels,C,medium,false,
Television,What year did the popular television show Hill Street Blues first hit the airwaves?,1984,1981,1982,1980,B,medium,false,
Television,What actor played Captain Frank Furillo on the long running 80s police drama Hill Street Blues?,James B. Sikking,Charles Haid,Michael Conrad,Daniel J. Travanti,D,medium,false,
Television,There was a spin-off of the 80s television show Hill Street Blues.,False,True,,,B,medium,false,
Television,Who was the creator of the immensely popular 80s television show Hill Street Blues?,Kareem Ofwheat,Steven Bochco,Carl Reiner,Betty Thomas,B,medium,false,
Television,What character did former NY Jets football player Ed Marinaro portray on the show Hill Street Blues?,Officer Andrew Renko,Officer Leo Schnitz,Officer Joe Coffey,Officer Patrick Flaherty,C,medium,false,
Television,"What was the name of the detective on the show Hill Street Blues, who used to growl and act peculiar all the time?",Jesus Matrtinez,Mick Belker,Grace Gardner,Norman Buntz,B,medium,false,
Television,"At the start of the series Hill Street Blues, Frank Furillo was having an affair with a lawyer from the public defenders office. What was her name?",Grace Gardener,Clarice Starling,Lucy Bates,Joyce Davenport,D,medium,false,
Television,What was the name of the snitch on the show Hill Street Blues?,Mitch the Snitch,Lindsay the Snitch,Sid the Snitch,Rich the Snitch,C,medium,false,
Television,What was the name of the female police officer with big curly hair in the TV series Hill Street Blues?,Lucy Bates,Millie Silverqueen,Donna Wench,Amber Lynn,A,medium,false,
Television,What year did the popular 80s television show Hill Street Blues leave the airwaves?,1985,1987,1989,1983,B,medium,false,
Television,In what year did the animated Christmas classic Santa Claus is Comin to Town make its debut on American television?,1968,1969,1972,1970,D,medium,false,
Television,What kind of creature named Topper does Kris Kringle meet on his journey in the Christmas classic Santa Claus Is Comin to Town?,Polar Bear,Deer,Rabbit,Penguin,D,medium,false,
Television,"In Santa Claus Is Comin to Town, the Winter Warlock was an old mean wizard who wanted to destroy Kris. That was until Kris gave him what kind of toy?",Boat,Top,Train,Soldiers,C,medium,false,
Television,"In Santa Claus Is Comin to Town, what type of magical object did the Winter Warlock give to Kris as a token of friendship?",A magical toy sack,A magical snowball,A flying sleigh,A magical mirror,B,medium,false,
Television,"In the animated Christmas classic, Santa Claus Is Comin to Town, Kris meets and falls for Jessica. What is Jessicas job in town?",Teacher,Baker,Seamstress,Farmgirl,A,medium,false,
Television,"At the end of the film Santa Claus Is Comin to Town, Kris Kringle is an outlaw and fugitive and flees to the North Pole to avoid further persecution from the authorities.",True,False,,,A,medium,false,
Television,What year did the ultra popular show from the 70s CHiPs first hit the airwaves?,1979,1977,1976,1975,B,medium,false,
Television,What state was the show CHiPs set in?,Texas,Florida,California,New York,C,medium,false,
Television,"On the show CHiPs, Ponch and Jon were often called on the radio. What was the callsign used to inform the officers?",Seven Mary Three,One Adam Twelve,Six Betty Five,Four Joey Seven,A,medium,false,
Television,What year did the popular television show CHiPs leave the airwaves?,1985,1984,1981,1983,D,medium,false,
Television,"On the TV show The Honeymooners, what was the middle name of Ralph Kramdens friend and neighbor, Ed Norton?",Lansing,Lilywhite,Lancaster,Landon,B,medium,false,
Television,"What was the middle name of Rob and Laura Petries son, Ritchie on The Dick Van Dyke Show?",Reynaldo,Roadie,Rosebud,Robert,C,medium,false,
Television,"In Threes Company, Jack is a veteran of what branch of the military?",army,marines,navy,air force,C,medium,false,
Television,How are Jed Clampett and Granny related on the TV series The Beverly Hillbillies?,She is his mother.,She is his sister,She is his grandmother.,She is his mother-in-law.,D,medium,false,
Television,What is the name of Krusty the Clowns illegitimate daughter on the animated TV show The Simpsons?,Sangi,Samantha,Sondra,Sophie,D,medium,false,
Television,"What statement regarding All in the Family character, Michael Stivic, is true?",He was Protestant.,He was Jewish.,He was Catholic.,He was an atheist.,D,medium,false,
Television,This M*A*S*H character can be seen wearing his real-life issued set of U.S. Army dog tags in the show.,Larry Linville,Jamie Farr,Harry Morgan,Alan Alda,B,medium,false,
Television,Carol Burnett and Vicki Lawrence are sisters.,True,False,,,B,medium,false,
Television,"What was the first name of Gilligan, the protagonist of the popular show Gilligans Island?",Joe,Willy,Billy,Bob,B,medium,false,
Television,Which ancestor of the Halliwells created the ancient prophecy in the series Charmed?,Jenny Gordon,Penny Halliwell,Melinda Warren,Billie Jenkins,C,medium,false,
Television,How many times did Phoebe die in the series Charmed?,4,9,8,2,B,medium,false,
Television,"The actual Book of Shadows, featured in the series Charmed, weighs 9 pounds, 6 ounces.",False,True,,,B,medium,false,
Television,Which actor portrayed Inspector Andy Trudeau in the Charmed series?,Kerr Smith,Ted King,Julian McMahon,Brian Krause,B,medium,false,
Television,Which member of the Charmed cast has been reported to receive most fan mail?,Finola Hughes,Alyssa Milano,Rose McGowan,Holly Marie Combs,A,medium,false,
Television,The house used for the exterior shots of the Manor in the series Charmed is located at 1329 Carroll Ave in the Echo Park Section of Los Angeles.,True,False,,,A,medium,false,
Television,Was Jeremy Burns from the series Charmed a warlock?,No,Yes,,,B,medium,false,
Television,Who played the Joker in Tim Burtons Batman?,Danny Devito,Michael Keaton,Jack Nicholson,Heath Ledger,C,medium,false,
Television,Who directed Batman Begins?,Christopher Nolan,Steven Spielberg,Tim Burton,George Clooney,A,medium,false,
Television,What year was Tim Burtons Batman released?,1987,1990,1991,1989,D,medium,false,
Television,"What is the real name of the Joker, Batmans archenemy?",Jack Napier,Ras Aghul,John Repton,Tim Frely,A,medium,false,
Television,What was the Commissioners name in the 1960s Batman series?,James Repton,Alfred Gordon,James Gordon,Alfred James,C,medium,false,
Television,Who created the concept of Batman?,Tim Burton,Stan Lee,Bob Kane,John Ogelthorpe,C,medium,false,
Television,What was the highest rank attained by M*A*S*H character Father Mulcahy?,Lieutenant,Corporal,Captain,Sergeant,C,medium,false,
Television,What sport did M*A*S*H character Father Mulcahy practice as an amateur when he was younger?,Baseball,Football,Boxing,Basketball,C,medium,false,
Television,What major U.S. city was fictional character Father Mulcahy from?,Philadelphia,Chicago,New York,Boston,A,medium,false,
Television,The last actor who played Father Mulcahy in the TV series M*A*S*H* is a direct descendant of Paul Revere.,True,False,,,A,medium,false,
Television,M*A*S*H character Father Mulcahy belongs to what religious denomination?,Roman Catholic,Methodist,Episcopalian,Baptist,A,medium,false,
Television,Who was the evil ant in the film Antz?,Captain Ant,Raid,Antso the Terrible,General Mandible,D,medium,false,
Television,Who was the bad guy in Bambi?,The Mountain Lion,The Black Bear,The Red Stag,The Hunter,D,medium,false,
Television,What was the name of the little villain in Shrek I?,The Fairy Godmother,Gary Coleman,Lord Farquard,Gaston,C,medium,false,
Television,Who was the evil sorcerer Jafar nemesis of?,Tarzan of the Apes,Aladdin,George of the Jungle,Shrek,B,medium,false,
Television,Who had placed the curse on the Sleeping Beauty?,The Furies,The evil Stepmother,The Fates,Maleficent,D,medium,false,
Television,Who is the baddie in the animated musical The Nightmare Before Christmas?,Devilomo Domo,Oogie Boogie,Oompa Lumpa,Boggiley Woogglie,B,medium,false,
Television,Randall Boggs was the villain in which of the following films?,The Incredibles,The Wild,"Monsters, Inc",Shark Tale,C,medium,false,
Television,Who was the evil uncle in The Lion King?,Scab,Sharpclaw,Slinge,Scar,D,medium,false,
Television,Who caused all the trouble in Over the Hedge?,Donald,Bart,Vincent,Salavatore,C,medium,false,
Television,What was the name of the evil man who tempted Pinocchio into running away and joining his circus?,Vespusius,Stromboli,Claudio,Corlone,B,medium,false,
Television,"On the TV show The Wiggles, which one of the following is NOT the name of one of The Wiggles?",Anthony,Jim,Murray,Jeff,B,medium,false,
Television,"On the TV show The Wiggles, which color shirt is NOT worn regularly by the members of the group?",Purple,Red,Yellow,Green,D,medium,false,
Television,"On The Wiggles show, there is a dog named Wags that can talk.",False,True,,,A,medium,false,
Television,"In The Wiggles song Hot Potato, they sing of potatoes, spaghetti, and bananas. How do they desribe the bananas?",Mashed,Yellow,Cold,Yummy-Yummy,A,medium,false,
Television,What country do The Wiggles call home?,Australia,Austria,The United States,England,A,medium,false,
Television,"On the TV show The Wiggles, which character is always falling asleep?",Jeff,Greg,Murray,Anthony,A,medium,false,
Television,What was the middle initial of Cheers character Cliff Clavin?,b,m,r,c,D,medium,false,
Television,"The actor who portrayed Cliff Clavin on the TV show Cheers, originally auditioned for the role of Norm .",False,True,,,B,medium,false,
Television,What was the name of Cliff Clavins mother on Cheers?,Camilla,Gertrude,Esther,Mertyl,C,medium,false,
Television,"In the 1990s, fictional character Cliff Clavin was featured in a series of commercials for the postal service of Canada.",False,True,,,A,medium,false,
Television,"In the famous Jeopardy episode of Cheers, which was not one of the categories chosen by Cliff Clavin?",Celibacy,Beer,Stamps From Around the World,Useless Trivia,D,medium,false,
Television,The actor who played Cliff Clavin was actually the only actor from Cheers who had lived in Boston at one time.,False,True,,,B,medium,false,
Television,What was the name of Cliff Clavins short-time girlfriend in the hit series Cheers?,Justine,Maggie,Molly,Karen,B,medium,false,
Television,"In the Jeopardy episode of Cheers, how much money did Cliff Clavin have before going into Final Jeopardy?",32000,15000,22000,25000,C,medium,false,
Television,"In the Star Trek: Voyager episode The Caretaker, the U.S.S. Voyager is trapped in the Delta Quadrant, while pursuing a vessel commanded by what suspected Maquis terrorist?",Michael Eddington,Tuvok,Chakotay,BElanna Torres,C,medium,false,
Television,What Delta Quadrant-native species is Kes from Star Trek: Voyager?,Kazon,Ocampan,Talaxian,Vidiian,B,medium,false,
Television,"According to the Star Trek: Voyager episode The 37s, what famous American pilot, was abducted from earth and left in stasis on an alien world?",Charles Lindbergh,Amelia Earhart,Howard Hughes,Chuck Yeager,B,medium,false,
Television,"In Star Trek: Voyager, what name does Voyagers Emergency Medical Hologram take for himself when he is called into full-time service as the ships Chief Medical Officer?",He does not take a name,Albert Schweitzer,Harry Kim,Leonard McCoy,A,medium,false,
Television,"In the Star Trek: Voyager episode False Profits, two castaways from what Alpha Quadrant race have set themselves up as gods on a Delta Quadrant planet?",Klingons,Ferengi,Cardassians,Humans,B,medium,false,
Television,"In Scorpion, an episode of the Star Trek: Voyager, Janeway and the Voyager crew are forced to create an alliance with the Borg in order to fight what race of beings, whose credo is the weak will perish?",Species 8472,Kazon,Hirogen,Vidiians,A,medium,false,
Television,"What is the human name of Star Trek: Voyagers Seven of Nine, the borg drone rescued by Voyager and incorporated into the crew?",Annika Janeway,Annika Hansen,Annika Sorenstam,Annika McCoy,B,medium,false,
Television,What popular sitcom actor starred in the Star Trek: Voyager episode Think Tank as the head of a super intelligent group of problem solvers?,Tim Allen,John Lithgow,Jason Alexander,Matt LeBlanc,C,medium,false,
Television,"At the end of Season 5 of Star Trek: Voyager, the U.S.S. Voyager discovers that it is not the only Federation ship stranded in the Delta Quadrant.  What is the name of the other ship?",U.S.S. Equilibrium,U.S.S. Excelsior,U.S.S. Equinox,U.S.S. Enterprise,C,medium,false,
Television,"Which member of the Star Trek: The Next Generation crew becomes obsessed with bringing Voyager home from the Delta Quadrant, sometimes to the detriment of his career and sanity?",Reginald Barclay,William T. Riker,Wesley Crusher,Geordi LaForge,A,medium,false,
Television,"In the Star Trek: Voyager episode Thirty Days, Tom Paris spends a month in the brig for breaking the Prime Directive and disobeying orders, while trying to save an alien world made up of 100% water.  What further punishment does Paris receive after being released from the brig?",No more Holodeck privileges,Six months of night shift duties,He was confined to quarters for the remainder of the voyage home,He was busted down to Ensign,D,medium,false,
Television,"In the Star Trek Voyager episode, Body and Soul, The Doctor experiences real human emotions and sensations for the first time by having his program integrated into what Voyager crew member?",Chakotay,Icheb,Seven of Nine,Tuvok,C,medium,false,
Television,"In Collective, an episode of Star Trek: Voyager, Voyager comes across a Borg cube being run completely by what?",Klingons,Species 8472,Humans,Children,D,medium,false,
Television,Which of the following is not a Holodeck program designed by Lt. Tom Paris from Star Trek: Voyager?,Captain Proton,Fair Haven,Chez Sandrine,The Maquis Mutiny,D,medium,false,
Television,"In the final episode of Star Trek: Voyager, Endgame, which character from the series travels back in time in order to help Voyager reach earth safely?",Harry Kim,Janeway,Seven of Nine,Chakotay,B,medium,false,
Television,Michael J. Fox is the star of which of these sitcoms?,Spin City,The Michael Fox Show,Going Places,The Game,A,medium,false,
Television,"In the South park episode Pinkeye, what is Cartmans Halloween costume?",Adolf Hitler,Mel Gibson,Chesus,The Devil,A,medium,false,
Television,"Why did the character Eric Forman, played by Topher Grace, left for Africa at the end of the seventh season of the sitcom That 70s Show?",to see new places,to follow a love interest,to become a teacher,to find his twin brother,C,medium,false,
Television,"In the sitcom Two and a Half Men, what is the profession of Charlie Sheens character?",He is a jingle songs writer.,He is a novelist.,He is a professional wrestler.,He is a dentist.,A,medium,false,
Television,"Which British sitcom was written by and starred Simon Pegg, later to be known for his roles in such films as Shaun of the Dead and Hot Fuzz?",Seans Show,Spaced,Green Wing,The IT Crowd,B,medium,false,
Television,"In the show Seinfeld, what is the main character Jerrys favourite Superhero?",Spider-Man,The Incredible Hulk,Superman,Batman,C,medium,false,
Television,Who plays the central character of J.D. in the Emmy Award-winning sitcom Scrubs?,Matthew Perry,Zach Braff,Zac Efron,Jon Favreau,B,medium,false,
Television,"This Emmy Award-winning sitcom stars Jason Lee as a redneck on a quest to repair his Carma, by helping the people he has hurt.",The Jason Lee Show,Carma Trouble,My Name Is Earl,The Village Idiot,C,medium,false,
Television,The original host of the program Iron Chef is referred to as what?,The Chairman,Your Royal Chef,The Commissioner,Mr. Iron,A,medium,false,
Television,Whose unique cooking show includes a live audience and lots of bams!?,Rachel Ray,Alton Brown,Emeril Lagasse,Bobby Flay,C,medium,false,
Television,Who was the first winner on the US version of Chef Gordon Ramsays reality show Hells Kitchen?,Tom,Michael,Jean,Ralph,B,medium,false,
Television,Ray Rachael is famous for promising that you can fix a great meal in 30 minutes.,False,True,,,A,medium,false,
Television,"Is it true that Bobby Flay, the host of Food Nation and Boy Meets Grill, was the chef who opened Mesa Grill in New York City?",No,Yes,,,B,medium,false,
Television,"Which of the following chefs made a guest appearance on the sitcom Frasier in 2002, playing himself?",Cat Cora,Bobby Flay,Wolfgang Puck,Mario Batali,C,medium,false,
Television,What store does Alton Brown visit regularly on his show to shop for kitchen utensils and small appliances?,"Bed, Bath and Beyond",Linens and Things,LL Bean,Walmart,A,medium,false,
Television,Is it true that in South Park there is a character named Damien?,Yes,No,,,A,medium,false,
Television,What does Joey dress up as at Monicas Halloween party in season 8 of Friends?,a sandwich,Santa Claus,Chandler,Batman,C,medium,false,
Television,"In Friends episode The One With The Halloween Party, Phoebe invites her twin sister Ursula to the party. Who plays Ursulas fiance, Eric?",Sean Penn,George Clooney,Tom Green,Seth Green,A,medium,false,
Television,"In the episode of Friends, titled The One With The Halloween Party, Rachel was in charge of handing out candy to the trick-or-treaters. What did she start giving out when she ran out of candy?",stuffed animals,cash and checks,popsicles,cookies,B,medium,false,
Television,"Who did Rachel ask to go buy more candy for her in the episode of friends which aired on November 1, 2001?",Chandler,Gunther,Joey,Ross,B,medium,false,
Television,"In the episode The One With The Halloween Party, Monica and Joey debate over who would win a fight between Ross and Chandler. What do Ross and Chandler do?",They arm-wrestle.,They pick up Joey and see who can hold him the longest.,They punch each others arm in the same place to see who gives up first.,They have a staring contest.,A,medium,false,
Television,"When Ursulas fiance gets to the party in the Friends episode The One With The Halloween Party, the first thing he does is slap Phoebe on the butt.",False,True,,,B,medium,false,
Television,"In the episode of Friends, titled The One With The Halloween Party Rosss girlfriend attends the party, dressed as a nurse. What is her name?",Janice,Brittany,Aida,Mona,D,medium,false,
Television,"When Eric comes back to get Ursulas purse in the Friends episode The One With The Halloween Party, what does Phoebe do?",tells him she has a crush on him,tells him Ursula has been lying to him,tells him its been stolen,hides the purse to hurt Ursula,B,medium,false,
Television,"In the episode of Friends titled The One With The Halloween Party, when Rachel asks one little trick-or-treater what her name is, what does the girl say?",T. J.,I cant tell a stranger that.,Buttercup,Leilani Mayolanofavich,D,medium,false,
Television,"What was the flight number of the plane that crashed, stranding its passengers?",822,722,815,915,C,medium,false,
Television,What does the symbol on Claires necklace mean?,Joy,Love,Family,Peace,B,medium,false,
Television,How many survivors were there from the crash?,14,50,33,48,D,medium,false,
Television,Sawyer is initially seen reading what book?,Watership Down,Faster Friends,A Wrinkle in Time,Dark Tower,A,medium,false,
Television,"Vincent, the dog on the show, is played by a male golden Labrador retriever.",True,False,,,B,medium,false,
Television,"On the TV show Lost, who is revealed to be John Lockes mother?",Emily Annabeth,Mary Margaret,Katherine Lee,Suzanne Lynn,A,medium,false,
Television,Who is not a character on the TV show Lost?,Charlie Pace,Danielle Rousseau,Michael Dawson,Yunjin Kim,D,medium,false,
Television,On what Hawaiian Island is the show Lost filmed?,Molokai,Oahu,Lanai,Kauai,B,medium,false,
Television,"Hurleys unlucky numbers include 4, 8, 15, and three of the others listed, which is not one of them?",42,36,23,16,B,medium,false,
Television,"Who was the wacky villain in the Disney film, Alice in Wonderland?",The White Rabbit,Queen of Hearts,The Black Hare,The Knave of Spades,B,medium,false,
Television,Who were the villains in the film Madagascar?,The Lemurs,The Hyneas,The Fussa,The Mamossoans,C,medium,false,
Television,What was the name of the female villain in Shrek II?,Wicked Witch of the West,Fairy Godmother,Fionas evil stepsister,Grisabella,B,medium,false,
Television,Who was Dorothys nemesis in The Wizard of Oz?,The Flying Monkeys,The Wizard,The Witch of the West,The Witch of the North,C,medium,false,
Television,Who was the main bad guy in Shark Tale?,Mario Lino,Don Lino,Dan Leno,Jay Leno,B,medium,false,
Television,Who was Tarzans nemesis?,Winthrope,Clayton,He-Man,She-ra,B,medium,false,
Television,Who was the villain in The Incredibles?,Johnny Dangerously,Dasltery,Unincredible Hulk,Bomb Voyage,D,medium,false,
Television,Which of the following were kidnapped by Cruella De Vil because of their fur?,The Aristocats,Beethoven and the puppies,Lady and the Tramp,101 Dalmations,D,medium,false,
Television,Captain Hook was after this character but was always outwitted by him.,Smee,Nana the dog,Peter Pan,Princess Tiger Lily,C,medium,false,
Television,Who was the usurper Prince John trying to eliminate?,Robin Hood,King Richard III,The Mayor of Sherwood,The Sheriff of Nottingham,A,medium,false,
Television,Who tried to keep Belle away from the the Beast and marry her?,Candlestick,Her own stepfather,"Chip, the broken cup",Gaston,D,medium,false,
Television,Who was trying to eliminate Duchess in The Aristocats?,The jealous Duke,The Butler did it,Cruella de Vil,The Count de Monay,B,medium,false,
Television,Who tried to get rid of Lady by blaming her for all the damage they had done in Lady and The Tramp?,Mungojelly and Rumpleteaser,The Tramps,The Siamese Cats,The Mouse king and his rats,C,medium,false,
Television,Who was the evil cat in Cinderella?,Lucifer,He had no name,Satan,Mad Tom,A,medium,false,
Television,What is ALFs real first name on the popular sitcom?,Benny,Norman,Harold,Gordon,D,medium,false,
Television,In what year did the TV series ALF debut?,1985,1987,1986,1984,C,medium,false,
Television,The voice of ALF was actually provided by the shows producer.,False,True,,,B,medium,false,
Television,What was the name of the family that ALF lived with in the 80s TV hit ALF?,Conner,Harper,Steadman,Tanner,D,medium,false,
Television,"ALF was such a popular character, that he was once featured on 3 TV shows at the same time.",False,True,,,B,medium,false,
Television,What television network originally aired the TV show ALF?,CBS,NBC,HBO,ABC,B,medium,false,
Television,Who is the first Emperor of the Moon in the animated series Futurama?,Al Gore,Philip J. Fry (Frys nephew),Neil Armstrong,Buzz Aldren,A,medium,false,
Television,"Bender, a character from Futurama, has to fly the dark matter tank within three feet of Pluto for what reason?",To endanger the penguins,To keep as far away from the Neptunians as possible,To avoid the toll booth,To prove to Leela that the dark matter is not harmful,C,medium,false,
Television,"In the series Futurama, Professor Farnsworh tells Bender to install a fake satellite dish to impress the neighbors.",True,False,,,B,medium,false,
Television,"Which member of the Star Trek cast was not taken to the forbidden planet, Omega 3 in the animated show Futurama?",Nichelle Nichols,William Shatner,George Takei,Leonard Nimoy,D,medium,false,
Television,"In an episode of Futurama, entitled Obsoletely Fabulous, Bender is getting his Robot 1-X compatibility upgrade. How much does arm extension cost?",$1 per yard,$0.70 per yard,$1.25 per yard,$0.75 per yard,B,medium,false,
Television,"What monument stands next to the Washington Monument in the episode of Futurama, entitled A Taste of Freedom?",Roosevelt Monument,Reagan Monument,Clinton Monument,MacNeille Monument,C,medium,false,
Television,In what year did the popular comic strip character Popeye make his debut?,1915,1929,1945,1933,B,medium,false,
Television,"In the popular cartoon of the same name, Popeye has a ship tattooed on his muscular forearm.",True,False,,,B,medium,false,
Television,In what year did the Popeye the Sailor cartoon debut?,1919,1923,1941,1933,D,medium,false,
Television,What was the name of Popeyes hometown according to the popular cartoon?,Oceanview,Harborside,Waterville,Seawater,D,medium,false,
Television,There is a Popeye statue erected in Nebraska.,False,True,,,A,medium,false,
Television,This vegetable gave cartoon character Popeye superhuman strength when he consumed it.,Sweet peas,Spinach,Cabbage,Carrots,B,medium,false,
Television,Which actor played Popeye in the 1980 hit film of the same name?,Robert De Niro,Robin Williams,Marlon Brando,Jackie Chan,B,medium,false,
Television,What was the profession of Carla Tortellis second husband Eddie LeBec in the TV series Cheers?,Delivery Driver,Garbage Man,Police Officer,Hockey Player,D,medium,false,
Television,"On the hit show Cheers, Carlas second husband was killed in a plane crash.",True,False,,,B,medium,false,
Television,How many children did Carla have by the end of the TV show Cheers?,6,7,5,8,D,medium,false,
Television,Which of these is NOT one of the many middle names of Cheers character Carla Tortelli?,Apollonia,Lucia,Angelina,Teresa,B,medium,false,
Television,Carla Tortelli was one of the few characters featured in every Cheers episode.,False,True,,,B,medium,false,
Television,Which of these is one of the middle names of fictional character Carla Tortelli?,Ezmirelda,Vittoria,Lucia,Velma,B,medium,false,
Television,What was the first name of Carlas first husband on Cheers from which she got the name Tortelli?,Vinny,Victor,Anthony,Nick,D,medium,false,
Television,Who played Marshal Matt Dillon in the TV series Gunsmoke?,Sam Peckinpah,James Arness,Gunnar Hellström,James Nusser,B,medium,false,
Television,Who portrayed the town drunk Louie Pheeters in the Gunsmoke TV series?,James Nusser,Burt Reynolds,Buck Taylor,Dabbs Greer,A,medium,false,
Television,What year did Gunsmoke debut?,1955,1958,1956,1957,A,medium,false,
Television,What was Doc Adams first name in the series Gunsmoke?,Galen,Doc,Quincy,Andrew,A,medium,false,
Television,Burt Reynolds played Quint Asper on the show Gunsmoke.,True,False,,,A,medium,false,
Television,What is the name of the saloon ran by Kitty Russell on the show Gunsmoke?,Kittys Palace,Long Branch,The Light House,Crows Nest,B,medium,false,
Television,"In the TV series Gunsmoke, Chester Goode was played by Buck Taylor.",True,False,,,B,medium,false,
Television,"What was the last name of Sam, the bartender on the show Gunsmoke?",Taylor,Jones,Greene,Noonan,D,medium,false,
Television,"On the TV show Gunsmoke, Festus Haggen was played by which of these actors?",James Arness,Ted Jordan,Howard Culver,Ken Curtis,D,medium,false,
Television,Buck Taylor who played Newly OBrien on Gunsmoke named one of his children after Marshal Matt Dillon.,False,True,,,B,medium,false,
Television,"Lucy, the main character on the TV show I Love Lucy was chosen to play a part in an Italian movie entitled Bitter Grapes.",False,True,,,A,medium,false,
Television,The elocution coach that Lucy hires in the TV series I Love Lucy insists she never use what two words?,cool and neato,narly and heavy,swell and lousy,flippin and sweet,C,medium,false,
Television,What does Ricky keep hidden in his closet as an emergency gift on the TV show I love Lucy?,A box of chocolates,A mink stole,A pair of earrings,Bongo drums,A,medium,false,
Television,"On the sitcom I Love Lucy, how does Lucy ensure that her friends will recognize her when she plays a dead showgirl in a Hollywood movie?",She paints her name on the soles of her shoes.,She enlists Ethel to add her name to the credits of the show.,She holds up a sign in the background.,She embroiders her name onto her show girl hat.,A,medium,false,
Television,"On the show I Love Lucy, Lucy and Ethel land on the observation deck of the Brooklyn Bridge when they pose as space aliens.",True,False,,,B,medium,false,
Television,What was the name of the elderly neighbor who babysat for little Ricky on the sitcom I Love Lucy?,Mrs. Trumbull,Mrs. Nathan,Miss Turner,Mrs. Patterson,A,medium,false,
Television,What brand of car did the Ricardos and Mertzes drive cross country to California in the TV series I love Lucy?,Cadillac,Pontiac,Ford,Chevrolet,B,medium,false,
Television,Which character does Buffy meet first in the first official episode of the TV series Buffy the Vampire Slayer?,Xander,Willow,Rupert,Cordelia,A,medium,false,
Television,How many times does Buffy die in the series Buffy the Vampire Slayer?,One,Five,Three,Two,C,medium,false,
Television,Who is the first person shown in the very first official episode of the Buffy series?,Xander,Buffy,Angel,Darla,D,medium,false,
Television,Who turns Daniel Oz Osbourne from the Buffy series into a werewolf?,Jordy,Varucca,Angel,Willow,A,medium,false,
Television,In what episode of the Buffy series did Buffy kiss Spike for the first time (without any magic intervention)?,All the Way,Tabula Rasa,"Once More, With Feeling",Intervention,D,medium,false,
Television,"On the TV show Buffy the Vampire Slayer, who was Xanders first sexual partner?",Willow,Cordy,Anya,Faith,D,medium,false,
Television,What are Willows first words in the first episode of the Buffy series?,"Hi, Im Willow","Oh, really?",Sorry about that.,"Hi, Xander!",B,medium,false,
Television,"What is the cause of the death of Joyce Summers, Buffys mother in the popular TV series Buffy the Vampire Slayer?",Brain aneurysm,Werewolf attack,Brain tumor,Cancer,A,medium,false,
Television,"In the Buffy the Vampire Slayer series, what is the name of Willow and Taras cat?",Miss Pretty Kitty,Miss Kitty Pity,Miss Kitty Fantastico,Miss Kitty Magnetico,C,medium,false,
Television,How many demon women are attracted to Xander during the seventh season of Buffy the Vampire Slayer?,12,3,7,4,D,medium,false,
Television,What is Xanders special power in Buffy the Vampire Slayer?,Mind control,Future telling,None,Extraordinary physical strength,C,medium,false,
Television,How many characters of the gang from Buffy the Vampire Slayer have murdered a person?,7,3,4,2,A,medium,false,
Television,What are the very last words we hear in the final episode of the Buffy series?,Are you sure this is a good idea?,"Oh, my Goddess.","Yeah, Buffy. What are we gonna do now?",I want to see how it ends.,C,medium,false,
Television,Which of the characters from Buffy the Vampire Slayer appears in 143 of all the 144 episodes of the series?,Xander,Buffy,Willow,Giles,A,medium,false,
Television,What sports team does Xander join in the second season of the Buffy series?,The swim team,The football team,The baseball team,The tennis team,A,medium,false,
Television,What was the name of the rogue electrician that Kramer recommended to George on the sitcom Seinfeld?,Snakey Pete,Stinky Pete,Sneaky Pete,Slippery Pete,D,medium,false,
Television,"On the TV show Seinfeld, Jerry had to give away his two Super Bowl tickets to attend whose wedding?",Joe Devolas,Tim Watleys,The Drakes,Newmans,C,medium,false,
Television,Who urinated on Jerrys new couch in the series Seinfeld?,Babu,Newman,Kramer,Poppie,D,medium,false,
Television,"While in L.A. trying to get his acting career off the ground, Seinfeld character Kramer got a part on what TV show?",Murphy Brown,The Wonder Years,Blossom,L.A. Law,A,medium,false,
Television,Who takes Frank Costanzas TV Guide in the TV series Seinfeld?,George,Jerry,Kramer,Elaine,D,medium,false,
Television,How long did Jerry go without vomiting on the sitcom Seinfeld?,13 years,15 years,11 years,9 years,A,medium,false,
Television,What kind of car did Kolchak drive on Kolchak: The Night Stalker?,Ford Mustang,Ford Torino,Cadillac,Chevy Camaro,A,medium,false,
Television,"This character, played by Simon Oakland, on Kolchak: The Night Stalker, was Kolchaks boss.",Sam Harmon,Tony Vincenzo,Ron Updyke,Andrew Graham,B,medium,false,
Television,"Did Carl Kolchak, the main character on Kolchak: The Night Stalker, ever face a werewolf on a cruise ship?",Yes,No,,,A,medium,false,
Television,What city was the show Kolchak: The Night Stalker set in?,L.A.,Las Vegas,Chicago,New York,C,medium,false,
Television,"On the TV show Kolchak: The Night Stalker, Kolchak once ran into Bigfoot.",False,True,,,A,medium,false,
Television,What was the name of Kolchaks partner in the series Kolchak: The Night Stalker?,Tony Vincenzo,He didnt have a partner.,Emily Russo,Ron Updyke,B,medium,false,
Television,"On the 1970s TV show Kolchak: The Night Stalker, Kolchaks favorite baseball team was the Chicago White Sox.",False,True,,,A,medium,false,
Television,What popular T.V. series was claimed to have been inspired by Kolchak: The Night Stalker?,Law and Order,Supernatural,The X Files,Monk,C,medium,false,
Television,Is Patrick Star SpongeBobs best friend?,No,Yes,,,B,medium,false,
Television,Who is SpongeBobs karate partner?,Mr. Krabs,Squidward Tentacles,Sandy Cheeks,Patrick Star,C,medium,false,
Television,Snelly the Snail is SpongeBobs pet.,False,True,,,A,medium,false,
Television,Does Patrick from the TV series SpongeBob SquarePants live under a rock?,Yes,No,,,A,medium,false,
Television,"In the animated TV series SpongeBob SquarePants, does Sandy Cheeks live in a fresh air dome?",No,Yes,,,B,medium,false,
Television,"In the animated series SpongeBob SquarePants, Mr. Plankton is a friend of Mr. Krabbs.",False,True,,,A,medium,false,
Television,Who is pregnant at the end of season 5 of the TV show Scrubs?,Carla,Laverne,Carla and Jordan,"Carla, Jordan and Kim",D,medium,false,
Television,Who has two thumbs and doesnt give a crap is a quote by which Scrubs character?,Elliot Reid,Perry Cox,Bob Kelso,Chris Turk,C,medium,false,
Television,"In the Scrubs episode My Two Dads , Turk appears as which Star Wars character?",Chewbacca,Obi Wan Kenobi,Luke Skywalker,Han Solo,D,medium,false,
Television,"In the TV series Scrubs, what did Turk originally want to call his baby if it was a boy?",Fuquon,Quinn,George,Tiger,A,medium,false,
Television,Who was the creator of the TV series Scrubs?,Ken Jenkins,Zach Braff,George Miserlis,Bill Lawrence,D,medium,false,
Television,"The episode His Story in season 2 of Scrubs, is narrated from the viewpoint of which character?",Turk,Janitor,Dr. Cox,Dr. Kelso,C,medium,false,
Television,"In Episode 3, Season 1 of the TV show House a Three Dog Night song plays over the closing credits.",False,True,,,B,medium,false,
Television,The television series House was inspired by a newspaper article.,False,True,,,A,medium,false,
Television,"In the episode of House, titled Paternity, a 16-year-old boy is admitted to the hospital because he has night terrors and double vision. What is his eventual diagnosis?",A concussion,Flu,Cancer,Measles,D,medium,false,
Television,"Which House character said the following: Very ethical. Of course, most married men would say they dont date at all.?",Dr. House,Dr. Cuddy,Dr. Wilson,Dr. Chase,A,medium,false,
Television,"In the House episode Insensitive, Hannah who has congenital insensitivity to pain, is treated with B-12 and recovers immediately.",True,False,,,B,medium,false,
Television,What do mathematicians call a set with no elements?,The null set,The nothing set,The nilpotent set,The ex nihlo set,A,medium,false,
Television,Which civilization was the first to use zero as a number?,The Incas,The Mayans,The Egyptians,The Babylonians,D,medium,false,
Television,"In the Hindu religion, emptiness is important because nothing has a permanent, eternal identity, since everything  flows. What do Hindus call this idea of emptiness or voidness?",suyiapptah,senniagara,sunyata,suriyatta,C,medium,false,
Television,What do philosophers call the belief that the world has no essential meaning or objective truth?,Phrenology,Nihilism,Existentialism,Objectivism,B,medium,false,
Television,"In 1943, Carmen Laforet published this Spanish language novel about life in post-Civil War Spain.",Nada,Danada,Nil,Garnicht,A,medium,false,
Television,"Which statement is true about Billy Preston, who wrote the song Nothing from Nothing (Leaves Nothing)?",Billy Preston invested his money in Atlantic Records and lived quite well-off  in his later years.,Billy was a musical guest on the first Saturday Night Live.,Billy played keyboards on almost every Rolling Stones album.,Billy never again achieved a hit record.,B,medium,false,
Television,What do you get when you divide a positive number by zero?,It can not be done.,a negative number,a positive number,zero,A,medium,false,
Television,Physicists believe that the nothingness out there in space is really something. What do they call this nothingness that appears as an empty space?,Endothermic matter,Quasiplasmatic mass,Entropic matter,Black matter,D,medium,false,
Television,A 1995 movie starring Bruce Greenwood told the story of a photographer who sees his entire existence erased. The movie shares its name with a Beatles song. What is the name?,Null and Void,Nowhere Man,Nothing Else,The Nobody Man,B,medium,false,
Television,"In Seinfeld, what was Jerrys reaction when the head of NBC wanted him to add relationship humor to his sitcom, which was about nothing?",Jerry and George both refuse the suggestion.,Jerry decides to quit the entire project.,Jerry refuses the suggestion but George  talks him into it.,Jerry and George finally accept the idea.,D,medium,false,
Television,Luck is the lady that he loves best. Natchez to New Orleans Livin on jacks and queens. Who is this legend of the West?,Sugarfoot,The Rifleman,Maverick,Wyatt Earp,C,medium,false,
Television,"Each week at the beginning of this show the newspaper editor of the local paper would start the action with this statement, This is the way it happened in the town too tough to die. What is the name of the town too tough to die?",Laramie,Virginia City,Dodge City,Tombstone Territory,D,medium,false,
Television,The creator of this television western envisioned James Bond on horseback. In what television western would you find the characters James West and Artemus Gordon?,The Wild Wild West,Wyatt Earp,Kung Fu,Have Gun Will Travel,A,medium,false,
Television,He got fightin mad this rebel lad He packed no star as he wandered far Where the only law was a hook and draw. What country legend sang The Ballad of Johnny Yuma?,Johnny Ray,Johnny Cash,Buck Owens,Frankie Laine,B,medium,false,
Television,"The Bugle Theme would sound and the camera would pan down to the Old Ranger. He would stand and say Howdy, Im the Old Ranger and Death Valley is my stamping ground. What actor replaced the Old Ranger to introduce the stories of Death Valley Days?",Gary Cooper,Alan Ladd,Ronald Reagan,John Wayne,C,medium,false,
Television,Out of the night when the moon is bright  comes this bold renegade. A blade flashes and what mark is left behind?,N,Z,KILROY,M,B,medium,false,
Television,CMT had a program on the 20 Greatest Cowboy Songs. Which song was # 1?,Happy Trails,Home on the Range,Tumbling Tumbleweeds,Back in the Saddle Again,A,medium,false,
Television,"The X-Files, a popular American television show about paranormal phenomena, premiered in what year?",1990,1992,1993,1991,C,medium,false,
Television,Which was the original filming location of The X-Files series?,"Washington, D.C.",British Columbia,Cascade Mountain range in Oregon,Olympic Peninsula of Washington State,B,medium,false,
Television,FBI agents Fox Mulder and Dana Scully have both worn glasses at some time during The X-Files series.,False,True,,,B,medium,false,
Television,"In an episode of The X-Files, Mulder found a switchblade-like device, which was the only weapon that could kill the aliens. Where did he find it?",In a secret warehouse at the Pentagon,In a mountain cave,In a pictures frame,In a lamp,D,medium,false,
Television,The Greys were the type of aliens most often featured in the TV series The X-Files.,True,False,,,A,medium,false,
Television,"Agent Scullys father, who died in The X-Files series, never approved of her choice of career. What was his career?",He worked in the Law Enforcement,He worked in the Central Intelligence Agency,He worked in the aerospace industry,He worked in the US armed forces,D,medium,false,
Television,"Assistant Director Skinner, Mulder and Scullys boss in The X-Files, was infected with an unknown agent that could kill him by the press of a button on a hand-held device. Who was the person, holding his finger on the button?",Michael Kritschgau,Kenneth Soona,Well-Manicured Man,Alex Krycek,D,medium,false,
Television,"In an episode of The X-Files, entitled Home, the family that practiced inbreeding and buried their deformed babies in a field near their house were known by what name?",The Pipers,The Pedeys,The Pruitts,The Peacocks,D,medium,false,
Television,"The Lone Gunmen, the three unusual characters who appeared in The X-Files, help Agents Mulder and Scully with a number of cases. What was their area of expertise?",Genetics,Computers,Physics,Ufology,B,medium,false,
Television,Several episodes of The X-Files featured a child genius that was a chess whiz. What was his name?,Gibson,Christian,Cooper,Owen,A,medium,false,
Television,"The Tree People, investigated by  X-Files Agents Mulder and Scully were ancestors of which famous explorer?",Amerigo Vespucci,Samuel de Champlain,Sieur de la Salle,Ponce de Leon,D,medium,false,
Television,"The X-Files Agent Mulder once had a brief relationship with a female who was not an ordinary person, but what?",A witch,A clairvoyant,A vampire,A voodoo priestess,C,medium,false,
Television,The X-Files Agents Mulder and Scully investigated numerous cases which involved what kind of mythical monsters?,Chupicabra,Big Blue,All of these,Mantgu,C,medium,false,
Television,What does the X in The X-Files stand for?,Exceptional,Unsolved,Unexplained,Exclusive,B,medium,false,
Television,"Gillian Anderson, who plays Agent Dana Scully in The X-Files, also appeared in a televised adaptation of what Charles Dickens novel?",The Pickwick Papers,Bleak House,Nicholas Nickelby,David Copperfield,B,medium,false,
Television,"In The X-files, FBI Agents Mulder and Scully tried to prevent the invasion of the aliens, expected on what date?","March 15, 2010","December 22, 2012","October 31, 2525","January 1, 2008",B,medium,false,
Television,"The closing scene in the last episode of The X-Files showed Mulder and Scully in a motel, finally together after everything they had endured. Where was the motel located?","Paradise, AZ","Roswell, NM","Devils Hole, NV","Nogales, Mexico",B,medium,false,
Television,"Do, or do not. There is no try was a mystical phrase used in which classic film?",Star Wars V: The Empire Strikes Back,Close Encounters of The Third Kind,Logans Run,Aliens,A,medium,false,
Television,"Which film can you hear this chilling quote in? Human beings are a disease, a cancer of this planet. You are a plague, and we are the cure.",Virus,The Matrix,Mars Attacks!,Plan 9 from Outer Space,B,medium,false,
Television,"If it bleeds, we can kill it was a quote that spelled trouble for a space critter. In which film was it uttered?",Alien,Tremors,Starship Troopers,Predator,D,medium,false,
Television,A human in which film delivered this ruthless line? I say we take off and nuke the entire site from orbit. Its the only way to be sure.,Alien3,When Worlds Collide,Aliens,Starship Troopers,C,medium,false,
Television,"This movie character had a lot to say when he described the following: ...its like when youre a kid, the first time they tell you that the worlds turning and you just cant quite believe it cos everything looks like its standing still? I can feel it. The turn of the Earth. The ground beneath our feet is spinning at a 1000 miles an hour and the entire planet is hurtling round the sun at 67,000 miles an hour and I can feel it. Were falling through space, you and me, clinging to the skin of this tiny little world and if we let go — thats who I am. Now forget me. Go home.","Exeter, This Island Earth","Will Robinson, Lost In Space (1997)","The Doctor, Doctor Who","James T. Kirk, Star Trek IV: The Voyage Home",C,medium,false,
Television,"Hey, Luke Skywalker, use the force. was a throwaway remark from which of the following characters?","Cmdr. Peter Quincy Taggart, Galaxy Quest","Sarah Connor, Terminator 2","Han Solo, Return of The Jedi","John Spartan, Demolition Man",D,medium,false,
Television,"Which film is the quote from? This was supposed to be my weekend off, but no. You got me out here dragging your heavy ass through the desert, with your dreadlocks sticking out the back of my parachute. You got to come down here with an attitude, acting all big and bad. And, what the Hell is that smell?!",Mars Attacks!,Tremors 2,Dune,Independence Day,D,medium,false,
Television,"Which film contains this Caroll-inspired quote? You take the blue pill, the story ends. You wake up in your bed and you believe whatever you want to believe. You take the red pill, you stay in wonderland. And, I show you how deep the rabbit hole goes.",Twelve Monkeys,Men In Black II,THX 1138,The Matrix,D,medium,false,
Television,"Which 1990 film does this strange sounding quote come from? If things have gone wrong, Im talking to myself, and youve got a wet towel wrapped around your head.",Judge Dredd,The Hitch-Hikers Guide to the Galaxy,Total Recall,The Fifth Element,C,medium,false,
Television,"Which film does the following quote come from? Hey, I think I ran over some - I think I ran over a wookie back there on the expressway...",Star Wars V: The Empire Strikes Back,THX 1138,Caravan of Courage: An Ewok Adventure,Star Wars II: Attack of the Clones,B,medium,false,
Television,What year was ESPN launched?,1980,1979,1977,1978,B,medium,false,
Television,The first sporting event that aired on ESPN was a slow pitch softball game.,False,True,,,B,medium,false,
Television,"In 2005, ESPN aired its last NFL Sunday Night Football game. What network took over broadcasting the Sunday night game for the 2006 NFL season ?",CBS,ABC,FOX,NBC,D,medium,false,
Television,ESPN and NBC are sister stations.,False,True,,,A,medium,false,
Television,Which of the following is NOT an ESPN network.,All are ESPN networks,ESPN Classic,ESPNEWS,ESPN 2,A,medium,false,
Television,"In a scene of the movie Sentinel, Michael Douglas character is watching Monday Night Countdown on ESPN.",True,False,,,B,medium,false,
Television,"Which of the following companies acquired ESPNs parent company, Capital Cities/ABC in 1995?",The Walt Disney Company,The Anheuser-Busch Company,Nabisco Company,The Exxon Corporation,A,medium,false,
Television,In what year was Kermit the Frog introduced?,1959,1953,1955,1962,C,medium,false,
Television,When Kermit first appeared on television he was more like a lizard than a frog.,False,True,,,B,medium,false,
Television,What is the name of Kermit the Frogs nephew?,George,Freddy,Robin,Mort,C,medium,false,
Television,In what year were Kermit the Frog and Miss Piggy married?,1982,1984,1985,1986,B,medium,false,
Television,"A statue of Kermit and Jim Henson was erected on the campus of Jim Hensons alma mater, the University of Maryland.",True,False,,,A,medium,false,
Television,What talk show did Kermit the Frog host in 1994 as an April Fools joke?,The Tonight Show,Nightline with Ted Koppel,Saturday Night Live,Larry King Live,D,medium,false,
Television,In 1996 Kermit the Frog was awarded an honorary doctorate in Amphibious Papers by what British University?,Oxford University,University of London,Southampton College,Northampton College,C,medium,false,
Television,Kermit the Frogs creator chose him as the main Muppet character because frogs were his favorite animals.,True,False,,,B,medium,false,
Television,This SpongeBob character is a big lobster and a life guard at the beach.,Patrick,Mr. Krabs,Sandy,Larry,D,medium,false,
Television,SpongeBob and Patrick love to catch these in nets.,Jellyfish,Clams,Angel Fish,Gold Fish,A,medium,false,
Television,This quote belongs to which Teenage Mutant Ninja Turtles character?,The Shredder,Lord Dregg,Splinter,Krang,D,medium,false,
Television,"In TV-series Teenage Mutant Ninja Turtles, which of the Turtles invents gadgets used by the other Ninja Turtles?",Leonardo,Raphael,Donatello,Michelangelo,C,medium,false,
Television,This quote belongs to which character from Teenage Mutant Ninja Turtles?,Lord Dregg,Foot Soldier,The Shredder,Krang,C,medium,false,
Television,The TV show Threes Company first aired in 1977.,True,False,,,A,medium,false,
Television,The popular sitcom Threes Company ended its run in 1984.,True,False,,,A,medium,false,
Television,Jack Tripper moved in the apartment in the third episode of the show Threes Company.,False,True,,,A,medium,false,
Television,Terri Alden moved in with Jack and Janet in the second season of the TV series Threes Company.,True,False,,,B,medium,false,
Television,The sitcom Threes Company was on on the air for a total of 6 seasons.,True,False,,,B,medium,false,
Television,Don Knotts played Ralph Furley on the show Threes Company.,True,False,,,A,medium,false,
Television,Did Joyce DeWitt appear in all episodes of Threes Company?,Yes,No,,,B,medium,false,
Television,Did Richard Kline portray Larry Dallas on sitcom Threes Company?,Yes,No,,,A,medium,false,
Television,"On the TV show Threes Company, Jack and the gang hung out at the local bar named The Regal Beagle.",True,False,,,A,medium,false,
Television,Suzanne Summers starred as Chrissy Snow on the show Threes Company.,True,False,,,B,medium,false,
Television,What year did The Mary Tyler Moore Show first hit the US airwaves?,1970,1973,1971,1972,A,medium,false,
Television,What year did The Andy Griffith Show debut?,1961,1960,1963,1962,B,medium,false,
Television,What year did the Gilligans Island series premiere on US television?,1964,1967,1966,1965,A,medium,false,
Television,What year did Hogans Heroes first hit the US airwaves?,1966,1968,1967,1965,D,medium,false,
Television,What year did I Love Lucy first appear on TV?,1954,1952,1951,1953,C,medium,false,
Television,What year did the show My Three Sons first hit the air?,1960,1962,1963,1961,A,medium,false,
Television,What year did Its About Time first hit the US airwaves?,1968,1967,1969,1966,D,medium,false,
Television,The Doris Day show first hit the US airwaves in what year?,1969,1971,1970,1968,D,medium,false,
Television,The show Julia starring Diahann Carroll made its television debut in what year?,1970,1968,1971,1969,B,medium,false,
Television,What year did Room 222 debut in the United States?,1969,1971,1972,1970,A,medium,false,
Television,"Which character from Greys Anatomy said this: Look, Im gonna go upstairs and take a shower, OK? And when I get back down here, you wont be here.?",Cristina,Meredith,Izzie,Derek,B,medium,false,
Television,Which of the interns on the show Greys Anatomy made the following statement: Men dont buy tampons!?,George,Burke,Derek,Chief Webber,A,medium,false,
Television,"Which surgical attending from the medical drama Greys Anatomy delivered these words: The only person that can keep a promise so big is God, and I havent seen him pick up a scalpel lately.?",Chief Webber,Dr. Burke,Dr. Bailey,Dr. Sheppard,B,medium,false,
Television,"Which Greys Anatomy character said this: If I miss a real procedure because of this case, theyre gonna call me 007 because I killed you.?",Addison,Cristina,Izzie,Meredith,B,medium,false,
Television,"Which intern from the Greys Anatomy TV series said this: Go for it, man. Get yours, Im down with the rainbow. Oh, are you not gay??",George,Alex,Izzie,Cristina,B,medium,false,
Television,Who are these characters from the show Greys Anatomy talking about?: Dr. Cristina Yang: [they all see the Nazi] Thats the Nazi? Dr. George OMalley: I thought the Nazi would be a man. Dr. Meredith Grey: I thought the Nazi would be... the Nazi. Dr. Isobel Izzie Stevens: [Izzie walks up behind them] Maybe its professional jealousy. Maybe shes brilliant and they call her a Nazi because theyre jealous. Maybe shes nice.,Dr. Addison Shepherd,Dr. Hahn,Dr. Ellis Grey,Dr. Bailey,D,medium,false,
Television,The following words belong to which Greys Anatomy character: My mommys a filthy whore.?,Cristina,Izzie,Addison,Meredith,D,medium,false,
Television,Who was Dr. Bailey from Greys Anatomy talking to when she said this: You mind moving this tailwagon? Youre blocking me in.?,Burke and Cristina,Derek and Meredith,George and Izzie,Alex and Izzie,B,medium,false,
Television,"Which of these characters from Greys Anatomy made this statement about surgery: Its like candy, but with blood. Which is so much better!?",Meredith,Izzie,Dr. Bailey,Cristina,D,medium,false,
Television,"Who delivered this line on the show Greys Anatomy: I love you, in a really, really big pretend to like your taste in music, let you eat the last piece of cheesecake, hold a radio over my head outside your window, unfortunate way that makes me hate you, love you. So pick me, choose me, love me.?",Addison,Izzie,Meredith,Cristina,C,medium,false,
Television,Who is Izzie talking about on the show Greys Anatomy when she asks the following question: What self-respecting surgeon wears salmon-colored scrubs??,Burke,Addison,Derek,Dr. Bailey,B,medium,false,
Television,"In Beverly Hills, 90210, what was the name of the television show that Steves mom Samantha Sanders starred in?",The Hamptons,The Hortons,The Hansons House,The Hartley House,D,medium,false,
Television,"Who was Brandon with the night Kelly got burned in the fire on the popular TV show Beverly Hills, 90210?",Tracey,Clair,Susan,Emily,D,medium,false,
Television,"On Beverly Hills, 90210, what does David Silvers dad Mel, do for a living?",Dentist,Accountant,Doctor,Real Estate Agent,A,medium,false,
Television,"On Beverly Hills, 90210, when does Cindy Walsh discover that Kellys mother Jackie has a problem with cocaine?",Peach Pit,Mother/Daughter Fashion Show,Thanksgiving dinner at the Walshs,Christmas at the Martins,B,medium,false,
Television,"What was the name of the mobster in Beverly Hills, 90210 who supposedly had Dylans father killed?",Frankie Capolia,Anthony Bussichio,Tony Marchette,Duke Fertudi,C,medium,false,
Television,"What is the name of Dylans mother who lives in Hawaii in the series Beverly Hills, 90210?",Rose,Iris,Lily,Daisy,B,medium,false,
Television,"When Beverly Hills character Andrea is run over by a hit-and-run driver, what does she see?",Driver,Witness,License Plate,Stars,D,medium,false,
Television,"What is the name of the rich guy whom Brenda almost married in Vegas on the soap opera Beverly Hills, 90210?",Noah,Stuart,Dylan,Rick,B,medium,false,
Television,"What RB artist did Donna get to perform at a festival in an episode of Beverly Hills, 90210?",Usher,Babyface,Jodeci,Bryan McKnight,B,medium,false,
Television,"Which of the girls from Beverly Hills, 90210 handcuffed herself to Brandons bedposts?",Valerie,Claire,Donna,Kelly,B,medium,false,
Television,Which Beverly Hills babe did Colin Robbins know long before he moved out to LA to further his art career?,Brenda,Kelly,Claire,Valerie,D,medium,false,
Television,"Where did Donna meet Noah on the hit show Beverly Hills, 90210?",The Peach Pit After Dark,Hawaii,New Orleans,The Peach Pit,B,medium,false,
Television,"When Roy Randolph comes to the campus to direct a play in an episode of Beverly Hills, 90210, Brenda gets the lead. What is the name of the play?",Cat on a Hot Tin Roof,Breakfast at Tiffanys,The King and I,Romeo and Juliet,A,medium,false,
Television,"What is the name of the blonde in Beverly Hills, 90210 whom Steve helped to practice for the lead against Brenda?",Laura,Lisa,Amy,Mary,A,medium,false,
Television,"Who does Andrea lose her virginity to on the soap opera Beverly Hills, 90210?",Peter,Jesse,Dan,Brandon,C,medium,false,
Television,"What is the name of the dog in Beverly Hills, 90210 that escaped from the animal testing lab on campus and was found Brenda and Donna?",Henry,Charlie,Rocky,Spot,C,medium,false,
Television,"What is the name of the wheel-chair bound professor that comes between Kelly and Brandon on the show Beverly Hills, 90210?",Professor Nicholson,Professor Patricks,Professor Randall,Professor Finely,D,medium,false,
Television,"What is the name of the girl Kelly from Beverly Hills, 90210 meets in rehab who becomes obsessed with her life?",Sarah,Celeste,Chloe,Tara,D,medium,false,
Television,"On the TV show Beverly Hills, 90210, Suzanne got involved with a guy who helped in stealing all of Dylans money and taking Erica away to South America. What was the guys name?",Kyle,Kevin,Chris,Curtis,B,medium,false,
Television,"What is the name of Kelly and Davids sister in Beverly Hills, 90210?",Erin,Camille,Joy,Gina,A,medium,false,
Television,What Beverly Hills character discovers Andreas affair with married med-student Peter?,Dylan,Donna,Kelly,Brandon,A,medium,false,
Television,"What is the name of the boutique that Donna and Kelly open together in Beverly Hills, 90210?",Donnas Designs,Martin and Taylor,Best Dressed,Now Wear This,D,medium,false,
Television,What did Beverly Hills characters Steve and Janet name their daughter?,Madeline,Marisol,Margaret,Marjorie,A,medium,false,
Television,"In Beverly Hills, 90210, Donna lost her virginity to Noah.",True,False,,,B,medium,false,
Television,"What is the name of the hotel that Dylan McKay lived in during his early teen years and later in the show Beverly Hills, 90210?",The Beverly Inn,West Beverlys Seaside Resort,The Belage Hotel,Hollywood Hills Hotel,C,medium,false,
Television,Who created the animated series Family Guy?,Seth Green,Seth McFarlane,Seth Rogen,Rachel McFarlane,B,medium,false,
Television,"What Family Guy character is know for saying, Giggity Giggity Giggity?",Brian Griffin,Peter Griffin,Glen Quagmire,Cleveland,C,medium,false,
Television,"In the Family Guy episode Oceans Three and Half, bonnie (Joe Swanson’s wife) gives birth.",False,True,,,B,medium,false,
Television,"In the Family Guy animated series, what problem does Brian Griffin have?",Alcoholism,Bulimia,Tobacco addiction,Heart problems,A,medium,false,
Television,Peters friend Cleveland Brown on the Family Guy animated series is owner of which of these?,Pharmacy,Police station,Brewery,Delicatessen,D,medium,false,
Television,"In the episode Family Guy Lois Kills Stewie, Stewie mistakes Stan Smith from American Dad! for who?",Glen Quagmire,Chris Griffin,Joe Swanson,Brian Griffin,C,medium,false,
Television,"In the Family Guy episode Meet the Quagmires, Brian sings what song that nobody has heard yet?",Love in This Club,Piano Man,Let It Rock,Never Gonna Give You Up,D,medium,false,
Television,"On Sunday, September 28, 2008 began the airing of Season 6 of the animated TV series Family Guy.",False,True,,,A,medium,false,
Television,What was the first episode of the animated series Family Guy called?,Death Has A Shadow,The Man with Two Brians,Y2K000,McStroke,A,medium,false,
Television,"On Family Guy, which character accidentally goes into Stewies time machine and gets lost in the episode Road to Germany?",Cleveland Brown,Mort Goldman,Pter Griffin,Lois Griffin,B,medium,false,
Television,"What is the name of the main character in 1960s TV-series, The Avengers?",John Steed,John Doe,John Law,John Finn,A,medium,false,
Television,"What type of car does the protagonist in TV-series, The Avengers own?",Skoda,Bentley,Mercedes Benz,Alfa Romeo,B,medium,false,
Television,"In TV-series, The Avengers, what type of outfit does the main character wear?",Cap and cane,Bowler hat and umbrella,Briefcase and pipe,Striped suit and monocle,B,medium,false,
Television,"What actress played Tara King, the third Avenger Girl, in The Avengers?",Jane Seymour,Stephanie Beacham,Britt Ekland,Linda Thorson,D,medium,false,
Television,"In 1960s TV-series, The Avengers, the main characters boss is known by what name?",Grandpa,Auntie,Uncle,Mother,D,medium,false,
Television,What year was the pilot episode of  The Avengers broadcast?,1964,1958,1966,1961,D,medium,false,
Television,In what year was the last episode of  The Avengers broadcast in Britain?,1967,1969,1972,1974,B,medium,false,
Television,"What happened to Emma Peel, after she quit as an Avenger Girl on The Avengers?",She was killed in action by an enemy agent.,"She was picked up by her supposedly deceased husband, Peter Peel.",She was defected to the other side.,She was promoted to become head of Intelligence Service.,B,medium,false,
Television,What year did the TV show Lost in Space premier?,1966,1967,1965,1964,C,medium,false,
Television,"Armando Catalano is the birth name of Guy Williams, who portrayed one of the main characters on Lost in Space.",True,False,,,A,medium,false,
Television,"In the TV series Lost in Space, which actress played John Robinsons wife, Maureen?",June Lockhart,Angela Cartwright,Marta Kristen,June Kirsten,A,medium,false,
Television,On the popular show Lost in Space the line Warning! Warning! was often repeated by The Robot.,True,False,,,A,medium,false,
Television,Which actor portrayed the enemy agent Dr. Smith in the TV series Lost in Space?,Jack Elam,Jonathan Harris,Victor Bruno,Carroll OConnor,B,medium,false,
Television,Lost in Space was chosen over Star Trek by CBS.,False,True,,,B,medium,false,
Television,What was the original name of the spacecraft in which the Robinsons traveled in the series Lost in Space?,Jupiter 2,Apollo 13,Jupiter 4,Gemini 12I,D,medium,false,
Television,What Rock icon sang the theme song to the Dog the Bounty Hunter show?,Gene Simmons,Mick Jagger,Ozzy Osbourne,Alice Cooper,C,medium,false,
Television,Most of the series of the Bounty Hunter take place in the state of Hawaii. In 2006 several episodes were filmed in Dogs original home state. Which state was this?,California,Montana,Texas,Colorado,D,medium,false,
Television,How many children did Dog had before his marriage in 2006?,10,8,12,4,C,medium,false,
Television,Dog is actually only 5 foot 7 (1.7 m) inches tall and wears special boots that make him appear larger.,True,False,,,A,medium,false,
Television,Dog from the Dog the Bounty Hunter show got remarried in 2006. What number marriage was that for him?,7th,5th,3th,4th,A,medium,false,
Television,What was the bail amount set to Dog the Bounty Hunter when he was arrested in 2006?,"$20,000","$500,000","$100,000","$300,000",D,medium,false,
Television,The childrens television series Captain Kangaroo aired on this network from 1955-1984.,PBS,NBC,CBS,ABC,C,medium,false,
Television,How many years was the show Captain Kangaroo live?,15,9,4,8,C,medium,false,
Television,In what year was the hour-long program Captain Kangaroo shortened to a half-hour program?,1979,1981,1977,1978,B,medium,false,
Television,This actor played Mr. Green Jeans on the long-running program Captain Kangaroo.,Sam Levine,Cosmo Allegetti,Bing Crosby,Hugh Brannum,D,medium,false,
Television,Which character did Sam Levine play on the childrens program Captain Kangaroo?,The Banana Man,Bunny Rabbit,Mr. Whispers,Mr. Moose,A,medium,false,
Television,Who was the puppet man who performed Bunny Rabbit and Mr. Moose as well as several other lesser puppet characters on the show Captain Kangaroo?,Sam Levine,Cosmo Gus Allegretti,John Burstein,Hugh Barnuum,B,medium,false,
Television,Did the Captain and Mr. Greenjeans from the show Captain Kangaroo appear in the production The Missing Paint Mystery?,No,Yes,,,B,medium,false,
Television,Did Peter Marshall and the stars from Hollywood Squares ever appear on the Captain Kangaroo show?,Yes,No,,,B,medium,false,
Television,"When the Captain Kangaroo program went off the air, many of its writers were hired to work on what program?",Sesame Street,The Mickey Mouse Club,The Electric Company,Mr. Rogers Neighborhood,A,medium,false,
Television,Which Buffy the Vampire Slayer character accidentally killed Tara with a wayward bullet?,Wesley,Warren,Andrew,Jonathan,B,medium,false,
Television,Which character died in the last episode of the hugely popular Buffy the Vampire Slayer?,Buffy,Andrew,Anya,Tara,C,medium,false,
Television,Which network started airing Ugly Betty in the USA?,NBC,FOX,ABC,CBS,C,medium,false,
Television,The show Ugly Betty is based on a telenovela of which nation?,Costa Rica,Spain,Colombia,Santo Domingo,C,medium,false,
Television,"America Ferrara, who stars as Betty on the show Ugly Betty, did not appear in which of these films?",Real Women Have Curves,Gotta Kick It,The Sisterhood of the Travelling Pants,Frida,D,medium,false,
Television,In which country was actress America Ferrera born?,The USA,Columbia,Mexico,Costa Rica,A,medium,false,
Television,What is Bettys last name in the TV series Ugly Betty?,Suarez,Zunyiga,Rodriguiz,Sanchez,A,medium,false,
Television,"On the show Ugly Betty, who is Bettys immediate boss at Mode Magazine?",Daniel Meade,Wilhemina Meade,Marc Meade,Bradford Meade,A,medium,false,
Television,"In the TV series Ugly Betty, what is the name of Bettys nephew, who is a big fan of Mode Magazine and  the  fashion world in general?",Walter,Justin,Joshua,Matthew,B,medium,false,
Television,"This actor, who was in Zoot Suit, An Officer and a Gentleman, and the great Spanish-language movie El Norte, plays Bettys father, Ignacio on the show Ugly Betty.",Enrique Castillo,Tony Castillo,Enrico Gomez-Cruz,Tony Plana,D,medium,false,
Television,"Who portrays Wilhemina, the villainous rival for the position of editor of Mode Magazine in the series Ugly Betty?",Angela Bassett,Vaness L. Williams,Judith Light,Rsalyn Kind,B,medium,false,
Television,"Who portrays Walter, Bettys boyfriend on the show Ugly Betty?",Enrico Gomez-Cruz,Kevin Sussman,Alan Dale,Eric Mabus,B,medium,false,
Television,Where in New York City does Betty live in the popular TV series Ugly Betty?,"Flatbush, Brooklyn","Jackson Heights, Queens","Brooklyn Heights, Brooklyn","Riverdale, The Bronx",B,medium,false,
Television,"On the show Ugly Betty, what is the name of the employee at Mode, who wants Bettys job?",Sofia,Gina,Amanda,Christina,C,medium,false,
Television,For a short time Bettys boyfriend on Ugly Betty dumps her for another neighbor. Why does the neighbor want to be with him?,To get a good deal on a plasma TV,To get a good deal on an airplane ticket,To hurt Betty,To hurt Hilda,A,medium,false,
Television,"In the TV series Ugly Betty, Daniels father cheated on Daniels mother with a former model for Mode. What identical gift did he give to both his wife and mistress?",A copy of The Mona Lisa,A German-built car,A Swiss-made music box,A Swiss-made gold watch,C,medium,false,
Television,Bettys father on the show Ugly Betty left Mexico and never applied for US citizenship. Why?,He owed money to his patron in La Puebla.,He killed a man in Mexico.,He had a criminal record in Vera Cruz.,He ran away from jail in Mexico.,B,medium,false,
Television,"In the TV series Ugly Betty, Wilhemina offers Betty a check for  $20,000. What does Betty need the money for?",Medical expenses for her father,Her sisters business,A lawyer,Graduate school,C,medium,false,
Television,"In the last episode of Ugly Betty for 2006, Bettys family Christmas celebration is interrupted by something terrible. What is it?",Her father is rushed to the hospital.,Her father is arrested.,Her boss has lost  the book.,Her sister is rushed to the hospital.,B,medium,false,
Television,Where do The Simpsons live on the popular show of the same name?,Shelbyville,Springfield,"Springfield, Illinois",none of these,B,medium,false,
Television,Where does fictional character Homer Simpson work?,Bowlarama,Kwikee Mart,Nuclear Power Plant,Moes Tavern,C,medium,false,
Television,"In the animated series The Simpsons, Homer and Marges children are named Maggie, Lisa, and Bart.",False,True,,,B,medium,false,
Television,Bart and Milhouse from the animated show The Simpsons are friends.,True,False,,,A,medium,false,
Television,Who was framed by Sideshow Bob on The Simpsons?,Barney,Krusty,Moe,Snake,B,medium,false,
Television,Who lives next door to the Simpsons on the popular animated show?,Ned Flanders,Kent Brockman,Troy McClure,Mayor Quimby,A,medium,false,
Television,"Maude, from the self-titled show, had a housekeeper named Florida who went on to get her own show. What was the name of that show?",Silver Spoons,Gimme a Break,Good Times,Whats Happening,C,medium,false,
Television,How many Emmys did Maude win during its run?,2,0,1,3,C,medium,false,
Television,In what year did the TV show Maude come to an end?,1980,1981,1978,1975,C,medium,false,
Television,"Norman Lear, the producer of All in the Family, originally wanted Phyllis Diller to play the part of Maude. Unfortunately she was too busy with her Vegas Show.",True,False,,,B,medium,false,
Television,"At the end of the series Maude, Maude ran for political office and won. What office did she win?",Governor,Congresswoman,Senator,Mayor,B,medium,false,
Television,"In the opening episode of season 2 of Buffy the Vampire Slayer, When She Was Bad, its been a quiet summer in Sunnydale with very little vampire activity.",True,False,,,A,medium,false,
Television,"In the episode of Buffy the Vampire Slayer, When She Was Bad, what dastardly deed is the Anointed One trying to accomplish?",Create a spell to weaken Buffy,Kill Buffy,Bring back the master,Kidnap all of Buffys friends,C,medium,false,
Television,Xander and Willow kissed in the opening episode of season 2 of Buffy the Vampire Slayer.,True,False,,,B,medium,false,
Television,Buffy the Vampire Slayer episode School Hard features the first appearance of the vampires Spike and his girlfriend Drusilla.,True,False,,,A,medium,false,
Television,"In the Buffy episode Inca Mummy Girl, Xander falls for a foreign exchange student. What was her name?",Ampata,Angelique,Ariel,Andromeda,A,medium,false,
Television,"In the Buffy episode Reptile Boy, Buffy and Willow are offered as a sacrifice to a reptile god.",False,True,,,A,medium,false,
Television,"In the Buffy the Vampire Slayer episode Halloween, this man performs the spell that makes everyone wearing one of his Halloween costumes take on the personality of whatever they are dressed as.",Ethan Allen,Ethan Rayne,Ethan Jones,Ethan Raine,B,medium,false,
Television,In the Buffy episode Lie to Me an old friend of Buffys arrives in Sunnydale. What is his name?,Jerry Ford,Billy Fordham,Ford Prefect,Ford Fairlane,B,medium,false,
Television,"In the episode The Dark Age from the Buffy the Vampire Slayer series, Ethan Rayne returns. By what name does he refer to Giles?",Rupert,Rupert the ripper,Rip,Ripper,D,medium,false,
Television,"In the Buffy episode Whats My Line, (parts 1  2) a new slayer arrives in town.",False,True,,,B,medium,false,
Television,"In the episode of Buffy the Vampire Slayer called Bad Eggs, the kids have to take care of eggs as though they were children.",False,True,,,B,medium,false,
Television,Xander hardboiled his son and almost ate him in an episode of the second season of Buffy the Vampire Slayer.,True,False,,,A,medium,false,
Television,In the episode Surprise Buffy the Vampire Slayer is celebrating which birthday?,16th,17th,18th,15th,B,medium,false,
Television,Buffy loses her virginity in the episode Surprise in the second season of Buffy the Vampire Slayer.,True,False,,,A,medium,false,
Television,"In the second season of Buffy the Vampire Slayer, as a result of having sex with Buffy, Angel loses his soul.",True,False,,,A,medium,false,
Television,How does Buffy destroy The Judge in the Buffy the Vampire Slayer episode Innocence?,She stabs him with Kendras favorite stake Mr. Pointy.,She bores him to death with her whining.,She decapitates him.,She blows him up with a rocket launcher.,D,medium,false,
Television,What happens to Oz in the episode Phases of Buffy the Vampire Slayer?,He becomes a vampire.,He becomes a werewolf.,He becomes a zombie.,He dies.,B,medium,false,
Television,"In the Buffy episode Bewitched, Bothered and Bewildered, after Cordelia breaks up with him, Xander has Amy (last seen in the episode The Witch in season 1) cast a spell to make her love him again.",False,True,,,B,medium,false,
Television,Which character dies in the Buffy the Vampire Slayer episode Passion?,Jenny,Joyce,Kendra,Willow,A,medium,false,
Television,"In the Buffy episode I Only Have Eyes for You, Buffy and Angel are both possessed by ghosts.",True,False,,,A,medium,false,
Television,"In the episode Go Fish from the second season of Buffy the Vampire Slayer, who goes undercover on the swim team to find out why swimmers have been mysteriously disappearing?",Cordelia,Oz,Willow,Xander,D,medium,false,
Television,"Who dies in the episode Becoming, Part One from the second season of Buffy the Vampire Slayer?",Kendra,Drusilla,Angel,Xander,A,medium,false,
Television,"In the Buffy episode Becoming, Part Two, Drusilla teams up with Buffy to stop Angelus.",True,False,,,B,medium,false,
Television,"In the last episode of the second season of Buffy the Vampire Slayer, Buffy leaves town after stopping Angelus.",True,False,,,A,medium,false,
Television,What was Family Guy character Mr. Weed wearing in the kitchen in the episode in which he was invited to the Griffins house for dinner?,a red shirt,cowboy boots,blue socks,white underwear,D,medium,false,
Television,Where did Peter pretend to be deaf in the animated sitcom Family Guy?,He has never pretended to be deaf.,at the airport,at the drug store,"in bed, with Lois",B,medium,false,
Television,What does Peter offer to Lois when he worked as a hooker on the TV show Family Guy?,a BJ for 2 nights at Caesars in Vegas,an unforgettable night,free sex for 5 minutes,a Cleveland steamer,D,medium,false,
Television,"On the TV show Family Guy, what did Stewie have Brian write about when he thought he was about to die from cancer?",a squiggly line,a peanut,the Evil Monkey,a chipmunk,A,medium,false,
Television,What happens to Chris when he spawns up the stream like a salmon on the TV show Family Guy?,He finds a salmon mate.,He ends up out of the water and suffocates.,A bear catches him.,He gets caught by a fisherman.,C,medium,false,
Television,What do Bill Clinton and Peter DONT do together in the Family Guy episode Bill and Peters Bogus Journey?,Smoke Pot,Eat a pig,Have sex,Play Dance Dance Revolution,B,medium,false,
Television,"Complete this line from Family Guy and name the character who delivered it: Um, you know feel free to say no to this but ...",would you pet my coin purse? Peter,would you mind shaving my coin purse? Stewie,would you scratch my coin purse? Brian,would you tickle my coin purse? Chris,B,medium,false,
Television,"How did Peter, the protagonist of Family Guy, meet Brian?",None of these,It is never explained.,Brian was cleaning Peters windshield for money.,The former neighbors left Brian behind when they moved.,C,medium,false,
Television,What TV star does Meg worship in the Family Guy episode The Story on Page One?,Neil Patrick Harris,Luke Perry,Joey Lawrence,Tom Cruise,B,medium,false,
Television,"In an episode of the TV show Family Guy, Brian caught Meg kissing the TV screen. Whose image was she kissing?",Dan Rather,Luke Perry,Bill Cosby,Tom Tucker,D,medium,false,
Television,"Finish this Family Guy quote: Holy crip, hes a ______.",croople,crapple,cripple,crappole,B,medium,false,
Television,Lois is playing the piano at the beginning of the Family Guy theme song.,True,False,,,A,medium,false,
Television,What did Peter discover in his back yard in the Family Guy episode Petergiest?,a long lost Shakespeare sonnet book,a necklace,a bone Brian had buried,an Indian skull,D,medium,false,
Television,"In an episode of Family Guy, Peter accused his doctor of molesting him when undergoing this type of medical test.",Prostate Exam,Checking for STDS,Blood Test,Flu Shot,A,medium,false,
Television,When did the show Hawaii Five-O first air on TV?,9/20/1978-4/26/1981,9/20/1968-4/26/1980,9/20/1958-4/26/1972,9/20/1964-4/20/1977,B,medium,false,
Television,Who created the show Hawaii Five-O?,Jack Lord,Stoney Burke,George Litto,Leonard Freeman,D,medium,false,
Television,Whom did Jack Lord portray on the show Hawaii Five-O?,Danny Wiliams,Steve McGarrett,Duke Kokua,Jonathon Manicote,B,medium,false,
Television,What was the name of the second-in-command at Five-O ?,Duke Kokua,Steve McGarrett,Danny Williams,Jonathan Day,C,medium,false,
Television,"Which TV series imitates Hawaii Five-O by having the Police Chief often say, Bookem, Lou?",The Simpsons,Law and  Order :Special Victims Unit,Criminal Minds,Homicide:Life on the Streets,A,medium,false,
Television,"What was the name of the main criminal in the series Hawaii Five-O, played by the American actor Khigh Dheigh?",Lo Fat,Wo Fat,Lo Fun,Chin Ho,B,medium,false,
Television,Where were the interior scenes for the show Hawaii Five-O shot?,"At the CBS lot in Studio City, California",In a hangar at the Honolulu airport,"In the Capitol Building in Honolulu, Hawaii","In Vancouver, British Columbia",B,medium,false,
Television,What was the name of the governor in the show Hawaii Five-O?,Paul Jameson,Johnathan Manicote,Jonathan Kay,Paul Castellano,A,medium,false,
Television,Before joining the police department what was McGarretts job in the TV series Hawaii Five-O?,OSS operative in Korea.,CIA operative in Hong Long,Intelligence officer in the US Navy,FBI investigator in Hawaii,C,medium,false,
Television,"In the series Hawaii Five-O, McGarrett often had the ear of the Hawaiian Attorney General. What was his  name?",Honore Vashon,John Manicote,Duke Kukua,Jonathan Kay,B,medium,false,
Television,"In real life, what piece of clothing was Jack Lord famous for wearing?",Aloha shirts,Gucci shoes,Panama hats,Beach wear,C,medium,false,
Television,From the  age of  15 Jack Lord was able to travel to many far-off places. How did he do this?,His parents had a home on the Mediterranean.,He enlisted in the Navy with a false birth certificate.,He enlisted in the Merchant Marine.,"His grandfather owned homes in Asia, Africa, and Australia.",C,medium,false,
Television,From which University did Jack Lord graduate?,NYU,BYU,USC,UCLA,A,medium,false,
Television,Where did Jack Lord study acting?,The Actors Studio in New York,USCs School of Drama,UCLAs School of Drama,The Uta Hagen School of  Acting in Chicago,A,medium,false,
Television,When did Jack Lord live?,12/30/1940-1/21/1999,12/30/1947-1/12/1996,12/30/1930-1/21/1998,12/30/1920-1/21/1998,D,medium,false,
Television,"In the show The A-Team, what member of the team sometimes works as an actor, playing monsters in low-budget horror movies?",Face,B.A.,Hannibal,Murdock,C,medium,false,
Television,"What character, often called a crazy fool, must the A-Team routinely break out of a mental hospital in the The A-Team series?",B.A.,Hannibal,Murdock,Face,C,medium,false,
Television,"In the A-Team action series, B.A. stands for both Bad Attitude and B.A.s real name, which is what?",Benson Andrew,Brian Anderson,Bosco Albert,Barnabus Acworth,C,medium,false,
Television,"In the A-Team action series, what character is so terrified of flying that the rest of the team members must drug him and load him onto the plane?",B.A.,Hannibal,Face,Murdock,A,medium,false,
Television,"What is the missing part from the voiceover intro to the A-Team show: Ten years ago, a crack commando unit was sent to prison by a military court for __________.?",high treason.,a crime they didnt commit.,refusing to obey orders.,the murder of a fellow officer.,B,medium,false,
Television,"What team member is the good-looking, smooth-talking Ladies Man in the A-Team show?",Hannibal,Face,Murdock,B.A.,B,medium,false,
Television,"In order to promote the WWF (World Wrestling Federation), Hulk Hogan appeared in the A-Team series several times.",True,False,,,A,medium,false,
Television,"What character from the actions series A-Team goes by the names Templeton Peck,  Al Peck, Templeton Arthur Peck, Alvin Brennar, Al Brennan, Holmes Morrison, Morrison Holmes, and Richard Bancroft?",B.A.,Murdock,Hannibal,Face,D,medium,false,
Television,Col. John Hannibal Smith is played by what Breakfast at Tiffanys actor in the A-Team action series?,Dirk Benedict,Lance LeGault,George Peppard,Charles Napier,C,medium,false,
Television,"In one episode of The A-Team, Murdock appears on the show Wheel of Fortune but doesnt win.",True,False,,,B,medium,false,
Television,What are the names of the two characters who are best friends with the Grim Reaper?,Tom and Silvia,Johnny and Lucy,Eddy and Candy,Billy and Mandy,D,medium,false,
Television,"How many are the chief characters of Codename:Kids Next Door, who have numbers instead of names?",4,6,7,5,D,medium,false,
Television,"The character from Courage the Cowardly Dog is very devoted to his beloved owner, Muriel.  What is the name of Muriels husband?",Steven,Garfunkel,Eustace,Mordred,C,medium,false,
Television,"Wayne and Lucien, from this cartoon series, are closely related but hate each others guts.",Duel Masters,The Cramp Twins,Cow and Chicken,Two Stupid Dogs,B,medium,false,
Television,"I.M. Weasel is a genius and a hero, who was created by his not-so-clever counterpart, I.R. What type of animal is I.R.?",Baboon,Dog,Otter,Horse,A,medium,false,
Television,"What is the name of Johnny Bravos little neighbour, who is always popping up at the worst times?",Little Phoebe,Little Lilly,Little Suzy,Little Macy,C,medium,false,
Television,What color is the outfit of Buttercup from The Powerpuff Girls?,Yellow,Red,Blue,Green,D,medium,false,
Television,"What is the name of Samurai Jacks biggest enemy, who has brought destruction upon the land?",Akaka,Akuru,Aku,Aki,C,medium,false,
Television,"What is the last name of Scooby-Doos best friend, Shaggy?",Shmurf,Jones,Rogers,Dinkley,C,medium,false,
Television,Cow and Chicken have very strange looking parents. What exactly is wrong with them?,They have four heads,They have large hands,They are just legs,They are dogs,C,medium,false,
Television,"How many television series, starring Bill Cosby in the period 1967-2007, have his name or part of his name in the title?",seven,four,two,five,A,medium,false,
Television,What television series has Bill Cosby won an acting Emmy  for?,The Cosby Show,The Electric Company,The Bill Cosby Show,I Spy,D,medium,false,
Television,Which of the following products did Bill Cosby do the most commercials for?,RC Cola,Doritos Corn Chips,Jell-O Pudding,Noahs Bagels,C,medium,false,
Television,The Cosby Show had more episodes than any of Bill Cosbys other programs.,False,True,,,A,medium,false,
Television,"Which of these Bill Cosby films won the 1988 Razzie awards for Worst Picture, Worst Actor, and Worst Screenplay?",Meteor Man,"Mother, Juggs and Speed",Ghost Dad,Leonard Part 6,D,medium,false,
Television,What is the name of the organization Family Guy character Peter starts in the episode The Fat Guy Strangler?,The American Alliance for the Protection of Husky Gentlemen,National Association for the Advancement of Fat People,Fat pride,The Brotherhood of the Fat,B,medium,false,
Television,What has been Mexicos favourite toy for over 340 years according to the Family Guy episode The Fat Guy Strangler?,a pinata,a ball in a cup,a donkey,a yo-yo,B,medium,false,
Television,What is the half dead fat guy eating in Patricks room at the end of the Family Guy episode titled The Fat Guy Strangler?,a sheep,Brian,a dead fat guy,Patrick,C,medium,false,
Television,Who is the dragon that Family Guy character Peter slays to free the village?,Hilary Clinton,Dan Rather,Cybill Shepherd,George Bush,C,medium,false,
Television,"In an episode of the X-Men, titled “Unstoppable Juggernaut”, what mutant always ends up at the wrong place at the wrong time?",Wolverine,Beast,Colussus,Jubilee,C,medium,false,
Television,"In the X-Mens first trip to the field during season 1, Beast is left behind together with what oter member of the X-Men team?",Morph,Jubilee,Storm,Wolverine,A,medium,false,
Television,"In one of the episodes of the X-Men, Morph calls the X-Men to his show, so he can talk to them. What is the name of the?",Cats,Dr. Jekyll and Mr. Hyde,Grease,Phantom of the Opera,B,medium,false,
Television,"In the X-Men animated series, after attempting to rescue a mutant from a mob of civilians, Cyclops and Jean Grey are kidnapped by what underground mutant society?",Shiar,The Morlocks,The Brotherhood,The Brood,B,medium,false,
Television,"After Senator Kelly is elected president in the X-Men series, what is his first act in office?",Enforcing the Mutant Registration Act,A Full Pardon of Dr. Hank McCoy,Ordering Mass Production of Sentinels,Ordering an invasion of the X-Mansion,B,medium,false,
Television,"In the episode The Days of Future Past, the X-Men travel to the Savage Land, only to find that their mutant powers have been nullified. What card does Gambit fail to charge?",5 of Diamonds,Jack of Spades,Ace of Spades,5 of Hearts,A,medium,false,
Television,"Dr. Adler, the scientist in the X-Men series who claimed to have a cure for mutation, was actually which character in disguise?",Apocalypse,Warren Worthington III,Mystique,Morph,C,medium,false,
Television,"In Slave Island, an episode of the X-men, which character pretends to be betraying his friends in order to help them?",Gambit,Mystique,Storm,Sunfire,A,medium,false,
Television,"This character in the X-Men series, sent by Magneto to destroy the X-Mansion, is a former enemy of Wolverine.",Sabretooth,Omega Red,Silver Samurai,Lady Deathstrike,A,medium,false,
Television,The first episode of Will  Grace began with which of the following?,a reunion,a divorce,a phone call,a fight,C,medium,false,
Television,What was the name of Jacks son on the sitcom Will  Grace?,Elliot,He did not have a son,Everett,Evan,A,medium,false,
Television,"In the TV series Will  Grace, what song did Karen make Will perform in a piano bar in exchange for her making him her lawyer?",Three Times a Lady,You Are So Beautiful,Magnet and Steel,I Honestly Love You,D,medium,false,
Television,"What was the name of the crazy kleptomaniac, played by Molly Shannon on the sitcom Will  Grace?",Valerie,Stephanie,Sarah,Carla,A,medium,false,
Television,"On the TV show Will  Grace, Jack came out to his mom on which holiday?",Christmas,Halloween,Easter,Thanksgiving,D,medium,false,
Television,"On the sitcom Will  Grace, in a sexual harassment training video for employees, Jack starred as the boss that makes an inappropriate gesture  toward Karen, the employee and his co-star. What was this gesture?",Pinch on the butt,Tongue in the ear,Hands on breast,Kiss on the lips,B,medium,false,
Television,What does Grace from Will  Grace call Joan Collins?,Banana peeler,Hot dog addict,Sausage maker,Taco eater,D,medium,false,
Television,"In all, how many women did Will have sex with on the popular show Will  Grace?",two,zero,one,three,C,medium,false,
Television,What was the name of Karens stepson in the TV series Will  Grace?,Mason,She didnt have a stepson,Hayden,Chase,A,medium,false,
Television,"What did Grace, one of the main characters on Will  Grace, proclaim after finding out she ate dog food?",Pretty tasty,No wonder its cold,Needs Salt,Its not done yet,C,medium,false,
Television,What Wisconsin town does the sitcom That 70s Show take place in?,Appleton,Point Pleasant,Sheboygan,Point Place,D,medium,false,
Television,"Before creating That 70s show, Bonnie and Terry Turner were famous for this Emmy Award-winning sitcom.",Murphy Brown,Friends,3rd Rock from the Sun,Frasier,C,medium,false,
Television,Which sci-fi classic does the character Eric Forman from That 70s show name as his favourite movie?,2001: A Space Oddysey,Star Wars,The Matrix,Terminator,B,medium,false,
Television,What is the main characters usual hangout place in That 70s Show?,a snack bar,a basement,a garage,an apartment,B,medium,false,
Television,"Which actor, famous for his portrayal of hippies, plays Stephen Hydes boss Leo in That 70s Show?",Tommy Chong,Adam Sandler,Cheech Marin,Dave Chappelle,A,medium,false,
Television,How old was Mila Kunis when she first auditioned for That 70s Show?,She was 14,She was 23,She was 12,She was 19,A,medium,false,
Television,"Seth Green played a recurring character in That 70s show. Later, he and one of the shows stars, Mila Kunis, voiced a brother and sister in this animated comedy serial.",American Dad,Family Guy,The Simpsons,King of the Hill,B,medium,false,
Television,Actor Topher Grace had to quit That 70s Show before its final season in order to prepare for a role in this movie.,Mona Lisa Smile,Spider-Man 3,Kids in America,In Good Company,B,medium,false,
Television,"Which actor was initially cast to play Red Forman on That 70s show, but couldnt do it due to a scheduling conflict?",Chuck Norris,George Seagal,Don Stark,Burt Reynolds,A,medium,false,
Television,What was the title of the British remake of That 70s Show?,That Old Show,The Foremans,The Kids are Alright,Days Like These,D,medium,false,
Television,How many different actors appeared as The Three Stooges in the long history of the trio?,4,6,7,5,B,medium,false,
Television,Where does the name of the Stooges come from?,It is a vaudeville act,It is an old Joe Palooka movie,It is a school nickname,Moe thought it up,A,medium,false,
Television,Approximately how many shorts did the Three Stooges make for Columbia Pictures?,3500,4000,1200,2000,D,medium,false,
Television,"Joe Besser, a member of the Stooges from 1957 to 1959, had what special clause in his contract?",He had to be photographed on his left side.,He had to have his last name on the list of all credits.,He could not be hit very hard.,He could not be publicly insulted.,C,medium,false,
Television,The Three Stooges were in a slump by the end of the 1950s. What renewed their careers?,The demand for comedy increased enormously in the 50s.,Columbia Pictures released the shorts in a tape form.,The TV generation rediscovered them.,Columbia Pictures sold the rights to their shorts to Warner Brothers.,C,medium,false,
Television,"Larry Fine, a member of The Three Stooges had what special clause in his contract?",He was not allowed to change his hairstyle.,He had to stop shouting.,He had to stop playing his violin.,He was not allowed to hit Moe.,C,medium,false,
Television,What animated series featured The Three Stooges?,The Three Stooges Go Around the World in a Daze,The Three Stooges New Adventures,The Three Robonic Stooges,The Three Bionic Stooges,C,medium,false,
Television,"In what way is military man, Michael Fleming related to The Three Stooges?",He is the author of their authorized biography.,He directed many of their full-length movies.,He was producer of many of their full-length movies.,He is the only living descendant of any of the Stooges.,A,medium,false,
Television,"What is the relation between the computer software company, Cinemaware, and The Three Stooges?",They made a computer game featuring the Stooges.,They released all of the Stooges shorts on the Internet.,They sponsored a Three Stooges Hall of Fame in Hollywood.,They made a computer database for all of the Stooges appearances.,A,medium,false,
Television,Which actress played Stacey Carosi in the teen sitcom Saved by the Bell?,Leah Remini,Denise Richards,Bridgette Wilson,Kelly Monoco,A,medium,false,
Television,Did Screech win the Miss Bayside pageant in the teen TV series Saved by the Bell?,Yes,No,,,A,medium,false,
Television,How many seasons did the teen sitcom Saved by the Bell run?,4,1,5,6,C,medium,false,
Television,What was the name of the mascot on the teen TV series Saved by the Bell?,Bulls,Surfers,Tigers,Broncos,C,medium,false,
Television,Did Dennis Haskins play Mr. Belding on the Saved by the Bell TV show?,No,Yes,,,B,medium,false,
Television,Which network aired the show Lou Grant?,NBC,ABC,CBS,Dumont,C,medium,false,
Television,When did the show Lou Grant air?,"September 12, 1980 - September 27, 1984","September 20, 1977 - September 27, 1984.","February 11, 1977 - September  13, 1986","September 20, 1977 - September 13 , 1982",D,medium,false,
Television,Which company produced the TV series Lou Grant?,SKG,MTM,World Wide Pants,Miramar,B,medium,false,
Television,Who was not one of the creators of the show Lou Grant?,Gene Reynolds,Norman Lear,James Burns,James Burroughs,B,medium,false,
Television,How many Emmys did the series Lou Grant win?,0,9,13,4,C,medium,false,
Television,Lou Grant from the self-titled show takes the newspaper job after being fired from his TV job in the WJM news department. Where was WJM news department situated?,Minneapolis,Seattle,New York,"Washington, D.C.",A,medium,false,
Television,"Who played Joe  Rossi, the investigative reporter on the TV show Lou Grant?",Emilio Delgado,Mason Forbes,Kevin OMalley,Robert Walden,D,medium,false,
Television,Who played editor Charlie Hume in the TV series Lou Grant?,Gordon Jump,Emilio Delgado,Mason Adams,Robert Walden,C,medium,false,
Television,What was the nickname of the newspapers top photographer played by Darryl Anderson on the show Lou Grant?,Tyro,Animal,The counselor,BW,B,medium,false,
Television,How many times did Nancy Marchand win the Emmy for Outstanding Actress in a Supporting Role for her performance on the show Lou Grant?,2,5,3,4,D,medium,false,
Television,Which statement regarding the series Lou Grant is untrue?,Many journalism classes were shortened or cancelled so the students and teachers could  watch the show.,The shows star was very outspoken about the USAs part in the politics in El Salvador.,The star of the show blamed President Reagan for the shows cancellation.,The ratings were the reason for the shows cancellation in 1984.,D,medium,false,
Television,When did The Fresh Prince of Bel-Air air?,"May 10, 1990-September 20, 1996","May 10, 1990-September 20, 1996","September 10, 1990-May 20, 1997","September 10, 1990-May 20, 1996",D,medium,false,
Television,What was the address of the Bel-Air mansion on the show The Fresh Prince of Bel-Air?,508 St. Cloud Street,805 St. Charles Street,805 St. Cloud Road,508 St. Charles Road,C,medium,false,
Television,Why didnt Jada Pinkett get the role of Lisa on the show The Fresh Prince of Bel-Air?,because she was too short,because Will Smith didnt want to give her the role,because she was engaged to Will Smith,because she was pregnant with the couples first child,A,medium,false,
Television,"In the first episode of The Fresh Prince of Bel-Air entitled The Fresh Prince Project, Will Smith hangs a poster on his wall. Who was it a poster of?",himself,his music icons Run DMC,Malcolm X,Michael Jordan,C,medium,false,
Television,What college did Will and Carlton attend on the sitcom The Fresh Prince of Bel-Air?,Ventura College,ULA,Stanford College,UCLA,B,medium,false,
Television,How did Hilarys fiance Trevor die on The Fresh Prince of Bel-Air?,car accident,bungee jumping,he drowned,skydiving,B,medium,false,
Television,"On the TV show The Fresh Prince of Bel-Air, when Will was trapped in the basement with his then girlfriend Kathleen, he realized that many parts of her were fake. What actress played Kathleen?",Nia Long,Jada Pinkett-Smith,Tisha Campbell-Martin,Tyra Banks,C,medium,false,
Television,Did actor Sherman Hemsley play himself on The Fresh Prince of Bel-Air?,Yes,No,,,B,medium,false,
Television,What is the name of the apartment complex that Jazz lives in on the sitcom The Fresh Prince of Bel-Air?,Chalet Apartments,Compton Apartments,Compton Towers,Chalet Towers,D,medium,false,
Television,"On The Fresh Prince of Bel-Air, the scene in which Uncle Phil throws Jazz out of the house was only shot once during the second episode Bang The Drum, Ashley. What does Jazz do every time he appears in an episode to stay consistent with the shot of him being thrown out?",He wears the same shirt.,He wears the same hat.,He yells the same way.,He wears the same outfit.,A,medium,false,
Television,"During the opening theme song of The Fresh Prince of Bel-Air, Will Smith is seen riding in a taxi cab. Who is the driver of the cab?",Quincy Jones,Babyface,Uncle Phil,Jeffrey the Butler,A,medium,false,
Television,What year did the show Two and a Half Men first air on television?,2003,2005,2001,2008,A,medium,false,
Television,Which actor plays the role of Charlie Harper on Two and a Half Men?,Brad Garrett,Charlie Chan,Martin Sheen,Charlie Sheen,D,medium,false,
Television,The name of Alans ex-wife on the show Two and a Half Men is Evelyn.,False,True,,,A,medium,false,
Television,What is the occupation of Charlie Harper on the show Two and a Half Men?,realtor,commercial jingle writer,Psychologist,chiropractor,B,medium,false,
Television,"On the sitcom Two and a Half Men, Rose stalks Charlie after they had a one night fling on Roses birthday.",True,False,,,A,medium,false,
Television,"On the show Two and a Half Men, what is Alan Harpers occupation?",actor,teacher,chiropractor,car salesman,C,medium,false,
Television,"Two and a Half Men won the Peoples Choice Awards for Favorite TV comedy in 2004, 2007, 2008, and 2009.",True,False,,,A,medium,false,
Television,Where does the character Charlie Harper live on the sitcom Two and a Half Men?,Long Beach,Malibu,San Diego,Santa Cruz,B,medium,false,
Television,What is Carlys teachers name on the show iCarly?,Ms. Briggs,Ms. Benson,Ms. Driggs,Ms. Taylor,A,medium,false,
Television,Two characters from the show iCarly used to be on the hit television show Drake  Josh.,True,False,,,A,medium,false,
Television,What is the name of Carlys female best friend on the television show iCarly?,Freddie,Sam,Julianna,Lauren,B,medium,false,
Television,How much allowance money does Freddie get from his mom every month on the teen show iCarly?,15 bucks,10 bucks,2 bucks,8 bucks,D,medium,false,
Television,What is Carlys last name on the show iCarly?,Penn,Benson,Shay,Staydium,C,medium,false,
Television,What is the name  of the doorman on the hit television show iCarly?,Rupert,Juan,Michael,Lewbert,D,medium,false,
Television,What does Carlys brother Spencer do as a hobby on the hit television show iCarly ?,knitting,sculptures,skydiving,makes quizzes,B,medium,false,
Television,"On the popular show iCarly, what is the name of the student at Carlys school who is always sick?",Jackie,John,Jeremy,Jerry,C,medium,false,
Television,What is the name of the boy who wants to destroy Carlys webshow on the hit television show iCarly?,Jonathan,Nevel,Glenn,Nicholas,B,medium,false,
Television,Which one of Carlys friends is responsible for filming the webshow called iCarly?,Spencer,Sam,Germie,Freddie,D,medium,false,
Television,What was the first song fictional character Hannah Montana ever sang?,Best of Both Worlds,Both Worlds are Best,One World is Best,Best of One World,A,medium,false,
Television,Hannah Montanas Miley says she wrote the song I Miss You for this person.,Her dog,Her pappy,Her grandmother,Her mom,B,medium,false,
Television,Billy Ray Cyrus wrote the song I Miss You.,True,False,,,B,medium,false,
Television,What is Miley Cyrus real first name?,Destiny,Lindsey,Carrie,Jordin,A,medium,false,
Television,Roxy is the bodyguard of Hannah Montana in the self-titled series.,True,False,,,A,medium,false,
Television,"This was the number of contestants in the very beginning, before anyone got fired.",14,16,12,18,B,medium,false,
Television,"The suite in which the contestants lived in Trump Tower, was on this floor.",4th,11th,23th,81th,A,medium,false,
Television,This was the first contestant to get fired.,Bowie,Sam,Jason,David,D,medium,false,
Television,This woman came up with the team name Protege.,Katrina,Heidi,Ereka,Amy,C,medium,false,
Television,These were Trumps assistants.,John and Gloria,George and Gloria,John and Carolyn,George and Carolyn,D,medium,false,
Television,"In week 3, the women won for the third consecutive time. This was the reward they received.",An elegant dinner in Boston,Visit to the Trump National Golf Course,Dinner at the 21 Club restaurant,A helicopter tour around Manhattan,C,medium,false,
Television,Trump himself said about this contestant that he would take a company to unknown territory or destroy it completely.,Bill,Kwame,Sam,Nick,C,medium,false,
Television,She was first the get fired from the girls team.,Kristi,Omarosa,Heidi,Ereka,A,medium,false,
Television,The final task for Kwame was to run the concert of this star at the Trump Taj Mahal.,Jennifer Lopez,Avril Lavigne,Jessica Simpson,Britney Spears,C,medium,false,
Television,This female contestant was hit on the head by a small piece of plaster.,Omarosa,Kristi,Amy,Heidi,A,medium,false,
Television,One of these contestants was not picked by Kwame for his staff in the final task.,Troy,Heidi,Nick,Omarosa,C,medium,false,
Television,One of the pairs (contestant - the week in which he/she was fired) is wrong.,Omarosa - week 10,Ereka - week 8,Troy - week 12,Tammy - week 7,A,medium,false,
Television,"When Bill finally won, he chose the job in this city.",Boston,New York City,Chicago,Washington,C,medium,false,
Television,What is the janitors name on the show Scrubs?,Neil,It is unknown.,George,Mark,B,medium,false,
Television,"In season two of the show Scrubs, Elliot Reid got an offer to work in what field of medicine?",OB/GYN,Surgery,Internal Medicine,Chief Resident,A,medium,false,
Television,"In the TV series Scrubs, J.D. and Elliot are doctors in what field of medicine?",Neurology,Obstetrics and Gynecology,Internal Medicine,Surgery,C,medium,false,
Television,"On the TV show Scrubs, J.D. and the janitor are great friends.",False,True,,,A,medium,false,
Television,Does J.D. get jealous when he sees Elliot dating other guys in the TV series Scrubs?,No,Yes,,,B,medium,false,
Television,What is the first name of Scrubs character nurse Roberts?,Carla,Laverne,Alyssa,Shirley,B,medium,false,
Television,What is the name of the resident on Scrubs whom Dr. Cox calls the nervous guy?,Bob Kelso,John Dorian,Don Sullivan,Doug Murphy,D,medium,false,
Television,"On the long-running daytime TV drama The Young and the Restless, Brad has been married to all of the following women except which one?",Nikki Newman,Victoria Newman,Ashley Abbot,Tracy Abbot,A,medium,false,
Television,Jack Abbott from The Young and the Restless has been portrayed by which actor since 1989?,Joshua Morrow,Jerry Douglas,Eric Braeden,Peter Bergman,D,medium,false,
Television,"On the TV drama The Young and the Restless, Victor Newman has three children.",False,True,,,A,medium,false,
Television,"Besides the pilot and co-pilot, who else travelled with Nick Newman on the Newman Jet when it crashed into Lake Michigan in an episode of The Young and the Restless?",No one,Phyllis,Brad,Sharon,A,medium,false,
Television,Character Kevin Fisher had what occupation when he was initially introduced on the Young and the Restless series?,Accountant,Computer tech,Restaurant owner,Club owner,A,medium,false,
Television,"Phyllis Newman from The Young and the Restless Tv drama has a tendency to be trapped in elevators. During an ice storm, Phyllis was trapped in the elevator with Nicolas and went into labor.",False,True,,,A,medium,false,
Television,Which lead male actor won two daytime Emmy awards in 2005 and 2007 for his role in the Young  the Restless?,Kristoff St. John,Christian LeBlanc,Eric Braeden,Peter Bergman,B,medium,false,
Television,"On The Young and the Restless, what was the plot that lead to Drucilla Winters falling over a cliff?",Phyllis was blackmailing Drucilla about the paternity of Lily,Phyllis was blackmailing Sharon about having an affair with Brad,Drucilla was blackmailing Phyllis about having an affair with Nick,Phyllis was confronting Sharon that Daniel did not kill Cassie,B,medium,false,
Television,"On The Young and the Restless TV series, Nikki Newman had recurring flashbacks of what birthday in her life that lead to a tragic death?",16th birthday,7th birthday,10th birthday,5th birthday,D,medium,false,
Television,Sheila Carter from The Young and the Restless had plastic surgery to look like Lauren.,True,False,,,B,medium,false,
Television,When did S. Epatha Merkerson join the cast of Law  Order as Lt. Van Buren?,1993,2006,2005,2004,A,medium,false,
Television,"In the Law  Order series, which of these is not a member of Van Burens immediate family?",Stefan,Ric,Donald,Jimmy,D,medium,false,
Television,Which statement regarding fictional character Lt. Van Buren is untrue?,Van Burens first name is  Anita.,Van Buren wears dreadlocks.,Van Buren is a graduate of the John Jay College in New York City.,Van Buren is left-handed.,B,medium,false,
Television,Which statement about Law  Order character Lt. Van Buren is not correct?,Van Buren shot  a mugger at an ATM.,Van Buren pays the bills in her family.,Van Buren shot a retarded boy but was acquitted.,Van Buren was promoted to  the rank of Captain in 2005.,D,medium,false,
Television,"In the long running drama Law  Order, the case that led to Van Burens promotion to Lt. was overturned.",False,True,,,B,medium,false,
Television,"Who directed Shes Gotta Have It, the first movie in which S. Epathka Merkerson appeared?",Spike Lee,John Singleton,Johnny Wu,Ang Lee,A,medium,false,
Television,Which statement about S. Epatha Merkerson is not true?,Epathas first name is Suzanne.,S. Epatha Merkerson won a 1992 Obie for Im Not Stupid.,S. Epatha Merkerson was in The Piano Lesson.,S. Epatha Merkerson is a graduate of Wayne State University.,A,medium,false,
Television,Which of these is not the name of a detective who served under Lt. Van Buren in the series Law  Order?,Carver,Falco,Cassady,Green,A,medium,false,
Television,Actress S. Epatha Merkerson received an award for her work on cancer awareness.,False,True,,,B,medium,false,
Television,S. Epatha Merkerson has won and been nominated for many Image Awards. Which organization gives these awards?,NAACP,US Magazine,People Magazine,Screen Actors Guild,A,medium,false,
Television,S. Epatha Merkerson was a cast member of Pee Wees Playhouse.,True,False,,,A,medium,false,
Television,The American sitcom Whats Happening!! first aired in the year of 1978.,True,False,,,B,medium,false,
Television,In the series Whats Happening!! Roger Raj Thomas was played by Ernest Thomas.,True,False,,,A,medium,false,
Television,Dwayne Nelson from Whats Happening!! was played by actor LeVar Burton.,False,True,,,A,medium,false,
Television,Who played Fred Rerun Stubbs on the sitcom Whats Happening!!?,Ernest Thomas,Dwayne Nelson,David Hollander,none of these,D,medium,false,
Television,On Whats Happening!! actress Shirley Hemphill played Reruns mother.,True,False,,,B,medium,false,
Television,Mabel King from Whats Happening!! also starred in the movie The Jerk with Steve Martin.,True,False,,,A,medium,false,
Television,Danielle Spencer played Rogers older sister on the show Whats Happening!!.,True,False,,,B,medium,false,
Television,The famous 60s and 70s DJ Wolfman Jack appeared in how many episodes of the sitcom Whats Happening!!?,2,3,0,1,A,medium,false,
Television,Greg Morris played Shirley Wilsons husband on Whats Happening!!.,True,False,,,B,medium,false,
Television,Eric Monte is credited to have created the show Whats Happening!!,False,True,,,B,medium,false,
Television,Which state was the show Saved by the Bell originally set in?,Utah,Indiana,New York,Florida,B,medium,false,
Television,Which character on Saved the the Bell often talked directly to the audience?,Screech,Slater,Kelly,Zack,D,medium,false,
Television,Which Saved by the Bell character was a star wrestler?,Slater,Eric,Zack,Screech,A,medium,false,
Television,What school was Baysides primary rival in sports and academics on Saved by the Bell?,Lake,Ocean,Valley,Mountaintop,C,medium,false,
Television,The Saved by the Bell gang took a classic fairytale and gave it a rap music twist. What was the name of the play they starred in?,Beauty and the Screech,Cinderkelly,Snow White and the Seven Dorks,Sleeping Jessie,C,medium,false,
Television,Who did Jessies stepbrother Eric form a crush on on the sitcom Saved by the Bell?,Zack,Jessie,Lisa,Kelly,C,medium,false,
Television,What is the name of the restaurant in Saved by the Bell where the gang hung out and Kelly worked at?,Bayside Brunch,The Bronze,The Max,Eat n Run,C,medium,false,
Television,"Which character on Saved by the Bell was very into fashion and makeup, and was a self-styled Princess?",Kelly,Jessie,Lisa,Stacy,C,medium,false,
Television,Which character on Saved by the Bell did Zack NOT kiss?,He kissed all of them.,Kelly,Jessie,Lisa,A,medium,false,
Television,"This is a dialogue between which two Greys Anatomy characters? Intern #1: Denny died. Burke got shot. Lets just have a little perspective and realize that what I did was a tiny, slightly small... Intern #2: Oh, whatever, just spit it out! Intern #1: I lost my panties, last night.",Callie and Meredith,Meredith and Cristina,Izzie and Meredith,Cristina and Izzie,B,medium,false,
Television,"Which two characters had this conversation in season 3 of Greys Anatomy? Intern: You know what? Youre an ass. Youve lived! Youve done things. And youve got the hair. And the hot wife, and the beautiful ex-mistress whos pining for you... Attending: Shes pining for me?",Alex and Derek,George and Burke,George and Derek,Alex and Burke,C,medium,false,
Television,"Which resident is talking to George in the TV series Greys Anatomy? Resident: All four of you, do not make me regret setting you loose in this hospital. Please do not make me regret letting you loose in this hospital. OMalley, what do I mean by this? George: You mean check with you before we cut any wires or steal any hearts?",Addison,Bailey,Burke,Derek,B,medium,false,
Television,"Cristina: You had a dream about the both of them. Threesome? Nice. Just when I think youre boring, you rise. Meredith: Im dating. And it comes with snacks. Which two men did Meredith fantasize about on the medical drama Greys Anatomy?",Alex and George,Derek and Finn,George and Finn,Alex and Derek,B,medium,false,
Television,"Which characters from the TV show Greys Anatomy had the following conversation? Intern: [to Meredith] Holy crap, are you pregnant?! Attending #1: An adulterous love child?! Attending#2: Goes along with an adulterous sociopath.","Cristina, Addison, Derek","George, Bailey, Burke","Cristina, Burke, Addison","Izzie, Burke, Derek",A,medium,false,
Television,"Who is Derek from Greys Anatomy talking to? Woman:  Oops, I take it that was the slutty intern you cheated on Addison with? Derek: Shes not slutty. What are you doing here? Woman: You bailed on Thanksgiving and Christmas and you live in a trailer and youre getting a divorce and then theres the slutty intern. Derek: I really dont like you. Woman: You love me.",Meredith,Cristina,Izzie,"His sister, Nancy",D,medium,false,
Television,"Which attending is Meredith talking to in this extract from the hit TV show Greys Anatomy? Meredith: So, what happens with Donna now? Attending: She goes back to being an unhappy man whos stuck with a penis. There are millions of us out there. Meredith: Youre unhappy with your penis? Attending: I could be a lot less unhappy.",Mark,Derek,Chief Webber,Burke,A,medium,false,
Television,Name the Greys Anatomy characters who said the following: Attending: Its bring-a-hot-blond-to-work day and no one told me? Intern: [laughs and feigns sneeze] Sexual harassment.,Derek and Izzie,Mark and Izzie,Mark and Meredith,Derek and Meredith,B,medium,false,
Television,What resident are Derek and Addison talking to in Greys Anatomy? Derek: We think youre depressed. Resident Both of you? Derek and Addison: Yes Resident: Well for the two of you to agree on something I must be damn near suicidal.,Bailey,Burke,Mark,Chief Webber,D,medium,false,
Television,"On the show Greys Anatomy, who says this to Georges dad? Intern: George is the best. Mr. OMalley: What? Intern: Hes the best intern. Hes a good doctor, and a good person, and... whatever happens, I just thought you should know that you raised a good person.",Meredith,Cristina,Alex,Izzie,B,medium,false,
Television,"Jerri Manthey, who appeared on The Surreal Life, starred on what other popular reality show?",The Amazing Race,Survivor,Real World,Big Brother,B,medium,false,
Television,This wild and crazy girl from The Surreal Life 2 starred on The Real World Las Vegas.,Julie,Brooke,Trishelle,Jamie,C,medium,false,
Television,"Before starring on The Surreal Life, Ryan Starr appeared on what other reality show?",Days Of Our Lives,Road Rules,Jeopardy,American Idol,D,medium,false,
Television,Alexis from The Surreal Life 6 belongs to which famous acting family?,Ryan,Arquette,Baldwin,Douglas,B,medium,false,
Television,"Jose Canseco, a cast member on The Surreal Life 5, played what sport?",basketball,baseball,soccer,football,B,medium,false,
Television,"Bronson Pinchot, who appeared on The Surreal Life 5, starred on what popular family TV show?",Bossom Buddies,Perfect Strangers,Full House,Growing Pains,B,medium,false,
Television,Emmanuel Lewis starred on Different Strokes.,True,False,,,B,medium,false,
Television,"The real name of Charo, who was a cast member of The Surreal Life 3, is Maria Rosario Pilar Martinez Molina Baez.",False,True,,,B,medium,false,
Television,Traci Bingham starred on what widely popular show?,Chips,Love Boat,Saved By The Bell,Baywatch,D,medium,false,
Television,The majority of the cast members used for The Surreal Life are related to the music industry.,True,False,,,B,medium,false,
Television,Who does Darlene start dating after she breaks up with David in the 7th season of Roseanne?,Joseph,Danny,Donny,Jimmy,D,medium,false,
Television,"In the Roseanne episode Punch  Jimmy, who does D.J. beat up?",Jimmy,Mark,David,Pete,C,medium,false,
Television,"In the TV series Roseanne, what does D.J. discover he can freeze then bring back to life with a magnifying glass?",bees,worms,flies,ants,A,medium,false,
Television,"In the episode Single Married Female of the Roseanne series, who does Jackie go dancing with during her girls night outs?",Tim,Dave,Pete,John,C,medium,false,
Television,During which holiday do TV characters Roseanne and Dan find out there might be something wrong with their unborn child?,Halloween,Thanksgiving,Easter,Christmas,B,medium,false,
Television,At what local motel did Darlene get caught meeting Jimmy in the 7th season of Roseanne?,Super Red Inn,Blue Days Inn,The Green Lantern,The Yellow Light House,C,medium,false,
Television,"When Becky and Mark finally move out in the 7th season of Roseanne, where do they go to live?",They never move out.,A new house,An apartment complex,A trailer park,D,medium,false,
Television,"In season 7 of Roseanne, what tickets does Roseanne buy D.Js friend George to try to convince him to get a job?",Wrestle Mania,Chicago Cubs,NASCAR,Monster Trucks,A,medium,false,
Television,What is the name of Tim s wife on the sitcom Home Improvement?,Lisa,Heidi,Jill,Karen,C,medium,false,
Television,"Jonathan Taylor Thomas, who plays Randy on Home Improvement, voiced the lion in the animated feature The Lion King.",True,False,,,A,medium,false,
Television,Where do the Taylors live on Home Improvement?,New York City,Chicago,Des Moines,Detroit,D,medium,false,
Television,Al and Heidi are married on the show Home Improvement.,False,True,,,A,medium,false,
Television,Pamela Anderson played the first Tool Time Girl on the show Home Improvement?,False,True,,,B,medium,false,
Television,What is the name of the oldest child in the Taylor family on the sitcom Home Improvement?,Randy,Marty,Brad,Mark,C,medium,false,
Television,The Beach Boys appeared in the Home Improvement episode The Karate Kid Returns as this characters cousins.,Wilson,Heidi,Jill,Tim,A,medium,false,
Television,What Home Improvement character was Tims assistant on the Tool Time show?,Robin Patterson,Joe Morton,Wilson,Al Borland,D,medium,false,
Television,What was the name of the second Tool Time Girl on the sitcom Home Improvement.,Jill,Heidi,Carrie,Lisa,B,medium,false,
Television,What TV show host appeared in an episode of Home Improvement as a mechanic in a car collectors garage?,Larry King,Jay Leno,Johnny Carson,Drew Carey,B,medium,false,
Television,"In the hit series Heroes, in order to save the world the characters first need to save whom?",The President,Nathan Petrelli,Claire Bennet,Isaac Mendez,C,medium,false,
Television,D.L. Hawkins from the sci-fi TV series Heroes has the ability to walk through all kinds of objects.,False,True,,,B,medium,false,
Television,Is it true that Sylar from the series Heroes can absorb the powers of another person if he is close to them?,Yes,No,,,B,medium,false,
Television,"Who was Hiro trying to see in the series Heroes, so that he could he could get a sword?",Nathan Petrelli,Ando Masahashi,Isaac Mendez,Mr. Linderman,D,medium,false,
Television,"On the TV show Heroes, Micah has the ability to control electronic devices.",True,False,,,A,medium,false,
Television,Which character from Heroes thinks that he/she will cause a major explosion in NYC?,Peter,Claire,Hiro,Nathan,A,medium,false,
Television,The TV show Heroes premiered on ABC in 2005.,False,True,,,A,medium,false,
Television,What is the missing name? Name: Mackey is not a cop. Hes Al Capone with a badge.,Claudette Wyms,David Aceveda,Shane Vendrell,Tio,B,medium,false,
Television,"What is the missing name Name: Maybe in your own mind amigo. But around here, i dont answer to you, not now, not even on Cinco De Mayo.",Ronnie Gardocki,Holland Wagenbach,Shane Vendrell,Vic Mackey,D,medium,false,
Television,What is the missing name? Claudette Wyms: Since when do you speak Spanish? Name: Im taking a class... I work in Los Angeles. Not knowing the language was limiting me from being the best detective I could be.,David Aceveda,Holland Wagenbach,Shane Vendrell,Vic Mackey,B,medium,false,
Television,"Who says: The list is in a safe, in the Captains office, in a POLICE STATION.",Holland Wagenbach,Vic Mackey,Ronnie Gardocki,Shane Vendrell,D,medium,false,
Television,Wat is wrriten in the note mentioned below?,,,,,A,medium,false,
Television,When did Judge Judy first air on American television?,1996,1994,1998,1997,A,medium,false,
Television,2006 saw which consecutive Judge Judy season?,11th,9th,10th,8th,A,medium,false,
Television,What kind of court did Judge Judy preside over for more than 25 years before becoming Americas most famous Judge?,California State Supreme Court,Small Claims Court,Criminal Court,Family Court,D,medium,false,
Television,Former The Golden Girls and Maude actress Bea Arthur was once a witness on Judge Judy.,False,True,,,B,medium,false,
Television,What is the upper monetary limit for a judgment in Judge Judys courtroom?,$4000,$5000,$3000,$2000,B,medium,false,
Television,Judge Judy helped Judy break the record for the highest paid woman in the history of television.,True,False,,,A,medium,false,
Television,"Finish this famous Judge Judy quote from the title of her second book: Beauty Fades, ____ Is Forever!",Dumb,Nasty,Smart,Stupid,A,medium,false,
Television,Which of these characters in  the animated sitcom The Simpsons is voiced by Dan Castellaneta?,Waylon Smithers,Chief Clancy Wiggum,Mayor Diamond Joe Quimby,C. Montgomery Burns,C,medium,false,
Television,Who voices Agnes Skinner and Lindsay Naegle in Matt Groenings animated sitcom The Simpsons?,Russi Taylor,Tress MacNeille,Yeardley Smith,Nancy Cartwright,B,medium,false,
Television,"Who was not mentioned as one of Homers enemies in The Great Louse Detective, an episode of The Simpsons?",The Emperor of Japan,The Power Plant Workers Union,Frank Grimes,The State of Florida,B,medium,false,
Television,Which of these episodes is not in the fourth season of The Simpsons?,Marge vs. the Monorail,Treehouse of Horror IV,Last Exit to Springfield,Kamp Krusty,B,medium,false,
Television,"Who was in the grave, which Homer Simpson thought to be his mothers?",Frank Grimes,Walt Whitman,Joyce Kilmer,Earnest Hemmingway,B,medium,false,
Television,"This 1960s sitcom ran from 1966 to 1971 and starred Marlo Thomas, Bernie Kopell and Rosemary DeCamp.",Lassie,Dobie Gillis,The Mary Tyler Moore Show,That Girl,D,medium,false,
Television,The soap opera Peyton Place was based on a 1956 novel of the same name.,True,False,,,A,medium,false,
Television,Richard Chamberlin starred in this 1960s medical drama.,911,Dr. Kildare,Emergency,Rescue,B,medium,false,
Television,The original Star Trek series ran from 1963 to 1968.,True,False,,,B,medium,false,
Television,From 1961 to 1966 Vince Edwards starred in what medical drama?,St. Elswhere,Dr. Kildare,Ben Casey,Eight is Enough,C,medium,false,
Television,Petticoat Junction ran from 1963 to 1970.,False,True,,,B,medium,false,
Television,The television game show Jeopardy debuted in the 1960s.,True,False,,,A,medium,false,
Television,"On January 15, 1967 Super Bowl I was aired. Who were the teams that played?",Green Bay and Baltimore,Dallas and New York Giants,Kansas City and Green Bay,New York Jets and Philadelphia,C,medium,false,
Television,Which 30-minute animated sitcom aired on ABC from 1960 to 1966?,The Dick Tracy Show,Top Cat,Courageous Cat and Minute Mouse,The Flintstones,D,medium,false,
Television,"The classic series of this show originally aired from 1963 to 1989 on BBC, a television film was made in 1996 and it reappeared as a television series in 2005. The main character has been played by 11 different actors including David Hartnell (the first) and Thomas Baker (the longest running from 1974 to 1981). Which is the show?",As Time Goes By,Doctor Who,Are You Being Served?,Coronation Street,B,medium,false,
Television,"Who did Brandon Walsh lose his virginity to in the first season of Beverly Hills, 90210?",Sheryl,Donna,Emily,Kelly,A,medium,false,
Television,"Who played Sherice Ashe, one of Brandons many love interests, in Season 2 of the TV show Beverly Hills, 90210?",Gabrielle Union,Vivica A Fox,Jada Pinkett,Raven Simone,B,medium,false,
Television,"What sleazy TV show did Brenda do an interview for in Season 3 of Beverly Hills, 90210 that led to the gang being mad at her?",The Back Story,Inquisition,Teen Files,Hard Copy,A,medium,false,
Television,"What are the names of Dylans sister and her mother who make their first appearance in Season 4 of Beverly Hills, 90210?",Erica and Joanne,Erica and Suzanne,Joanne and Wendy,Suzanne and Jessica,B,medium,false,
Television,"What character started the Peach Pit After Dark in Season 5 of Beverly Hills, 90210?",Steve,Dylan,Valerie,David,A,medium,false,
Television,"What character who helped Valerie and Dylan in the past got Valerie arrested for prostitution in Season 6 of Beverly Hills, 90210?",Randy Wright,Wayne Gold,Sherman Smith,Jay J. Jones,D,medium,false,
Television,"What TV station worker stalks Donna and holds her, Brandon, Tracy and others hostage at the CU News Station in Season 7 of Beverly Hills, 90210?",Evan,Trey,Gary,Rick,A,medium,false,
Television,"Why did David and Donna break up at the beginning of Season 8 of the teen TV show Beverly Hills, 90210?",David was forging her checks and stealing money.,Donna fell in love with Noah,David wanted to get back together with Valerie,David cheated on her again.,A,medium,false,
Television,"Who is the model/actress/con artist that both Steve and David fall for in Season 9 of the teen drama Beverly Hills, 90210?",Janet,Leah,Carrie,Sophie,D,medium,false,
Television,"What is the name of Donnas store partner with whom David breaks up at the end of the show Beverly Hills, 90210 so that he can be with Donna?",Janet,Camille,Ellen,Gina,B,medium,false,
Television,What high school does Daria attend?,Modern Day High,Lawndale High,James B. Woods High School,Normal High,B,medium,false,
Television,What is Darias last name?,Lane,Swanson,Morgendorffer,Smith,C,medium,false,
Television,Daria attends Bromwell University after high school.,False,True,,,A,medium,false,
Television,Where does Daria meet Tom?,"In a club, at one of Trents shows",They are cousins,He is a classmate,Through Jane,D,medium,false,
Television,What question do Daria and Quinn both answer in their first days in Mr. Demartinos class?,What year did Columbus sail to America accidentally?,Who was our nations first president?,Which explorers discovered Greenland?,Explain the concept of Manifest Destiny,D,medium,false,
Television,What is the name of the principal of Darias school?,Timothy Oneill,Angela Li,Anthony Demartino,Brittany Taylor,B,medium,false,
Television,"What company agrees to sponsor Darias school, to help the school earn money?",Ultra Cola,Lackluster Video,The Pizza Parlor,Cashmonds,A,medium,false,
Television,Which episode of The Simpsons was planned to be a full length movie?,Kamp Krusty,A Tale of Two Springfields,The War of the Simpsons,Who Shot Mr. Burns?,A,medium,false,
Television,On what day of the week is Gabbin About God on KBBL in the fictional universe of The Simpsons?,Friday,Sunday,Saturday,Thursday,B,medium,false,
Television,"According to the blue haired lawyer in the animated series The Simpsons, which notes are owned by Disney?",A natural and G flat,E natural and A flat,G natural and A flat,A natural and E flat,C,medium,false,
Television,"In the episode of The Simpsons, titled The Seemingly Neverending Story, the Rich Texan gets his picture with whom?",Nelson,Dolph,Kearney,Jimbo,D,medium,false,
Television,Who played Ulysses S. Grant in the Civil War Re-enactment in The Simpsons?,Barney Gumble,Seymour Skinner,Homer J. Simpson,Moe Syzlack,A,medium,false,
Television,"Which one of these characters appeared on a billboard in Poppas Got a Brand New Badge, an episode of The Simpsons?",Supt. Chalmers,Homer J. Simpson,Milhouse,Dr. Nick,A,medium,false,
Television,"In the episode of The Simpsons See Homer Run, who put up a commercial against Homers Campaign?",The Crazy Cat Lady,Waylon Smithers,Mayor Quimby,Kent Brockman,B,medium,false,
Television,The actress who played Jerrys mother in Seinfeld was once engaged to Marlon Brando.,False,True,,,A,medium,false,
Television,"Doris Roberts, Raymonds mother in Everyone Loves Raymond, lived for a while in a house that was once owned by Marlon Brando.",True,False,,,B,medium,false,
Television,Who played  the mother on the sitcom Rhoda?,Doris Roberts,Liz Sheridan,Nicolette Sheridan,Nancy Walker,D,medium,false,
Television,Doris Roberts won her first Emmy Award for this show.,St. Elsewhere,The Sunset Gang,Perfect Strangers,Everybody Loves Raymond,A,medium,false,
Television,Which couple portrayed Jack and Judy Gellar?,Ron Leibman and Kathleen Turner,Elliot Gould and Kathleen Turner,Elliot Gould and Christina Pickles,Ron Leibman and Morgan Fairchild,C,medium,false,
Television,"Who played Nora Tyler Bing, Chandlers mother in Friends?",Morgan Fairchild,Christina Pickles,Kathleen Turner,Deborah Jo Rupp,A,medium,false,
Television,Who played Rachels father in Friends?,Tom Selleck,Elliot Gould,Ron Leibman,Kathleen Turner,C,medium,false,
Television,"In  Friends, who played Chandler Bings father?",Elliot Gould,Bruce Willis,Tom Selleck,Kathleen Turner,D,medium,false,
Television,What is Jerrys fathers first name in Seinfeld?,Frank,Ian,Morty,Lainey,C,medium,false,
Television,How many Emmys did Peter Boyle win for his work on Everyone Loves Raymond?,3,2,0,4,C,medium,false,
Television,What is the name of Kramers mother in Seinfeld?,Yvette,Lola,Babs,Lainey,C,medium,false,
Television,What were the names of Erics parents on That 70s Show?,Kitty and Bob,None of these,Kitty and Reginald,Marie and  Ted,C,medium,false,
Television,Who played Mindys father in Mork and Mindy?,Robert Conrad,Conrad Bain,William Conrad,Conrad Janis,D,medium,false,
Television,This actor played Lavernes father on Happy Days.,Tom Bosley,Robert Conely,David Huddleston,Phil Foster,D,medium,false,
Television,She played the mother on Family Matters.,Debra Jo Rupp,Debra Paget,Jo Marie Payton,Joan Marie Paget,C,medium,false,
Television,He played the father on Family Matters.,Reginald  Valentine,Daniel Joel Clayton,Al Powell,Reginald VelJohnson,D,medium,false,
Television,She played the mother in Malcolm in the Middle.,Killer Kowalski,Jane Kaczmarek,Jane Krakowski,Jane Krasinski,B,medium,false,
Television,He portrayed Bill Cosbys father  on The Bill Cosby Show.,Geoffrey Owens,Allan Sherwood,Earle Hyman,Bill Cosby,C,medium,false,
Television,Rick Schroder played the son. Erin Gray played the girlfriend. Alfonso Rubiero and Jason Bateman played  friends. Who played the father on Silver Spoons?,Joel Higgins,Franklyn Seales,Frank Howard,Jed Housemann,A,medium,false,
Television,Who was Peyton going out with in the very first episode?,Lucas,Mouth,Nathan,Jake,C,medium,false,
Television,What did Nathan give to Haley their first tutor session?,Ring,Earrings,Bracelet,Toy,C,medium,false,
Television,What type of business does Karen own?,Cafe,Candle shop,Hardware store,Sporting goods store,A,medium,false,
Television,What is Nathans jersey number?,26,22,23,21,C,medium,false,
Television,What network does One Tree Hill air on?,NBC,ABC,Fox,The WB,D,medium,false,
Television,Was Nathan one of the reason for Lucas to go back to Tree Hill?,Yes,No,,,A,medium,false,
Television,What was Jakes daughters name?,Jessica,Jamie,Jenny,Jill,C,medium,false,
Television,What is the relationship between Lucas and Nathan?,Half-brothers,Father and son,Uncle and nephew,Brothers,A,medium,false,
Television,Who is Taylor?,Nathans sister,Haleys friend,Nathans friend,Haleys sister,D,medium,false,
Television,Lucas has a heart condition.,True,False,,,A,medium,false,
Television,"This character, portrayed by Craig Sheffer on the television show One Tree Hill, is Dans elder brother.",Keith,Rick,Lucas,Cooper,A,medium,false,
Television,"In the TV series One Tree Hill, Peyton Sawyer dated which of these characters?",Jake,Nathan,Lucas,All of these,D,medium,false,
Television,"In the TV seres One Tree Hill, Dan killed Keith.",True,False,,,A,medium,false,
Television,What song was performed by Bethany Joy Lenz and Tyler Hilton in the series One Tree Hill?,Someday,We Were Made For Each Other,When Will You Love Me,When The Stars Go Blue,D,medium,false,
Television,The popular TV show One Tree Hill is set in what state?,Florida,Georgia,South Carolina,North Carolina,D,medium,false,
Television,Which fictional character in the TV series One Tree Hill was nicknamed Whitey?,Alex Durham,Brandon Durham,Brian Durham,David Durham,C,medium,false,
Television,Who is Nathans mother on the TV show One Tree Hill?,Hailey,Deb,Monica,Karen,B,medium,false,
Television,What is the name of the place Karen owns in the TV series One Tree Hill?,Karens boutique,Karens dinner,Karens restaurant,Karens cafe,D,medium,false,
Television,"In the TV series One Tree Hill, Haley is married to Lucas.",True,False,,,B,medium,false,
Television,Who created the multiple award winning series The West Wing?,Tommy Schalamme,Robert M. Silverton,Carl Reiner,Aaron Sorkin,D,medium,false,
Television,"What did the initials CJ stand for in the name of CJ Cregg, the press secretary on The West Wing?",Catherine Joan,Claudia Jean,Carol Jane,Cynthia Jeanne,B,medium,false,
Television,What character did Bradley Whitford play in this series The West Wing?,Sam Seaborn,Toby Ziegler,Josh Molina,Josh Lyman,D,medium,false,
Television,Martin Sheen created his original method of putting on his suit jacket for the series The West Wing.,True,False,,,B,medium,false,
Television,"On the TV show The West Wing, this was the presidents catch phrase when he was ready to move on to another topic.",Lets move it,Whats next?,Alright already,"Lets go, gang",B,medium,false,
Television,Which actor played Leo McGarry on the show The West Wing?,Dule Hill,John Spencer,Timothy Busfield,Richard Schiff,B,medium,false,
Television,"Leos Big Block of Cheese Day, shown in the TV series The West Wing, was based on a real event.",False,True,,,B,medium,false,
Television,What was the alma mater of President Bartlet according to the series The West Wing?,Dartmouth,Yale,Harvard,Notre Dame,D,medium,false,
Television,Which of these actresses had a recurring role as the presidents wife on The West Wing?,Deborah Kerr,Lily Tomlin,Stockard Channing,Janel Moloney,C,medium,false,
Television,What part did Robert Lowe play in three seasons of The West Wing?,Charlie Young,Will Bailey,Danny Conconnon,Sam Seaborn,D,medium,false,
Television,What was Bartlets job prior to becoming president in the TV series The West Wing?,High School Economics teacher,None of these,Governor of New Hampshire,Chief of Staff to the former president,C,medium,false,
Television,Who portrayed the morose Toby Ziegler on The West Wing?,Josn Molina,John Spencer,Richard Schiff,Dule Hill,C,medium,false,
Television,The West Wing earned more awards and nominations than any other TV drama in history.,True,False,,,A,medium,false,
Television,Which actress portrayed Donna Moss on the show The West Wing?,Janel Moloney,Heather Lockyear,Halley Berry,Kate Hudson,A,medium,false,
Television,What was the name of Rosss monkey on the sitcom Friends?,Lucy,Emma,Marcel,Ben,C,medium,false,
Television,"On the TV show Friends, what name appears on the address label of the TV Guide that comes to Chandler and Joey’s apartment?",Miss Chandler Bing,Miss Chanandler Bong,Joey Tribiony,Chandler Bing,B,medium,false,
Television,What is the name of Ross and Rachels baby on the sitcom Friends?,Ellie,Emily,Emma,Ella,C,medium,false,
Television,Why did Ross and Rachel break up the first time on the TV show Friends?,He made a list of pros and cons.,He called her fat.,He hated her hair.,He cheated on her with the copy girl.,D,medium,false,
Television,What fashion label did Rachel work for on the TV show Friends?,Calvin Cline,Ralph Lauren,GAP,Prada,B,medium,false,
Television,What Friends character was an obese child?,Rachel,Monica,Joey,Chandler,B,medium,false,
Television,What were the names of Monica and Chandlers adopted children on Friends?,Emma and John,Erica and Joe,Erica and Jack,Emily and Dick,C,medium,false,
Television,In what European city did Friends characters Monica and Chandler begin a secret relationship?,Venice,Paris,London,Amsterdam,C,medium,false,
Television,What was the name of Phoebes second husband whom she married in season 9 of Friends?,Mike,Duncan,Miles,Edgar,A,medium,false,
Television,What two Friends characters were high school friends?,Ross and Chandler,Ross and Joey,Monica and Phoebe,Monica and Rachel,D,medium,false,
Television,What was the name of Paul and Jamie Buchmans dog on the series Mad About You?,Morrie,Marty,Murray,Harry,C,medium,false,
Television,"What type of animal was Allies pet, Pumpernickel, on Everybody Loves Raymond?",hamster,cat,fish,dog,A,medium,false,
Television,What was the name of the dog on The Beverly Hillbillies?,Reckless,Dawg,Red,Duke,D,medium,false,
Television,"Other than Chance, The Waltons from the self-titled show had another pet, which was a dog. What was his name?",Dawg,Duke,Spot,Reckless,D,medium,false,
Television,"What was the name of the lovable St. Bernard from the series Empty Nest who was frequently vising his neighbors, the Golden Girls?",Dreyfuss,Drake,Bernie,Dyrden,A,medium,false,
Television,Sabrina on Sabrina the Teenage Witch had a black magical pet named Salem. What kind of animal was he?,cat,frog,dog,bat,A,medium,false,
Television,What was the name of Colonel Potters horse on M*A*S*H?,Sophie,Sadie,Star,Sara,A,medium,false,
Television,"In the hit series The Sopranos, which mob boss did not die of natural causes?  In other words, which mob boss got whacked?","Giacomo Jackie Aprile, Sr.",Carmine Lupertazzi,John Johnny Sack Sacrimoni,Phil Leotardo,D,medium,false,
Television,This Rutgers University flunky turned mobster wannabe got clipped at the end of The Sopranos season 3 for trying to rob a mob poker game.  Big mistake!,Jimmy Bones,"Giacomo Michael Jackie Aprile, Jr.",Matthew Bevilaqua,Credenzo Curtis,B,medium,false,
Television,"One of the most shocking whacks in the entire Sopranos series was the death of Christopher Moltisante.  Although it wasnt a usual mafia-type death, who made sure that Christopher did not walk away for the car accident?",Tony,Paulie,Sil,Phil,A,medium,false,
Television,Who performs the theme song of Buffy the Vampire Slayer series?,Michelle Branch,Keith Green,Nerf Herder,Cibo Mato,C,medium,false,
Television,"In the TV series Buffy the Vampire Slayer, when Xander first sees Buffy, he falls off his skateboard.",False,True,,,B,medium,false,
Television,The original principal of Sunnydale High School in Buffy the Vampire Slayer TV series was eaten by some of his students.,True,False,,,A,medium,false,
Television,"In the Season 1 finale of Buffy the Vampire Slayer, titled Prophecy Girl, Buffy died.",True,False,,,A,medium,false,
Television,"In the movie South Park: Bigger, Longer  Uncut, Kenny dies by lighting himself on fire and having a truck load of salt dumped on him.",True,False,,,B,medium,false,
Television,"In South Park: Bigger, Longer  Uncut, whose house do the Canadians bomb in retaliation for the arrest of Terrance and Phillip?",Brad Pitts,Cartmans,The Smothers Brothers,The Baldwins,D,medium,false,
Television,"What is the name of Kyles adopted brother in the film South Park: Bigger, Longer  Uncut?",Ira,Mike,Stan,Ike,D,medium,false,
Television,"Terrance and Phillip from the movie South Park: Bigger, Longer  Uncut are famous for what type of humor according to Sheila Broflovski?",Sewer,Out house,Flatulating,Toilet,D,medium,false,
Television,"In the film South Park: Bigger, Longer  Uncut, when Wendy tries to talk to Stan, what does it cause him to do?",Turn beet red,Begin babbling,Pass Out,Vomit,D,medium,false,
Television,What cop lives with a Cockatoo named Fred at the King Edward Hotel in apartment 2C?,Mannix,Baretta,Toma,Colombo,B,medium,false,
Television,What show featured Dennis Weaver riding his horse through downtown Manhattan?,Hec Ramsey,Coogans Bluff,McCloud,Night Gallery,C,medium,false,
Television,These actors played ex-cop Frank MacBride and ex-con Pete Ryan who started their own detective agency on the TV show Switch.,Pernell Roberts and David Wayne,Patrick Duffy and John Forsythe,Eddie Albert and Robert Wagner,Rock Hudson and Charlie Callas,C,medium,false,
Television,On which TV network did The Big Bang Theory premiere?,NBC,Fox,ABC,CBS,D,medium,false,
Television,"Johnny Galecki, the star of the show The Big Bang Theory and a cast member of Roseanne was born in this city/municipality.",Los Angeles,Bree,Somerset,Chicago,B,medium,false,
Television,What are the occupations of the five leading characters in The Big Bang Theory?,Two waitresses and two physicists,Four physicists and a waitress,Five physicists,"Three physicists, an engineer and a  waitress",D,medium,false,
Television,Which character in The Big Bang Theory is portrayed by Johnny Galecki?,Leonard,Koothrapalli,Wolowitz,Sheldon,A,medium,false,
Television,Who does  Jim Parsons portray in The Big Bang Theory?,Sheldon,Leonard,Koothrapalli,Wolowitz,A,medium,false,
Television,Which of the  following games is played by the male leads in the show The Big Bang Theory?,Fatal Invasion,Death Trap 2000,Klingon Boggle,MaddenNFL: 2007,C,medium,false,
Television,Which of the following statements is true about The Big Bang Theory character Koothrapalli?,He is engaged to a woman he has never met.,He is a biomedical engineer at Cal Tech.,He hates Indian food.,He loves curry.,C,medium,false,
Television,Which of the characters in The Big Bang Theory is portrayed by an actor who is a professional pianist?,Wolowitz,Sheldon,Leonard,Koothrapalli,A,medium,false,
Television,Which of the characters in The Big Bang Theory lives with his mother?,Koothrapalli,Wolowitz,Leonard,Penny,B,medium,false,
Television,In The Big Bang series Penny is writing a book. What is the book about?,A girl who leaves Minneapolis to go to Los Angeles to be a model.,"A girl who leaves Omaha to be an actress in Los Angeles, but becomes a waitress.",A girl who leaves Portland to become a TV  spokeswoman in Los Angeles but becomes a hostess at a Marriott Hotel.,A girl who leaves Seattle to go to Los Angeles to be a writer.,B,medium,false,
Television,The head writer of The Big Bang Theory is Chuck Lorre. On which of these shows was he NOT a writer?,Two and a Half Men,Full House,Roseanne,My Two Dads,B,medium,false,
Television,"Fred Hoyle, the director and head writer of the show The Big Bang Theory, selected the shows name.",True,False,,,B,medium,false,
Television,Select the INCORRECT statement.,The Big Bang is a Korean hip Hop band.,The Big Bang is an album by Busta Rhymes,Bigbang is a Norwegian band.,Big Bang Theory is a German alternative rock band.,D,medium,false,
Television,"In the 1987 animated film, The Big Bang, Luxembourg invades and conquers England and Italy destroys Libya.",False,True,,,B,medium,false,
Television,What statement is correct according to the theory in cosmology called The Big Bang Theory?,The universe is contacting at about 2 cm per century.,The Solar System is contracting at about 2cm per century.,"The universe will stop expanding in about 6,000 years and then will contract.",The universe is expanding.,D,medium,false,
Television,Who played Lisa Loopner on the sketch comedy series Saturday Night Live?,Gilda Radner,Jane Curtin,Cheri Oteri,Julia Louis Dreyfus,A,medium,false,
Television,"Who played Canteen Boy, one of the recurring characters on Saturday Night Live?",Norm  McDonell,Adam Sandler,Molly Shannon,Chevy Chase,B,medium,false,
Television,Who portrayed motivational speaker Matt Foley on Saturday Night Life?,Will Ferrell,Eddie Murphy,Chris Farley,John Belushi,C,medium,false,
Television,What actress portrayed SNL character Debbie Downer?,Cheri Oteri,Molly Shannon,Rachel Dratch,David Spade,C,medium,false,
Television,"Who created and played the Church lady, one of the characters appearing on Saturday Night Live?",Mike Myers,Dana Carvey,Chris Rock,Eddie Murphy,B,medium,false,
Television,This actor played Phillip the hyper-hypo kid on the sketch comedy series Saturday Night Live,Will Ferrell,Mike Myers,Eddie Murphy,Chris Farley,B,medium,false,
Television,"Who played the Land Shark, one of the first SNL recurring characters?",Chevy Chase,Dan Akroyd,Kris Kattan,Will Ferrel,A,medium,false,
Television,Name the actor who portrayed SNL character Mr. Peepers?,Molly Shannon,Rachel Dratch,Will Ferrel,Chris Kattan,D,medium,false,
Television,"This actress created and portrayed SNL character Mary Katherine Gallagher, who was a caricature of an unpopular Catholic school girl.",Phill Hartman,Gilda Radner,Molly Shannon,Jane Curtin,C,medium,false,
Television,Who portrayed Gumby on Saturday Night Live?,Kris Katan,Eddie Murphy,Chris Rock,Will Ferrel,B,medium,false,
Television,What network aired Schoolhouse Rock?,CBS,PBS,NBC,ABC,D,medium,false,
Television,"This song, which was on the very first Schoolhouse Rock show, can be found, in its original form, on the Multiplication Rock album.","Ready or Not, Here I Come",The Good Eleven,Three Is a Magic Number,Little Twelvetoes,C,medium,false,
Television,"Blossom Dearie, a cabaret singer, provided the unusually childlike vocals for the song Figure Eight.",True,False,,,A,medium,false,
Television,Finish the lyrics to the refrain of the most popular song that Schoolhouse Rock ever put out:,,,,,A,medium,false,
Television,"There are two generations of Lollies manning the store in the song Lolly, Lolly, Lolly, Get Your Adverbs Here.",False,True,,,A,medium,false,
Television,The Mayflower journey and the Boston Tea Party are featured in which Schoolhouse Rock song?,No More Kings,Great American Melting Pot,Fireworks,Mother Necessity,A,medium,false,
Television,"In the song Three Ring Government, a small boy in Civic class dreams of having a circus. What branch of government is in the third ring?",President ringmaster,Congressional acrobats,Supreme Court lion-tamers,Military clowns,C,medium,false,
Television,"The Energy Blues song, which first aired in 1978, was an amazingly prescient tune about depletion of the Earths resources. It was re-recorded by ersatz rapper Biz Markie.",True,False,,,A,medium,false,
Television,Who introduced our solar system to kids in a 1978 Schoolhouse Rock song?,a UFO,the Sun,Interplanet Janet,a team of comets,C,medium,false,
Television,What is the penultimate line in the Interjections! song?,Theres gonna be fireworks!,Darn! Thats the end!,Indubitably,"God Bless America, Let Freedom Ring!",B,medium,false,
Television,This movie featured Phil Harris and Eva Gabor as romantic partners.,The Aristocats,The Lion King,Alice in Wonderland,Jungle Book,A,medium,false,
Television,This animated film starred Matthew Broderick and Moira Kelley as mates.,Peter Pan,Toy Story,Cinderella,The Lion King,D,medium,false,
Television,In this film Kevin Kline and Demi Moore played romantic partners.,WALL-E,Pinocchio,101 Dalmatians,The Hunchback of Notre Dame,D,medium,false,
Television,This film starred Albert Brooks and Elizabeth Perkins as husband and wife.,Cars,Open Season,Finding Nemo,Lilo and Stitch,C,medium,false,
Television,Holly Hunter and Craig T. Nelson performed as husband and wife in this film.,Steamboat Willie,Robin Hood,The Care Bears Movie,The Incredibles,D,medium,false,
Television,The unusual pair of Bonnie Hunt and Owen Wilson acted as romantic partners in this movie.,Cars,Who Framed Roger Rabbit,Oliver and Company,All Dogs Go to Heaven,A,medium,false,
Television,This movie featured Cameron Diaz and Mike Myers as romantic partners.,Beauty and the Beast,The Little Mermaid,Shrek,Aladdin,C,medium,false,
Television,Julie Andrews and John Cleese made a wonderful couple in this movie.,Shrek 2,The Secret of NIMH,Dumbo,Charlottes Web,A,medium,false,
Television,Meg Ryan and John Cusack voiced the romantic partners in this movie.,Anastasia,Dragonball Z,Thumbelina,Ice Age,A,medium,false,
Television,Irene Bedard and Mel Gibson played lovers in this movie.,The Land Before Time,Snow White,Pocahontas,James and the Giant Peach,C,medium,false,
Television,When did Seinfeld characters Jerry and George begin their friendship?,At Queens College,In High School,In Elementary School,In Middle School,D,medium,false,
Television,Which statement is true about fictional character George Louis Costanza?,The character of George appears in all but  three episodes of Seinfeld.,The character of George appears in all but one episode of Seinfeld.,The character of George appears in every episode of Seinfeld.,The character of George first appears in the second episode of Seinfeld.,B,medium,false,
Television,What job does George have when he first appears on Seinfeld?,Book editor,Real estate salesman,Car parking attendant,Assistant to the travelling secretary of the New York Yankees,B,medium,false,
Television,What does TV character George Louis Costanza not claim?,That he could easily be a stand up comic.,That he could be a very good sportscaster.,That he invented the expression Pardon my  French.,That he has an intimate and complete knowledge of  the best toilets in NYC.,A,medium,false,
Television,What was the full name of Susan to whom George was engaged on Seinfeld?,R. Susan Ross,Susan Dayton Ross,Susan Rose Ross,Susan Biddle Ross,D,medium,false,
Television,How does Susan die on the TV show Seinfeld?,She drinks poison lemonade.,She drinks poison Seven-Up.,She licks poison stamps.,She licks poison envelopes.,D,medium,false,
Television,Which statement is true about Seinfeld character George Louis Costanza?,George actually likes Newman.,George once converted to Lithuanian Orthodox to pursue a woman.,George never shows any intellectual abilities.,"George never changes his attitude towards Jerry, when Jerry seems to have a lot of money.",D,medium,false,
Television,TV character George Louis Costanza seems to be good at this job.,Book reader at a publishing house,Real Estate salesman,Car parking attendant,Manager  of the New York Yankees,A,medium,false,
Television,Where does Georges fathers family come from on the TV show Seinfeld?,Monaco,Milan,Sicily,Tuscany,D,medium,false,
Television,TV character George Louis Costanza is pursued by a group of New York tough guys. What is the name of their gang?,The Madison Boys,The Fletcher Boys,The Van Buren Boys,Kruger Men,C,medium,false,
Television,What is Georges favorite drink on Seinfeld?,Pepsi with lemon,Bosco and milk,Seven-Up and tomato juice,Gin and tonic,B,medium,false,
Television,Who takes an IQ test for George in an episode of Seinfeld?,Jerry,Elaine,Julia Roberts,Kramer,B,medium,false,
Television,A reference is made to Georges aunt on the TV show Seinfeld. What was her name?,Baby,Shelly,Pauline,Carla,A,medium,false,
Television,How does Seinfeld character George save a whales life?,He removes a golf ball from its blowhole.,He removes netting from around its head.,He pushes it out into Long Island Sound.,He pushes it out into the ocean.,A,medium,false,
Television,"In the last episode of Seinfeld, what is the name of the presiding judge?",Henry Morga,Art Vanderlay,Wesley Kruger,Rick Bahr,B,medium,false,
Television,Which of the following is not one of George Costanzas nicknames?,Koko,Body Suit Man,T-Bone,Biff,C,medium,false,
Television,How many Emmys did Jason Alexander win for his role on Seinfeld?,0,1,3,2,A,medium,false,
Television,Steve Carell plays this hilarious boss on the US TV series The Office.,Dwight,Jim,Michael,Kevin,C,medium,false,
Television,On the TV show The Office the Scranton branch of Dunder Mifflin Paper Products is located in this state.,Virgina,Pennsylvania,Maryland,New York,B,medium,false,
Television,"In the pilot episode of The Office, Michael says hes been a manager at Dunder Mifflin for how many years?",4,7,6,5,A,medium,false,
Television,"In the Health Care episode of the show The Office, Jim and Pam make up diseases. Which is one of the ones they dont make up?",Count Choculitis,Government Created Killer Nano Robot Infection,Ham Fingers,Spontaneous Dental Hydroplosion,C,medium,false,
Television,Who does The Office character Dwight form an alliance with?,Angela,Jim,Michael,Kevin,B,medium,false,
Television,Who is not on Michaels basketball team on the TV show The Office?,Dwight,Stanley,Oscar,Jim,C,medium,false,
Television,What famous sandwich wrappers did Ryan find in Michaels car in The Office episode Hot Girl?,Big Mac,Filet-O-Fish,Whopper,Butterburger,B,medium,false,
Television,What is the name of the hot girl in season one of the show The Office?,Mary,Elizabeth,Rachel,Katy,D,medium,false,
Television,Which character on the show The Office doesnt share the same first name as the actor who plays him/her?,Phyllis,Creed,Oscar,Kelly,D,medium,false,
Television,In what year did Julia Louis-Dreyfus win an Emmy Award for her portrayal of Elaine Benes on the TV show Seinfeld?,1989,1990,1998,1996,D,medium,false,
Television,Which character on Seinfeld was played by an actress whose name was Dizzy Lizzy?,Susan,Elaine,Helen,Estelle,C,medium,false,
Television,What nickname did Julia Louis-Dreyfus get from her Seinfeld co-stars?,The Queen of France,Marie Antoinette,Little Yum-Yum,Ms. Hoity-Toidy,C,medium,false,
Television,Which is the only character on the show Seinfeld played by an Israeli-born actor?,Mr. Pitt,Newman,Estelle Costanza,Babu Bhatt,D,medium,false,
Television,"What is the first name of Mr. Peterman, Elaine Benes boss on the show Seinfeld?",Jay,John,J,Jacopo,D,medium,false,
Television,Which of these  Seinfeld actors was originally a real life NYC police officer?,Larry Thomas,Richard Fancy,Len Lesser,Barney Martin,D,medium,false,
Television,Which character in That 70s Show was afraid of spiders and had a dream sequence with him throwing womens panties in the air?,Steven Hyde,Michael Kelso,Eric Forman,Fez,C,medium,false,
Television,Which character of That 70s Show became a policeman cadet?,Eric Forman,Steven Hyde,Michael Kelso,Fez,C,medium,false,
Television,What female character got a job at a radio station in That 70s Show?,Pam Macy,Donna Pinciotti,Midge Pinciotti,Jackie Burkhart,B,medium,false,
Television,Which character in the sitcom That 70s Show worked at the DMV?,Fez,Michael Kelso,Eric Forman,Steven Hyde,A,medium,false,
Television,Which character from That 70s Show wanted to start her own greeting card business?,Midge Pinciotti,Laurie Forman,Kitty Forman,Donna Pinciotti,A,medium,false,
Television,Which That 70s Show character had a regular job at the Foto Hut with Leo?,Steven Hyde,Michael Kelso,Jackie Burkhart,Eric Forman,A,medium,false,
Television,Name the two SNL characters played by Cheri Oteri and Will Ferrell who seemed to have a lot of extra spirit.,David and Carole,Logan and Nadine,Arianna and Craig,Megan and Shawn,C,medium,false,
Television,Adam Sandler did the character named The Richmeister on SNL.,False,True,,,A,medium,false,
Television,"This SNL on screen couple, often referred to as The Lovers, made everyone uncomfortable with a strange affection for meat and their equally strange love life.",Nuni  Nuni,The Zimmermans,The Herkimans,The Klarvins,D,medium,false,
Television,"Who was the winner of Survivor: The Amazon, which was filmed in 2002?",Rob Cesternino,Alex Bell,Jenna Morasca,Christy Smith,C,medium,false,
Television,"Who was the winner of Survivor: Pearl Islands, the seventh installment of the reality show Survivor?",Lillian Morris,Shawn Cohen,Sandra Diaz-Twine,Ryan Opray,C,medium,false,
Television,Who won Survivor: Borneo in 2000?,Sue Hawk,Jenna Lewis,Rudy Boesch,Richard Hatch,D,medium,false,
Television,"Who was the winner of  Survivor: Cook Islands, the thirteenth season of the reality show Survivor?",Oscar Lusth,Yul Kwon,Becky Lee,Jonathan Penner,B,medium,false,
Television,"Who was the winner of Survivor: Palau, which was broadcast in 2005?",Tom Westman,Jeff Wilson,Jennifer Lyon,Gregg Carey,A,medium,false,
Television,"Name the winner of Survivor: Marquesas, the fourth installment of the reality series Survivor.",Neleh Dennis,Hunter Ellis,Sarah Jones,Vecepia Towery,D,medium,false,
Television,"Who was the winner of Survivor: All-Stars, that was set on the Pearl Islands of Panama?",Amber Brkich,Alicia Calaway,Rob Mariano,Rupert Boneham,A,medium,false,
Television,"Who was the winner of Survivor: The Australian Outback, which was aired in 2001?",Colby Donaldson,Tina Wesson,Keith Famie,Jeff Varner,B,medium,false,
Television,"Who won Survivor: Africa, which was filmed in Kenya?",Kim Powers,Tom Buchanan,Kim Johnson,Ethan Zohn,D,medium,false,
Television,"What color hat does Timmy, the main character of The Fairly OddParents, wear?",Purple,Pink,Blue,White,B,medium,false,
Television,Who is Timmys evil babysitter in the animated series The Fairly OddParents?,Cindy,Tuti,Vicky,Wendy,C,medium,false,
Television,"In The Fairly OddParents, what is the name of Timmys fair-obsessed teacher?",Mr. Hathaway,Mr. Gunning,Mr. Stoffer,Mr. Crocker,D,medium,false,
Television,Cartoon character Timmy Turner has a crush on a girl named Tuti.,False,True,,,A,medium,false,
Television,"In the cartoon series The Fairly OddParents, which of Timmys friends wears braces?",A.J.,Chester,Francis,Daltin,B,medium,false,
Television,What are the names of Timmy Turners fairy godparents in the popular animated series?,Cosmo and Glenda,Cosmo and Wanda,Cosmo and Pixie,Wanda and Winslow,B,medium,false,
Television,What is the occupation of Timys mom in the animated series The Fairly OddParents?,dentist,real estate agent,legal secretary,substitute teacher,B,medium,false,
Television,Timmy Turners fictional fairy god parents live as goldfish in Timmys room.,True,False,,,A,medium,false,
Television,What color tie does Timmys dad wear in the cartoon series The Fairly OddParents?,Red,Green,Black,Blue,C,medium,false,
Television,What is the most distinctive feature of cartoon character Timmy Turner?,his orange hair,his big hair,he is very tall,his big teeth,D,medium,false,
Television,"Flavor of Love, season 2 premiered in September 2006 and was watched by over 3 million viewers.",True,False,,,A,medium,false,
Television,"Which of these people was not a contestant in Flavor of Love, season 2?",Eyez,Nibblz,Bamma,Hood,A,medium,false,
Television,"Which list contains the names of the five women eliminated at the end of episode one of Flavor of Love, season 2?","Nibblz, Bootz, Krazy, Bamma, Buckwild","H-Town, Hood, Deelishis, Nibblz, Somethin","Saaphyri, Bamma, Chocolate, Hood, H-Town","Saaphyri, Krazy, Buckeey, Tiger, Beatuful",C,medium,false,
Television,"Was dancing to hip-hop a task from episode 4 of Flavor of Love, season 2?",Yes,No,,,A,medium,false,
Television,"The participants in Flavor of Love, season 2 threw a party for some of Flavs friends. Which of the following celebrities were guests of the party?",Public Enemy  Fat Joe,Steve Tyler  Madonna,Fat Joe  Vanilla Ice,Ying Yang Twins  G-Unit,D,medium,false,
Television,The reality game show Flavor of Love has spin-offs.,True,False,,,A,medium,false,
Television,"Where was the final episode of Flavor of Love, season 2 filmed?",Hawaii,Mexico,Belize,Jamaica,C,medium,false,
Television,"I am a Greys Anatomy character. Im in love with one of the surgical residents of Seattle Grace. Im very ambitious when it comes to surgery. I think of it like candy, but with blood which is so much cooler. Ive been known to be a slob. My best friend almost died. Who am I?",Izzie,Addison,Cristina,Meredith,C,medium,false,
Television,"I am a character from the TV show Greys Anatomy. I am the resident bad ass of the bunch. Ive been in trouble several times for my bedside manner, as I like to be honest with my patients. Ive slept with one of my fellow interns and also with one of the nurses here at Seattle Grace. Ive had Syphilis. Who am I?",Alex,Preston,Derek,George,A,medium,false,
Television,"I was not supposed to stay in Seattle, but I am now a permanent fixture at the hospital on the show Greys Anatomy. I came here from New York to try and rekindle and old relationship. I am one of five people up for the Chiefs job. Im also a very big flirt, and have slept with two of my co-workers. Who am I?",Preston,Addison,Derek,Mark,D,medium,false,
Television,I am a Greys Anatomy character. I live in a big house with two other interns. I have been known to walk around in my underwear. I love to bake. I once posed for a lingerie ad to help pay my way through medical school. I fell in love with a heart transplant patient who left me millions of dollars when he died. Who am I?,Cristina,Meredith,Addison,Izzie,D,medium,false,
Television,"I am a surgical resident on the medical drama Greys Anatomy. I love having the power of authority. Ive earned the nickname the Nazi from fellow doctors and my interns. My son is named after one of my interns, and ever since he was born, Ive been told Ive become more lenient with my interns. Who am I?",Mark,Dr. Bailey,Chief Webber,Addison,B,medium,false,
Television,"I am a character from the TV series Greys Anatomy. Im fairly new to Seattle Grace. When I first came here, I didnt have a place to live, so I set up shelter in the hospital basement. Once I got caught by the Chief, I was forced to move into a hotel. My family is very wealthy, but I kept it a secret and it almost cost me the love of my life. Who am I?",Meredith,Addison,Izzie,Callie,D,medium,false,
Television,"I am a Greys Anatomy character. I am one of the more popular interns at Seattle Grace, because everyone seems to know me even if I dont know them. I live in a house with two of my fellow interns. Im in love with one of our surgical residents. My mother was a well known surgeon at Seattle Grace. I almost died. Who am I?",Izzie,Callie,Meredith,Cristina,C,medium,false,
Television,I am a surgical attending on Greys Anatomy who is dating one of the interns. I am very good at my job. I love listening to jazz music. I was shot once by a crazed gunman outside the hospital. Who am I?,Preston,Derek,Chief Webber,Mark,A,medium,false,
Television,I am a Greys Anatomy character. I am the least spoken of the group of interns here at Seattle Grace. I was secretly in love with one of my fellow interns for a long time. I was part of the Syphilis outbreak at the hospital. I used to live with two women. I once performed a life-saving surgery in an elevator. Who am I?,Derek,Preston,George,Alex,C,medium,false,
Television,"I am a character from the popular show Greys Anatomy. Im a surgical attending from New York. I have earned a reputation at Seattle Grace for being good-looking. Although I am a doctor, I prefer to live in my trailer as I have too much land and do not yet know what I want to do with it. I once saved the person I love from certain death. Who am I?",Preston,Mark,Addison,Derek,D,medium,false,
Television,What is Mariska Hargitays middle name?,Magdolina,Motiva,Madeline,Maureen,A,medium,false,
Television,Mariska Hargitays father died of cancer in 2006 at the age of 80. Mariska has said her greatest sadness is that she never got to thank him for all that he had done for her in his life.,True,False,,,B,medium,false,
Television,Who was Mariska Hargitays mother?,Lana Turner,Dorothy Stratton,Jayne Mansfield,Olympia Dukakis,C,medium,false,
Television,What character did Mariska Hargitay play on Falcon Crest?,Carly Fixx,Donna Douglas,Cynthia Hooper,Candy Apple,A,medium,false,
Television,Where was Mariska Hargitay born?,"Sacramento, California","Paris, France","Santa Monica, California","Mexico City, Mexico",C,medium,false,
Television,Mariska Hargitay has two half-sisters.,True,False,,,A,medium,false,
Television,In what year did Yogi Bear make his screen debut?,1956,1954,1958,1960,C,medium,false,
Television,Yogi Bear appeared in an animated musical.,True,False,,,A,medium,false,
Television,In what year did Yogi Bear get his own animated series?,1960,1961,1958,1959,B,medium,false,
Television,How many episodes of The Yogi Bear Show were made?,22,27,35,30,C,medium,false,
Television,"Yogi Bear was the mascot for Yogis Pancake House, a chain of breakfast restaurants that popped up all over rural America in the 60s.",False,True,,,A,medium,false,
Television,In what year did the animated series Yo Yogi first hit the airwaves?,1995,1984,1991,1989,C,medium,false,
Television,Which of these voice actors once provided the voice for Yogi Bear?,Corey Burton,Mel Blanc,Don Messick,Daws Butler,D,medium,false,
Television,Who played Daniel Boone in the self-titled TV series?,Michael Ansara,Chuck Connors,Fess Parker,Ed Ames,C,medium,false,
Television,Who portrayed the Chiricahua Apache chief in the TV series Broken Arrow?,Eddie Little Sky,Jay Silverheels,Michael Ansara,Ed Ames,C,medium,false,
Television,Did Fess Parker play frontiersman Davy Crockett?,Yes,No,,,A,medium,false,
Television,Is it true that Grandpa in The Real McCoys and Will Sonnett in The Guns of Will Sonnett were played by the same actor?,No,Yes,,,B,medium,false,
Television,"Walter Brennan played Roy Bean, an eccentric saloon-keeper and Justice of the Peace in the TV series The Westerner.",False,True,,,A,medium,false,
Television,Did Henry Fonda play the Marshall in the TV series The Deputy?,No,Yes,,,B,medium,false,
Television,Who played Lieutenant Colonel Custer?,Dale Robertson,Ronald Reagan,Wayne Maunder,John Wayne,C,medium,false,
Television,This 1950s soap opera actually started on the radio in 1937. It finally ended its run in September of 2009.,Ryans Hope,Passions,General Hospital,Guiding Light,D,medium,false,
Television,This show made its debut on the radio in 1949 and moved to television in 1954. The pilot show was called Keep It in the Family.,Double Trouble,Bonanza,Father Knows Best,Leave it to Beaver,C,medium,false,
Television,This 1950s Western series starred Amanda Blake and James Arness.,Little Texas,Rawhide,Bonanza,Gunsmoke,D,medium,false,
Television,The 1950s series Dragnet did not debut on the radio.,False,True,,,A,medium,false,
Television,"This daytime talk show premiered on January 14th, 1952.",Oprah,The View,Good Morning America,Today,D,medium,false,
Television,"This soap opera first aired in 1956 on CBS. Some of its main characters are Kim Hughes, Margo Hughes and Lily Snyder.",Edge of Night,As the World Turns,General Hospital,Search for Tomorrow,B,medium,false,
Television,"This 1950s show starred Barbara Billingsley, Hugh Beaumont and Ken Osmond.",The Donna Reed Show,Father Knows Best,Make Room For Daddy,Leave it to Beaver,D,medium,false,
Television,This daytime soap opera debuted in January of 1970. One of its most popular stars is Susan Lucci.,DOL,YNR,GH,AMC,D,medium,false,
Television,"This 1970s television had the first never-married, independent career woman as the central character.",Taxi,Rhoda,The Mary Tyler Moore Show,Mary Hartman,C,medium,false,
Television,The Partridge Family was not based on a real life family.,True,False,,,B,medium,false,
Television,"What 1970s show, starring Peter Falk, popularized the inverted detective story format?",Columbo,The Rockford Files,Reno 911,Chips,A,medium,false,
Television,The 1970s show The Six Million Dollar Man was based on a novel.,True,False,,,A,medium,false,
Television,In what 1970s detective series did Buddy Ebsen star?,Barnaby Jones,Columbo,Rockford Files,Reno 911,A,medium,false,
Television,The theme song of this 1970s sitcom was performed by Bill Haley  His Comets. The show itself depicted an idealistic view of 1950s-1960s life.,Mork and Mindy,Laverne and Shirley,The Kid,Happy Days,D,medium,false,
Television,I Love Lucy began on TV in this year.,1953,1951,1954,1952,B,medium,false,
Television,In what year did Leave It To Beaver hit the airways?,1960,1959,1957,1958,C,medium,false,
Television,In what year did The Brady Bunch become a TV family?,1971,1969,1970,1972,B,medium,false,
Television,In what year did The Andy Griffith Show start airing?,1960,1961,1963,1964,A,medium,false,
Television,In what year was Threes Company began on the ABC network?,1979,1978,1980,1977,D,medium,false,
Television,The Beverly Hillbillies ended their run of shows in 1971. When did they start their show?,1964,1965,1963,1962,D,medium,false,
Television,J. J. Evans was a character on the TV show Good Times which started airing in this year.,1976,1974,1977,1975,B,medium,false,
Television,F Troop was a wacky show starring Ken Berry and Forrest Tucker amongst others. What year did F Troop start on our TV sets?,1967,1968,1966,1965,D,medium,false,
Television,In what year was Gomer Pyle U.S.M.C. first aired?,1967,1965,1966,1964,D,medium,false,
Television,Barbara Eden starred as Genie in the sitcom I Dream of Genie which started in what year?,1968,1966,1967,1965,D,medium,false,
Television,What year was the TV series Wanted: Dead or Alive first aired?,1968,1958,1800,1960,B,medium,false,
Television,On the show Wanted: Dead or Alive Steve McQueen played a horse wrangler.,False,True,,,A,medium,false,
Television,The TV show Wanted: Dead or Alive was filmed in black and white.,True,False,,,A,medium,false,
Television,Why did Steve McQueens character catch the men/women that were wanted on the western show Wanted: Dead or Alive?,He wanted the money,He wanted justice,He had nothing else to do,He thought it was fun,B,medium,false,
Television,When didnt Steve McQueens character wear his gun and gun belt on the show Wanted: Dead or Alive?,When he gave it to someone else,When he slept,When he drank,When he didnt want people to recognize him.,D,medium,false,
Television,What is the premise of the show Flavor of Love?,Job,Theres no point,Marriage,Dating,D,medium,false,
Television,Who were the two contestants in the finals during Season 1 of Flavor of love?,Goldie  Miss Latin,Hoopz  New York,Red Oyster  Hoopz,Sweetie  Pumkin,B,medium,false,
Television,"In episode 5 of Flavor of Love, which contestant decided to leave the competition?",Rain,Red Oyster,Cherry,Smokey,B,medium,false,
Television,Brigitte Nielsen appeared on the show Flavor of Love.,False,True,,,B,medium,false,
Television,"The reality TV show Flavor of Love is a spin off of the Surreal Life, Season 2.",False,True,,,A,medium,false,
Television,What did Pumkin do at the end of her elimination night on Flavor of Love?,Punched someone,Curse,Stole something,Spit on someone,D,medium,false,
Television,On the reunion Flavor of Love show Hoopz declares that she intends to marry Flava Flav.,False,True,,,A,medium,false,
Television,Who was the first in the group to get their license in the TV series Saved by the Bell?,Zack,Lisa,Slater,Jesse,C,medium,false,
Television,"When Screech becomes hall monitor in Saved by the Bell, what popular hero did he picture himself as in his daydream?",Superman,Robocop,Terminator,Batman,B,medium,false,
Television,"In the Saved by the Bell episode The Gift, Screech is struck by lightning in a freak accident and as a result can see into the future. Zack uses Screechs ability to place bets with Slater, but in the end it all backfires on Zack. What price does he have to pay to Slater?",He has to give Slater his cellphone.,He must be Slaters slave for a week.,He must give up chasing after Kelly.,He has to give Slater $100.,B,medium,false,
Television,Kelly from Saved by the Bell needs Screech to tutor her so that she can pass her science test. They become close and she then invites him to go with her to a concert. Whose concert is it?,Michael Jackson,U2,George Michael,MC Hammer,C,medium,false,
Television,What is the name of the substitute teacher in Saved by the Bell who takes over for Ms. Simpsons class when she injures her back?,Mr. Alonzo,Rod Belding,Tony Crane,Mr. Dewy,C,medium,false,
Television,"In an episode of Saved by the Bell, Zack comes up with the idea of making up a secret admirer for Screech so that he will concentrate on their science project, but when Screech wants to meet this fantasy girl, Zack must dress up and pretend to be her. What name does he use?",Candy,Bambi,Mandy,Tiffany,B,medium,false,
Television,"In saved by the Bell, why does Zack run against Jesse for Class President?",He wants to be remembered as a good guy.,He wants to go to Washington D.C.,He thinks it will help him get Kelly.,He thinks it will look good on his college applications.,B,medium,false,
Television,"On the TV show Saved by the Bell, Zack had a cardboard cut out of Kelly in his room. What is she holding in the picture?",Volleyball,Lollipop,Tennis Racket,Pom Poms,A,medium,false,
Television,"In an episode of Saved by the Bell, Mr. Belding tells Zack he wants him to take his niece out on a date but Zack already had plans and told Screech to dress up like him and take the girl out. What was her name?",Cammy,Peggy,Kimmy,Penny,D,medium,false,
Television,"In Saved by the Bell, when the school held a dating auction for a dance, Zack is bid on by many girls but in the end Lisa buys him for $100.",False,True,,,A,medium,false,
Television,Who did Violet date before she dated Screech in Saved by the Bell?,Nerdstrom,Poindexter,Crater face,Geekman,A,medium,false,
Television,"In the TV series Saved by the Bell, when Johnny Dakota comes to town to shoot the anit-drug commercial, which Bayside babe does he fall for?",Jesse,Violet,Lisa,Kelly,D,medium,false,
Television,"In the episode of Saved by the Bell in which Jesse gets addicted to caffeine pills, what test is she studying for?",Geometry,History,Chemistry,Biology,A,medium,false,
Television,What is Violets last name in the Saved by the Bell series?,Swartzenheimer,Lieberman,Bickerstaff,Flannigan,C,medium,false,
Television,"In a Saved by the Bell episode, Zack runs a hot line out of his room for the troubled teens of Bayside. He takes a call from Kelly and her little sister at the same time, mixing up the calls and giving wrong advice to the girls. What is Kellys sisters name?",Nicki,Samantha,Danielle,Tiffany,A,medium,false,
Television,"In the episode of Saved by the Bell that focuses on career day, Slater takes a look into his future and has an image of himself coming to a Bayside reunion as an old, overweight wrestler while everyone else has done something successful in their lives. What does he imagine Zack as?",Owner of the Max,Lawyer,Gameshow Host,Principal of Bayside,C,medium,false,
Television,"At the costume ball in Saved by the Bell, when Kelly has fallen for her boss Jeff, Slater and Jesse are siging this song as Kelly and Zack break up.",Tonight I Celebrate My Love,I Will Always Love you,Endless Love,All Im Living for is Gone,D,medium,false,
Television,"Barbara (Hall) Feldon portrayed Agent 99, Smart’s love interest in the “Get Smart” series.  She was already famous for at least two reasons with this one being one of them.",She was a top model for Tiffany jewelry.,She already had won two Emmys for her work on Gunsmoke.,She was a James Bond girl.,"She won $64,000 on The $64,000 Question.",D,medium,false,
Television,A reason for Barbara Feldon’s fame before she took the role of agent 99 in “Get Smart” was a  commercial she made on a tigerskin rug from which she touted the greatness of what product?,Jockey Brand underwear,Tangaray,Skilogs,Top Brass,D,medium,false,
Television,"Actress Barbara Feldon, agent 99 from the “Get Smart” series, had her portrait done by which famous artist?",Warhol,Neiman,Dali,Pollack,A,medium,false,
Television,"In the popular TV series “Get Smart,” what was Siegfrieds exact position in the organization he was part of?",Admiral of All Land Operations,Fearless Leader,Chief Operating Terror Operator,Vice President of Public Relations and Terror,D,medium,false,
Television,"In the “Get Smart” show when someone said Rubber baby buggy bumpersbumping before baron Brumswellby bus, what was Maxwells reply?",Thats easy for you to say!,So you say Hoop-sing.,And loving it.,As if I didnt know that!,A,medium,false,
Television,What type of car does Max drive in the “Get Smart” show?,1965 Pinto,1965 Astin-Martin,1965 Shelby,1965 Sunbeam,D,medium,false,
Television,"Don Adams, popular for his role in the Get Smart series, won The Ted Mack Amateur Hour.",True,False,,,A,medium,false,
Television,Don Adams won on Arthur Godfreys Talent Scouts.,False,True,,,B,medium,false,
Television,On which comedians popular TV show did Don Adams become a regular?,Dean Martins,Perry Comos,Jack Paars,Johnny Carsons,B,medium,false,
Television,Name the theme song for Whos the Boss.,Brand New life,As Long As Weve Got Each Other,None of these,Brand New Day,A,medium,false,
Television,"On the sitcom Whos the Boss, why was Tony forced to retire from the St. Louis Cardinals?",leg injury,head injury,shoulder injury,foot injury,C,medium,false,
Television,Who was Mona Robinson on the show Whos the Boss?,Jonathans teacher,Angelas mother,The next door neighbor,Samanthas grandmother,B,medium,false,
Television,"On the sitcom Whos the Boss, Tony and Angela were romantically involved.",True,False,,,A,medium,false,
Television,Who was Bonnie on the TV show Whos the Boss?,Jonathans girlfriend,Monas friend,There was no Bonnie on the show.,Samanthas best friend,D,medium,false,
Television,"On Whos the Boss, Tony accidentally sees Angela naked.",True,False,,,A,medium,false,
Television,Which of these was NOT characteristic of family Matters character Urkel?,Pocket Protector,Glasses,Snorting Laugh,Suspenders,A,medium,false,
Television,Which of these was NOT one of Urkels inventions on Family Matters?,Exploding vegetables,Urkel Bot,Ice in a can,A solar powered laptop,D,medium,false,
Television,Urkel from Family Matters became so popular that he got his own cereal brand.,True,False,,,A,medium,false,
Television,"On the sitcom Family Matters, Urkel was left to live with the Winslows when his parents ran off to this country, leaving him behind.",Canada,China,India,Russia,D,medium,false,
Television,Urkel did NOT appear on which of these television shows?,Full House,Meego,Perfect Strangers,Step by Step,C,medium,false,
Television,Klingons have appeared in every incarnation of Star Trek?,False,True,,,B,medium,false,
Television,"In the Star Trek series, Klingons are much more tolerant of cold weather than their human counterparts.",True,False,,,B,medium,false,
Television,Which of these Klingons founded the Klingon Empire in the Star Trek series?,Gowron,Kahless,Kahless II,Martok,B,medium,false,
Television,The Klingon race in the Star Trek series was named after a police officer.,False,True,,,B,medium,false,
Television,What was the original air date of the M*A*S*H episode Blood Brothers?,"May 6, 1980","May 6, 1981","April 6, 1981","June 6, 1980",C,medium,false,
Television,Who was the guest star on the M*A*S*H episode Blood Brothers?,Laurence Fishburne,Ned Beatty,Patrick Swayze,John Ritter,C,medium,false,
Television,"At the beginning of the M*A*S*H episode Blood Brothers, Col. Potter tells Father Mulcahy that someone will visit the Father in two days. Who does Potter say is coming?",Cardinal Reardon,Gwen Verdon,General MacArthur,Marilyn Monroe,A,medium,false,
Television,Why is Father Mulcahy upset about the impending visit in the M*A*S*H episode Blood Brothers?,He doesnt like the visitor.,Hes mad at Klinger.,He doesnt have enough time to prepare a sermon.,The visit is an imposition.,C,medium,false,
Television,"In the M*A*S*H episode Blood Brothers, in the midst of all the tumult concerning the impending visit, M*A*S*H 4077 receives two new patients, Pvt. Gary Sturgis and Pvt. Dennis Lowry. Which two actors played these parts?",Alex Karras and Gregory Harrison,Dennis Troy and Patrick Swazye,Tom Sullivan and Joe Pantoliano,George Lindsey and Bruno Kirby,B,medium,false,
Television,What wound did Pvt. Sturgis have in the M*A*S*H episode Blood Brothers?,gunshot wound,stepped on a land mine,broken leg,broken arm,D,medium,false,
Television,"In the M*A*S*H episode Blood Brothers, what does Pvt. Sturgis offer so that the doctors can treat Pvt. Lowry, who has a high fever, infection, and internal bleeding?",his blood,part of his liver,a kidney,a bone marrow transplant,A,medium,false,
Television,"In the M*A*S*H episode Blood Brothers, why wont the doctors use Pvt. Sturgis blood in a transfusion for his friend Lowry?",Lowry has leukemia.,Sturgis has leukemia.,Lowry has hepatitis.,Sturgis has hepatitis.,B,medium,false,
Television,"In the M*A*S*H episode Blood Brothers, Sturgis receives awful news on the eve Father Mulcahys visitor is expected to come. What does the good Father decide to do?",Nothing. He stays and talks with Sturgis.,"He spends the night in prayer, asking for inspiration.",He writes an extraordinary sermon.,He goes around camp breaking up poker games and drinking.,A,medium,false,
Television,Father Mulcahy does not give a sermon in the M*A*S*H episode Blood Brothers.,True,False,,,B,medium,false,
Television,"Who provides the voice of Lucky, a recurring character on King of the Hill?",Mike Judge,Tom Petty,Seven Tyler,Ben Stiller,B,medium,false,
Television,Who does the voice of Rev. Karen Stroup on King of the Hill?,Valerie Harper,Ellen Barkin,Mary Tyler Moore,Kathleen Turner,C,medium,false,
Television,Who is Lenore on King of the Hill?,Bills ex-wife,Leannes mother,Peggys sister,Hanks mother,A,medium,false,
Television,What is the name of Bobbys school on the show King of the Hill?,LBJ Middle School,Tom Landry Middle School,Sam Milton Middle School,Arlen Middle School,B,medium,false,
Television,"In the early episodes of King of the Hill, Luanne was a promiscuous character. What did she do to change her way of life?",She joined the Mormon Church.,She became a born-again virgin.,She became an evangelist.,She started doing puppet shows.,B,medium,false,
Television,Is Arlen a real town in Texas?,Yes,No,,,B,medium,false,
Television,What is the Hills address on the animated show King of the Hill?,"84 Rainey Street, Arlen, Texas",120 Cherry Lane,"120 Meadow Lane, Arlen, Texas","84 Craney Street, Arlen, Texas",A,medium,false,
Television,What is Peggy Hills maiden name on King of the Hill?,Platter,Harris,Kelp,Donnelly,A,medium,false,
Television,"This man, who appeared in the British film noir The Third man, said, I hate television. I hate it almost as much as I hate peanuts. But I cant stop eating peanuts.",Ernie Kovacs,Steve Allen,Orson Welles,Newton P. Minow,C,medium,false,
Television,Who do these words belong to: Television is  an invention that permits you to be entertained by people you wouldnt have in your home.?,Orson Welles,David Edwards,David Frost,Orson Bean,C,medium,false,
Television,Who made this remark: Its difficult to produce a television documentary that is both incisive and probing when every 12 minutes one is interrupted by twelve dancing rabbits singing about toilet paper.?,Rod Serling,Dave Barry,Ernie Kovacs,Steve Allen,A,medium,false,
Television,"This man, who could have been a contender, said, If theres anything unsettling to the stomach its watching actors on television talk about their personal lives.",Jack  Paar,Sylvester Stallone,Gore Vidal,Marlon Brando,D,medium,false,
Television,Who delivered the following words: All television is  educational television. The question is what is it that it teaches.?,Richard M. Nixon,Dwight David Eisenhower,Nicholas Johnson,Newton Minow,C,medium,false,
Television,All television is  childrens television. are words uttered by this man.,Jon Stewart,Jackie Gleason,Newton Minow,Richard P. Adler,D,medium,false,
Television,"What successful novelist remarked, Television is now so desperately hungry for material that theyre scraping the top of the barrel.?",Gary Sheffield,Gore Vidal,William F. Buckley,Richard Adler,B,medium,false,
Television,"This writer from Florida stated, Another possible source of guidance for teenagers is television, but televisions message has always been that the need for truth, wisdom, and  world peace pales in comparison to the need for toothpaste that offers white teeth and fresher breath.",Dave Barry,Larry David,Halle Berry,Halle Selasie,A,medium,false,
Television,"Who said, When television is  good, nothing is better. When television is bad, nothing is worse. I invite you to sit down in front of your TV set and keep your eyes glued to that set until the station signs off. I can assure you that you will observe a vast wasteland.?",William F. Buckley,Newton Minow,Ernie Kovacs,Steve Allen,B,medium,false,
Television,Stop-motion is an animation technique which uses these.,Drawings,Computer graphics,Real static objects,Paper cuts,C,medium,false,
Television,Which of the following is not a production of Walt Disney?,Mickey Mouse,Popeye the Sailor,Flowers and Trees,Tree Little Pigs,B,medium,false,
Television,Which was the first cartoon with a fully synchronized soundtrack?,Steamboat Willie,Fantasia,Betty Boop,Looney Tunes,A,medium,false,
Television,Which was the first feature-length animated movie?,Gullivers Travels,Snow White,Bambi,Pinocchio,B,medium,false,
Television,Tom  Jerry is a production of this company.,Warner Bros,Paramount Pictures,MGM (Metro Goldwyn Mayer),Disney,C,medium,false,
Television,Japanese animation is referred to as what?,Animus,Anime,Anima,Aenima,B,medium,false,
Television,Onion skinning is closely related to animation.,True,False,,,A,medium,false,
Television,Which was Pixars first short animated film?,Luxo Jr.,For the Birds,Knick Knack,Geris Game,A,medium,false,
Television,Which of these stop-motion features was not made with film cameras?,Nightmare Before Christmas,Gumby,Corpse Bride,Chicken Run,C,medium,false,
Television,Who performed the voice of Roger in the film Who Framed Roger Rabbit?,Charles Fleischer,Justin Walker,Matthew Lawrence,Christian Payne,A,medium,false,
Television,The executive producer of the PBS show The Electric Company also came up with the concept of this show. It ran from 1980-1988 and featured The Bloodhound Gang.,Sesame Street,Hi-Lite,The Science Hour,3-2-1 Contact,D,medium,false,
Television,This American music video show debuted in 1983 and had its roots in a show called The Midnight Special.,MTV,Source,VH1,Friday Night Videos,D,medium,false,
Television,In 1981 this daily tabloid show debuted on CBS. Nancy ODell and Mark Steines are among the shows hosts.,The Today Show,Good Morning America,Maury,Entertainment Tonight,D,medium,false,
Television,In what comedy television series did Michael J. Fox star in 1982?,Whos The Boss,Family Matters,Family Ties,Growing Pains,C,medium,false,
Television,In what year did the cartoon series The Simpsons debut?,1988,1980,1989,1981,C,medium,false,
Television,In 1980 this American cable television network started broadcasting and in 1991 it became the first black-controlled company on the New York Stock Exchange.,TV One,BET,Centric,VH1,B,medium,false,
Television,"This show, which debuted in 1986, focused on the relationship of characters played by actors Bronson Pinchot and Mark Linn-Baker.",The Odd Couple,Growing Pains,Perfect Strangers,Family Matters,C,medium,false,
Television,In 1980 Tom Hanks dressed like a woman in this American TV sitcom.,Bosom Buddies,Growing Pains,Press Your Luck,Too Close For Comfort,A,medium,false,
Television,"What legal drama debuted in 1984, ran for 8 years and starred the likes of Harry Hamlin and Blair Underwood?",LA Law,Hill Street Blues,Law And Order,Moonlighting,A,medium,false,
Television,Roseanne debuted in 1985 starring Ed ONeil and Katy Sagal.,True,False,,,B,medium,false,
Television,This ABC soap opera premiered in 1983 and centered around the blue collar Donovans and the blue-blood Aldens. It was set in the fictional town of Corinth Pennsylvania.,General Hospital,Santa Barbara,Loving,All My Children,C,medium,false,
Television,In what year was Lorelai from Gilmore Girls born?,1963,1965,1968,1969,C,medium,false,
Television,"On Gilmore Girls, at her wedding, Sookie walks down the aisle to this song.","Sadie, Sadie, Married Lady",The Way You Look Tonight,I Only Have Eyes For You,I Cant Get Started,D,medium,false,
Television,"On the TV show Gilmore Girls, what book does Rory make Jess read, after he asked what that crazy woman was rambling about?",The Owl,The Clan of the Cave Bear,Atlas Shrugged,The Fountainhead,D,medium,false,
Television,We have buried the putrid corpse of liberty was among the possible lines for Lorelai and Maxs wedding on the show Gilmore Girls. Who is this quote attributed to?,Adolf Hitler,Joseph Stalin,Fidel Castro,Benito Mussolini,D,medium,false,
Television,"On the show Gilmore Girls, at Lukes Diner, Reverend Skinner makes reference to which character of Harper Lees book To Kill A Mockingbird?",Boo Radley,Scout Finch,Dill Harris,Calpurnia,A,medium,false,
Television,Complete this line delivered on Gilmore Girls by Sherry while she was in labor: Maureen told me that  .......................  said that he heard that if you squat it makes the baby come out faster.,Madonna,Howard Stern,Dr. Phil,Oprah Winfrey,B,medium,false,
Television,How does Lane describe Korea upon her arrival back to Stars Hollow on the show Gilmore Girls?,Paradise Lost,Bootleg Paradise,Hell on Earth,Paradise for Nico Lovers,B,medium,false,
Television,What does Gilmore Girls character Lorelai write at the Cheshire Cats guestbook while checking out?,Oy with the poodles already,Meet my mother Emily Post,Satanic forces are at work here,A perfect situation for a fool,C,medium,false,
Television,Who is Kirk most afraid of on the Gilmore Girls show?,Luke Danes,Kirk,Taylor Doose,Drella the harpist,B,medium,false,
Television,"On Gilmore Girls, who plays Romeo in the final scene of Romeo and Juliet?",Paris Geller,Brad Langford,Tristan DuGrey,Glenn Babble,A,medium,false,
Television,"Which of these cartoons was created by Seth MacFarlane, the creator of American Dad?",The Life of Larry,Zoomates,All of these,Family Guy,C,medium,false,
Television,"In the pilot episode of American Dad, Steve wants a dog, in the hopes that it will help him get girls. When Stan brings home the dog, it is 19 years old and near death. How does the dog actually die?",It was shot by Stan.,It has a heart attack when Roger knocks over a glass.,It does not die. Haley left the front door open and it ran away.,It dies from old age in the middle of the night.,A,medium,false,
Television,"American Dad first aired as a sneak preview on February 6, 2005 after the end of Super Bowl XXXIX.",True,False,,,A,medium,false,
Television,"In the animated series American Dad, Roger is an alien who lives with the family. The family must keep Roger a secret, but he has left the house on a few occasions in various disguise. Which of the following is not a disguise worn by Roger?",A doctor,A Jamaican,A costumed food vendor,A Saudi Woman,A,medium,false,
Television,"Klaus is a talking fish who lives with the Smiths in the animated series American Dad. He was once an Olympic skier, but the CIA swapped his brainwaves with those of a goldfish to prevent him from winning the gold medal. What nationality is Klaus?",Italian,German,Russian,Swedish,B,medium,false,
Television,"In the two-part American Dad episode, Stan of Arabia, Stan plans a surprise party for his boss, Bullock. At the party, Stan accidentally kills the celebrity guest speaker, and has to perform the roast himself. Who was the celebrity guest speaker killed by Stan?",Conan OBrien,David Letterman,Jay Leno,Jerry Seinfeld,C,medium,false,
Television,"In the series American Dad, Stan meet his wife Francine during college. She was on the side of the road hitchhiking and he gave her a ride. During the ride Stan hits a raccoon and then shoots it to put it out of its misery. Francine thought this was cruel and ran away.",True,False,,,B,medium,false,
Television,In what year did the British sitcom Are You Being Served? first hit British airwaves?,1976,1974,1972,1970,C,medium,false,
Television,In 2004 Britain did a poll ranking British sitcoms. Where did Are You being Served? rank on this poll?,1st,10th,5th,20th,D,medium,false,
Television,Stephen Peacock was the floorwalker (floor manager) on Are You Being Served?. What was his other title?,Sergeant,Captain,Corporal,Major,B,medium,false,
Television,Actor John Inman played the role of what member of menswear in the hit British sitcom Are You Being Served?,Mr. Humphries,Captain peacock,Mr. Lucas,Mr. Grace,A,medium,false,
Television,The character of Mr. Lucas was replaced in the 8th season of Are You Being Served? by a real life former British pop star.,True,False,,,A,medium,false,
Television,What year saw the final episode of the British classic sitcom Are You Being Served?,1984,1983,1982,1985,D,medium,false,
Television,What king of vehicle were the Clampetts of the 60s series The Beverly Hillbillies driving when they arrived in Beverly Hills?,a Flatbed Truck,a U-Haul Truck,a Large Beat-Up Panel Van,a Cadillac Seville,A,medium,false,
Television,"After the Terminator uttered his famous Ill be back line in the 1984 film, The Terminator, he came back in a police car.",False,True,,,A,medium,false,
Television,What actor played Mannix on the self-titled TV series?,Larry Linville,Robert Reed,Mike Connors,Joseph Campanella,C,medium,false,
Television,What was the name of the large detective agency for which Mannix worked during the first season of the self-titled show?,UNCLE,Interpol,Intertect,Control,C,medium,false,
Television,What was the first name of fictional private investigator Mannix?,Joe,Sam,William,Tom,A,medium,false,
Television,What was the name of Mannix secretary on the TV show Mannix?,Billy Jo,Betty,Stacy,Peggy,D,medium,false,
Television,This western actor appeared in 14 episodes of Rowan  Martins Laugh-In.,Henry Fonda,Jimmy Stewart,John Wayne,Yul Brynner,C,medium,false,
Television,This comic and member of the Sinatra Rat Pack appeared on Rowan  Martins Laugh-In 3 times and guest hosted the Tonight Show 16 times. He was a regular guest on the Dean Martin Show and the Dean Martin Roasts.  He also appeared on Match Game 73.,Sammy Davis Jr.,Joey Bishop,Jerry Lewis,Peter Lawford,B,medium,false,
Television,"This legendary actor, who starred in the 2007 production of Strange Wilderness, appeared on the Laugh-In program twice.",Glenn Ford,William Holden,Hal Holbrook,Ernest Borgnine,D,medium,false,
Television,"Country music singer Jud Strunk,  who sang Daisy a Day, appeared on Laugh-In, lost a Senate election in Maine by one vote and died in 1981.",True,False,,,A,medium,false,
Television,What is on Corys wish list on the sitcom Thats So Raven?,Money,A brother,A new sister,Clothes,A,medium,false,
Television,Who is Ravens best friend on the show Thats So Raven?,Bianca,Eddie,Chelsea,Stanley,C,medium,false,
Television,"Raven, from the TV series Thats So Raven has what power?",She can change the future.,Psychic visions,ESP,Telekinesis,B,medium,false,
Television,What is the name of Ravens dads restaurant on the show Thats So Raven?,The Hill Grill,Baxters Place,The Chill Grill,The Grill Next Door,C,medium,false,
Television,What is Ravens moms name on the sitcom Thats So Raven?,Tanya Baxter,Tara Baxter,Theresa Baxter,Tina Baxter,A,medium,false,
Television,What does Raven from the show Thats So Raven want to be?,Dancer,Architect,Fashion Designer,Magician,C,medium,false,
Television,Ravens brother Cory has a show that is a spin-off of Thats So Raven. What is the name of the show?,Cory in the White House,Cory in the Middle,Cory in the House,Cory in School,C,medium,false,
Television,What is the name of Corys pet hamster on the show Thats So Raven?,Lionel,Lincoln,Larry,Lee,A,medium,false,
Television,"In the Thats So Raven episode, titled Wheres Theres Smoke, what is Corys girlfriends name?",Ashley,Candy,Carrie,Cindy,D,medium,false,
Television,What is the name of Ravens favorite boy band on the sitcom Thats So Raven?,Boyz II Men,Boyz in Commotion,Boyz out of Motion,Boyz N Motion,D,medium,false,
Television,In 2001 Marilyn Milian became which consecutive judge of The Peoples Court?,2nd,5th,4th,7th,C,medium,false,
Television,"In the American judge show The Peoples Court, if a litigant does not like the judges decision, they can appeal.",False,True,,,A,medium,false,
Television,The judge show The Peoples Court premiered in 1997.,True,False,,,B,medium,false,
Television,Where was The Peoples Court originally filmed?,Florida,California,Chicago,New York,B,medium,false,
Television,Judge Joseph Wapner from the The Peoples Court graduated from which law school?,University of Southern California School of Law,Georgetown School of Law,New York University School of Law,Harvard School of Law,A,medium,false,
Television,Judge Marilyn Milian was appointed as an Assistant State Attorney before she appeared in show The Peoples Court.,False,True,,,B,medium,false,
Television,"At one time, the show The Peoples Court was presided over by the husband of the famous Judge Judy.",True,False,,,A,medium,false,
Television,The Peoples Court has filmed more than 3000 episodes.,False,True,,,B,medium,false,
Television,Which country has started its own version of the American judge show The Peoples Court?,Mexico,Japan,United Kingdom,China,C,medium,false,
Television,What was the first medical show on American television?,The Doctor,The Specialist,City Hospital,Medical Practice,C,medium,false,
Television,"This popular medical show starred Richard Boone, who also played Paladin on a hit TV western.",The Doctors,Medic,City Hospital,"Have Sphygmomanometer, Will Bill Medicare",B,medium,false,
Television,"On Ben Casey, young  Dr. Casey was tutored by an older neurosurgeon who always said Ben Casey, you know everything about medicine but nothing about people.  What was the name of Ben Caseys mentor?",Dr. Jaffe,Dr. Zorba,Dr. Dre,Dr. Kildare,B,medium,false,
Television,William Shatner was the original choice to play the lead in this TV series but he rejected the role.,"Marcus Welby, M.D.",Dr. Kildare,Ben Casey,M*A*S*H,B,medium,false,
Television,This was the first prime time TV show to center on the lives of hospital nurses.,Angels in the City,The Ladies in White,Temperature!,The Nurses,D,medium,false,
Television,Which medical show aired from 1969-1976 and starred James Daley and Chad Everett?,Medical Center,Emergency!,The Bold Ones,No House Calls,A,medium,false,
Television,This TV show was the first to give paramedics an important role in saving (TV) lives. It starred Julie  London and Robert Fuller and aired 1972-1979.,Emergency!,The Infirmary,Temperatures Rising,Chicago Story,A,medium,false,
Television,"What role did William Christopher play on M*A*S*H, one of the longest running and most popular TV medical shows?",Father Flannigan,Father Linville,Father OBrien,Father Mulcahy,D,medium,false,
Television,Jack Klugman portrayed a California medical examiner in Quincy M.E.. Which actor portrayed his  assistant?,Sal Visiglio,Gary Wahlberg,Anita Gillette,Robert Ito,D,medium,false,
Television,"This fine medical show starred Denzel Washington, David Morse, Norman Lloyd, and Howie Mandel.",Boston General,St. Elsewhere,Chicago Story,Dr. Tyler Moore,B,medium,false,
Television,Elliot Gould and Jason Alexander were the stars of the TV medical show E/R.,True,False,,,A,medium,false,
Television,"Who starred in Doogie Howser, M.D.?",George Clooney,Neal Patrick Harris,Edward Harris,Robert Young,B,medium,false,
Television,"Melina Kanakaredes played a doctor in Providence and Mike Farrell played her father, Jim Hansen. What was Jim Hansens occupation?",Psychiatrist,Building  Contractor,Pediatrician,Veterinarian,D,medium,false,
Television,Who played the doctor in Northern Exposure?,Rob Morrow,Adam Arkin,Anthony Edwards,John Corbett,A,medium,false,
Television,"This fine medical drama ran from 1994 through 2000 and starred Hector Elizondo, Christine Lahti and Mark Harmon.",Chicago Hope,Side Effects,City of Angels,Doc,A,medium,false,
Television,The TV show Scrubs is filmed  in what was once a hospital.,True,False,,,A,medium,false,
Television,How many times did Michael Mancini get married in the popular television series Melrose Place?,None,Four,Five,Six,D,medium,false,
Television,"On the popular primetime soap opera Dallas, Bobby Ewing and Pamela Barnes get married on the pilot episode.",True,False,,,B,medium,false,
Television,Which of the following characters was not on the pilot episode of the popular prime time soap opera Beverly Hills 90210?,Dylan,Kelly,Brandon,Brenda,A,medium,false,
Television,"What was the name of Sonnys first wife on General Hospital, whose death was caused by a car bomb planted by her father?",Lily,Karen,Brenda,Lois,A,medium,false,
Television,"In the TV series General Hospital, Mac Scorpio is Georgie and Maxies biological father.",True,False,,,B,medium,false,
Television,What was the name of the mob boss on General Hospital who employed Sonny Corinthos?,Scott Baldwin,Stephan Cassidine,Frank Smith,Luke Spencer,C,medium,false,
Television,"In the TV series General Hospital, Lucky Spencer was killed by Helena Cassidine in a fire.",False,True,,,A,medium,false,
Television,General Hospital character Carly Jax originally came to Port Charles as Caroline Benson and slept with which of her mothers husbands?,Stephan Cassidine,Tony Jones,Jerry Jax,Alan Quarternaine,B,medium,false,
Television,What was the name of Robin Scorpios first love on General Hospital?,Nickolas Cassidine,Stone Gates,AJ Quartermaine,Jason Morgan,B,medium,false,
Television,"Rick Springfield, the performer of Jessies Girl, plays what General Hospital characters dad?",Robin Scorpios,Dillon Quartermaines,Patrick Drakes,Jake Martins,C,medium,false,
Television,"On the soap opera General Hospital, after giving birth to Micheal, Carly left him in the care of Jason Morgan.",False,True,,,B,medium,false,
Television,In which episode of The Simpsons does Homer mention all his previous occupations?,I Am Furrious Yellow,Poppas Got a Brand New Badge,Diatribe of a Mad Housewife,Homer the Smithers,B,medium,false,
Television,"In The Simpsons episode, Homer vs. Patty and Selma, Homer sells his Power Plant stock for how much?",$2.50,$250,$0.25,$25,D,medium,false,
Television,Whose celebrity funeral was not hosted by Troy McClure in the animated series The Simpsons?,Shemp Howards,John Belushis,Krusty the Klowns,Andre the Giants,B,medium,false,
Television,"On what floor are the books located at the bookstore in Diatribe of a Mad Housewife, an episode of The Simpsons?",4th,2nd,3rd,1st,A,medium,false,
Television,What prop is Detective Tubbs from Miami Vice most associated with?,Pocket watch,Double barrel shotgun,Ferrari,Marlboro Lights,B,medium,false,
Television,Bo and Luke Duke from The Dukes of Hazard are most associated with this prop.,Switch blade knife,Bows and arrows,Cowboy hats,Bull whip,B,medium,false,
Television,Emmett Doc L Brown from Back to the Future is most associate with what prop?,Bunson burner,Clocks,Microscope,Test tube,B,medium,false,
Television,What prop is Alex Keaton from Family Ties most associated with?,Cigarettes,Bible,Political Science test books,Bicycle,C,medium,false,
Television,What is the character Al from Quantum Leap most associated with?,Timer,Watch,Gun,Hologram,D,medium,false,
Television,What is Lorraine McFly from Back to the Future most associated with?,Wig,Hair brush,Vodka,Beer,C,medium,false,
Television,Maximus from the movie Gladiator uses this to clean a battle wound.,Salt water,Maggots,Hot knife blade,Wine,B,medium,false,
Television,What is Edward Norton carrying in the movie The Score?,Pistol,Shotgun,TNT,Kite,A,medium,false,
Television,"In The Shawshank Redemption, Tim Robbins uses this prop to assist in his escape.",Playboy magazine,Posters,Jolly Ranchers,Shank,B,medium,false,
Television,What does Scarface use during a burglary in the movie Half Baked?,Skateboard,Zig Zag rolling papers,Mime makeup,Crow bar,C,medium,false,
Television,In what year did The Waltons first air?,1970,1972,1979,1975,B,medium,false,
Television,Name the creator and the narrator of The Waltons.,Earl Hamner,Earl Hamner Jr.,Zeb Walton,John-Boy Walton,B,medium,false,
Television,How many of the Walton children in the TV series The Waltons were boys?,3,7,4,5,C,medium,false,
Television,Pick the names of the fictional Walton children in correct birth order.,"John-Boy, Mary Ellen, Jason, Ben, Erin, Jim-Bob, Elizabeth","John-Boy, Jason, Mary Ellen, Erin, Ben, Jim-Bob, Elizabeth","Elizabeth, Jim-Bob, Erin, Jason, Ben, Mary Ellen, John-Boy","Zeb, John-Boy, Jason, Erin, Olivia, Jim-Bob, Mary Louise",B,medium,false,
Television,"Ellen Corby, who portrayed Grandma Esther Walton on The Waltons, suffered a stroke in the 76-77 season which was written into the storyline of the show.",True,False,,,A,medium,false,
Television,In what state was The Waltons set?,South Carolina,West Virginia,Virginia,Georgia,C,medium,false,
Television,"On The Waltons, Grandma Walton was always using this term of endearment to address Grandpa.",Honey,You old fool,Sweet dear,You old man,B,medium,false,
Television,What year did the Waltons go off the air?,1980,1981,1982,1979,B,medium,false,
Television,"On the TV show The Waltons, the parents of the seven children were named John and Olivia.",True,False,,,A,medium,false,
Television,What was the pilot episode of The Waltons called?,The Homecoming: A Christmas Story,Waltons Mountain,The Walton Family,Spencers Mountain,A,medium,false,
Television,What is the name of Lucy and Kevins daughter on the TV show 7th Heaven?,Ruth,Mary,Rose,Savannah,D,medium,false,
Television,"On the TV show 7th Heaven, Rose was engaged to Simon.",True,False,,,A,medium,false,
Television,Did Mary file for divorce from Carlos on the TV drama 7th Heaven?,No,Yes,,,B,medium,false,
Television,Did Simon and Rose get married on the TV show 7th Heaven?,Yes,No,,,B,medium,false,
Television,On what holiday were the twins Sam and David Camden born in the TV series 7th Heaven?,Christmas,Valentines Day,Thanksgiving,Halloween,B,medium,false,
Television,Who did Lucy marry in Season 7 of 7th Heaven?,Kevin,Robbie,Jimmy Moon,Martin,A,medium,false,
Television,How many sisters does 7th Heaven character Simon have?,none,5,4,3,D,medium,false,
Television,What is the name of the Camdens dog on 7th Heaven?,Sneezy,Happy,Bashful,Grumpy,B,medium,false,
Television,"Is it true that on the TV show 7th Heaven, Lucy and Kevin have two dogs, named Sampson and Delilah?",No,Yes,,,B,medium,false,
Television,"In the Suite Life of Zack  Cody, who does Zack think is the most wonderful person in the world?",Mr. Mosby,Carey,Maddie,Cody,C,medium,false,
Television,"Zack, one of the main characters on the sitcom The Suite Life of Zack  Cody, is smart and loves homework.",True,False,,,B,medium,false,
Television,"On the TV show The Suite Life of Zack  Cody , what does the girl in Zacks summer school class do to cover her head?",none of these,puts her hands over her face,covers her head with a jacket,puts a bag over her head,D,medium,false,
Television,Zack wishes for super powers when he sees a shooting star in an episode of The Suite Life of Zack  Cody.,True,False,,,A,medium,false,
Television,"On the TV show The Suite Life of Zack  Cody, Zacks got the ability to mind read.",True,False,,,B,medium,false,
Television,"On the sitcom The Suite Life of Zack  Cody, does Zack like Agnus?",Yes,No,,,B,medium,false,
Television,"In the TV series The Suite Life of Zack  Cody, what does Zack get from his dad on graduation day?",watch,gift card,cowbell,guitar,D,medium,false,
Television,"On the show The Suite Life of Zack  Cody, Carey and Zack and Codys dad are married.",True,False,,,B,medium,false,
Television,Who was the first person evicted out of the Big Brother House during season one of the reality show?,Karen Fowler,William Collins,Brittany Petros,Jean Jordan,B,medium,false,
Television,Which of the following pairs (boyfriend -- girlfriend) is not a correct couple from season one of the reality show Temptation Island?,Taheed Watson -- Ytossie Patterson,Kaya Wittenberg -- Valerie Penso,Andy Luker -- Shannon Roghair,Billy Cleary -- Vanessa Norris,D,medium,false,
Television,"On the TV show The Real World: New York, the group finds a stray dog and name him what?",Yoda,Spot,Gouda,Alien,A,medium,false,
Television,"Who from the TV show Survivor: Pulau Tiga, is a chemist in their daily life?",Gervase Peterson,Ramona Gray,Greg Buis,Sonja Christopher,B,medium,false,
Television,"One of the tasks on season one of the reality show  The Mole, was to participate in a bullfight.  The group failed the task because Kathryn Price opposes cruelty to animals and refuses to participate, saying it will hurt the bull.",False,True,,,A,medium,false,
Television,"At the auction on the first season of Project Runway, Kara Sauns  Envy dress had bids that totaled approximately how much?",$1000,$200,$400,$800,C,medium,false,
Television,"During the finale of the TV show The Apprentice season 1, what previously-fired contestant revealed that she was pregnant?",Tammy,Jessie,Amy,Erika,A,medium,false,
Television,The first leg on the first installment of reality show The Amazing Race contained a roadblock in which teams had to do what?,eat an ostrich egg,milk a half gallon out of a cow and then drink it,bungee jump off a bridge,repel down the outside of a tower,A,medium,false,
Television,"Mark Burnett produced For Love or Money, a reality dating show were at the end, the winner chooses either to stay with the person and have love or take the money, but have no more contact with the person.",False,True,,,A,medium,false,
Television,What is Lorens supernatural forté on the show Angel?,Going invisible,Regenerating severed limbs,Telling peoples fortunes,Killing vampires,C,medium,false,
Television,"All of the following Angel characters have worked for the Senior Partners of Wolfram  Hart at one time or another, except which one?",Angel,Lindsay,Doyle,Eve,C,medium,false,
Television,Which Angel character used to be a Watcher?,Doyle,Cordelia,Spike,Wesley,D,medium,false,
Television,Which one of the following Angel characters is NOT a vampire?,Spike,Drusilla,Adam,Harmony,C,medium,false,
Television,"At the end of the final episode of the Angel series, which one of the following characters is still alive?",Fred,Gunn,Lindsay,Wesley,B,medium,false,
Television,Which member of Angels team is the expert at ancient languages?,Loren,Fred,Doyle,Wesley,D,medium,false,
Television,Whose parents lost their fortune for non-payment of income taxes on the TV show Angel?,Conner,Loren,Cordelia,Fred,C,medium,false,
Television,Which of these Angel characters was not attracted to Cordelia?,Lindsay,Angel,Doyle,Wesley,A,medium,false,
Television,Where is violence impossible on the show Angel?,In the church,In the graveyard,At Wolfram  Hart,In the night club,D,medium,false,
Television,Which character on the Angel show is magically imbued with a vast quantity of legal knowledge?,Wesley,Loren,Gunn,Fred,C,medium,false,
Television,"In the hit TV show Monk, what is Adrian Monks brothers name?",Andrew,Anthony,Ambrose,Alfred,C,medium,false,
Television,"In the popular TV series Monk, Natalie Teegers daughters name is Jamie.",False,True,,,A,medium,false,
Television,Stanley Kamel plays Doctor Kroger (Adrian Monks therapist) in the hit TV show Monk. What soap opera was Kamels first big TV role on?,General Hospital,As The World Turns,All My Children,Days of Our Lives,D,medium,false,
Television,Every episode of the hit TV show Monk is set in San Francisco.,True,False,,,B,medium,false,
Television,What country singer does Adrian Monk idolize on the hit TV show Monk?,Johnny Cash,Keith Urban,Merle Haggard,Willie Nelson,D,medium,false,
Television,"On the hit TV show Monk, Adrian Monk used to be a detective for the SFPD. He lost his job after he had a nervous breakdown. He longs to regain his job as an official police detective.",True,False,,,A,medium,false,
Television,What undercover job did Adrian Monk have on the hit TV show Monk?,Garbage Man,Blackjack Player,Clarinet Player,Butler,D,medium,false,
Television,"In the hit TV show Monk, Adrian Monks upstairs neighbor is Kevin Dorfman. Which is not true about Kevin?",He loves to cook.,His girlfriend tried to kill him.,He won the lottery.,His hobby is horseback riding.,D,medium,false,
Television,"Tina Ballerina only appeared for a short time in a Simpsons episode. Eventually, she ended up being Krustys sister and what else?",Third wife,#1 fan,Babysitter,Manager,A,medium,false,
Television,Is cartoon character Bart Simpson voiced by a woman?,Yes,No,,,A,medium,false,
Television,"On the sitcom The Simpsons, what kind of character is Blinky?",A koala,A frog,An alien,A fish,D,medium,false,
Television,What kind of store did Ned Flanders open in the Simpsons episode When Flanders Failed?,A store for left-handers,An organic food store,A bible superstore,He never opened a store.,A,medium,false,
Television,What is Lisas teachers name on the TV show The Simpsons?,Mrs Krabappel,Miss Wasner,Miss Hoover,Ms Albright,C,medium,false,
Television,What is the name of Krustys father on the animated sitcom The Simpsons?,Krusty Sr.,Hyman Krustofski,Herbert Powell,Dewey Largo,B,medium,false,
Television,One of Homers friends on the TV show The Simposns is Apu. What is the correct spelling of Apus last name?,Nahasapeemapetilon,Nhaahasapeeemepetiloin,Gnahasepeemapetilon,Nahasepimepetaloin,A,medium,false,
Television,Who was Le Grand Cigar supposedly buried with in the animated sitcom Futurama?,George Burns,King George III,Bob Hope,Queen Elizabeth,A,medium,false,
Television,"In the episode of Futurama, titled 300 Big Boys, what does Dwight want to do with the penny thats left over from Hermes tax rebate?",Sell it on eBay,Buy 10 shares of Planet Express,Buy 5 shares of Amazon.com,Buy out Planet Express,C,medium,false,
Television,Which of these characters has a speaking part in the most episodes of Futurama?,LaBarbara Conrad,The Robot Devil,Cubert Farnsworth,Dwight Conrad,A,medium,false,
Television,Which character from Futurama has been seen playing the organ or piano on more than one occasion?,Amy,Bender,Scruffy,Hermes,D,medium,false,
Television,Jennifer Love Hewitt stars as the main character in the television fantasy drama Ghost Whisperer. What is her name in the show?,Melinda Clancy,Melinda Gray,Melinda Green,Melinda Gordon,D,medium,false,
Television,What is the name of Melindas partner at her store in the first season of the TV series Ghost Whisperer?,Sarah,Lisa,Andrea,Amy,C,medium,false,
Television,"Jennifer Love Hewitt, the star of the show Ghost Whisperer, took part in this popular television show on FOX.",Party of Five,Dallas,Beverly Hills 90210,Melrose Place,A,medium,false,
Television,"On the show Ghost Whisperer, Melindas husband Jim is a police officer.",False,True,,,A,medium,false,
Television,"On the show Ghost Whisperer, Melinda and her grandmother are the only ones in the family that can see the spirits.",False,True,,,A,medium,false,
Television,What actor from the popular television show Married with Children guest-starred in an episode of the Ghost Whisperer?,Christina Applegate,Katey Sagel,Ed ONeill,David Faustino,B,medium,false,
Television,In what year did the fantasy drama Ghost Whisperer premiere?,2005,2003,2006,2004,A,medium,false,
Television,Actors from the popular HBO show Sex and the City guest-starred in two episodes of Ghost Whisperer’s first season.,False,True,,,B,medium,false,
Television,What actor played the part of Bub on the long running television series My Three Sons?,William Demarest,William Frawley,Fred MacMurray,Joe E. Ross,B,medium,false,
Television,What is Pepe Le Pews date of birth?,1/6/1955,12/25/1948,1/6/1945,1/6/1965,C,medium,false,
Television,Who was the original voice of the cartoon skunk Pepe Le Pew?,Greg Burson,Jerry Orbach,Mel Blanc,Maurice LaMarche,C,medium,false,
Television,Which character is lucky enough to be Pepe Le Pews principal love interest?,Michelle Matese,Claire Des Lune,Penelope Pussycat,Fifi  La Fume,C,medium,false,
Television,Who is the student in the Pepe Le Pew cartoons?,Michelle  Maltese,Penelope Pussycat,Teddie Cat,Fifi La Fume,D,medium,false,
Television,Who is Pepe Le Pews major rival?,Bugs Bunny,Sylvester,Taz,Teddy Pierce,B,medium,false,
Television,Which of these was not an inspiration for the creation of Pepe Le Pew?,Charles Boyer,Felix the Cat,Yves Montand,Tedd Pierce,B,medium,false,
Television,Which was Pepe Le Pews first movie?,Little Beau Pepe,For Scenta-mental Reasons,Carrotoblanca,Odor-able Kitty,D,medium,false,
Television,What was the name of the building in which Looney Tunes were  first created from 1935-1937?,Warner Plaza,The Merry Melody Mansion,The Iron Clad Building,Termite Terrace,D,medium,false,
Television,"In the French version of Pepe Le Pew, Pepe is an Italian skunk.",False,True,,,B,medium,false,
Television,"In one cartoon short, Pepe Le Pew is able to lose his odor by locking himself in a perfume factory for  three days.",True,False,,,B,medium,false,
Television,What was the setting for Pepe Le Pews first movie?,It was never mentioned.,France,The USA,Italy,C,medium,false,
Television,What was Martins last name on the 90s show Martin?,Pain,Blaine,Payne,Paine,C,medium,false,
Television,"On the Martin show, what did Tommy do for a living?",Male exotic dancer,Shoe salesman,Nothing,Insurance agent,C,medium,false,
Television,What was the name of Martins girlfriend and eventual wife on the popular sitcom Martin?,Gina,Lina,Tina,Rena,A,medium,false,
Television,"On the 90s sitcom Martin, Martins two closest friends were Tim and Calvin.",True,False,,,B,medium,false,
Television,Phoney Braxton and Mariah Scary were just two of the names that Martin called his neighbor and Ginas best friend. What was the name of this character from the “Martin” show?,Patricia,Patrice,Pam,Paige,C,medium,false,
Television,"On the “Martin” show, one of Martins alter-egos was the ghetto girl who lived across the hall from him. What was her name?",Shaniqua,Laquita,Bonquisha,Sheneneh,D,medium,false,
Television,"What was the name of the man from the “Martin” show who always said, Whats up, chief? and always had odd items hidden inside of his coat?",Hustle Man,Broke Man,Flim Flam Man,Stutta Man,A,medium,false,
Television,"On the “Martin” show, what was the name of Martins neighbor who lived on the fifth floor and would come into Martins apartment through the faaaahscape (firescape)?",Jerome,Bruh Man,Stutta Man,Otis,B,medium,false,
Television,What was the name of the club Martin and his friends hung out at on the popular 90s sitcom Martin?,Tipseys Club,Pipseys Club,Ripleys Club,Nipseys Club,D,medium,false,
Television,Where was Oprah Winfrey born?,New York,Georgia,California,Mississippi,D,medium,false,
Television,Oprah Winfreys grandmother taught her to read before the age of three.,False,True,,,B,medium,false,
Television,Oprah Winfrey hosted a morning talk show called AM Chicago.,False,True,,,B,medium,false,
Television,When did The Oprah Winfrey Show first air?,1980,1984,1986,1982,C,medium,false,
Television,"In 1993, this celebrity gave a rare prime- time interview to Oprah Winfrey.",Cyndi Lauper,Madonna,none of these,Michael Jackson,D,medium,false,
Television,What is the name of the store in The Simpsons from which Homer buys the personalized talking astrolobe?,Miscelaneous Etc.,Things Unnecessary,Constingtons,Abercrombie  Rich,B,medium,false,
Television,From what Christmas special does Homer Simpson learn the true meaning of Christmas?,Mr. McGrews Christmas Carol,The Star Trek Christmas Carol,The Year Santa Got Lost,Christmas With the California Prunes,A,medium,false,
Television,Homer Simpson decides to steal everyones Christmas presents after this character gave him the idea.,Bart,Ned,Lisa,Buddha,C,medium,false,
Television,"In The Simpsons episode, entitled Skinners Sense of Snow, the snow storm is described on the radio as what?",A Christmas Kill Storm,A Class Three Kill Storm,A classic nor easter meeting a classic sou wester,A Winter Wonderland,C,medium,false,
Television,"In Tis the Fifteenth Season, the seventh Christmas episode of The Simpsons, according to Bart, even what cant ruin Christmas this time?",Moes Annual Suicide Attempt,Lisas Annual Commercialization Protest,Homers Annual Christmas Morning Hangover,Snakes Annual Robbery,A,medium,false,
Television,"In Simpsons Christmas Stories, in the segment The Nutcracker... Sweet, Apu says that all he has left after the Christmas rush is what?",silly straws,His tofu dogs,Salmonela infested Chicken,jerky made from trout,D,medium,false,
Television,Which two of Rorys loves on Gilmore Girls told her that her current boyfriend wasnt good enough for her?,They never commented on other boyfriends?,Dean and Logan,Jess and Logan,Dean and Jess,D,medium,false,
Television,Which of Rory Gilmores loved ones did not have the pleasure of sleeping with her on the TV show Gilmore Girls?,Logan,Dean,Jess,She slept with all of them.,C,medium,false,
Television,Which of Rory Gilmores loves gave her a car for her 17th birthday?,Logan,None of these,Jess,Dean,D,medium,false,
Television,"On the TV show Gilmore Girls, which of Rorys boyfriends wrecked her car (and her according to her mother)?",Logan,Dean,Jess,None of these,C,medium,false,
Television,"Gilmore Girls character Rory never broke up with her boyfriends, they all broke up with her.",True,False,,,A,medium,false,
Television,Which of Rory Gilmores loves was a published author towards the end of the series Gilmore Girls?,Jess,Logan,Dean,None of these,A,medium,false,
Television,On the TV show Gilmore Girls Dean broke up with Rory twice. The first time was because he said I love you and Rory didnt respond.,False,True,,,B,medium,false,
Television,"In the series Gilmore Girls, only one of Rorys loves seemed to have any actual friends (rather than acquaintances). Which was the popular fellow?",None of these,Dean,Logan,Jess,C,medium,false,
Television,Which of Rorys boyfriends in the series Gilmore Girls graduated from college?,Jess,Logan,All of these,Dean,B,medium,false,
Television,What was the name of the first vampire Buffy killed in the Buffy the Vampire Slayer series?,Luke,Thomas,Michael,Peter,B,medium,false,
Television,"In Buffy the Vampire Slayer, what was the name of the high school in Los Angeles Buffy was kicked out of?",Hemery High,Hollywood High,Beverly Hills High,Hillcrest High,A,medium,false,
Television,What was the name of the witch from the episode Witch from the first season of Buffy the Vampire Slayer?,Cordelia Chase,Catherine Madison,Willow Rosenburg,Amy Madison,B,medium,false,
Television,"In the Buffy the Vampire Slayer episode Teachers Pet, what kind of giant insect was Ms. Natalie French?",Wasp,Praying mantis,Spider,Grasshopper,B,medium,false,
Television,"Where did Buffys mom, Joyce, first meet Mr. Giles in the Buffy the Vampire Slayer series?",In the library,In the hospital,At Back to School Night,At Buffys house,B,medium,false,
Television,"In the Buffy the Vampire Slayer series, Jenny Calendar is a computer teacher at Sunnydale.",True,False,,,A,medium,false,
Television,Sid the Dummy was a demon slayer cursed by which demonic organization on the Buffy the Vampire Slayer?,The Witches of the Apocalypse,The Sisterhood of Sledge,The Brotherhood of Seven,The Doomsday Demons,C,medium,false,
Television,"In the Buffy the Vampire Slayer episode Nightmares, which of these was NOT one of Buffys fears?",Not being prepared for a test,Becoming a vampire,Being at fault for her parents divorce,Having to sing in public,D,medium,false,
Television,"In the Buffy the Vampire Slayer, what does Buffy do when she first finds out about the prophecy concerning her death and the Master?",She goes to fight the Master,She punches Giles,She dies,She quits slaying,D,medium,false,
Television,"Name the Voyager crew member who said, Personally, I dont go out with girls from other galaxies.",Chakotay,Neelix,Harry Kim,Tom Paris,D,medium,false,
Television,"What Voyager crew member said, Sometimes I think everyone on this ship has been possessed by alien hormones.?",Neelix,Janeway,Torres,Doctor,D,medium,false,
Television,What is the name of the actress who plays Lorelai in the series Gilmore Girls?,Alexis Bledel,Melissa McCarthy,Nicole Kidman,Lauren Graham,D,medium,false,
Television,Who sings the Gilmore Girls theme song?,Carole King and her daughter Louise,The Plain White Ts,Lauren Graham and Alexis Bledel,Louise King and her daughter Jane,A,medium,false,
Television,Milo Ventamiglia played Rorys boyfriend Dean on the TV show Gilmore Girls.,True,False,,,B,medium,false,
Television,Which college did Gilmore Girls character Rory attend after much debate over its pros and cons?,Cornell,Harvard,Princeton,Yale,D,medium,false,
Television,"Kelly Bishop, who plays Emily Gilmore on Gilmore Girls, was in the box-office hit Dirty Dancing.",True,False,,,A,medium,false,
Television,What is Rorys real name in the TV series Gilmore Girls?,Emily,Ronda,Lorelai,Samantha,C,medium,false,
Television,What is the name Sookies husband played by actor Jackson Douglas on Gilmore Girls?,Taylor Doose,Jackson Melville,Luke Danes,Kirk,B,medium,false,
Television,Who has Rory not been in a relationship with on the show Gilmore Girls?,Jess Mariano,Tristan DuGrey,Logan Huntsburger,Dean Forester,B,medium,false,
Television,Who has Lorelai not been in a relationship with in the series Gilmore Girls?,Max Medina,Luke Danes,Christopher Hayden,Taylor Doose,D,medium,false,
Television,What fictional city do Gilmore Girls characters Lorelai and Rory live in?,"Stars Hallow, CT","Stars Hollow, VT","Vernon, CT","Hartford, CT",A,medium,false,
Television,How are Hope Brady and Julie Williams related?,Julie is Hopes stepmother.,Julie is Hopes sister and stepmother,Julie and Hope are cousins,Julie is Hopes sister.,B,medium,false,
Television,Why did Julie marry Bob Anderson?,The was on the rebound after her husband died,She was in love,She was pregnant with his child,The man she loved was married to someone else,D,medium,false,
Television,Who is the father of David Banning?,Doug Williams,David Martin,Scott Banning,No one knows,B,medium,false,
Television,Who was Mike Hortons first sexual experience with?,Linda Patterson Phillips,Margo Anderman Horton (his wife),Trish Clayton,Carrie Brady,A,medium,false,
Television,Julie found Uncle Mickey after he was presumed dead from a picture in the newspaper about the winner of a local county fair.,False,True,,,B,medium,false,
Television,Why did Marie Horton run away to a convent?,She joined the convent because she was fleeing an abusive relationship.,"She was always religious, and panicked when she found out she was pregnant out of wedlock and joined the convent after giving her baby up for adoption.","She ran away after finding out that her new love was in reality her long lost brother, Tommy, and wanted to repent for her sins",She was always very religious and joined the convent to fulfill a life long dream.,B,medium,false,
Television,Another easy one: Doug Williams real name is Brent Douglas.,False,True,,,B,medium,false,
Television,Where did Bill Horton meet Doug Williams?,"Bill met Doug in prison, they were cellmates",Bill met Doug after he was married to his niece.,Bill and Doug were college roommates.,Bill met Doug after he was married to his sister.,A,medium,false,
Television,Why did Doug Williams marry Addie Olsen?,Addie bribed him to marry her to keep him away from Julie.,She was pregnant with Hope and Doug felt obligated to marry her.,Doug and Addie never married.,It was simply LOVE,A,medium,false,
Television,What ended the marriage of Don and Maggie?,Don was killed in an accident.,Don had an affair with Marlena,They were never married,Maggie fell in love with Mickey Horton,C,medium,false,
Television,Who helped Megan Hathaway try to steal Bo Brady away from Hope?,Stefano DiMera,Alex Marshall,Eugene Bradford,Larry Welch,A,medium,false,
Television,Which of the following are Stefano DiMeras children?,all of these,Benjamin Hawk,Peter Blake,Renee DuMonde Banning,A,medium,false,
Television,How was Evan Wyland connected to the Horton Family?,He was married to Marie Horton.,He was a sperm donor and the natural father of Sarah Horton,He has no connection to the family,He was married to Jessica Marshall,C,medium,false,
Television,During which season did Whitney Fordman leave the TV show Smallville?,Season 1,Season 2,Season 4,Season 3,A,medium,false,
Television,"On TV show Smallville, when Clark gets sick and Chloe writes him a poem, expressing her feelings to him, Clark says Chloes name when she gets finished reading it.",True,False,,,B,medium,false,
Television,"Before season 5 of Smallville, how many types of Kryptonite are shown on the show?",1 (green),"3 (green, red and silver)",2 (green and red),"3 (green, red and black)",D,medium,false,
Television,On which episode of season 4 of Smallville does Clark meet Lois?,Episode 4,Episode 1,Episode 2,Episode 3,B,medium,false,
Television,When did the animated sitcom Family Guy fist air?,"December 31, 2006","February 2, 2000","September 12, 1995","January 31, 1999",D,medium,false,
Television,Who created Family Guy?,Seth McDonald,Seth Wilkins,Seth MacFarlane,Seth Green,C,medium,false,
Television,Family Guy debuted earlier than The Simpsons.,False,True,,,A,medium,false,
Television,"What is the name of the Griffins dog, who is also Peters best friend on the animated show Family Guy?",Brendan,George,Brian,Brusci,C,medium,false,
Television,"Family Guy characters Peter, Stewie, Brian, Quagmire and Tom Tucker are voiced by the same person.",True,False,,,A,medium,false,
Television,"The show Family Guy is set in a fictional town, located in this state.",Wisconsin,Maryland,California,Rhode Island,D,medium,false,
Television,When did the M*A*S*H episode Dreams originally air?,"February 18, 1980","March 18, 1980","March 11, 1979","February 11, 1979",A,medium,false,
Television,"In the M*A*S*H episode, Dreams, how long have the nurses and surgeons gone without sleep?",33 hrs.,16 hrs.,27 hrs.,24 hrs.,A,medium,false,
Television,"Why is the 4077 required to accommodate an overflow of casualties in the camp in the episode from the television series M*A*S*H, entitled Dreams?",Bad weather prohibits travel by ambulance.,An administrator refuses to send ambulances.,Severe fighting prohibits ambulance movement.,A wounded general refuses to move wounded troops.,B,medium,false,
Television,"In the Dreams episode of M*A*S*H, the main cast members are forced to find a place to sleep wherever they can. The first dream sequence is Maj. Margaret Houlihans. When the dream opens, what is the Major wearing?",jeans and a red  white checked shirt,a ball gown,her fatigues,a white wedding dress,D,medium,false,
Television,"In the Dreams episode of the TV series M*A*S*H, B.J. Hunnicutt falls asleep in the mess hall.",False,True,,,A,medium,false,
Television,"In the M*A*S*H episode Dreams, Col. Sherman Potter dreams he is a young lad riding a horse. Suddenly, a grenade is thrown at him from out of the bushes. What does he do with the grenade?",hits it with a baseball bat,hits it with a polo mallet,catches it with a catchers mitt,dives off his horse into the water,B,medium,false,
Television,What is Maj. Charles E. Winchester doing at the beginning of his dream in the M*A*S*H episode Dreams?,touring a vineyard,performing a magic act,watching an opera,giving a medical lecture,B,medium,false,
Television,"In the M*A*S*H episode Dreams, the good Father Mulcahy suffers nightmares like the rest of the 4077th. The overworked priest falls asleep while listening to a confession in Post-Op. Who does Father Mulcahy dream he is?",the Pope,himself,Jesus,a wounded soldier,A,medium,false,
Television,"In the episode Dreams of the M*A*S*H series, Max Klinger dreams hes back in his home town of Toledo, Ohio. Finding one of his favorite haunts, Tony Packos, he cleans off the glass on the outside of the store to see in. What does he see?",Col. Potters office,normal restaurant patrons,the operating room at M*A*S*H 4077,heavy fighting in a war zone,C,medium,false,
Television,"In the M*A*S*H episode Dreams, Hawkeye Pierce has a classic dream of failing a test and of course, the test is medical in nature. What happens each time Hawkeye does not know an answer to a question?",A patient dies.,He loses a limb.,The instructor raps him on the knuckles.,Hes demoted in rank.,B,medium,false,
Television,"At the end of the M*A*S*H episode, Dreams, Houlihan, Hunnicutt, Potter, Winchester, Mulcahy, Klinger, and Pierce get together in the mess hall. As they look forward to their first respite after the marathon surgery, Winchester quotes Shakespeare. What is the quote?",We are such stuff as dreams are made on,"To sleep, perchance to dream",Now it is the time of night,To be or not to be,B,medium,false,
Television,"What is the first name of Dr. Hibbert, Springfields prominent doctor on The Simpsons?",James,Julius,Joseph,Julian,B,medium,false,
Television,What brand of beer is sold in the fictional city of Shelbyville on The Simpsons?,Diff,Buff,Duff,Fudd,D,medium,false,
Television,What is the name of Mr. Burns long-lost son on the TV show The Simpsons?,Harry,Larry,Frank,Elmer,B,medium,false,
Television,What Simpsons character described the French as cheese-eating surrender monkeys?,Groundskeeper Willie,Homer Simpson,Kent Brockman,Mr. Burns,A,medium,false,
Television,"Dont have a cow, man! and Eat my shorts! are the catch phrases used by what character on The Simpsons?",Homer,Bart,Marge,Ned Flanders,B,medium,false,
Television,What is the name of the Simpsons well-meaning next door neighbor?,Troy McClure,Julius Hibbert,Ned Flanders,Seymour Skinner,C,medium,false,
Television,"This dirty, smelly, drunken homeless guy, played by Damon Wayons, would show up periodically in sketches in FOXs In Living Color, the first time harassing a group of commuters on a subway train.",Rupert Murdoch,Antoine Merriweather,James Bond,Anton Jackson,D,medium,false,
Television,Wrote a song about it. Like to hear it? Here it go! is the catchphrase of an old Blues musician named Calhoun Tubbs in the Fox series In Living Color. Can you name the actor who portrays him?,Tommy Davidson,Jamie Foxx,Damon Wayons,David Allen  Grier,D,medium,false,
Television,"In FOX televisions In Living Color, David Allen Grier portrayed a convicted rapist named, Tiny. What word would bring him to a state where he had to be restrained by guards?",Feetses,Breasteses,Booooootay,"Sweet, Sweet, Love",B,medium,false,
Television,"These two In Living Color entrepreneurs ran a QVC style home shopping network selling obviously stolen goods from the back of a truck. They called their endeavor, The Homeboys Shopping Network. Which two actors ran the show?",David Allen Grier and Damon,Tommy Davidson and Keenan,Damon and Keenan Wayans,Tommy Davidson and David Grier,C,medium,false,
Television,Who was the first member of In Living Colors staff to be nominated for an Academy Award?,Jamie Foxx,Jennifer Lopez,Rosie Perez,Jim Carrey,C,medium,false,
Television,In what year did the Judge Joe Brown TV show debut?,1999,1998,1997,1996,B,medium,false,
Television,Singer Snoop Dogg was a litigant on the Judge Joe Brown TV show.,False,True,,,A,medium,false,
Television,Judge Joe Brown was the first black prosecutor in this American city.,"Memphis, TN","St. Paul, MN","Decatur, GA","Jackson, MS",A,medium,false,
Television,Judge Joe Brown presided over James Earl Ray’s (found guilty of Martin Luther Kings assassination) final appeal.,False,True,,,B,medium,false,
Television,Did rapper Coolio ever appear on the Judge Joe Brown show?,No,Yes,,,B,medium,false,
Television,Judge Joe Brown has no real judicial powers on the TV show  Judge Joe Brown.,True,False,,,A,medium,false,
Television,Judge Joe Brown has claimed unequivocally that the rifle alleged to have been used to kill Dr. Martin Luther King is not the actual murder weapon.,True,False,,,A,medium,false,
Television,Who comes out of the closet in the very first episode of season 3 of the TV show The Office?,Angela,Kevin,Stanley,Oscar,D,medium,false,
Television,Who are the 2 new major characters introduced in season 3 of The Office when Jim moves to Stamford?,Karen and Andy,Karla and Adam,Kim and Arnie,Kasey and Allen,A,medium,false,
Television,"In season 3 of The Office, Dwight and his cousin initiate Ryan into the sales team at their family beet farm. What is the name of Dwights cousin?",Mose,Melcome,Marvin,Melman,A,medium,false,
Television,"In The Office episode The Convict, when Michael finds out that Steve Nash, one of the people that came from Stamford, is an ex-convict he adopts this nickname.",Mike the Punisher,Gangster Mike,Killer Mike,Prison Mike,D,medium,false,
Television,Where do Michael and Jan go on vacation in season 3 of the TV series The Office?,Jamaica,Hawaii,Costa Rica,St. Lucia,A,medium,false,
Television,"In The Office episode Traveling Salesmen, who is Stanleys first choice for sales partner?",Pass,Ryan,Dwight,Jim,B,medium,false,
Television,"When Dwight gets fired in season 3 of The Office, where does he end up working?",Staples,Office Depot,The Paper People,Office Warehouse,A,medium,false,
Television,"At Phyllis wedding in season 3 of the show The Office, what does Michael drag down the aisle?",a wheelchair,Uncle Al,Phyllis dad,the ring bearer,A,medium,false,
Television,"On the TV show The Office, Pam reveals her true feelings for Jim on this day.",Summertime Day,Beach Day,Jamaica Day,Barbecue Day,B,medium,false,
Television,"On the TV show The Office, when Michaels girlfriend, Jan, gets fired from Corporate, who gets her job?",Jim,Karen,Michael,Ryan,D,medium,false,
Television,"In the American TV series Smallville, who is the female character whom Clark Kent jilts in order to protect her, even though he loves her deeply?",Martha Kent,Lana Lang,Lois Lane,Chloe Sullivan,B,medium,false,
Television,What was Clarks birth name in the Smallville TV series?,Jol-El,Kal-El,Jor-El,Clark,B,medium,false,
Television,Which of the following statements concerning the character of Clark from the popular TV series Samllville is true?,Green kryptonite gives Clark strange powers.,Clarks home town is Metropolis.,Red kryptonite makes Clark do uncharacteristic things.,Clarks preferred sport in high school was soccer.,C,medium,false,
Television,"In the television series Smallville, professor Fine is a human.",False,True,,,A,medium,false,
Television,Which of the following people is not in any way responsible for the death of Clarks earth father in the Smallville series?,Jor-El,Clark Kent,Lex Luthor,Lionel Luthor,C,medium,false,
Television,"In the Smallville series, which character has been possessed by a French witch with occult powers?",Lana Lang,Martha Kent,Chloe Sullivan,Lois Lane,A,medium,false,
Television,What happened to Lanas mother in the popular American TV series Smallville?,She died of cancer.,She died in a car crash.,She was hit by a meteor.,She was murdered.,C,medium,false,
Television,Why is Lex Luthor from the Smallville series bald?,He lost his hair during the meteor shower.,He was born that way.,He prefers the skin-head look.,He was exposed to black kryptonite.,A,medium,false,
Television,Which character from the popular TV series Smallville does not know that Clark has super powers?,Martha Kent,Chloe Sullivan,Lionel Luthor,Lex Luthor,D,medium,false,
Television,What year did Highlander: The Series debut?,1990,1995,1994,1992,D,medium,false,
Television,"Adrian Paul starred in Highlander: The Series as Connor MacLeod, an immortal man who began the series as antiques dealer.",True,False,,,B,medium,false,
Television,"In Highlander: The Series, the character of MacLeods girlfriend, played by French actress Alexandra Vandernoot, was killed in the second season. What was her name?",Noel Neal,Amanda,Tessa Noel,Tessa Neal,C,medium,false,
Television,"In Highlander: The Series, Joe Dawson, played by Jim Byrnes, was a member of what secret organization that kept a written history of the Immortals, pledging to observe their affairs but never interfere in them ?",The Observers,The Seekers,The Viewers,The Watchers,D,medium,false,
Television,"In Highlander: The Series, the character of MacLeods friend Hugh Fitzcairn was played by what British rock star?",Roger Daltry,Roland Gift,Marcus Testory,Martin Kemp,A,medium,false,
Television,Which of these female singers did not guest star on Highlander: The Series?,Joan Jett,Vanity,Courtney Love,Sheena Easton,C,medium,false,
Television,Highlander: The Series left the air in 1998 after six seasons and 119 episodes produced.,False,True,,,B,medium,false,
Television,"When was the show Love, American Style on the air?",1976-1980,1969-1974,1965-1970,1971-1976,B,medium,false,
Television,"On which network was the show Love, American Style aired?",ABC,CBS,NBC,Fox,A,medium,false,
Television,"What are the first lines of the theme song for the TV show Love, American Style?","Love, American Style, its a tonic tried and true.","Love, American Style truer than the Red, White, and Blue.","Love, American Style, its fun to look at ourselves as other people do.","Love, American Style, theres no hocus pocus youre just in focus, youre the stars  today.",B,medium,false,
Television,"Joe Barbera and Bill Hanna, of cartoon fame, were writers on Love, American Style.",True,False,,,A,medium,false,
Television,"How many Emmy Awards did the anthology series Love, American Style win?",2,0,3,1,A,medium,false,
Television,"The Love, American Style episode called Love and Happy Days was the basis for the hit show Happy Days.",True,False,,,A,medium,false,
Television,"Find the TV show that cannot trace its origins to Love, American Style.",Love Boat,Blanskys Beauties,Mork and Mindy,Out of the Blue,A,medium,false,
Television,"This was the main sponsor of the TV series Love, American Style.",Camels,Oscar Mayer,Proctor and Gamble,Colgate,B,medium,false,
Television,"The first episode of Love, American Style was the TV debut of this future TV star.",Flip Wilson,James  Garner,Bill Cosby,Tom Bosley,A,medium,false,
Television,"The 1987 movie Running Man showed posters for Love, American Style.",True,False,,,B,medium,false,
Television,An episode of this show featured a museum called The Louvre: American Style.,The Steve  Harvey Show,The Simpsons,Family Guy,American Dad,B,medium,false,
Television,"Who sang on the Love, American Style EP?",Counting Crows,White Zombie,Jello Biafra,The Beastie Boys,D,medium,false,
Television,"This actor, who was featured on the TV show The Rockford Files, appeared in the most episodes of Love, American Style.",James Garner,"Noah Beery, Jr.",Stuart Margolin,James Arness,C,medium,false,
Television,Fictional character Bart Simpson usually wears blue shorts.,False,True,,,B,medium,false,
Television,Who drives the school bus in The Simpsons?,Snake,Smithers,Otto,Apu,C,medium,false,
Television,"Lisa Simpson, the middle child of The Simpsons, became a vegetarian.",True,False,,,A,medium,false,
Television,"In the TV series The Simpsons, Waylon Smithers works at Moes Tavern as a waiter.",False,True,,,A,medium,false,
Television,Who is The Simpsons doctor on the self-titled TV show?,Dr. Hibbert,Dr. Nick,Dr. Herbert,Dr. Hibbet,A,medium,false,
Television,Mona Simpson is Homers mother.,False,True,,,B,medium,false,
Television,What is the name of Chief Wiggums son on the TV show The Simpsons?,Ralph,Bart,Todd,Nelson,A,medium,false,
Television,What is the name of the Simpson familys pet Greyhound?,Grumpy,Santas Little Helper,Snow White,Rudolf,B,medium,false,
Television,What kind of animal is Blinky in the animated TV series The Simpsons?,fish,rabbit,dog,hen,A,medium,false,
Television,"On The Simpsons, what is the favourite show of Homer Simpsons father, or Grampa?",None of these,The A-Team,Matlock,Gilmore Girls,C,medium,false,
Television,When was the American sitcom Dear John aired?,10/06/1988 - 07/22/1994,10/06/1987 - 07/22/1989,10/06/1988 - 07/22/1992,10/06/1987 - 07/22/1993,C,medium,false,
Television,What was John Laceys job in the sitcom Dear John?,He was a public school history teacher.,He was unemployed.,He was a private school English teacher.,He was an accountant.,C,medium,false,
Television,What was the name of the support group that John from the Dear John show attended?,The Single Again Club,The Newly Singles,The New  Age Club,The One Two One Club,D,medium,false,
Television,Who sang the theme song for the American sitcom Dear John?,Joan Sullivan,Michelle Post,Wendy Talbot,Danielle Grusin,C,medium,false,
Television,"Who played Louise Mercer, the leader of the support group in Dear John?",Susan Walters,Wendy Talbot,Isabella Hofmann,Jane Carr,D,medium,false,
Television,Who played John’s occasional girlfriend Kate McCarron in the American sitcom Dear John?,Isabella Hofmann,Jane Carr,Wendy Talbot,Billie Bird,A,medium,false,
Television,"In the TV series Dear John, who portrayed Kirk Morris, the sleazy, would-be playboy?",Jere Burns,Harry Groener,Etan Coen,Billy  Cohen,A,medium,false,
Television,"Which actor played the part of Mrs. Margie Philbert, the foxy senior citizen in Dear John?",Jane Carr,Marietta DePrima,Wendy Talbot,Billie Bird,D,medium,false,
Television,"Who played Ralph Drang, the man with no self-confidence on the Dear John show?",Harry Groener,Billy Cohen,Etan Coen,Jere Burns,A,medium,false,
Television,American film and TV actor Ben Savage played one of John Laceys sons in Dear John.,True,False,,,A,medium,false,
Television,In 2005 VH1 premiered this show about a former child star chronicling his substance abuse.,Scott Baio is 46,Breaking Bonaduce,Flavor of Love,My Fair Brady,B,medium,false,
Television,Former child star Christopher Knight showed up on what 2 VH1 Celebreality shows?,Celebrity Fit Club and I Love Money,Glam God and Hogan Knows Best,The Surreal Life and My Fair Brady,I Love New York and My Fair Brady,C,medium,false,
Television,This VH1 reality show stars a former famous wrestler.,Glam God,The Surreal Life,I Love Money,Hogan Knows Best,D,medium,false,
Television,Flavor Flav starred in 4 seasons of Flavor of Loves original run.,True,False,,,B,medium,false,
Television,Vanessa Williams hosts the show Glam God on VH1.,False,True,,,A,medium,false,
Television,How many seasons of The Surreal Life were aired during the shows original run?,6,2,8,9,A,medium,false,
Television,Celebrity Fit Club features 8 overweight celebrities.,False,True,,,B,medium,false,
Television,What rock star does the show Rock of Love feature?,Tommy Chong,Bret Michaels,Tommy Lee,Nicki Sixx,B,medium,false,
Television,"The contestants on this series are from the first 2 seasons of Flavor of Love, I Love New York and Rock of Love.",Strange Love,The Surreal Life: Fame Games,New York Goes to Hollywood,I Love Money,D,medium,false,
Television,The TV show Criminal Minds follows a team of profilers from BAU. What does the term BAU stand for?,Baccalaureate,Behavioral Analysis Unit,Bad and United,Behavior Assistance Unit,B,medium,false,
Television,What former Dharma  Greg star portrays Agent Hochner on the crime drama Criminal Minds?,Sean Hayes,Thomas Calabro,Thomas Gibson,Eric McCormack,C,medium,false,
Television,What line does Agent Morgan use on the TV show Criminal Minds whenever he calls Garcia for information?,Hi baby,Hey chick,Hey baby,Hey baby girl,D,medium,false,
Television,Which Criminal Minds agent has a photographic memory?,Agent Garcia,Agent Prentiss,Agent Hochner,Dr. Reid,D,medium,false,
Television,JJ is a male character on the TV show Criminal Minds.,True,False,,,B,medium,false,
Television,What Criminal Minds character was shot by an unsub with a hero mentality?,Garcia,JJ,Agent Prentiss,Agent Hochner,A,medium,false,
Television,Paget Brewster plays Agent Prentiss on the TV show Criminal Minds,False,True,,,B,medium,false,
Television,The term UNSUB is used in each episode of the TV series Criminal Minds. What does UNSUB stand for?,united submarines,insubordinate,under suspicion,unknown subject,D,medium,false,
Television,Why did JJ take a break from the BAU in the crime series Criminal Minds?,She shot an UNSUB.,She had a baby.,She was actually shot.,The reason was not revealed.,B,medium,false,
Television,What honor did JJ offer Dr. Spencer Reid on the TV show Criminal Minds?,to be her husband,to adopt him as her brother,to put him in her will,to be her babys godfather,D,medium,false,
Television,In what year did the famous British comedy Mr. Bean premier?,1991,1987,1990,1988,C,medium,false,
Television,What color is Mr. Beans mini car in the popular British comedy?,White,Green,Blue,Red,B,medium,false,
Television,Mr. Beans first name is never mentioned in the series.,False,True,,,B,medium,false,
Television,"According to Mr. Beans passport, what is his occupation?",Race car driver,Janitor,Museum Guard,Male Model,C,medium,false,
Television,"Did the motion picture Bean, based on the popular comedy TV series Mr. Bean, premier in 1996?",Yes,No,,,B,medium,false,
Television,"During the shows 5-year run, how many episodes of Mr. Bean were made?",12,8,10,14,D,medium,false,
Television,In what year was the last episode of the original run of Mr. Bean broadcast?,1992,1997,1993,1995,D,medium,false,
Television,"Evangeline Lilly, who plays Kate on Lost, made an appearance on what television show as Wades girlfriend in 2002?",One Tree Hill,Smallville,Baywatch,The O.C,B,medium,false,
Television,Actor Michael Emerson who plays Ben on the television series Lost was in the movie Saw.,False,True,,,B,medium,false,
Television,"Nestor Carbonell, who plays Richard on Lost, also appeared in this late 1990s television sitcom.",Cheers,Suddenly Susan,Veronicas Closet,Becker,B,medium,false,
Television,"Sam Anderson, who plays Bernard Nadler on Lost, starred on the television series Full House with Candace Cameron.",False,True,,,A,medium,false,
Television,"What do Lance Reddick (Abaddon), Harold Perrineau (Michael) and Adewale Akinnuoye-Agbaje (Eko) all have in common?",They were all born somewhere other than the United States.,They were all on the HBO series Oz.,They were all on the HBO series The Wire.,They were all born in the month of August.,B,medium,false,
Television,"John Terry who plays Jacks father on Lost, was in this 1987 movie about the Vietnam War.",Platoon,Apocalypse Now,Saving Private Ryan,Full Metal Jacket,D,medium,false,
Television,William Mapother who played Ethan on Lost appeared in the movie Mission Impossible II in 2000.,False,True,,,B,medium,false,
Television,"Where was the 80s TV show Magnum, P.I. set?",Hawaii,New Mexico,California,Texas,A,medium,false,
Television,"On the TV show Magnum, P.I., Magnum is always borrowing Robins expensive car. What type of car is it?",Blue Porsche,Red Ferrari,Blue Ferrari,Red Porsche,B,medium,false,
Television,"How many seasons was Magnum, P.I. on the air?",8,6,9,3,A,medium,false,
Television,"Magnum from the TV series Magnum, P.I. always wears the cap of his favorite baseball team. Name the team.",Detroit Tigers,Cleveland Indians,New York Yankees,Minnesota Twins,A,medium,false,
Television,Fictional character Magnum often has flashbacks and references his experiences in what war?,Gulf,World War II,Korean,Vietnam,D,medium,false,
Television,"On the TV show Magnum, P.I., Magnums pilot friend runs a company that flies people on tours of the Hawaiian islands. What is his company called?",Welcome to Hawaii,Paradise Tours,Island Hoppers,Island Fliers,C,medium,false,
Television,"On the TV show Magnum, P.I., Rick owns an exclusive club called the King Kamehameha Club.",True,False,,,B,medium,false,
Television,"Magnum, P.I. character Rick has many connections to the criminal world in Hawaii. Who is the crime lord sometimes mentioned on the show?",Icecrack,Icepick,Icey,Iceman,B,medium,false,
Television,"Lt. Tanaka is the islands police chief on Magnum, P.I.and sometimes helps out Magnum in his cases.  Who plays Lt. Tanaka?",Ja Ho Nim,Kwan Hi Lim,Xan Hum Chan,So Ching Lee,B,medium,false,
Television,"Magnum, P.I. character Higgins often has tea and visits with an English friend. What is her name",Arlene,Lillian,Agatha,Vivian,C,medium,false,
Television,"In almost every episode of Magnum, P.I., Higgins starts to tell long boring stories, but is always cut off by Magnum. What kind of stories does Higgins tell?",childhood,science,sports,war,D,medium,false,
Television,"What former NFL player appears in a season two episode of Magnum, P.I.?",Walter Payton,Lawrence Taylor,Dick Butkus,Emmit Smith,C,medium,false,
Television,"Along with Glen Larson, who created the TV show Magnum, P.I.?",Markus Darnby,Donald Bellisario,Barry Seemore,Johns Luke,B,medium,false,
Television,Who wrote the catchy theme song of the show Magnum P.I.?,Lamp Post,Mike Post,Fence Post,James Post,B,medium,false,
Television,What funny nickname is given to Fred Flintstone in an episode of The Flintstones in which he takes ballet lessons?,All of these,Twinkletoes,Skirtiepants,Tutupie,B,medium,false,
Television,What was the original name given to the mouse later known as Jerry from the Tom and Jerry cartoon show?,Jasper,Jinx,Larry,Jimmy,B,medium,false,
Television,What characteristic trait does Donald Duck possess?,He is always sad.,All of these,He always forgets.,He is very quick-tempered.,D,medium,false,
Television,What is the name of the pet dog of the Simpsons in the popular animated sitcom The Simpsons?,Santas Little Helper,Freuds Nightmare,Easter Pooch,Snowball,A,medium,false,
Television,What peculiar voice characteristic does Sylvester the Cat from Looney Tunes possess?,He has a very deep husky voice.,He stutters.,He speaks with a lisp.,He has a very high voice.,C,medium,false,
Television,What is Uncle Fester from The Addams Family animated series terrified of?,Silver,Underpants,Bells,Chimneys,D,medium,false,
Television,Johnny Bravo from the animated series of the same name has an obsession for this beauty product.,Lip balm,Hand cream,Aftershave,Hair gel,D,medium,false,
Television,Which of these cartoon characters has been Speedy Gonzales arch enemy?,Elmer J. Fudd,Daffy Duck,Bugs Bunny,Porky Pig,B,medium,false,
Television,What sound does Scooby-Doo usually produce before some words?,Woof,Scoo,R,Doo,C,medium,false,
Television,What does Elmer J. Fudd usually hunt in the Looney Tunes animated series?,Ducks,Bears,Quails,Rabbits,D,medium,false,
Television,"On the sitcom The King of Queens, Carrie hired a dog walker for her father.",False,True,,,A,medium,false,
Television,What was the name of the dog walker on the TV show The King of Queens?,Lisa,Holly,Heather,Hope,B,medium,false,
Television,"In The King of Queens, what was Dougs favorite treat that his mother always made for him?",Drakes cakes,Brownies,Lemon squares,Cupcakes,C,medium,false,
Television,What was Dougs cousins name in the TV series The King of Queens?,Buddy,Rich,Jake,Danny,D,medium,false,
Television,Carrie was pregnant in one of the episodes of The King of Queens but she later had a miscarriage.,True,False,,,A,medium,false,
Television,Name the couple Doug and Carrie always hang out with on the TV show The King of Queens?,Deacon and Kelly,Stan and Kyle,Mork and Mindy,Lucy and Ethel,A,medium,false,
Television,What was Carries fathers name on The King of Queens?,Alvin,Arthur,Edward,Angus,B,medium,false,
Television,What was Carries job on the TV sitcom The King of Queens?,mechanic,legal secretary,manicurist,massage therapist,B,medium,false,
Television,"On the TV show The King of Queens, Dougs parents live in Florida.",True,False,,,A,medium,false,
Television,What was Dougs sisters name on the sitcom The King of Queens?,Amanda,Phoebe,Monica,Stephanie,D,medium,false,
Television,What is the real name of the saint for which the hospital in St. Elsewhere is named?,St. Elijah,St. Elishia,St. Eligius,St. Elegies,C,medium,false,
Television,Bruce Paltrow and mark Tinker directed the show St. Elsewhere for the first two years of its run.,True,False,,,B,medium,false,
Television,"Who played Father McCabe, the founder of the hospital on the show St. Elsewhere?",Ed Begley,Ed Herrmann,Ed Flanders,William Daniels,B,medium,false,
Television,"On the show St. Elsewhere, the hospital PA often mentioned the names of doctors from other  TV shows.",False,True,,,B,medium,false,
Television,Which doctor from the TV series St. Elsewhere had liver cancer?,Dr. Craig,Dr. Daniels,Dr. Westphal,Dr. Auslander,D,medium,false,
Television,Which doctor was Chief of Surgery on the show St. Elsewhere?,Dr. Daniels,Dr. Auslander,Dr. Westphal,Dr. Craig,D,medium,false,
Television,Which doctor in the drama series St. Elsewhere was played by Ed Flanders?,Dr. Craig,Dr. Auslander,Dr. Westphal,Dr. Chandler,C,medium,false,
Television,Which company produced the show St. Elsewhere?,Windevil,MTM,Miramar Productions,SKG,B,medium,false,
Television,Which famous actor played Dr. Chandler on St. Elsewhere?,Alfrie Woodard,Denzel Washington,Eric Laneuville,Forest Whitaker,B,medium,false,
Television,"On the show St. Elsewhere, who plays Jack Morrison, the doctor who falsified his records to be  accepted by the hospital?",Forest Whitaker,David Morse,Denzel Washington,David Cross,B,medium,false,
Television,The show St. Elsewhere won a total of 9 Emmys. Who won the most Emmys?,Alfrie Woodard,William Daniels,Ed Flanders,Forest Whitaker,B,medium,false,
Television,William Daniels and Bonnie Bartlett each won an Emmy in 1986 for their performance on the show St. Elsewhere. What was unusual about  that?,They played husband and wife and were really husband and wife.,They never appeared in the same scene together.,They declined the awards.,It was the first and only Emmy for each of them.,A,medium,false,
Television,How many Emmys did Alfrie Woodard win for St. Elsewere?,3,2,1,0,D,medium,false,
Television,Which statement regarding the show St. Elsewhere is true?,Forest Whitakers role was eventually replaced by David Cross role.,Several characters from Lou Grant  appear in St. Elsewhere.,Dr. Chandler eventually marries a nurse.,"In real life, the shows production company was sued by Humana.",D,medium,false,
Television,What happens in the final episode of the show St. Elsewhere?,We find out the whole show was a dream in Tommys head.,All the major doctors are fired because of a law suit.,The Forest Whitaker character is murdered in the ER.,The hospital must file for bankruptcy.,A,medium,false,
Television,What comic had his own sketch series on Comedy Central from 2003-2006?,Carlos Mencia,Wanda Sykes,Dave Chappelle,Craig Kilborn,C,medium,false,
Television,Who were the 3 comics involved in Blue Collar TV?,"Jeff Foxworthy, Ron White, Larry the Cable Guy","Jeff Foxworthy, Ron White, Bill Engvall","Bill Engvall, Jeff Foxworthy, Larry the Cable Guy","Bill Engvall, Ron White, Larry the Cable Guy",C,medium,false,
Television,What year did Comedy Centrals South Park premier?,1997,1998,1995,1993,A,medium,false,
Television,Which of the following is a spin-off of The Daily Show and premeired in 2005?,The Sarah Silverman Program,The Mind of Mencia,The Colbert Report,The Showbiz Show with David Spade,C,medium,false,
Television,"This guest star first showed up on The Dick Van Dyke Show in a recurring role in episode 4, titled “Sally and the Lab Technician.”",David Hedison,Jamie Farr,Dennis Weaver,Gary Burghoff,B,medium,false,
Television,"In episode #13 of The Dick Van Dyke Show, titled “Empress Carlotta’s Necklace,” this guest star played Mels cousin.",Marty Ingels,Allan Melvin,Gavin MacLeod,Bob Denver,C,medium,false,
Television,"This guest star played a reverend in episode #31of The Dick Van Dyke Show, titled “A Word a Day.”",Art Carney,William Shallert,Gale Gordon,Henry Gibson,B,medium,false,
Television,"In episode #24 of The Dick Van Dyke Show, titled “The Twizzle,” this guest star played the part of Randy Twizzle’s father.",Hugh Beaumont,Desi Arnaz,Jack Albertson,Dan Rowan,C,medium,false,
Television,"Which singer played one of Sally’s beaus in episode #38 of The Dick Van Dyke Show, titled “Like a Sister”?",Bobby Darin,Vic Damone,Dean Martin,Paul McCartney,B,medium,false,
Television,"In episode #53 of The Dick Van Dyke Show, titled “Give Me Your Walls,” this guest star played a house painter.",Vito Scotti,Alan Hale,Jack Dodson,Richard Long,A,medium,false,
Television,"What guest star is featured in episode #57 of The Dick Van Dyke Show, titled “Racy Tracy Rattigan”?",Russell Johnson,Dick York,Bob Crane,Richard Dawson,D,medium,false,
Television,"Who played Uncle George in episode #68 of The Dick Van Dyke Show, titled “Uncle George”?",Arthur O’Connell,Hayden Rorke,Denver Pyle,Henry Beckman,C,medium,false,
Television,This actor played Big Max Calvada in the self-titled episode of The Dick Van Dyke Show.,Jerry Paris,Danny Thomas,Sheldon Leonard,Carl Reiner,C,medium,false,
Television,"Who plays the ex-policeman in the card game in episode #81of The Dick Van Dyke Show, titled “A Nice Friendly Game of Cards”?",Chuck Connors,Ed Platt,Karl Malden,Raymond Burr,B,medium,false,
Television,In what year was Quantum Leaps pilot episode aired?,1989,1990,1991,1988,A,medium,false,
Television,"Sam Beckett, the protagonist of the TV series Quantum Leap, was from this state.",New York,Illinois,Indiana,Michigan,C,medium,false,
Television,Which one of Sams brothers went to Vietnam on the TV show Quantum Leap?,Tom,Johnny,Chris,Ralph Malph,A,medium,false,
Television,Quantum Leap character Al was a Rear Admiral in the U.S. Navy.,True,False,,,A,medium,false,
Television,"On the TV show Quantum Leap, Sam can travel through time from the year 0 to infinity.",True,False,,,B,medium,false,
Television,What is the name of the computer that assists Sam and Al on the TV show Quantum Leap.,Whopper,Apple,Iggy,Ziggy,D,medium,false,
Television,"In an episode of Quantum Leap, Sam was this notorious killer.",Lee Harvey Oswald,John Wilks Booth,Jack the Ripper,Adolph Hitler,A,medium,false,
Television,Quantum Leap character Sam never leaps into which of the following?,A womans body,A U.S. President,A pilot,A soldier,B,medium,false,
Television,"In the sci-fi TV series Quantum Leap, Sam is married in his real life and doesnt recall his wife while leaping.",False,True,,,B,medium,false,
Television,One episode of Quantum Leap focuses on Al being a P.O.W.,False,True,,,B,medium,false,
Television,Who is credited with creating 60 Minutes?,Mark Tinker,Morley Safer,Norman Lear,Don Hewitt,D,medium,false,
Television,"Richard Salant, former CBS President of the News Division, supported the concept for the show 60 Minutes.",False,True,,,A,medium,false,
Television,From 1971 to 1979 60 Minutes featured a debate segment called what?,Point /Counterpoint,The News Debate,Pro/Con,Kilpatrick vs. Alexander,A,medium,false,
Television,"Which of the original reporters for 60 Minutes, who retired in 2006, became famous for his confrontational style of interviewing?",Mike Wallace,Morley Safer,Ed Bradley,Harry Reasoner,A,medium,false,
Television,Who was the first female reporter on the show 60 Minutes?,Rory Gilmore,Diane Sawyer,Meredith Vierra,Leslie Stahl,B,medium,false,
Television,Which reporter for 60 Minutes was born in 1931 in Toronto?,Morley Safer,Ed Bradley,Steve Krofts,Martyn Le Bruche,A,medium,false,
Television,"Which reporter joined 60 Minutes, after Dan Rather left the show to replace Walter Cronkite as the CBS news anchor?",Morley Safer,Harry Reasoner,Ed Bradley,Meredith Vierra,C,medium,false,
Television,Which statement regarding the show 60 Minutes is true?,The show began as a semi-weekly hour show on CBS on 9/ 24 /1968.,The show began as a weekly hour show on CBS on 9/ 24 /1968.,The show began as a monthly show on CBS on 9 /24 /1971.,The show began as a weekly hour show on CBS on 9 /24 /1971.,A,medium,false,
Television,Who replaced Harry  Reasoner on the show 60 Minutes in 1969?,Morley Safer,Steve Krofts,Ed Bradley,Meredith Vierra,A,medium,false,
Television,"Which 60 Minutes reporter was famous for his hard-hitting reporting of Vietnam atrocities, the troubles in Northern Ireland, and in Nigeria?",Morley Safer,Dan Rather,Mike Wallace,Steve Krofts,A,medium,false,
Television,What best describes the format of the show 60 Minutes?,"Two news stories, one two-minute Op-Ed piece","Three news stories, no graphics, one short Op-Ed piece","Four news stories, one ten-minute Op-Ed piece",Varying number of stories and one short Op-Ed piece,B,medium,false,
Television,The creator of the show 60 Minutes describes its format as a blend of higher Murrow and lower  Murrow. What does that mean?,The show presents all points of  view.,The show originally featured reporters from several  Edward R. Murrow shows.,The show combines investigative stories with profiles of famous people .,The show will constantly go for the throat  when the stories could give high ratings.,C,medium,false,
Television,Which former 60 Minutes reporter was ABC co-anchor with Barbara Walters?,Harry Reasoner,Don Hewitt,Mike Wallace,Morley Safer,A,medium,false,
Television,Which 60 Minutes reporter earned an Emmy for his report on the AIDS epidemic in Africa?,Morley Safer,Stanley Crouch,Meredith Vierra,Ed Bradley,D,medium,false,
Television,Segments on Saturday Night Live aped the 60 Minutes debates. Who were the comics who portrayed the debaters?,Dan Akroyd and Jim Belushi,Jane Curtain and Larraine Newman,Dan Akroyd and Eddie Murphy,Dan Akroyd and Jane Curtain,D,medium,false,
Television,In 1996 the debate segment of the show 60 Minutes had a new name. What was it?,Bush / Clinton,Clinton / Dole,Pro / Con,Bush / Gore,B,medium,false,
Television,"What big change regarding the show 60 Minutesoccurred in October 29, 2006?",An extra story was added each week.,The opening sequence went from a black background to a white background.,Bill Bradley took over as the lead reporter.,Four new reporters were added.,B,medium,false,
Television,"The show 60 Minutes was a top ten show for how many seasons in a row, starting in 1977?",16,15,23,9,C,medium,false,
Television,Which of these was never a 60 Minutes reporter?,Lara Logan,Bill OReilly,Anderson Cooper,Scott Pelley,B,medium,false,
Television,"In 1982, the show 60 Minutes was forced to issue a retraction of a Mike Wallace piece. Who was the person involved in the smear?",Singer L.L. Cool J.,Henry Kissinger,General William Westmoreland,Senator Trent Lott,C,medium,false,
Television,"In 1986, it was reported on the show 60 Minutes that a certain car accelerated while in park. What car was it?",Corvette,Pontiac,Hyundai,Audi,D,medium,false,
Television,"In 1991, 60 Minutes did a piece on Werner Erhard. Who was he?",The majority owner of Enron,The leader of the Scientology movement,The founder of the EST movement,The leader of the Aryan nation,C,medium,false,
Television,"In 1999, CBS had a second edition of the show 60 Minutes, called what?",30 Minutes,"60 Minutes , Jr.",Did You Ever Notice?,60 Minutes II,D,medium,false,
Television,The show 60 Minutes was parodied in an episode of The Simpsons which was a spoof of The Shining.,True,False,,,A,medium,false,
Television,Futurama parodies the show 60 Minutes in an episode called Sixty Minutes: After Dark.,True,False,,,B,medium,false,
Television,"Which 60 Minutes reporter has won numerous Emmy Awards, including the lifetime achievement Emmy, Overseas Press Awards, Peabody Awards, the Robert F. Kennedy Journalism Award for the report ,“School for the Homeless”, and a Paul White Award in journalism?",Diane Sawyer,Morley Safer,Mike Wallace,Ed Bradley,B,medium,false,
Television,"Which reporter died in November, 2006?",Ed Bradley,Scott Whaley,Morley Safer,Harry Reasoner,A,medium,false,
Television,The show 60 Minutes once featured this Senator who may have misused state funds.,Georeg Allen,Al DAmato,Trent Lott,Paul Arohnson,B,medium,false,
Television,An expose by the show 60 Minutes resulted in the filming of the movie The Insider. What company was involved?,Marlboro,Enron,Ligget and Meyers,Brown and Williamson,D,medium,false,
Television,"In the movie Drop Dead Gorgeous, the character played by Kirsten Dunst wants to win a beauty pageant and be a reporter just like whom?",Katie Curic,Leslie Stahl,Diane Sawyer,Meredith Vierra,C,medium,false,
Television,What was the last year Newhart aired?,1988,1991,1986,1990,D,medium,false,
Television,"What was the last name of inn owner Dick, played by Bob Newhart?",Lufton,Loudon,London,Lipton,B,medium,false,
Television,"This actress, born Mary Frances Luecke, played Dicks wife Joanna on the TV show Newhart?",Mary Martin,Mary Frances,Mary Frann,Marilou Henner,C,medium,false,
Television,What is the name of the inn Dick and Joanna own and operate on the Newhart show?,Stamford,Stafford,Stratford,Stanford,C,medium,false,
Television,"On the Newhart show, what are the two other occupations Dick has in addition to owning and operating the inn?",tour guide and TV show host,author and handyman,author and TV show host,handyman and tour guide,C,medium,false,
Television,What is the name of the TV show Dick hosts in the TV series Newhart?,Good Morning Vermont,Vermont Today,Meet the Press,Vermonts Local Celebrities,B,medium,false,
Television,What type of books does Dick write on the Newhart show?,mysteries,history,romance novels,how-to books,D,medium,false,
Television,"What was the name of the spoiled, shallow maid featured on the Newhart show?",Stephanie Vanderkellen,Julia VanCleef,Leslie Vanderkellen,Suzanne Pleshette,A,medium,false,
Television,"The fictional Minuteman Cafe, located next door to the inn, was originally owned by Kirk Devane, but later in the Newhart series it was owned by three brothers. What were their names?","Alvin, Theodore and Simon","Huey, Luey and Dewy","Larry, Darryl and Darryl","Darryl, David and David",C,medium,false,
Television,What was the name of the inns eccentric handyman on the Newhart show?,Jim Dixon,Michael Scolari,George Utley,Chester Wanamaker,C,medium,false,
Television,What is the source of the Saiyans power in the Dragon Ball Z series?,Super battle armor,Fuzzy tails,Their reserve of Ki energy,Giant hair,C,medium,false,
Television,"In the Dragon Ball Z series, Saiyans lose their power if they happen to lose what part of their body?",arms,tail,nose,hair,B,medium,false,
Television,What is the name of Gokus powerful beam blast attack in Dragon Ball Z?,kamehameha,death blaster,beam blaster,karate chop,A,medium,false,
Television,"Goku, the main character of the Dragon Ball series, had how many kids?",2,99,1,6,A,medium,false,
Television,Who created the powerful dragon balls in the Dragon Balls series?,Mystic Spirits,Guru,Cell,Goku,B,medium,false,
Television,"In the Dragon Ball Z series the evil tyrant Dragon Jr. has a team of henchmen, named the Spice Boys. Which of these is not a member of the team?",Mustard,Ketchup,Vinegar,Salt,B,medium,false,
Television,Which Saiyan warrior is Gokus father in the Dragon Ball series?,None of these,Goten,Bardock,Gohan,C,medium,false,
Television,"How old was Gohan, a character from the Dragon Ball series, when he became a Super Saiyan?",12,13,14,17,A,medium,false,
Television,Which fictional character of the Dragon Series is Gokus wife?,Omi,Mi Mi,Chi Chi,Pepper,C,medium,false,
Television,Has Goku ever died in the Dragon Ball series?,Yes,No,,,A,medium,false,
Television,Who created fictional character the Saint from the TV series of the same name?,Leslie Charteris,P.G. Wodehouse,Rosemary Sutcliff,Kenneth Grahame,A,medium,false,
Television,Which actor portrayed the Saint in the 1960s TV serial of the same name?,Tom Courtney,Roger Moore,Stanley Baker,Albert Finney,B,medium,false,
Television,"In TV series The Saint, what is the Saints actual name?",Artemus Gordon,Simon Templar,James West,Arsene Lupin,B,medium,false,
Television,"In the 1960s TV series The Saint, the protagonist owns what type of car?",Volvo P1800,Datsun,Citroen DS 19,Lada,A,medium,false,
Television,What police inspector harasses the Saint often in the 60s TV series of the same name?,Jacques Clouseau,Jules Maigret,Claude Eustace Teal,Frank Debrin,C,medium,false,
Television,"The actor playing the main role in TV serial The Saint, also portrayed this character.",Jim Phelps,James Bond,Napoleon Solo,Leonard (Bones) McCoy,B,medium,false,
Television,The Saints pilot episode aired in this year.,1960,1968,1965,1962,D,medium,false,
Television,"The last episode of The Saint aired in this year, which coincided with the premiere of On Her Majestys Secret Service, the sixth James Bond movie.",1967,1969,1975,1972,B,medium,false,
Television,"Best known for personifying Miss Moneypenny in the James Bond movies, this Canadian actress starred several times in the British television series The Saint.",Eva Marie Saint,Kim Novak,Lois Maxwell,Tippi Hedren,C,medium,false,
Television,"On the TV show Gilmore Girls, Lorelai broke off (at least once) with which of her loves?",All of these,Luke,Chris,Jason,A,medium,false,
Television,Which of her loves did Lorelai leave at the altar in the TV series Gilmore Girls?,Jason,Luke,None of these,Chris,C,medium,false,
Television,Which one of Lorelais loves on Gilmore Girls had a thing about having someone sleeping next to him at night?,Chris,Luke,Jason,None of these,C,medium,false,
Television,Which two of Lorelais loves on Gilmore Girls allow their daughters to interfere with their relationship with Lorelai?,Luke and Chris,None,Luke and Jason,Jason and Chris,A,medium,false,
Television,Which of her loves was Lorelai able to hide from her parents on the TV show Gilmore Girls?,Chris,None of these,Luke,Jason,B,medium,false,
Television,Lorelai and Luke reconciled at the end of the series Gilmore Girls?,True,False,,,A,medium,false,
Television,What reason did TV character Lorelai Gilmore give for not marrying Chris the first time he proposed?,You need to find out what youre going to do with your life.,You need to grow up.,Were not ready for marriage,All of these,D,medium,false,
Television,"Think about the characters of Chris, Jason and Luke on Gilmore Girls. What is specific about Lorelais relationships?",None of these,"She obviously goes for a specific type of man, all three seem to fit together.",While their personalities are similar they are physically very different.,"While physically similar (dark hair, tall, good looking), they are three very different personality types.",D,medium,false,
Television,Why wasnt Chris the perfect man for Lorelai in the series Gilmore Girls?,He had a hard time dealing with a man/woman friendship.,She was on the rebound and still loved Luke.,They both moved too fast and married even though they both knew that they had issues needing to be resolved.,All of these,D,medium,false,
Television,Cartoon Networks first program that was geared more toward the adult audience was Space Ghost: Coast to Coast.,False,True,,,B,medium,false,
Television,Williams Street Studios produces Adult Swim programming.,True,False,,,A,medium,false,
Television,Family Guy is a part of Adult Swims original programming.,True,False,,,B,medium,false,
Television,Who created the show Robot Chicken which first aired on Adult Swim?,Seth Green,Seth McFarlane,Seth Myers,Joe Swanson,A,medium,false,
Television,Can you name the members of the Griffin family on the series Family Guy?,"Brian, Peter, Lois, Meg, Tom and Glenn","Peter, Lois, Chirs, Meg, Stewie and Brian","Cleveland, Lois, Chirs, Tom, Stewie and Brian","Peter, Lois, Joe, Glenn, Stewie and Brian",B,medium,false,
Television,"What is the name of the animated series on Adult Swim that stars Killface, Xander Crews/Awesome X and the Xtacles?",Whiskey Dingo,Frisky Dingo,Frisky Tango,Whiskey Tango Six,B,medium,false,
Television,Most of the shows on Adult Swim are only 11 minutes long aired in 15 minute blocks. Which of the following groups consists of shows that are actually 22 minutes long and air in 30 minute blocks?,"Johnny Bravo, The Oblongs, Sealab 2021, Space Ghost and ATHF","Family Guy, Futurama, Bleach, The Oblongs and The Boondocks","Frisky Dingo, Bleach, Harvey Birdman, ATHF and Bleach","ATHF, Moral Orel, Frisky Dingo, The Venture Bros. and Space Ghost",B,medium,false,
Television,What animated series on Adult Swim centers around the day-to-day activities of a law firm staffed mainly by superheroes/villains from 1960s era cartoons?,The Boondocks,Harvey Birdman,Moral Orel,Space Ghost,B,medium,false,
Television,How many cylon models are there in the series Battlestar Galactica?,13,Millions,7,12,D,medium,false,
Television,What is the relation between Battlestar Galactica characters Lee Apollo Adama and William Adama?,They are brothers,They are son and father,They are cousins,They have no relation.,B,medium,false,
Television,"In the opening episode of season one of Battlestar Galactica, after how many minutes would the cylons find Galactica?",every 45 minutes,every half hour on the hour,on the hour every hour,every 33 minutes,D,medium,false,
Television,What is the name of the mythic home planet which is the birthplace and original home of humanity in the series Battlestar Galactica?,Kobol,Cobolt,Caprica,Cabol,A,medium,false,
Television,The main characters in the series Battlestar Galactica were sure of the existence of Earth.,False,True,,,A,medium,false,
Television,What is the model number of the cylon that Prof. Baltar sees in his mind in Battlestar Galactica?,Two,Nine,Twelve,Six,D,medium,false,
Television,"In Battlestar Galactica, humans are monotheistic, and the cylons worship many gods of Greek mythology.",True,False,,,B,medium,false,
Television,What happened to Battlestar Galactica character Admiral Cain?,She was relieved of command by President Roslyn.,She gave up her command and leads a quiet life as a civilian.,She was shot by a cylon.,She deserted and her whereabouts remain unknown.,C,medium,false,
Television,"What was the name of the man in the Buffy series, who ran the runaway center, which in reality was a demon dimension where runaways worked until they were too old to be useful?",Joshua,Ken,Rob,Jacob,B,medium,false,
Television,"In Buffy the Vampire Slayer, which of these is NOT on Ozs list of different types of parties?",a shindig,a gathering,a hootenanny,a blow-out,D,medium,false,
Television,"What classic monster does Pete, Debbies jealous and abusive boyfriend in season 3 of Buffy the Vampire Slayer, closely resemble?",Dracula,Dr Jekyll and Mr Hyde,the Wolfman,Frankenstein,B,medium,false,
Television,"In season 3 of the Buffy series, in an unprecedented event at Sunnydale High, Buffy and Cordelia were both crowned Homecoming Queen.",False,True,,,A,medium,false,
Television,What animal did Amy change into to prevent being burned at the stake in season 3 of Buffy the Vampire Slayer?,rat,cat,snake,raven,A,medium,false,
Television,"When Buffy the Vampire Slayer temporarily loses her slaying powers, how does she manage to defeat the vampire Kralik?",She burns down the house hes in.,She tricks him into drinking Holy Water.,"She gets her powers back in the nick of time, and easily stakes him.",She is barely able to decapitate him with an ax.,B,medium,false,
Television,Which characters evil vampire counterpart made an appearance in Sunnydale in season 3 of Buffy the Vampire Slayer?,Willow,Oz,Xander,Buffy,A,medium,false,
Television,What facial feature was missing from the demon Buffy killed in the third season of the series in order to gain the ability to read others minds?,ears,eyes,mouth,nose,C,medium,false,
Television,Which of these awards was actually given to a Scooby gang member at prom in season 3 of Buffy the Vampire Slayer?,Cordelia - Prettiest,Willow - Smartest,Buffy - Class Protector,Xander - Class Clown,C,medium,false,
Television,"Prior to graduation, who was the only known Buffy character to see a pure demon?",Giles,Angel,Anya,Buffy,C,medium,false,
Television,Which of these Buffy characters did NOT die at graduation?,Principal Snyder,Larry,Harmony,Wesley,D,medium,false,
Television,Which actor played Rob Petrie in the pilot episode of The Dick Van Dyke Show?,Sid Caesar,Carl Reiner,Art Carney,Morey Amsterdam,B,medium,false,
Television,Who played Laura Petrie in The Dick Van Dyke Show pilot episode?,Tina Louise,Barbara Britton,Mary Tyler Moore,Jacqueline Susanne,B,medium,false,
Television,"Who played Sally Rogers in Head of the Family, the pilot episode of The Dick Van Dyke Show?",Agnes Moorhead,Sylvia Miles,Emmaline Henry,Rose Marie,B,medium,false,
Television,Who played Buddy Sorrell in the pilot episode of The Dick Van Dyke Show?,Don Knotts,Morty Gunty,Dick Martin,Paul Lynde,B,medium,false,
Television,Which actor played Ritchie Petrie in the pilot episode of The Dick Van Dyke Show?,Larry Matthews,Clint Howard,Ron Howard,Gary Morgan,D,medium,false,
Television,"In the pilot episode of The Dick Van Dyke Show, Rob’s last name, Petrie, is pronounced “pet-tree.”",False,True,,,A,medium,false,
Television,"In the pilot episode of The Dick Van Dyke Show, what does Laura find when she goes to throw something away in the garbage can under the kitchen sink?",a mouse,a raccoon,a cat,Ritchie,D,medium,false,
Television,Which television show does Rob Petrie write for in the pilot episode of The Dick Van Dyke Show?,the “Sid Caesar Show”,the “Alan Brady Show”,the “Alan Sturdy Show”,the “Johnny Carson Show”,C,medium,false,
Television,"In the pilot episode of The Dick Van Dyke Show, Laura says that Rob’s television show airs on this day of the week.",Friday,Saturday,Tuesday,Sunday,D,medium,false,
Television,What does Rob do in the pilot episode of The Dick Van Dyke Show to prove to Ritchie that he has an important job?,takes Ritchie to work with him,punches out Jerry,makes Ritchie watch his television show,shows him his paycheck,A,medium,false,
Television,Where was Season 1 of The Real World filmed?,Los Angeles,New York,Denver,Miami,B,medium,false,
Television,"Which two cast members of The Real World, Season 1 had an attraction to each other?",Heather  Kevin,Julie  Eric,Becky  Andre,Julie  Kevin,B,medium,false,
Television,"In season 1 of The Real World, the girls spent a week on what island?",Hawaii,Bahamas,Puerto Rico,Jamaica,D,medium,false,
Television,Eric Nies did a commercial for what cologne during Season 1 of The real World?,Jovan Musk,Obsession,CK One,All Spice,A,medium,false,
Television,"Kevin Powell, a cast member of The Real World, Season 1, is an accomplished writer.",False,True,,,B,medium,false,
Television,What two basketball players did Kevin and Heather meet in Season 1 of The real World?,Larry Johnson  Isiah Thomas,Mark Jackson  Larry Bird,Charlie Ward  Rick Fox,Marcus Camby  Alonzo Mourning,A,medium,false,
Television,"Heather Gardner, aka Heather B. had a record called Mr. Sunshine.",True,False,,,B,medium,false,
Television,"Jack Nies, the father of Eric Nies from The Real World, is a NFL referee.",False,True,,,A,medium,false,
Television,What is Harms full name on the TV show JAG?,David Harmon Jr.,Rabb Harmon Jr.,Harmon Rabb Jr.,James Harmon Jr.,C,medium,false,
Television,JAG character Harm flew F-14 Tomcats before he was diagnosed with night blindness.,False,True,,,B,medium,false,
Television,What does JAG character Mac avoid because of past experiences?,None of these,Navy boys,Alcohol,Drugs,C,medium,false,
Television,Chegwidden was the leader of the fictional JAG corps.,False,True,,,B,medium,false,
Television,What was Harm trying to complete at the end of the series JAG?,His college degree,None of these,His quals to fly again,His eyesight test,C,medium,false,
Television,"In the TV series JAG, Mac has always been a major in the United States Maine Corps.",True,False,,,B,medium,false,
Television,What was Harms fathers call sign on the TV show JAG?,Lobo,Jumper,Ace,Hammer,D,medium,false,
Television,Is Harm from the TV show JAG a lawyer?,Yes,No,,,A,medium,false,
Television,What is the name of Harms bi-plane on the TV show JAG?,Mac,Sarah,Rita,Shella,B,medium,false,
Television,NCIS was a spinoff from what popular show?,Law and Order,Cold Case,JAG,C.S.I,C,medium,false,
Television,"Who plays Special Agent Leroy Jethro Gibbs, the lead character of the show NCIS?",Scott Bakula,Mark Harmon,Don Johnson,David Duchovny,B,medium,false,
Television,In what city is the TV show NCIS set?,Washington D.C.,New York City,Baltimore,Philadelphia,A,medium,false,
Television,Michael Weatherly plays this wise cracking special agent on the show NCIS.,Trent Cort,Anthony Dinozzo,Timothy McGee,Jimmy Palmer,B,medium,false,
Television,"On the TV show NCIS, the chief medical examiner Donald Mallard goes by what nickname?",Chiefy,Goose,Ducky,Quaker,C,medium,false,
Television,In what year did the TV show NCIS premiere on CBS?,2001,2003,2002,2000,B,medium,false,
Television,Who plays the tattooed forensic specialist Abby Sciuto on the show NCIS?,Lauren Holly,Pauley Perrette,Cote de Pablo,Sasha Alexander,B,medium,false,
Television,This special agent replaced Kate Todd who was shot and killed at the end of season 2 of NCIS.,Michelle Lee,Ziva David,Jenny Shepard,Timothy McGee,B,medium,false,
Television,Special Agent Jethro Leroy Gibbs trained under this man when arriving at NCIS.,Mike Franks,Hollis Mann,Leon Vance,Gerald Jackson,A,medium,false,
Television,"On the TV show NCIS, Special Agent Timothy McGee is a computer expert and it is revealed that he graduated from this school.",Florida State,Yale,MIT,UCLA,C,medium,false,
Television,In what major city was The Drew Carey Show set?,New York,Cincinnati,Cleveland,Chicago,C,medium,false,
Television,The Drew Carey show debuted in 1995 and ran until what year?,1999,2002,2000,2004,D,medium,false,
Television,"In the self-titled show, Drew Carey worked in which major department store?",Higbees,Winfred-Lauder,Sears,Macys,B,medium,false,
Television,In what department of the store does Drew work in The Drew Carey Show?,Sporting Goods,Big and Tall Mens Wear,Personnel,Accounting,C,medium,false,
Television,"In The Drew Carey Show, Drew gets his tomboy friend Kate a job in this department of the store.",Lingerie,Womens Clothing,Sporting Goods,Cosmetics,D,medium,false,
Television,"At one point in The Drew Carey Show, Drew was in a same sex marriage.",True,False,,,A,medium,false,
Television,What was the name of Drews major female nemesis on The Drew Carey Show?,Marie,Mamie,Maxie,Mimi,D,medium,false,
Television,"Beside the outrageous pranks Mimi pulls on Drew on The Drew Carey Show, what makes this character very memorable?",She has a very large nose.,She is flamboyantly gay.,She wears outrageous makeup and clothing.,She has extremely large feet.,C,medium,false,
Television,By what unflattering nickname does Mimi constantly call Drew on The Drew Carey Show?,Bovine,Cow,Dog,Pig,D,medium,false,
Television,"In 2007, Drew Carey became the host of The Price is Right.",False,True,,,B,medium,false,
Television,What did Xander say to Willow prior to their almost-kiss in the Buffy episode titled When She Was Bad?,I like you.,Help! Im falling!,"I mock you with my ice cream cone, Amish guy!","If the vampires kill us, I dont want to die without love.",C,medium,false,
Television,"How did Daryl, the Frankenstein-like monster, die for the first time in season 2 of Buffy the Vampire Slayer?",A rock climbing accident,A car accident,A motorcycle accident,A freak football accident,A,medium,false,
Television,In what European city did the idiot mob nearly kill Drusilla in the second season of the TV show Buffy the Vampire Slayer?,Prague,Berlin,Madrid,London,A,medium,false,
Television,"In season 2 of Buffy the Vampire Slayer, how did Buffy and the gang figure out the mummy at the museum was their classmate, Rodney?",The mummy had braces.,The mummy was a guy.,The mummy had a tattoo.,"They performed a spell, and the mummy told them.",A,medium,false,
Television,What is the name of the snake demon Buffy is almost sacrificed to in the second season of the popular TV series?,Lazzaro,Echinoderm,Hisser,Machida,D,medium,false,
Television,Which character-costume combination is NOT correct?,Cordelia-serving wench,Willow-ghost,Xander-soldier,Buffy-noblewoman,A,medium,false,
Television,"In season 2 of Buffy the Vampire Slayer, Spike hired the Order of Taraka to assassinate Buffy. How can you recognize a member of the Order?",by a ring they wear,by the scars they have,by their green skin,by a tattoo they have,A,medium,false,
Television,"In Buffy the Vampire Slayer, one of Joyces few dates in Sunnydale was with a man named Ted. What was Ted?",a vampire,"nothing, he was a man",a sorcerer,a robot,D,medium,false,
Television,"In season 2 of Buffy the Vampire Slayer, who were the only members of the Scooby Gang not under the influence of the demon Bezoar eggs?",Buffy and Willow,Buffy and Cordelia,Buffy and Giles,Buffy and Xander,D,medium,false,
Television,Why couldnt the Judge kill Angel in the second season of the TV show Buffy the Vampire Slayer?,Angel tricked the judge.,The Judge had gone too long without killing.,Angels will was too strong.,Angel had no humanity in him.,D,medium,false,
Television,How many nights a month does Oz become a werewolf in season 2 of Buffy the Vampire Slayer?,4,3,1,2,B,medium,false,
Television,Where is Jenny Calendar killed in the TV series Buffy the Vampire Slayer?,at school,at the Bronze,at her house,at Giles s apartment,A,medium,false,
Television,What is the name of the doctor Buffy suspects of killing the children in the hospital in the second season of Buffy the Vampire Slayer?,Dr. Hope,Dr. Morris,Dr. Backer,Dr. Pinkerton,C,medium,false,
Television,"In season 2 of Buffy the Vampire Slayer, this character was the last person possessed by the ghost of Grace Newman.",Jenny,Angelus,Buffy,Willow,B,medium,false,
Television,What is the name of the demon Angelus tries to awaken in season two of the Buffy series to suck the world into Hell?,Kakistos,Acathla,Absalom,Illyria,B,medium,false,
Television,Which of these is NOT a reason Spike likes Earth as it is according to season 2 of Buffy the Vampire Slayer?,beaches,people,Manchester United,dog racing,A,medium,false,
Television,"In the TV series The Sopranos, Christopher Multisanti is Tonys nephew.",True,False,,,B,medium,false,
Television,"On the TV drama The Sopranos, Adriana is picked up by the FBI for the following reason.",Prostitution,Ilegal Parking,Drug Possession,Accessory in a murder,D,medium,false,
Television,What brand is the red car of fictional character Tony Soprano?,Dodge Dakota,Toyota HIghlander,Chevrolet Suburban,Lexus 460,C,medium,false,
Television,"In the TV series The Sopranos, Christophers first hit takes place in this establishment.",The Bada Bing,Satriales,Christophers apartment,Vesuvios,B,medium,false,
Television,"What gift does fictional character Tony Soprano bring to his mother Livia, when he visits her in the Retirement Community?",Cookies,Cannoli,Spaghetti,Lasagna,A,medium,false,
Television,Where in New Jersey is Tonys mansion according to the TV series The Sopranos?,Secaucus,North Caldwell,West Orange,Short Hills,B,medium,false,
Television,What is the name of the boat on which Big Pussy is executed on the TV show The Sopranos?,It has no name.,Sicilia,Cruiser,Stugots,A,medium,false,
Television,Who played Augustus McCrae in the mini series Lonesome Dove?,Robert Duvall,Tommy Lee Jones,Robert Urich,Rick Schroeder,A,medium,false,
Television,Who portrayed Woodrow Call in the Lonesome Dove mini series?,Tommy Lee Jones,Danny Glover,Robert Urich,Rick Shroeder,A,medium,false,
Television,"In the series Lonesome Dove, Gus is revealed to be Newts father.",False,True,,,A,medium,false,
Television,"What was the odd name of the sheriff of Fort Smith, Arkansas in the western series Lonesome Dove?",February Smith,July Johnson,September Mourning,August Summers,B,medium,false,
Television,What is the name of the prostitute who is the object of mens affections in the mini series Lonesome Dove?,Loreena Wood,Wendy Lassiter,Lori West,Lena Wyler,A,medium,false,
Television,How does Gus die in the Lonesome Dove series?,He is scalped by Indians.,He is bitten by a poisonous snake.,He dies from blood poisoning from an untreated arrow wound.,He dies from a bullet wound.,C,medium,false,
Television,"In the mini series Lonesome Dove, before he dies, Gus makes a bizarre request of Call. What is it?",Not to tell any of the men he died,To give his half of the herd to Lorena,To bury him in Montana,To take his body back to Texas for burial,D,medium,false,
Television,"Robert Urich, who played Jake Spoon in Lonesome Dove, guest starred in this 1970s sitcom in which his character was shot, stabbed, suffocated and bludgeoned to death.","Mary Hartman, Mary Hartman",Vegas,Dark Shadows,Soap,D,medium,false,
Television,Who wrote the novel on which the mini series Lonesome Dove was based?,Larry McMurtry,Anne Rice,Louis Lamour,Stephen King,A,medium,false,
Television,Which of these TV shows starred Dylan and Cole Sprouse?,Hannah Montana,As the Bell Rings,Thats So Raven,The Suite Life of Zack  Cody,D,medium,false,
Television,Billy Ray Cyrus plays Mileys dad on the TV show Hannah Montana.,True,False,,,A,medium,false,
Television,What TV show centers around a character named Raven Baxter?,The Suite Life on Deck,SpongeBob SquarePants,The X Factor,Thats So Raven,D,medium,false,
Television,Joe Jonas is related to Nick and Kevin Jonas.,False,True,,,B,medium,false,
Television,"Who played Maddie Fitzpatrick, the candy-counter girl at the fictional Tipton Hotel?",Jessica Alba,Ashley Tisdale,Monique Coleman,Vanessa Hudgens,B,medium,false,
Television,What year was Joe Jonas born?,1989,1988,1986,1987,A,medium,false,
Television,What year did the Disney Channel movie Jump In! premier?,2008,2007,2006,2009,B,medium,false,
Television,"Was Miley Cyrus, the star of Hannah Montana, born Destiny Cyrus?",Yes,No,,,A,medium,false,
Television,In what year was the Disney movie The Cheetah Girls released?,2003,2006,2009,2005,A,medium,false,
Television,What year did One Life to Live premiere?,1968,1960,1970,1966,A,medium,false,
Television,Nora Hanen from the TV show OLTL was once married to RJ Gannon.,False,True,,,A,medium,false,
Television,Blair Cramer has survived breast cancer on the soap opera One Life to Live.,True,False,,,B,medium,false,
Television,How many times has Asa Buchannon married Renee on the TV show One Life to Live?,4,6,3,5,C,medium,false,
Television,What is the profession of OLTL character Roxanne Balsom?,Hairdresser,Travel Agent,Waitress,Pool Shark,A,medium,false,
Television,"What is the name of the hospital in which Blair Cramers mother, Addie Cramer, resides?",St. Paul,St. Margerets,Bellevue,St. Annes,D,medium,false,
Television,How many children has OLTL character Bo Buchanan had?,4,3,2,1,C,medium,false,
Television,What city was the show Martin set in?,Chicago,Miami,Detroit,Cleveland,C,medium,false,
Television,"What job did Martin, the protagonist of the TV show Martin, have after getting fired from the radio station?",Mail Carrier,Talk Show Host,All of these,Floor Buffer,C,medium,false,
Television,What part of Ginas body did everyone make fun of on the sitcom Martin?,Teeth,Lips,Ears,Head,D,medium,false,
Television,Which of these stars appeared on the show Martin?,Rapper Notorious B.I.G.,Billy Dee Williams,Kim Fields,All of these,D,medium,false,
Television,A scandal of sexual harassment between Martin Lawrence and Tisha Campbell led to the demise of the show Martin.,True,False,,,A,medium,false,
Television,"On the TV show Martin, what was the name of Martins boss at the WZUP radio station?",Dan,Sean,Ron,Stan,D,medium,false,
Television,What was the name of Ginas best friend on the TV show Martin?,Sam,Erika,Pam,Rhodesia,C,medium,false,
Television,What is Mileys brothers name on the TV show Hannah Montana?,Ashton,Jackson,Jack,Mike,B,medium,false,
Television,Is Truscott the family name of Mileys best friend on the TV show Hannah Montana?,Yes,No,,,A,medium,false,
Television,What is Mileys last name on the Disney Channel show Hannah Montana?,Smith,Connor,Stewart,Cyrus,C,medium,false,
Television,Is Oliver one of Mileys friends on the TV show Hannah Montana?,No,Yes,,,B,medium,false,
Television,Whats Mileys dads name on the popular TV show Hannah Montana?,Cole,Robby,Frank,Bobby,B,medium,false,
Television,Is it true that Oliver is Mileys boyfriend on the TV show Hannah Montana?,No,Yes,,,A,medium,false,
Television,What is the name of the girl that has a crush on Jackson on the TV show Hannah Montana?,Sabrina,Sally,Samantha,Sarah,D,medium,false,
Television,Who owns the place where Jackson works on the TV show Hannah Montana?,Roco,Stan,Rico,Ryan,C,medium,false,
Television,Did Miley go to prom in the TV series Hannah Montana?,No,Yes,,,B,medium,false,
Television,Has Lilly worn glasses on the TV show Hannah Montana?,Yes,No,,,A,medium,false,
Television,"L. Scott Caldwell, who plays Rose Nadler on Lost, has also been on the big screen. She starred alongside Tommy Lee Jones in this 1993 thriller.",Dantes Peak,The Fugitive,Blown Away,Under Siege,B,medium,false,
Television,"Harold Perrineau, who plays Michael on Lost, also starred in The Matrix Reloaded.",False,True,,,B,medium,false,
Television,"Actor Naveen Andrews, who portrayed Lost character Sayid, starred in 2002s Wild West with Will Smith.",False,True,,,A,medium,false,
Television,"Rodrigo Santoro, who had the brief pleasure of playing Paulo on Lost, starred in what 2003 Drew Barrymore film?",50 First Dates,Charlies Angels: Full Throttle,Charlies Angels,Never Been Kissed,B,medium,false,
Television,"Daniel Day Kim, who plays Jin Kwon on Lost, has been on several television shows. He even made an appearance on Party of Five in 1998.",False,True,,,B,medium,false,
Television,"One of the newer Lost members, Jeff Fahey who plays Frank, got his start in 1968 at the age of 16 on One Life to Live as Gary Corelli. In what 1992 movie did he play Jobe Smith?",The Serpent of Death,Backfire,The Lawnmower Man,Wyatt Earp,C,medium,false,
Television,"We saw Adewale Akinnuoye-Agbaje, known for the role of Eko on Lost, in this 1995 thriller, set in Africa, which was about the quest for a source of diamonds large enough and pure enough to function as a powerful laser communication transmitter.",Congo,Clear and Present Danger,The Mummy Returns,The Bourne Identity,A,medium,false,
Television,"Although we havent seen much of Mira Furlan who plays The French Woman Rousseau on Lost, shes been very active in Yugoslavian cinema. On which of these television series did she have a recurring role as Delenn (from 1994-1998)?",Star Trek Enterprise,Babylon 5,Star Strek Voyager,Deep Space 9,B,medium,false,
Television,"Weve seen quite a bit of Elizabeth Mitchell, who plays Juliet on Lost. Although she wasnt in the first part of this trilogy (1994) about a very merry fellow, she appeared in the last two in 2002 and 2006.",The Lord of the Rings,Star Wars,The Santa Clause,Home Alone,C,medium,false,
Television,"On the TV show The Beverly Hillbillies, Granny always said she grew up in this state.",Tennessee,The Green Mountains,Appalachian Mountains,Ozark Mountains,A,medium,false,
Television,"On the TV show The Beverly Hillbillies, Elly May had many boyfriends. Who was her favorite movie star boyfriend?",Dash Riprock,Dub Creek,Bolt Upright,Charlie Atlas,A,medium,false,
Television,Which of the following actresses and actors appeared on the show The Beverly Hillbillies?,"Johnny Carson, Lester Flatt , Earl Scruggs, Bea Benaderet","John Wayne, Sharon Tate, Pat Boone, Gloria Swanson","Frank Sinatra, Pat Boone, Joey Bishop, Rock Hudson","Phil Silvers, Gloria Swanson, Jimmy Stewart, Billy Graham",B,medium,false,
Television,Which of these is not one of the jobs that Jethro wanted on the TV show The Beverly Hillbillies?,brain surgeon,fry cook,streetcar conductor,mailman,D,medium,false,
Television,Matt Helm (Dean Martin) movies gave TV character Jethro Bodine the idea of becoming a spy.,True,False,,,B,medium,false,
Television,What oil company does Jed sell his oil to on the TV show The Beverly Hillbillies?,Standard oil,OK oil,Getty oil,Ozark oil,B,medium,false,
Television,"On the TV show The Beverly Hillbillies, Jethro was an only child.",False,True,,,A,medium,false,
Television,"Who sang the theme song to The Beverly Hillbillies, The Ballad of Jed Clampett?",Lester Flatt,Roy Clark,Jerry Scoggins,Earl Scruggs,C,medium,false,
Television,"On the sitcom The Beverly Hillbillies, Elly May had many different pets. What was the name of her chimpanzee?",All of them,Skipper,Cousin Bessie,Maybelle,A,medium,false,
Television,What is Manny Santos full first name in the TV series Degrassi: The Next Generation?,Manuella,Samantha,Alice,Limanny,A,medium,false,
Television,Who was Emma Nelsons first boyfriend on the Canadian TV show Degrassi: The Next Generation?,Sean Cameron,Peter Stone,Craig Manning,Jay Hogart,A,medium,false,
Television,Which of these characters did NOT appear in the first season of Degrassi: The Next Generation?,Liberty Van Zandt,Toby Issacs,Ellie Nash,Spinner Mason,C,medium,false,
Television,"Which Degrassi character was a star basketball player, before being shot while at school?",Jimmy Brooks,Craig Manning,J.T. Yorke,Spinner Mason,A,medium,false,
Television,In the TV series Degrassi: The Next Generation Emmas stepfather is also her computer teacher. Whats his name?,Archie Bunker,Archie Simpson,Albert Benton,Albert Scranton,B,medium,false,
Television,"There is one student at the fictional Degrassi school who is always talked about, but never seen. Who is this invisible but popular student?",Miley Stewart,Pim Diffy,Heather Sinclair,Morgan Matthews,C,medium,false,
Television,"In Degrassi: The Next Generation, Ellie Nash dated this character, before she realized he was gay.",Jesse Stefanovic,Sean Cameron,Craig Manning,Marco Del Rossi,D,medium,false,
Television,"Who was Degrassis most popular student in season 1, before alienating all her friends after taking Ecstasy?",Terri,Ashley,Emma,Paige,B,medium,false,
Television,"What is the name of the popular Degrassi hangout, and Spinners place of employment?",The Chicken Club,The Dot,Food and Friends,The Chill Grill,B,medium,false,
Television,What is the name of Sam and Deans mother on the TV series Supernatural?,Mary,Jane,Sally,Fergie,A,medium,false,
Television,"Sam Winchester, from the paranormal drama Supernatural, was born in 1983.",False,True,,,B,medium,false,
Television,Who plays Sam Winchester on the TV series Supernatural?,Jensen Ackles,Bozo the Clown,Elijah Wood,Jared Padalecki,D,medium,false,
Television,"In the episode Skin of the paranormal drama Supernatural, what song is heard when the shape shifter runs from the police?",Dont Fear the Reaper,Highway to Hell,"Hey Man, Nice Shot",Stonehenge,C,medium,false,
Television,"What is the title of episode 5 from season 2 of Supernatural in which the brothers meet the hippie with ability to control minds, Andy Gallagher?",Simon Said,Crossroad Blues,Route 666,Bloody Mary,A,medium,false,
Television,"In an episode of Supernatural, Sam and Deans mother was hunting a green-eyed demon before she mysteriously disappeared.",False,True,,,A,medium,false,
Television,What was Sams girlfriends name in the Supernatural TV series?,Becka,Alyson,Jessica,Mary,C,medium,false,
Television,"On the Supernatural TV series, what do Sam and Dean hunt?",Teddy Bears,Supernatural creatures,Women,Pirate CDs,B,medium,false,
Television,"Dean, from the Supernatural TV series, cares more about hunting than women.",True,False,,,A,medium,false,
Television,What other TV show did Julie Benz (who played Layla in the episode Faith of Supernatural) appear in?,Buffy the Vampire Slayer,All of these,Roswell,Angel,B,medium,false,
Television,On the game show Press Your Luck there was one square that was everyones goal because it offered the largest prize. What was this space called?,Big Money,Guaranteed Cash!,Big Bucks,Windfall,C,medium,false,
Television,"In Star Trek, the Ocampans, a peaceful race of beings that live in the Delta quadrant, have a life expectancy of less than 10 years.",False,True,,,B,medium,false,
Television,"In the Star Trek fictional universe, Andorians were a race of beings who had blue skin and antennae.",False,True,,,B,medium,false,
Television,Which Star Trek series features a race of giant lizard men know as the Gorn?,Star Trek - The Original Series,Star Trek - The Next Generation,Deep Space Nine,Voyager,A,medium,false,
Television,Who is the only child of Larrys manager Jeff Greene on the sitcom Curb Your Enthusiasm?,Madonna,Suzie,Sandi,Sammi,D,medium,false,
Television,What phrase used by Larry in Curb Your Enthusiasm is immediately adopted by the fictional rapper Krazy Eyez Killah?,You ma Ashkenazi!,You ma Caucasian!,You ma mutha!,You ma Oriental!,B,medium,false,
Television,"On the sitcom Curb Your Enthusiasm, manager Jeff Greene who enjoys vintage cars and pornography, was allergic to what?",dogs,cats,peanuts,dieting,A,medium,false,
Television,"Larrys mother, who appears only in the final episode of the series Curb Your Enthusiasm, is portrayed by which veteran sitcom actress?",Shelley Berman,Bea Arthur,Betty  White,Rosemarie,B,medium,false,
Television,"In Curb Your Enthusiasm, what distracting preoccupation does Larry enjoy at Wanda Sykess backyard engagement party?",Clipping his toenails,Snapping gum loudly enough to disrupt normal conversation,Making noise by stomping on bubble wrap,Yodeling,C,medium,false,
Television,Which popular movie actor plays one of the angels Larry meets in heaven in the final episode of Curb Your Enthusiasm?,Jack Nicholson,Paul Newman,Dustin Hoffman,Tom Hanks,C,medium,false,
Television,What legendary basketball star does Larry accidentally injure in the series Curb Your Enthusiasm when his outstretched leg trips the player during a game?,Michael Jordan,Kobe Bryant,Shaquille ONeal,Dennis Rodman,C,medium,false,
Television,"In Curb Your Enthusiasm, this famous director hires Larry to portray a tough Jew in a scene hes shooting in New York City.",Martin Scorsese,Sydney Pollack,Sidney Lumet,Woody Allen,A,medium,false,
Television,Which one of the following entertainers has not appeared in Curb Your Enthusiasm?,Michael Richards,Rosie ODonnell,Ben Stiller,Rob Reiner,A,medium,false,
Television,On the sitcom Curb Your Enthusiasm ex-porn star Gil describes to Larry and his dinner guests the useful and restorative properties of what common ingredient?,Tabasco sauce,Worcester sauce,Crisco,mayonnaise,A,medium,false,
Television,"In the animation series Avatar: The Last Airbender, what is Aangs primary element?",Water,Air,Earth,Fire,B,medium,false,
Television,"In Avatar: The Last Airbender, did Aang invent an air-scooter?",Yes,No,,,A,medium,false,
Television,"In the animated series Avatar: The Last Airbender, Aang knows all of the elements.",True,False,,,B,medium,false,
Television,"In the show Avatar: The Last Airbender, Aang found out he was the Avatar be completing an impossible task.",False,True,,,A,medium,false,
Television,What is the name of Prince Zukos uncle in Avatar: The Last Airbender?,Babo,Zuka,Zudo,Iroh,D,medium,false,
Television,Is Prince Zuko the Avatar in the Avatar: The Last Airbender series?,Yes,No,,,B,medium,false,
Television,"In Avatar: The Last Airbender, does Zukos mother and Kataras mother have anything in common?",No,Yes,,,B,medium,false,
Television,What is the greatest number of characters that Martin has played in one episode on the self-titled show?,3,5,6,4,B,medium,false,
Television,"In episode #6 titled Forever Sheneneh, who did Sheneneh win a date with on Martins radio show?",Play from Kid-N-Play,Martin,Jodeci,Kid from Kid-N-Play,D,medium,false,
Television,"In episode #27 of the show Martin, Martin and Gina try to expose a crooked preacher named Reverend Leon Lonnie Love. Who played the Reverend?",David Alan Grier,Tommy Davidson,D.L. Hughley,Steve Harvey,A,medium,false,
Television,What is the name of Shenenehs hair salon in the TV series Martin?,Sheneneh Fabulous Hair and Nails,ShoNuff Hair Salon,Sheneneh Can ShoNuff Make You Look Fabulous,Shenenehs Bumb-N-Curl,B,medium,false,
Television,"In episode #29 of the sitcom Martin, when Martin goes to his 10-year high school reunion, who plays Pretty Ricky?",Flex Alexander,Michael Jordan,Bill Bellamy,Miguel Nunez,D,medium,false,
Television,"In which episode of the Martin show does Martins mom, Mama Payne, make her first appearance?",Got to be There,To Kill a Talking Bird,Things I Do for Love,Beauty and the Beast,D,medium,false,
Television,What does the character Jerome say every time he comes on screen on the sitcom Martin?,"Jeromes in the House, I say Jeromes in the House",I Likes Me a Junk in the Trunk,Dont you know no good,It must be Jelly cause jam dont shake like that,A,medium,false,
Television,What is the name of the restaurant that Martin and Gina open up together on Martin?,Martins House of Payne,Martins Chicken and Waffles,Martins Meatloaf and Waffles,Nipsys Chicken Wings,C,medium,false,
Television,Who plays the character of Brother Man on the show Martin?,Tiny Zeus Lister,Tracey Morgan,Ving Rhames,Reginald Ballard,D,medium,false,
Television,"In episode #70 of the show Martin, how much does Mr. Lopez increase Martin and Ginas rent by?",5 %,5 $,50 $,He doubles it.,B,medium,false,
Television,What year did MacGyver first air on the ABC network?,1985,1986,1984,1988,A,medium,false,
Television,What is the name of ex-secret agent MacGyvers son in the series MacGyver?,Sam,Joe,Mark,Luke,A,medium,false,
Television,What is ex-secret agent MacGyvers first name in the self-titled series?,Angus,Jim,Al,Frank,A,medium,false,
Television,"How could MacGyver from the eponymous series tell when the aviator Jack Dalton, an old friend of his, was lying?",He twitched an eye,He rolled his eyes,He coughed,He looked away,A,medium,false,
Television,What disease did MacGyvers boss Pete Thornton suffer from in the TV series MacGyver?,Glaucoma,Heart disease,Bipolar disorder,Cancer,A,medium,false,
Television,"In the episode of MacGyver, titled Mountain of Youth, MacGyver and Jack discovered people in a mountain valley that lived to what record age?",150,200,300,130,A,medium,false,
Television,How many foreign languages can ex-secret agent MacGyver speak in the series of the same name?,4,3,5,2,A,medium,false,
Television,How many episodes of the MacGyver series were filmed overall?,139,168,112,159,A,medium,false,
Television,When did the last episode of the adventure television series MacGyver air?,1991,1993,1992,1994,C,medium,false,
Television,"The characters Richard Chance of the 1985 movie To Live and Die in L.A., and Gil Grissom of CBSs CSI: Crime Scene Investigation have something in common. What is it?",William Petersen is the lead actor in both works,They take place in the same city,Gil Grissom is an older version of Richard Chance,They are both about Federal Agents,A,medium,false,
Television,What was the name of the ATF officer in 1998s Out of Sight and 1997s Jackie Brown?,Mark Dargus,Moselle Williams,Karen Sisco,Ray Nicolette,D,medium,false,
Television,"What color was the General Lee, the automobile driven by the Duke cousins in the TV series The Dukes of Hazzard?",Rose Orange,Hugger Orange,Hemi Orange,Light Orange,C,medium,false,
Television,What happened to Boss J.D. Hogg in the 1997 made-for-television film The Dukes of Hazzard: Reunion!?,He went to Atlanta to become governor.,He went yo Lulus funeral in Atlanta.,He died.,None of these,C,medium,false,
Television,In what year did the first episode of The Dukes of Hazzard air?,1990,1979,1884,1987,B,medium,false,
Television,How was Cletus Hogg related to Boss Hogg on the TV show The Dukes of Hazzard?,3rd Cousin twice removed,Nephew,Cousin,1st Cousin once removed,A,medium,false,
Television,What was the title of the first episode of the TV show The Dukes of Hazzard?,Meet the Dukes,The Beginning of the General Lee,Those Good Ol Boys,One Armed Bandits,D,medium,false,
Television,What color was the car that became the fictional General Lee when the Dukes bought it?,Grey,Black,Red,Orange,B,medium,false,
Television,A staggering number of patrol cars were used in attempts to catch the fictional Duke cousins. What were the majority of them?,Dodge Charger and Ford Mustang,Dodge Monaco and Plymouth Fury,Ford Crown Victoria and Chevrolet Nova,Chevrolet Camaro and Plymouth Roadrunner,B,medium,false,
Television,Oprah Winfrey claimed her worst interview experience was with this actress in the fourth season of The Oprah Winfrey Show.,Mia Farrow,Elizabeth Taylor,Raquel Welch,Glenn Close,B,medium,false,
Television,"On July 20, 2006, during an interview on The Tonight Show with Jay Leno, the stalker of this actor evaded security and walked on stage, causing a scene.",Charlie Sheen,George Clooney,Leonardo DiCaprio,Colin Farrell,D,medium,false,
Television,"What did Madonna do 13 times on the Late Show with David Letterman on March 31, 1994, making the episode the most censored episode in American network television talk-show history?",All of these,Swore,Broke wind,Belched,B,medium,false,
Television,What did one of the viewers ask Mike Tyson in a prank call during a live interview on Larry King Live in Las Vegas?,If he likes playing with dollies,If he was raped in prison,All of these,If he was gay,B,medium,false,
Television,"What animal scared Tyra Banks to the point that she fell over the couch during an interview with Hilary Duff on The Tyra Banks Show on May 3, 2007?",Scorpion,Python,Porcupine,Raccoon,C,medium,false,
Television,The mother of what American actor was a guest on The View when Elisabeth Hasselbeck did not notice her sitting on the couch and rose and looked around expecting her to appear onstage?,Matt LeBlanc,Chris Tucker,Daniel Radcliffe,Chris Rock,D,medium,false,
Television,"What hilarious confession did a viewer of The Ellen DeGeneres Show, called Gladys Hardy, make, which caused Ellen to burst into uncontrollable laughter and say, Thats the funniest thing Ive ever heard?",You look like Alfalfa,"Im a regular, honey!","If youre selling something, I aint interested!",I love Jesus but I drink a little...,D,medium,false,
Television,"In February 2007, Andy Dick was forcibly removed during an appearance on Jimmy Kimmel Live! for repeatedly touching this female guest and behaving improperly.",Barbara Bush,Pamela Anderson,Paris Hilton,Ivanka Trump,D,medium,false,
Television,"In a January 15, 2008 interview on Good Morning America, this actress used improper language claiming she wouldnt have worked on her personality and would be married by now if she had lips like Diane Sawyers.",Kirsten Dunst,Courtney Cox,Diane Keaton,Catherine Zeta-Jones,C,medium,false,
Television,What did Kurt Cobain do to bassist Krist Novoselic at the end of Nirvanas performance on Saturday Night Live which was edited out by NBC?,French kissed him,Grabbed his behind,All of these,Unzipped his jeans,A,medium,false,
Television,On what date did The O.C. first air?,"July 11, 2002","August 5, 2003","May 14, 2003","June 21, 2001",B,medium,false,
Television,What is the name of the boy who comes to live with the Cohens in Season one of The O.C.?,Trey,Ryan,Johnny,Seth,B,medium,false,
Television,In Season one of The O.C. Ryan discovers he may be the father of this characters baby.,Anna,Marissa,Theresa,Summer,C,medium,false,
Television,Does Ryans pregnant girlfriend from Chino have the baby in The O.C. show?,No,Yes,,,B,medium,false,
Television,What is the name of the special holiday that the Cohens celebrate every year in the TV series The O.C.?,Chrismukkah,Christmas,Passover,Thanksgiving,A,medium,false,
Television,Who has Marissa NOT dated in the teen drama The O.C.?,Ryan,Luke,Alex,Johnny,D,medium,false,
Television,Who dies at the end of Season three of The O.C. series?,Caleb,Johnny,Jimmy,Marissa,D,medium,false,
Television,Seth and Summer never break up throughout the entire O.C. show.,True,False,,,B,medium,false,
Television,Who had a drinking problem in Season two of The O.C.?,Summer,Kirsten,Ryan,Seth,B,medium,false,
Television,"This O.C. character stole a car, stole school props, smoked marijuana and skipped a very important college interview.",Taylor,Marissa,Ryan,Seth,D,medium,false,
Television,"This O.C. character dated a gardener, shot someone, and was expelled from school.",Kirsten,Taylor,Marissa,Summer,C,medium,false,
Television,In Season three of The O.C. we are introduced to a new character who Ryan starts dating. What is her name?,Taylor,Lindsay,Sadie,Anna,C,medium,false,
Television,How many seasons of The O.C. were there?,Five,Two,Six,Four,D,medium,false,
Television,"In the TV series The O.C., after dreaming of attending Brown his whole life Seth finally gets accepted.",False,True,,,A,medium,false,
Television,When was the last episode of The O.C. aired?,"February 22, 2007","December 15, 2006","March 18, 2007","November 11, 2006",A,medium,false,
Television,"In the Stargate SG-1 science fiction TV series, the Ancients, who are known as the original architects of the Stargate network, were initially called Atlantians.",True,False,,,B,medium,false,
Television,The show Here Come the Brides aired from September 1968 until April of what year?,1970,1972,1971,1969,A,medium,false,
Television,"In the TV series Here Come the Brides, to what town in Massachusetts did the Bolt brothers go to recruit women to come to Seattle ?",Salem,New Bedford,Northampton,Boston,B,medium,false,
Television,"The Bolt brothers from the Here Come the Brides show promised to bring one hundred marriageable women from Massachusetts to Seattle.  However, one man bet them that they couldnt make the ladies stay for one year. His first name was Aaron. What was his last name?",Coleridge,Houser,Green,Stempel,D,medium,false,
Television,"In the Here Come The Brides TV show, what was the name of the saloon owner who was the ladies confidante?",Lorna,Susan,Carlotta,Lottie,D,medium,false,
Television,What was the last name of the ships captain on the TV show Here Come the Brides?,Kerrigan,Rutherford,Clancey,Mulrooney,C,medium,false,
Television,What kind of problem did the youngest Bolt brother have on the TV show Here Come the Brides?,He walked with a limp.,He stuttered.,He had Tourettes syndrome.,He was a kleptomaniac.,B,medium,false,
Television,What was the name of the theme song to Here Come the Brides?,Get Me to the Church on Time,Seattle,I Love You Truly,Love and Marriage,B,medium,false,
Television,Max Headroom first appeared in 1984 as an announcer for a music video program called the Max Talking Headroom Show.,True,False,,,B,medium,false,
Television,Name the actor who provided the voice for Max Headroom.,Poston Newhaus,Balanchine Danner III,Matt Frewer,Newell Post,C,medium,false,
Television,Who did Matt Frewer portray at the television station in the show Max Headroom?,Gene Ashwell,Rik,Benton Cheviot,Edison Carter,D,medium,false,
Television,Was the image of Max Headroom completely computer generated?,No,Yes,,,A,medium,false,
Television,What soft drink did Max Headroom promote on television in the mid 1980s?,Pepsi,Diet Coke,7Up,New Coke,D,medium,false,
Television,How did the character Max Headroom get his name?,"In one of the original episodes, Mr. Headrooms memory capacity is expanded exponentially - hence, the name Max Headroom.","Max Headroom is a framing device, which refers to the maximum amount of space allowable between the top of a characters head, and the picture frame formed by the camera.",Max Headroom refers to the focal length of the camera lens used to photograph a character in a medium close - up shot.,"In the original story, Edison Carter crashes into a traffic gate labeled: Max Headroom 2.3 meters.",D,medium,false,
Television,"Zik Zak refers to a form of binary code utilized on the show  Max Headroom , which enabled Max to solve complex mathematical equations.",False,True,,,A,medium,false,
Television,"What are blipverts, in the context of the 80s TV show Max Headroom?",An electronic censoring device on the TV show which deletes objectionable language.,Pulse sonar used in urban settings to track down villains - similar to GPS.,Subliminal audio messages embedded in Max Headrooms s-s-stuttering d-d-dialogue.,"Ads on TV  which are flashed so quickly, the viewer is compelled to stare at the screen.",D,medium,false,
Television,How many episodes of Max Headroom aired between 1985 and 1988?,15,14,11,19,B,medium,false,
Television,Which Cable TV station briefly aired Max Headroom re-runs in 2001?,Comedy Central,Tech TV,Bravo,The Sci - Fi Channel,B,medium,false,
Television,"In the TV show Max Headroom, who is Ped Xing?","Max Headrooms arch nemesis, molded from clay and electronic wire.","A robotic traffic cop, who assists people crossing the street.",The Chairman of the Zik Zak Corporation.,"A mad scientist type on the series, originally named  P.HD Zing.",C,medium,false,
Television,What slogan did Max Headroom use to promote a well known soft drink?,Break the ice!,Catch the Wave!,Theres n-n-nothing like it!,The best just keeps getting better.,B,medium,false,
Television,What was Blossoms last name on the 1990s TV show Blossom?,Mocelli,Mono,Runno,Russo,D,medium,false,
Television,What was the name of Blossoms best friend on the comedy-drama series Blossom?,Sax,Nicole,Jenna,Six,D,medium,false,
Television,What was Blossoms boyfriends name on the show Blossom?,Victor,Vinnie,Venox,Vince,B,medium,false,
Television,What was the theme song for the Blossom TV show?,Thank You for Being a Friend,Heres a Story,My Opinionation,Wherever You Look,C,medium,false,
Television,"Who played Blossom, the protagonist of the TV show Blossom?",Jackie Cooper,Patty Duke,Anna Chlumsky,Mayim Bialik,D,medium,false,
Television,"In the TV series Blossom, what member of Blossoms family was a recovering alcoholic and drug addict?",her father,her mother,her brother Joey,her brother Anthony,D,medium,false,
Television,What was the name of Blossoms father on the TV show Blossom?,Anthony,Joey,Nick,Matt,C,medium,false,
Television,What was the occupation of Blossoms father on the TV show Blossom?,He was unemployed,stand-up comedian,session musician,actor,C,medium,false,
Television,What Incredible Hulk star directed many of the episodes of the TV show Blossom?,Lou Ferrigno,Jack Colvin,Kenneth Johnson,Bill Bixby,D,medium,false,
Television,Who played Blossoms vision of the ideal mother in the first episode of the TV show Blossom?,Roseanne Barr,Oprah Winfrey,Phylicia Rashād,Lucille Ball,C,medium,false,
Television,In what year did the detective series Barnaby Jones premiere?,1972,1973,1971,1974,B,medium,false,
Television,"What brought Barnaby Jones, the fictional retired private investigator, out of retirement?",His sons death,none of these,The death of Jed Clampett,His brothers death,A,medium,false,
Television,"Until its cancellation, this detective series intertwined with Barnaby Jones in several of its story lines.",Mannix,Cannon,McGyver,Matt Houston,B,medium,false,
Television,It can be said that fictional detective Barnaby Jones solved most of the crimes using what skill?,showing a little leg,strong-arm tactics,kung-fu moves,astute observations,D,medium,false,
Television,The actor who played the main character on Barnaby Jones was involved in the movie The Wizard of Oz.,False,True,,,B,medium,false,
Television,The actor who played the main character on Barnaby Jones also played the part of Davy Crockett in Davy Crockett in the 1950s.,False,True,,,A,medium,false,
Television,American Idol had two hosts for its first season.,False,True,,,B,medium,false,
Television,Who was the first winner of American Idol?,Fantasia Burrino,Jordin Sparx,Carrie Underwood,Kelly Clarkson,D,medium,false,
Television,"In what place did Chris Daughtry, Idol favorite, come in season 5 of American Idol?",2nd,1st,4th,3rd,C,medium,false,
Television,Producer Nigel Lythgoe quit American Idol after season five to further pursue his career in what hit show?,Americas Got Talent,He didnt quit,So You Think You Can Dance,Dancing With The Stars,C,medium,false,
Television,Ruben Studdard beat Clay Aiken by approximately how many votes to win season 2 of American Idol?,200000,400000,300000,600000,A,medium,false,
Television,"In the sixth season of American Idol, Blake Lewis followed mentor Jon Bon Jovis advice about how to redo Bon Jovis hit song, You Give Love A Bad Name.",True,False,,,B,medium,false,
Television,"Which favorite of American Idol sings the hit, Home?",Chris Daughtry,Bo Bice,Taylor Hicks,Clay Aiken,A,medium,false,
Television,Which one of these American Idol winners was not dropped by their recording label?,Taylor Hicks,Jordin Sparx,Ruben Studdard,Katherine McPhee,B,medium,false,
Television,"What neighborhood tavern do Drew and his friends Kate, Oswald and Lewis frequent on The Drew Carey Show?",Barons,The Warsaw,Bennigans,The Lamplight,B,medium,false,
Television,How many times was Drew Carey (the character) married during the run of the self-titled show?,5,1,3,4,A,medium,false,
Television,What was Drew Careys mothers first name on The Drew Carey Show?,Irene,Sophie,Beulah,Clara,C,medium,false,
Television,Susan Saint James makes a guest appearance as Kates mother in one episode of The Drew Carey Show. In what way are they related in real life?,She is her step sister.,She is her mother.,She is her aunt.,They are best friends.,C,medium,false,
Television,"Finish the lyrics from Moon Over Parma, one of the two theme songs The Drew Carey Show had during its run: Were going bowling, so dont lose her in ............",Brooklyn,Berea,Solon,Akron,C,medium,false,
Television,Drew Carey (the character) was a bigamist during the The Drew Carey Shows run.,False,True,,,B,medium,false,
Television,"On The Drew Carey Show, Drew, Oswald, Kate and Lewis started a micro-brew beer company to supplement their incomes. What was the name of the beer?",Buzz Beer,Cleveland Barley  Hops,Cleveland Ale,Browns Lager,A,medium,false,
Television,"Christa Miller, who plays Kate on the Drew Carey Show, also plays this character on the sitcom Scrubs.",Jordan,Danni,Carla,Kim,A,medium,false,
Television,"Ryan Stiles, who played Lewis Kiniski on The Drew Carey Show, co-stars with Charlie Sheen on which popular sitcom?",Two and a Half Men,The Office,How I Met Your Mother,My Name is Earl,A,medium,false,
Television,What is the full name of TV character Dwight Schrute?,Edward Dwight Schrute,Dwight David Eisenhower Schrute II,Dwight Salem Schrute III,Dwight Kurt Schrute III,D,medium,false,
Television,Which of these positions did Dwight Schrute not hold officially on The Office?,Number one paper salesman at Dunder Mifflin,Volunteer Sheriff,Assistant Regional Manager,Purple Belt in karate,C,medium,false,
Television,What type of farm does The Office character Dwight Schrute own?,Apple farm,Sod farm,Turnip farm,Beet farm,D,medium,false,
Television,"Besides his income at Dunder Mifflin and his farm, what other source of income does TV character  Dwight Schrute have?",He teaches martial arts.,He is a part time fireman.,He is a bodyguard.,He runs a Bed and Breakfast,D,medium,false,
Television,When was actor Rainn Wilson born?,1980,1966,1976,1970,B,medium,false,
Television,Which best describes Dwights paternal grandparents on the TV show The Office?,Mormon,Atheist,Austrian,Amish,D,medium,false,
Television,"What is the religion of Rainn Wilson, the actor who portrays Dwight Schrute on The Office?",Southern Baptist,Atheist,Bahai,Catholic,C,medium,false,
Television,The Office character Dwight Schrute was a twin.,True,False,,,A,medium,false,
Television,Which is untrue about Dwight Schrutes mothers family?,His maternal grandfather lives in Argentina.,His grandfathers last name was Mannheim.,His maternal grandfather fought for Germany in WWII,His maternal grandmother still lives in Utah.,D,medium,false,
Television,Dwight Schrute saves this Office character from a physical attack.,Ryan,Kevin,Michael,Jim,D,medium,false,
Television,TV character Dwight Schrute is very attracted to Angela but he also has a crush on this office worker.,Pam,Jan,Kelly,Katy,C,medium,false,
Television,Why did Angela breakup with Dwight on the sitcom The Office?,He refused to side with her against Michael.,He killed her cat.,She felt he did not earn enough money.,He refused to bring her food when she felt ill.,B,medium,false,
Television,"Rainn Wilson, who plays Dwight Schrute on The Office, was in 13  episodes of this Rachel Griffiths TV series.",Men in Trees,Eragon,Brothers and Sisters,Six Feet Under,D,medium,false,
Television,What year did the first episode of Third Watch air on NBC?,1997,1998,2000,1999,D,medium,false,
Television,How many seasons did Third Watch run?,5,8,6,7,C,medium,false,
Television,"Faith Yokas and her partner, Maurice Bosco Boscorelli, were patrol cops together until the final season of Third Watch. When did they meet?",On the first day of high school,On the first day of the Police Academy,They were married before they became a team,While on a mutual friends wedding,B,medium,false,
Television,What are the names of Faiths two children on the NBC television drama Third Watch?,Charlie and Emily,Emily and Rose,Emily and Fred,Charlie and Maurice,A,medium,false,
Television,"In the series Third Watch, who requests that Ty Davis ride along with Sully after he graduates the police academy?",His father,His mother,His grandmother,Ty Davis requests it himself,B,medium,false,
Television,What is the name of Kims partner who dies in the series Third Watch?,Brendt,Burt,Brian,Bobby,D,medium,false,
Television,Which of these move in together during the third season of the Third Watch series?,Doc and Carlos,Carlos and Ty,Bosco and Ty,Carlos and Bosco,B,medium,false,
Television,"At the end of the fourth season of Third Watch, there were three shots fired during a standoff involving Faith, Bosco, and Cruz. Who was not shot?",Faith,Cruz,All three were shot,Bosco,D,medium,false,
Television,What was taken from Jimmy in the Third Watch series because he had to pay off a gambling debt?,His apartment,His car,A prized baseball card,His watch,B,medium,false,
Television,In what year was MTV launched?,1990,1980,1991,1981,D,medium,false,
Television,What 1990s MTV animation showcase did Aeon Flux first appear on?,Liquid Generation,Liquid Sky,Daria,Liquid Television,D,medium,false,
Television,Who did the pop rock band Hanson battle on the claymation show Celebrity Deathmatch?,Spice Girls,The Jackson 5,Backstreet Boys,Nsync,A,medium,false,
Television,Daria is a spin off of Beavis and Butt-head.,False,True,,,B,medium,false,
Television,The first movie based on the MTV series Jackass was released in 2006.,False,True,,,A,medium,false,
Television,"Which season of The Real World aired from August, 2007 to January 2008?",10th,18th,19th,12th,C,medium,false,
Television,Which of the following movies was produced by MTV Films?,Joes Apartment,Orange County,All of these,Save the Last Dance,C,medium,false,
Television,MTV is based in Los Angeles.,True,False,,,B,medium,false,
Television,In what year were the MTV Video Music Awards established?,1980,1990,1984,1989,C,medium,false,
Television,How old is Vick Mackey in season 5 of The Shield?,47,44,45,49,D,medium,false,
Television,Witch of these characters from The Shield is still alive in season 5?,Theodore T.O. Osmond,Armadillo Quintero,Kern Little,Connie Reisler,C,medium,false,
Television,Which of these gangs featured in the series The Shield is not African-American?,One-Niners,Farmtown 12,Spookstreet Souljahs,Los Profetas,D,medium,false,
Television,"Is it true that Jon Kavanaugh, the internal affairs officer on The Shield, carries a wedding ring, although he is divorced?",Yes,No,,,A,medium,false,
Television,Which character on The Shield uses the alias Cletus Van Damme?,Dutch Wagenbach,David Aceveda,Shane Vendrell,Ronnie Gardocki,C,medium,false,
Television,What is the name of the character from The Shield who committed suicide in the police parking lot?,Tommy,Scooby,Julian,Gilroy,A,medium,false,
Television,What were the charges on which Lemonhead was arrested in the TV series The Shield?,possession of drugs,possession of drugs with intend to distribute,possession of murder weapon,possession of stolen goods,B,medium,false,
Television,From which season/episode of The Shield is the music in the soundclip?,"season 5,episode 10","season 2, episode 3","season 4,episode 6","season 1, episode 1",A,medium,false,
Television,Is the music in the soundclip used in any episode of The Shield series?,Yes,No,,,A,medium,false,
Television,What college did animator Seth MacFarlane attend?,Brown,Yale,Harvard,Rhode Island School of Design,D,medium,false,
Television,"Which show created by Seth MacFarlane was first shown on February 6, 2005, after Super Bowl XXXIX?",The Winner,American Dad!,None of these,Family Guy,B,medium,false,
Television,What is Seth MacFarlanes full name?,Seth Woodbury MacFarlane,Seth Mathew MacFarlane,Seth Jon MacFarlane,Seth Ben MacFarlane,A,medium,false,
Television,What are the names of Seth MacFarlanes parents?,Mike and Sara,Tom and Kelly,Ron and Perry,Sam and Terry,C,medium,false,
Television,Seth MacFarlane dropped out of high school.,True,False,,,B,medium,false,
Television,What was the first show created by Seth MacFarlane?,American Dad,Larry and Steve,The Life of Larry,Family Guy,C,medium,false,
Television,Where was Seth MacFarlane born?,New York,New Mexico,New England,California,C,medium,false,
Television,What year was Seth MacFarlane born?,1973,1972,1970,1975,A,medium,false,
Television,What was the first studio to hire Seth MacFarlane?,TBS,Hanna-Barbera (Now called Cartoon Network Studios),Nickelodeon,Disney Channel,B,medium,false,
Television,"On September 11, 2001, Seth MacFarlane missed the American Airlines Flight 11 that was hijacked by terrorists.",True,False,,,A,medium,false,
Television,"Fill in the missing word from the opening narration of The Twilight Zone series: Youre travelling to another dimension, a dimension not only of sight and sound... but of mind. A journey into a wondrous land, whose boundaries are only that of ________________... youre entering... the Twilight Zone...",the human heart,your wildest dreams,nightmares,the imagination,D,medium,false,
Television,"In the 1962 Twilight Zone episode Nothing in the Dark, Gladys Cooper plays a woman who will not leave her apartment because she is afraid Death is outside waiting for her. Death is indeed outside waiting for her. What legendary actor plays Mr. Death?",Robert Redford,Paul Newman,Robert Mitchum,Martin Landau,A,medium,false,
Television,Name two of Hank Hills co-workers at Strickland Propane.,"Bill, Khan","Boomhaur, Dale","Joe Jack, Enrique","Peggy, Luanne",C,medium,false,
Television,What are Hanks political views in the TV series King of the Hill?,Liberal,Libertarian,Staunch Conservative Republican,Social Workers Democratic Party,C,medium,false,
Television,"On the TV show King of the Hill, Hank Hill is a Methodist.",True,False,,,A,medium,false,
Television,Was Reverend Thomason replaced by Reverend Karen Stroup on the TV show King of the Hill?,No,Yes,,,B,medium,false,
Television,What is Kahn Souphanousinphones dogs name on the TV show King of the Hill?,Fan-Fan,Doggie,Fu-Lai,Chen-Hao-Pei-Lhan,B,medium,false,
Television,Did Willie Lane (Dallas Cowboy) live on the same street as Hank in the TV series King of the Hill?,Yes,No,,,A,medium,false,
Television,What is Boomhaurs first name on the animated show King of the Hill?,Paul,Jeff,Peter,Jack,B,medium,false,
Television,What Breed is Hanks dog on the TV show King of the Hill?,Poodle,Cocker Spaniel,Pure Bred Georgia Bloodhound,Border Terrier,C,medium,false,
Television,"On the TV show King of the Hill, when Peggy went to Mexico, Luanne tried to be Peggy and bought V8 juice instead of beer.",False,True,,,B,medium,false,
Television,What statement is true about King of the Hill character Doc Platter?,He is Peggys brother.,He is Peggys friend.,None of these,He is Peggys father.,D,medium,false,
Television,"In the popular Naruto anime series, who is supposed to be Narutos rival?",Sasuke Uchicha,Itachi Uchicha,Orochimaru,Rock Lee,A,medium,false,
Television,There are some male characters in the Naruto anime series that have too many fan girls. Which of these characters is considered an emo and has many fan girls from the audience as well as on the series?,Kakashi-Sensei,Naruto Uzumaki,Sabaku-no Gaara,Sasuke Uchicha,D,medium,false,
Television,"In the Naruto anime series, Naruto had a demon named Kyyubi sealed inside him at a very early age, which was known in his village as a foul creature that murdered nearly all of the village a long time ago.",False,True,,,B,medium,false,
Television,Which is the highest level in ninja ranking according to the Naruto TV series?,Jounin,Kage,Kasekaze,Chunin,B,medium,false,
Television,"In the Naruto anime series, what is Narutos favorite food?",Rice,Ramen,Sushi,Noodles,B,medium,false,
Television,What is the name of Screechs girlfriend on the sitcom Saved by the Bell?,Violet,Viola,Vivian,Victoria,A,medium,false,
Television,What was the name of Screechs dog on Saved by the Bell?,Elvis,Mr. Presley,Old Friend,Hound Dog,D,medium,false,
Television,"On the TV show Saved by the Bell, Zack and Kelly end up getting married.",False,True,,,B,medium,false,
Television,What are the names of Kellys college roommates on Saved by the Bell?,Abby  Lexie,Alex  Leslie,Ashley  Laura,Anna  Liza,B,medium,false,
Television,What is the name of the professor that Kelly falls in love with on the sitcom Saved by the Bell?,Jeremiah Laskey,Jackson Larson,Jordan Lamb,Jared Lambly,A,medium,false,
Television,"In an episode of Saved by the Bell, Zack is an escort for a pretty Russian girl. What English phrase does the girl use when she sees Kelly?",Youre pretty,I hate you,You wanna fight?,I kick your butt,D,medium,false,
Television,"In a Christmas episode of Saved by the Bell, Zack falls for a homeless girl named Linda.",False,True,,,A,medium,false,
Television,What was the name of Kellys baby brother on the TV show Saved by the Bell?,Billy,Willy,Bobby,Robby,A,medium,false,
Television,Who plays the part of A.C. Slater on Saved by the Bell?,Mario Perez,Mario Camino,Mario Lopez,Mario Sanchez,C,medium,false,
Television,Elizabeth Berkley played the part of Kelly Kapowski on Saved by the Bell.,True,False,,,B,medium,false,
Television,"On the Star Trek: Deep Space Nine TV series, Bajor had been occupied by the Ferengi who raved the planet before the Bajoran resistance expelled them.",False,True,,,A,medium,false,
Television,What is the name of Nathans wife on the TV show Heroes?,Heidi,Jenniffer,Leslie,Mindy,A,medium,false,
Television,"On the TV show Heroes, Charlies full name is Charlotte.",True,False,,,B,medium,false,
Television,"On Heroes, did one of the officers that Matt Parkman worked with have an affair with Matts wife?",Yes,No,,,A,medium,false,
Television,How old was Jessica when she was killed on the TV show Heroes?,11,14,10,15,A,medium,false,
Television,In the Heroes episode Six Months Ago we find out that Niki used to be an alcoholic. How long was she sober?,1 year,2 years,1 month,6 months,A,medium,false,
Television,"Did host Heidi Klum get pregnant during Project Runway, Season 3?",No,Yes,,,B,medium,false,
Television,"Fashion designer, Karl Lagerfeld, was judge for 3 episodes of Project Runway, Season 3, to cover for Michael Kors.",True,False,,,B,medium,false,
Television,"What city do the remaining 6 designers travel to in Project Runway, Season 3?",London,New York,Milan,Paris,D,medium,false,
Television,What is the translation of Haute Couture?,High Dressmaking,High Fashion,Hot Dressmaking,Hot Fashion,A,medium,false,
Television,"Who was accused of cheating during the finale of Project Runway, Season 3?",Jeffrey,Michael,Laura,Uli,A,medium,false,
Television,Designer Mentor Tim Gunn appeared in the first three seasons of Project Runway.,True,False,,,A,medium,false,
Television,"Who won the Mom challenge in Project Runway, Season 3?",Jeffrey,Uli,Vincent,Angela,C,medium,false,
Television,Who went home first in Season 3 of Project Runway?,Robert,Kayne,Stacey,Heidi,C,medium,false,
Television,"Who won Project Runway, Season 3?",Jeffrey,Uli,Michael,Laura,A,medium,false,
Television,In what year did the animated series He-Man and the Masters of the Universe debut?,1985,1984,1983,1982,C,medium,false,
Television,He-Man and the Masters of the Universe was the very first animated series to be produced directly for syndication.,False,True,,,B,medium,false,
Television,In what year did the 1980s series He-Man and the Masters of the Universe end?,1983,1986,1985,1984,C,medium,false,
Television,The animated series “He-Man and the Masters of the Universe” was the precursor to the briefly successful series Blackstar.,True,False,,,B,medium,false,
Television,In what American city is the TV show Cold Case set?,Philadelphia,Los Angeles,Detroit,New York,A,medium,false,
Television,What year did the series Cold Case first air?,2002,2008,2003,2004,C,medium,false,
Television,What is name of the lead detective on the show Cold Case?,Josie Sutton,Lilly Rush,John Stillman,Scotty Valens,B,medium,false,
Television,"On the TV show Cold Case, after a case is closed, SOLVED is written on the evidence box and it is placed on a shelf.",True,False,,,B,medium,false,
Television,"On the TV show Cold Case, Lilly and her father are very close and talk everyday.",False,True,,,A,medium,false,
Television,Danny Pino appeared as his Cold Case character Scotty Valens in an episode of CSI: NY.,True,False,,,A,medium,false,
Television,Which of these Cold Case detectives is the second oldest?,Katt Miller,Scotty Valens,Nick Vera,Will Jeffries,D,medium,false,
Television,"Other than English, what language does Det. Nick Vera speak on the TV series Cold Case?",Spanish,Russian,Italian,Hmong,B,medium,false,
Television,The TV show Cold Case is produced by Jeremy Buckhimer.,False,True,,,A,medium,false,
Television,"When Oz left town in season 4 of the Buffy series, fans finally learned his real name when Willow asked about him in class. What was Ozs real name?",Larry Cost,Ozzie Harrington,Jacob Osment,Daniel Osbourne,D,medium,false,
Television,What unfriendly name did The Initiative give to demons in the Buffy series?,Unfriendlies,Antagonists,Evils,Hostiles,D,medium,false,
Television,"What was the name of the guy Buffy slept with in season 4 of the series, then got rejected by?",Adam,Jarod,Parker,William,C,medium,false,
Television,Who were the creepy guys who stole the voices of all the Sunnydale residents in season 4 of Buffy the Vampire Slayer?,The Gentlemen,The Pretenders,The Silencers,The Hostiles,A,medium,false,
Television,"In Buffy the Vampire Slayer, what was the name of the ring that gave the vampire who wore it invincibility?",The Ring of Shaba,The Gem of Amarra,The Jewel of Moore,The Stone of Power,B,medium,false,
Television,Buffys ex-boyfriend Angel came to Sunnydale at least once in season 4 of the series.,False,True,,,B,medium,false,
Television,What was Riley Finns real name in the Buffy series?,Rick Finley,Richard Finnagan,That was his real name.,Jacob Thompson,C,medium,false,
Television,"Which old enemy of Buffys stole her body, and gave Buffy their fugitive body in return?",Adam,Spike,The Master,Faith,D,medium,false,
Television,What did Adam do with the bodies of Maggie Walsh and Forrest in season 4 of Buffy the Vampire Slayer?,He ate them.,He brought them back to life.,He possessed them.,He burned them.,B,medium,false,
Television,What is Pams birth name on the sitcom The Office?,Pamela Angela Morgan,Pam Anderson Beesly,Pam Morgan Beesly,Pamela Madeline Beesly,C,medium,false,
Television,How long was Pam engaged to Roy on The Office?,3 years,1 year,8 years,They were never engaged.,A,medium,false,
Television,Which statement is true about Office character Pam?,Pam hates taco chips.,Pam can type 90 words per minute.,Pams favorite flavor of yogurt is Cherry Vanilla.,Pam graduated from college with a degree in art.,B,medium,false,
Television,Which actress portrays Pam on The Office?,Emily Fischer,Ann Fischer,Jenna Fischer,Jen Stauber,C,medium,false,
Television,What is the relation between Office character Pam and  the series Gilmore Girls?,The actress who plays Pam was the sister-in-law to the actor who portrays Kirk.,The actress who plays Pam auditioned for the role of Miss Patty.,The actress who plays Pam was in two episodes of Gilmore Girls.,Pam keeps Gilmore Girls memorabilia.,A,medium,false,
Television,Office character Pam needs neither glasses nor contact lenses.,True,False,,,B,medium,false,
Television,"On The Office, who does Jim date first?",The pocket book saleswoman,Jan,Jam,Karen,A,medium,false,
Television,From which restaurant chain is Pam barred on The Office?,Dennys,Hooters,Chilis,Charley Browns,C,medium,false,
Television,Where did Roy take Pam on their first date on the sitcom The Office?,A minor league baseball game,A minor league hockey game,Hershey park,A Charley Browns restaurant,B,medium,false,
Television,"On the sitcom The Office, what does Roy do when Pam admits she kissed Jim?",He calls off their wedding.,He attempts to attack Jim.,He becomes depressed and gains 100 pounds.,He quits Dunder Mifflin and goes to work for Staples.,B,medium,false,
Television,Office character Pam once dated  Michael Scott.,True,False,,,B,medium,false,
Television,"On the sitcom The Office, Pam belongs to a very exclusive club. What is its name?",The Daughters of the American Revolution,The Scranton Lute Club,The Finer Things Club,The Woman in Publishing Club,C,medium,false,
Television,Which member of the Office staff often calls Pam hot?,Ryan,Kevin,Dwight,Creed,B,medium,false,
Television,The actress who plays Pam on The Office received an Emmy Award after season 3.,True,False,,,B,medium,false,
Television,What type of car does Pam drive on the TV show The Office?,Ford Focus,VW Beetle,Toyota Yaris hatchback,An eight year-old Volvo,C,medium,false,
Television,With which member of the Party Planning Committee does Office character Pam often come into conflict?,Jan,Angela,Karen,Kelly,B,medium,false,
Television,"In 2007 the actress who plays Pam on The Office co-starred with John C. Reilly, Tim Meadows, and Frankie Muniz in this movie about the life of a musician who has three wives and 22 children.",Blades of Glory,The Promotion,Walking Hard: The Dewey Cox Story,I Walk the Line,C,medium,false,
Television,The actress who plays Pam Beesley was in this 2005 comedy with fellow Office actress Mindy Kaling.,Six Feet Under,Slither,Blades of Glory,The 40 Year Old Virgin,D,medium,false,
Television,What is Tori Spellings birth name?,Tori Lee Spelling,Tori Marie Spelling,Victoria Lee Spelling,Victoria Davey Spelling,D,medium,false,
Television,"What character did Tori Spelling play on Beverly Hills, 90210?",Andrea Zuckerman,Brenda Walsh,Donna Martin,Kelly Taylor,C,medium,false,
Television,What is the name of Tori Spellings beloved pug?,Ziggy,Mimi La Rue,Honey,Tinkerbell,B,medium,false,
Television,Where did Tori Spelling and her second husband elope to for their wedding in May 2006?,Tahiti,Hawaii,Fiji,Madagascar,C,medium,false,
Television,What is the name of the Bed and Breakfast that Tori Spelling and Dean McDermott run on their show Tori and Dean: Inn Love?,La Rue Bed and Breakfast,Spelling Manor,Tori and Deans Place,Chateau La Rue,D,medium,false,
Television,Tori Spelling and her second husband named their baby after her late father Aaron Spelling.,True,False,,,A,medium,false,
Television,What year did the Wonder Woman television movie first air?,1977,1975,1974,1976,B,medium,false,
Television,What was Wonder Womans alias on the show?,Diane Prince,none of these,Princess Diane,Diana Prince,D,medium,false,
Television,How does the protagonist of the show Wonder Woman transform into a super heroine?,She changes her clothes in the bathroom.,None of these,by snapping her fingers,by twirling around,D,medium,false,
Television,"On the TV show Wonder Woman, Diana was an Amazon princess from what island?",Magnolia Island,Paradise Island,Blue Island,Amazon Island,B,medium,false,
Television,What does Wonder Womans lasso do to people when it bounds them?,It puts them in a deep sleep.,It forces them to tell the truth.,It kills them.,It puts them under a spell.,B,medium,false,
Television,"In the TV series Wonder Woman, Diana rescues Major Steve Trevor, who has been injured in World War II.",True,False,,,A,medium,false,
Television,How many episodes of Wonder Woman were aired?,61,59,72,65,B,medium,false,
Television,What year did Wonder Woman go off the air?,1982,1979,1978,1981,B,medium,false,
Television,What was Lisas first word on the animated sitcom The Simpsons?,Saxophone,Poop,Daddy,Bart,D,medium,false,
Television,What was the first word uttered by Maggie on the animated show The Simpsons?,Homer,Daddy,Lisa,Mommy,B,medium,false,
Television,The fictional Simpson family live on Everheart Terr.,True,False,,,B,medium,false,
Television,What is Grandpas first name in the animated series The Simpsons?,Abraham,Bill,Phillip,Gimmy,A,medium,false,
Television,Complete this phrase uttered by cartoon character Homer Simpson: Mmmm ______________ donut,yummy,chocolate,forbidden,moldy,C,medium,false,
Television,What was Barts first phrase on the animated show The Simpsons?,Ay Carumba!,Dont have a cow man!,Homer go Boom,Todos los Dias,A,medium,false,
Television,Who does Principal Skinner live with on the sitcom The Simpsons?,His mom,Apu,Lunchlady Doris,Rev.Lovejoy,A,medium,false,
Television,What is Homer Simpsons middle name?,Joy,Jay,Jonathon,Abraham,B,medium,false,
Television,What was the first video played on MTV?,Now or Never,Video Killed the Radio Star,The Wheels on the Bus,Hold on My Heart,B,medium,false,
Television,What was the first song played on American Bandstand?,The Wheels on the Bus,Whole Lotta Shakin Goin On,You Dont Bring Me Flowers Anymore,Its Now or Never,B,medium,false,
Television,What was the second video played on MTV?,You Better Run,The Wheels on the Bus,Lola,History/Mystery,A,medium,false,
Television,What was the last song played on American Bandstand?,Because of You,Video Killed the Rock Star,I Wanna Sex You Up,Shattered Glass,D,medium,false,
Television,"Who sang You Better You Bet, the fourth video played on MTV?",Laura Branigan,The Who,LL Kool J,Pat Benatar,B,medium,false,
Television,This song by Rod Stewart was the third video played on MTV.,She Wont Dance with Me,Tonights the Night,Maggie Mae,Heaven on Earth,A,medium,false,
Television,"Who sang Little Susies on the Up, the fifth  video played on MTV?",Graham Nash,Ph.D,Johnny Nash,The Who,B,medium,false,
Television,"Who performed We Dont Talk Anymore, the sixth video played on MTV?",Cliff Richard,Lionel Ritchie,Todd Rudgren,Little Richard,A,medium,false,
Television,Brass in Pocket was the seventh song played on MTV. Who sang it?,Laura Nyro,The Pretenders,Howlin Jack  Graham,The Who,B,medium,false,
Television,He was not Liv Tylers biological father but his Time Heals was the eighth video on MTV.,Jimmy Seals,Todd Rudgren,Johnny Nash,Aerosmith,B,medium,false,
Television,Which of these was the last video played on the first day of MTV?,Take It on the Run by REO Speedwagon,When Things Go Wrong by Robin Lane and the Chartbusters,History Never Repeats by Split Endz,Hold on Loosely by 38 Special,D,medium,false,
Television,Select the correct statement regarding actor John Krasinskis birth.,"John Krasinski was born October 20, 1980 in Pittsburgh, Pa.","John Krasinski was born October 20 ,1979 in Erie, Pa.","John Krasinski was born October 20, 1979 in Philadelphia, Pa.","John Krasinski was born October 20, 1979 in Boston, Ma.",D,medium,false,
Television,"From which college did John Krasinski, one of the stars on The Office, graduate?",University of Massachusetts,Brown,Drexel,Tufts,B,medium,false,
Television,"In the 2007 movie,License to Wed, who portrays John Krasinskis characters parents?",Robin Williams and Grace Zabriske,Peter Strauss and Grace Zabriske,Ron and Mary Claire Krasinski,Robin Williams and Christine Taylor,C,medium,false,
Television,"In 2008, John Krasinski starred in Leatherheads. Who was the male lead in the movie?",John  Krasinski,Jon Stewart,Chris Cooper,George Clooney,D,medium,false,
Television,What character did John Krasinski voice in Shrek the Third?,Lancelot,Merlin,Donkey,Artie,A,medium,false,
Television,The Office character Jim Halpert often pulls pranks. Where does he like to hide his colleagues desk items?,On Michaels office wall,In Jell-o,In the vending machines,In the toilet bowl,B,medium,false,
Television,"On the sitcom The Office, Jim found Dwights lost wallet and returned it to him. What did Dwight immediately do?",Tried to form an alliance with Jim,Quit and went to work at Staples,Bought a purse from Katy,Cancelled all his credit  cards,D,medium,false,
Television,At which sport is TV character Jim Halpert most adept?,Tennis,Basketball,Hockey,Paintball,B,medium,false,
Television,"When the show The Office first aired, for how many years did Jim Halpert work for Dunder Mifflin?",5,1,7,3,C,medium,false,
Television,The Office character Jim Halpert pulled  this prank on Dwight when Dwight was to give a speech as the top paper salesman.,He convinced Dwight to make a Mussolini-type speech.,He convinced Dwight  to give the speech in American Sigh Language.,He convinced Dwight to give the speech dressed as Ben Franklin.,He convinced Dwight to make the speech into a stand-up comedy routine.,A,medium,false,
Television,What did Jim do for Phyllis bachelorette party on the sitcom The Office?,Hired a Ben Franklin impersonator,Hired a male stripper,Crashed the party,Ordered baby food instead of adult  food,A,medium,false,
Television,"When Jim Halpert has an interview with the company CEO on the TV show The Office, what comment does the CEO make about Jim?",He needs an MBA to advance in the company.,He makes a good impression on everyone he meets.,He is very handsome.,He is very tall.,B,medium,false,
Television,Find the untrue statement about fictional character Jim Halpert.,Jim transfers to the Stamford branch when Pam refuses his advances.,Jims favorite food is soft shell crab.,Jim loves the movie Annie Hall.,Jim is a fan of the Pittsburgh Pirates.,D,medium,false,
Television,Where did The Office character Jim Halpert go to high school?,Boston,Scranton,New York City,Philadelphia,B,medium,false,
Television,Which group does Jim Halpert want to join on The Office?,Steelers Staunchest,The Finer Things Club,The Party Planning Committee,The Pirates Nation,B,medium,false,
Television,"On the sitcom The Office, Pam sets Jim up on a date with her landlady.",True,False,,,B,medium,false,
Television,Which of these ladies did not date Jim Halpert on the TV show The Office?,Pam,Katy,Karen,Jan,D,medium,false,
Television,What is Peter Petrellis power on the TV show Heroes?,Super Speed,Super Strength,Power Absorption,Flight,C,medium,false,
Television,"Which of the following powers does Sylar, the villain from Heroes, not have?",Precognition,Super Strength,Magnified Hearing,Levitation,B,medium,false,
Television,What power does Mohinder Suresh have in season one of Heroes?,Liquefaction,X-Ray Vision,Super Speed,None,D,medium,false,
Television,"On the TV show Heroes, Matt Parkman saved a girl who had the power to find anyone in the world, except for one man.",True,False,,,A,medium,false,
Television,What character from the NBC television show Heroes has the power of rapid cellular regeneration?,Isaac Mendez,Sylar,Claire Bennet,Hiro Nakamura,C,medium,false,
Television,"Heroes character Micah Sanders, son of D.L. Hawkins and Nikki Sanders, has what power?",Creates Deadly Diseases When Stressed,Adoptive Muscle Memory,Technopath,Super Strength,C,medium,false,
Television,Which of the following powers does Monica Dawson have on the sci-fi show Heroes?,Technopath,Adoptive Muscle Memory,Super Strength,Super Speed,B,medium,false,
Television,What is the superpower of Heroes character Mr. Linderman?,Reading Minds,Healing,None,Radiation,B,medium,false,
Television,What character from Heroes is a telepath?,Nathan Petrelli,Matt Parkman,Claire Bennet,Hiro Nakamura,B,medium,false,
Television,Who  says: So- permission to chop yourself into little pieces is officially denied.,Tyr Anasazi,Rev Bem,Dylan Hunt,Seamus Harper,C,medium,false,
Television,"On the hit Fox television series Glee, the jocks are always picking on the glee club members. What do they throw at them?",rocks,napkins,erasers,slushies,D,medium,false,
Television,"The 1961 Twilight Zone episode Shadow Play was written by Charles Beaumont and based on his short story of the same name. A man who is about to be executed for murder claims that this reality is actually his recurring nightmare, that all the people he encounters are people he knows from his waking life. What Emmy Award-winning American actor plays this condemned man?",Dick York,Dennis Weaver,Jack Nicholson,Roddy McDowall,B,medium,false,
Television,What is the missing name? (dying words) Name: Im proud of you Dylan. You should be.,Trance Gemini,Seamus Harper,Gaheris Rhade,Tyr Anasazi,C,medium,false,
Television,What is the missing name Name: Name: Missile tubes 1 through 5. Rommie: Are you sure thats necessary? Name: Its chasing us and thats rude. Well teach it some manners.,Seamus Harper,Dylan Hunt,Trance Gemini,Rev Bem,B,medium,false,
Television,"What is the missing name Gerentex: Oh, youd like that, wouldnt you? Lets have old Gerentex take us into his confidence and reveal his latest scheme for wealth and success, and then well betray him and keep it all for ourselves! Trance: We would never do that! Name: I would. Trance: True.",Seamus Harper,Beka Valentine,Tyr Anasazi,Rev Bem,A,medium,false,
Television,Who was the first person eliminated from Project Runway?,Wendy,Starr,Kara,Daniel,D,medium,false,
Television,"Who is the supermodel host of Project Runway, Season One?",Linda Evangelista,Tyra Banks,Naomi Campbell,Heidi Klum,D,medium,false,
Television,Was the host of Project Runway pregnant in Season One?,No,Yes,,,A,medium,false,
Television,"Where is the designers workroom located on Project Runway, Season One?",Fashion Institute of Technology in New York City,Parsons New School for Design in New York City,Elle Magazine Fashion Offices,Michael Kors Fashion Studio,B,medium,false,
Television,Who was painted as the villain during Season One of Project Runway?,Wendy Pepper,Jay MacCarrol,Kara Saun,Austin Scarlett,A,medium,false,
Television,"In Project Runway, Season One, as one of their challenges the participants had to design a new uniform for what profession?",Postal Worker,Police Officer,Zoo Keeper,Flight Attendant,A,medium,false,
Television,"What was the name of the spin-off show featuring the winner of Project Runway, Season One?",Project Jay,Jay on the Runway,Project Kara,Kara on the Catwalk,A,medium,false,
Television,"The winner of Project Runway, Season One received a prize of $100,000 which he/she used to start their own line of clothing.",True,False,,,B,medium,false,
Television,"Which character on the sitcom House of Payne has a habit of saying, What the hell??",Calvin,CJ,Curtis,Ella,C,medium,false,
Television,What House of Payne character was a drug addict?,Calvin,Jasmine,Janine,Ella,C,medium,false,
Television,Calvin Payne from the sitcom House of Payne was in college for 7 years.,False,True,,,B,medium,false,
Television,Calvin is the fire chief on the TV show House of Payne.,False,True,,,A,medium,false,
Television,What is the name of the fire truck on the TV show House of Payne?,Alexis,The Big Red,Ruby,It has no name.,C,medium,false,
Television,What happened to Janine and C.J.s house on the TV show House of Payne?,It was demolished.,None of these,It caught on fire.,It got robbed.,C,medium,false,
Television,"Which House of Payne character often says, Ya heard me.?",Curtis,Ella,Jeanine,Malik,A,medium,false,
Television,Whose homeboys are Pookie and Peanut on the sitcom House of Payne?,Calvins,C.J.s,Ellas,Maliks,A,medium,false,
Television,Where is the sitcom House of Payne set?,"Atlanta, Georgia","San Francisco, California","Albany, Georgia","Savannah, Georgia",A,medium,false,
Television,Who did Calvin marry on the TV show House of Payne?,Nicole,Lanai,Nobody,Miranda,D,medium,false,
Television,How many seasons of The O.C. series were filmed?,6,1,2,4,D,medium,false,
Television,Who plays Summer Roberts on the TV show The O.C.?,Rachel Bilson,Mischa Barton,Kelly Rowan,Alexis Bedel,A,medium,false,
Television,What is the uber-holiday that The O.C. character Seth Cohen created when he was six years old?,Eastover,Passter,Chrismakkah,Hanakkrisma,C,medium,false,
Television,Who are the four friends in the core circle on The O.C.?,"Seth, Ryan, Marissa, Summer","Taylor, Seth, Ryan, Henri-Michael","Holly, Luke, Seth, Marissa","Holly, Luke, Jesse, Trey",A,medium,false,
Television,"In the final episode of The O.C., Summer says, Youre my destiny Cohen. What does he say in response?",These GEORGE guys...Im not so sure about them.,Go save the world Summer Roberts.,I love you.,Ah----Summer.,B,medium,false,
Television,"Ryan Atwood and Seth Cohen from The O.C. are not just friends, they are also adoptive brothers.",True,False,,,A,medium,false,
Television,Which character dies in the tragic season 3 finale of The O.C.?,Summer,Ryan,Marissa,Seth,C,medium,false,
Television,What is Narutos dream in the self-titled series?,To become a S-nin,To become a Hokage,To become a chuunin,To become a miracle worker,B,medium,false,
Television,What is the name of Narutos love interest in the Naruto series?,Sakura Haruno,Tenten,Hyuuga Hinata,Temari,A,medium,false,
Television,Who is the mother of fictional character Naruto?,Hyuuga Neji,Minato Namikaze,Kushina Uzumaki,Hyuuga Hinata,C,medium,false,
Television,When was manga character Naruto born?,May 1,November 23,October 10,None of these,C,medium,false,
Television,Which of Narutos teammates defects from Team 7 at the end of part one of the series?,Kankuron,Hinata,Rock Lee,Sasuke Uchiha,D,medium,false,
Television,Who sealed the Kyuubi in the Naruto series?,Sandaime,Crodaime,Nidaime,Yondaime,D,medium,false,
Television,What character has a long time crush on Naruto?,Haruno Sakura,Ayame,Hyuuga Hinata,Tenari,C,medium,false,
Television,How old is Naruto in the 2nd part of the series?,15 years,10 years,20 years,21 years,A,medium,false,
Television,How tall is Naruto in the 1st and 2nd part of the series?,130 cm and 136 cm,147 cm and 166 cm,149 cm and 125 cm,140 cm and 125 cm,B,medium,false,
Television,What was the new technique fictional character Naruto learned?,Raikiri,None of these,Chidori,Oodama Rasengan,D,medium,false,
Television,Deidre Hall portrayed Samantha Evans on DOOL?,True,False,,,A,medium,false,
Television,Marlena attended college in what fine Midwestern city?,Indianapolis,Omaha,Chicago,Dayton,C,medium,false,
Television,Which of the following is a correct listing of Marlena’s children?,"Carrie, Eric, Sami, Belle","Eric, Sami, Belle","DJ, Carrie, Eric, Sami, Belle","DJ, Eric, Sami, Belle",D,medium,false,
Television,"On DOOL, Marlena was older than Samantha, and in real life Andrea is older than Deidre.",True,False,,,A,medium,false,
Television,"The actors who portray these characters on The Office went to high school together in Atlanta, Georgia.",Kelly and Ryan,Angela and Jan,Kevin and Andy,Stanley and Kevin,C,medium,false,
Television,The actress who portrays this character on The Office is the daughter of a famous trumpeter and a  famous actress.,Angela,Phyllis,Karen,Jan,C,medium,false,
Television,The actor who plays this Office character sang with the group The Grass Roots.,Darryl,Karen,Kevin,Creed,D,medium,false,
Television,The actor who plays this Office character grew up in Indonesia.,Kelly,Jan,Angela,Creed,C,medium,false,
Television,"The actors who play these roles on The Office are, in real life, brother-in-law and sister-in-law.",Ryan and  Kelly,Michael and  Meredith,Toby and Angela,Kevin and  Phyllis,C,medium,false,
Television,What is Stanleys last name in The Office?,Hudson,Helms,Philbin,Baker,A,medium,false,
Television,"Steve Carrell, who plays Michael Scott, on The Office was a correspondent on The Daily Show. What other Office actor was a Daily Show correspondent?",Ed Helms,Rob Corddry,Stephen Colbert,Bob Riggle,A,medium,false,
Television,Name the actress who plays Phyllis on the sitcom The Office.,Phyllis Vance,Phyllis Herbert,Phyllis Landry,Phyllis Smith,D,medium,false,
Television,"Where was the actor, who plays Office character Oscar, born?",Cuba,New Jersey,Texas,Mexico,A,medium,false,
Television,The actor who plays this role on The Office  was an original  co-executive producer of the show.,Ryan,Toby,Angela,Andy,B,medium,false,
Television,What is the real name of the actress who plays Kelly on the TV show The Office?,Mindy Kapoor,Mindy Patel,Vera Chokalingam,Mindy Kaleen,C,medium,false,
Television,The actor who plays this role on The Office had a comedy act that ran over four years at The L.A. Improv.,Phyllis,Ryan,Meredith,Angela,C,medium,false,
Television,The actress who lays this role on the sitcom The Office was both a ballet dancer and a St. Louis Cardinal Cheerleader.,Jan,Katy,Phyllis,Angela,C,medium,false,
Television,What role does Melora Hardin play in The Office?,Phyllis,Katy,Jan,Angela,C,medium,false,
Television,Find the correct statement regarding The Office cast.,The actress who played Karen graduated from Dartmouth.,The actor who plays Ryan graduated from Amherst.,The actor who plays Kelly graduated from Harvard.,The actor who plays Kevin graduated from Southern Methodist University.,D,medium,false,
Television,This British actor starred as the office manager in the original British version of The Office. He helped  create and write the American version.,Ricky Gervais,Greg Daniels,Leo Slutsky,Stephen Merchant,A,medium,false,
Television,Several of the actors on The Office were born in Massachusetts. Which two roles are played by actors  who went to high school together and played baseball together in Massachusetts?,Jim and Ryan,Jim and  Dwight,Jim and Andy,Toby and Kevin,A,medium,false,
Television,Ross and Rachel kiss for the first time in an episode titled The One with the East German Laundry Detergent. Name the location of this landmark kiss.,Central Perk,A laundromat,The laundry room at Ross,Rachels apartment,B,medium,false,
Television,Who kisses Chandlers flamboyant romance-novelist mother in the Friends episode titled The One with Mrs. Bing?,Paolo,None of these,Joey,Ross,D,medium,false,
Television,Who was baby-sitting Ross monkey when he slipped out of the apartment  in the episode The One Where the Monkey Gets Away?,Joey,Monica,Phoebe,Rachel,D,medium,false,
Television,"In the Friends episode The One with the Ick Factor, Monicas boyfriend reveals that hes a high school senior, not a college senior. What was his name?",Ethan,Eduard,Jason,Edgar,A,medium,false,
Television,Which of these characters of the X-Men series is the only person whom Rogue can touch and not absorb his/her powers?,Cyclops,Storm,Gambit,Sauron,D,medium,false,
Television,"What is the name of the girl that X-Men member Cyclops meets and protects at a night club, while Jean Grey is in the hospital?",Emma Frost,Dazzler,Psylocke,Callisto,B,medium,false,
Television,The Phoenix in the X-Men series was created to protect the Cyttorak Crystal.,False,True,,,A,medium,false,
Television,"Who is the Sun God of the Savage Land, featured in the X-Men series?",Ra,Helios,Garokk,Apollo,C,medium,false,
Television,Frederick Dukes is the real name of which X-Men villain?,Quicksilver,Sabretooth,Apocalypse,Blob,D,medium,false,
Television,What mutant tricked the Phoenix into thinking the X-Men were enemies and in doing so helped with the creation of the Dark Phoenix?,Mastermind,Emma Frost,Mister Sinister,Brainchild,A,medium,false,
Television,"This member of the X-Men team, who has the power to control the weather, is captured by Sauron.",Jean Grey,Charles Xavier,Cyclops,Storm,D,medium,false,
Television,"When the Friends of Humanity have some of the X-Men trapped, what object does Beast throw to Gambit?",Rock,Grenade,Billiard Ball,Marble,C,medium,false,
Television,"In the X-Men series, Graydon Creed, the leader of the Friends of Humanity, is the son of which mutant?",Storm,Mystique,Sabretooth,Magneto,C,medium,false,
Television,"When the X-Men have their mutant powers stripped in the Savage Land, who is the only mutant to escape the initial attack?",Gambit,Beast,Wolverine,Colussus,C,medium,false,
Television,What is the name of Carlys older brother on the TV show iCarly?,Spencer,Stan,Stephen,Mike,A,medium,false,
Television,"Why doesnt Carly, the protagonist of iCarly, live with her father?",He moved away.,He is a world photographer.,He is in the Air Force and is stationed on a submarine.,He is in the hospital.,C,medium,false,
Television,What iCarly character is often a target of Sams bullying?,Freddy,Spencer,Gibby,Carly,C,medium,false,
Television,Why did Sam have to get a job on the TV show iCarly?,She needed money to buy beef jerky.,None of these,She owed Carly and Freddy money.,She owed her mom money.,C,medium,false,
Television,Is Carlys dad in the military on the TV show iCarly?,Yes,No,,,A,medium,false,
Television,"On the TV show iCarly, who brought Carly and Spencer gifts from their dad?",Tom Hanks,Robbin Williams,Jeff Smith,Colonel Morgan,D,medium,false,
Television,Carly has dated Freddy on the TV show iCarly.,True,False,,,B,medium,false,
Television,What does iCarly character Sam love to eat?,chili,All of these,ribs,meat,B,medium,false,
Television,This animated sketch debuted on The Dana Carvey Show before it moved to Saturday Night Live.,The Ambiguously Sexy Teacher,The Ambiguously Strange Trio,The Ambiguously Friendly Family,The Ambiguously Gay Duo,D,medium,false,
Television,Which of these shows does the famous comedy sketch The Funniest Joke in the World belong to?,Saturday Night Live,MADtv,SCTV,Monty Pythons Flying Circus,D,medium,false,
Television,The Monty Python sketch The Bruces involves three Australian scientists working at the fictitious University of Woolloomooloo. What is their field of study?,Philosophy,Physics,Mathematics,Chemistry,A,medium,false,
Television,"This famous Saturday Night Live sketch, starring Dana Carvey and Mike Myers had a movie spin-off, followed by a sequel.",Coffee Talk with Linda Richman,The Whiners,Wake Up and Smile,Waynes World,D,medium,false,
Television,Who played Canteen Boy in the eponymous SNL sketch series?,Tim Meadows,Chris Farley,Adam Sandler,David Spade,C,medium,false,
Television,Who is responsible for the signature animations in the show Monty Pythons Flying Circus?,John Cleese,Eric Idle,Terry Jones,Terry Gilliam,D,medium,false,
Television,Which of these sketches wasnt performed in the Monty Python Live at the Hollywood Bowl concert movie?,The Ministry of Silly Walks,Colin Bomber Harris,Argument Clinic,Marriage Guidance Counsellor,D,medium,false,
Television,Which of these movies wasnt spoofed on the Chappelles Show sketch series Real Movies?,The Matrix,Deep Impact,Pretty Woman,Titanic,D,medium,false,
Television,Which of these characters wasnt part of the sketch The Monsters on the Chapelles Show?,Wolfman,Frankenstein,The Mummy,Dracula,D,medium,false,
Television,"Which of these movies is based on a recurring sketch on Saturday Night Live, starring Will Ferrell and Chris Kattan?",Corky Romano,Kicking and Screaming,Old School,A Night at the Roxbury,D,medium,false,
Television,"Name the Tollan justice ceremony that Skaara and his Goauld are put through and the Stargate-1 team witness, along with a member of the Knox?",Trial,Kebb,Corai,Triad,D,medium,false,
Television,"At the beginning of Season One of One Tree Hill, who is Payton dating?",Nathan,Jake,Lucas,Tim,A,medium,false,
Television,What is the relationship between Lucas and Nathan in Season One of the One Tree Hill TV series?,Cousins,Teacher/student,Best friends,Half brothers,D,medium,false,
Television,"In Season One of One Tree Hill, who is the first team mate to treat Lucas like a member of the Ravens?",Skillz,Nathan,Jake,Tim,C,medium,false,
Television,"In the first season of the hit TV series One Tree Hill, Jake is late for practice a lot and the coach lets him off the hook. Why?","Jake has to take care of his mother, who is dying.",Jake is failing and needs tutoring after school.,Jake has a baby daughter that he is raising on his own.,Jake has cancer and needs to go to treatment.,C,medium,false,
Television,Lucas is dating Brooke halfway through the fist season of the teen drama One Tree Hill. With whom does he cheat on Brooke?,Nicky,Hailey,Payton,Bevan,C,medium,false,
Television,Who is Lucas best friend since childhood on the teen drama One Tree Hill?,Payton,Jake,Skillz,Hailey,D,medium,false,
Television,The Tree Hill Ravens are a soccer team on the popular TV series One Tree Hill.,False,True,,,A,medium,false,
Television,"In Season One of One Tree Hill, Nathan wants Hailey to tutor him so he can get to Lucas to torment him.",True,False,,,A,medium,false,
Television,Who is the father figure in Lucas life in the hit teen series One Tree Hill?,Keith,Dan,Andy,Whitey,A,medium,false,
Television,Do Nathans parents get divorced in Season One of One Tree Hill?,No,Yes,,,A,medium,false,
Television,Who gets married at the end of Season One of the TV series One Tree Hill?,Lucas  Brooke,Nathan  Hailey,Keith  Karen,Dan  Deb,B,medium,false,
Television,The Tree Hill Ravens win the championship at the end of the Season One of One Tree Hill.,False,True,,,A,medium,false,
Television,Aqua Teen Hunger Force is a 15 minute show that airs on Cartoon Networks Adult Swim lineup. It is actually a spin-off from another Adult Swim show. What show did the Aqua Teens first appear on?,"Harvey Birdman, Attorney at Law",Sealab 2021,Space Ghost Coast 2 Coast,The Brak Show,C,medium,false,
Television,What year did Behind the Music debut on VH1?,1992,1988,1990,1997,D,medium,false,
Television,Who was the narrator of Behind the Music?,Jim Forbes,Thin Lizzy,Matthew Logan,Nate Dogg,A,medium,false,
Television,Behind the Music was supposed to be a counter to another VH1 program called VH1 Legends.,True,False,,,A,medium,false,
Television,Which of the following artists were featured on both Behind the Music and VH1 Legends in the period 1997-2006?,"Queen Latifah, LL Cool J","John Lennon, Pink Floyd","Ike Turner, New Edition","Blondie, Sting",B,medium,false,
Television,Who were the first 2 episodes of Behind the Music about?,Teddy Pendergrass and Andy Gibb,Run DMC and Boy George,MC Hammer and Milli Vanilli,Fleetwood Mac and Vanilla Ice,C,medium,false,
Television,"In 1998, Behind the Music profiled this country/folk singer who died in 1997.",Waylon Jennings,Sonny Bono,John Lennon,John Denver,D,medium,false,
Television,"These two Behind the Music stars, featured in 1997 and 1998 respectively, were pop teen idols in their day only to fall tragically short of their potential.",Andy Gibb and Leif Garrett,David Cassidy and Donny Osmond,Peter Tosh and John Lennon,Boy George and Sonny Bono,A,medium,false,
Television,What actor played Kenan on the show Kenan  Kel?,Kenan Thompson,Kel Mitchell,Kel Kimble,Kenan Rockmore,A,medium,false,
Television,What was Kels favorite beverage on the show Kenan  Kel?,yellow gatorade,green tea,black coffee,orange soda,D,medium,false,
Television,Where did Kel work on the sitcom Kenan  Kel?,The local mall,Rigbys grocery store,Bicycle shop,He didnt have a job.,D,medium,false,
Television,What was Kenans sisters name on Kenan  Kel?,Kyra,Kelly,Keesha,He didnt have a sister,A,medium,false,
Television,"In one episode of the show Kenan  Kel, Kel ate an entire bicycle in order to win a prize in a contest.",False,True,,,B,medium,false,
Television,"What did Kenan shout, in almost every episode of Kenan  Ken, when something went wrong?",Why!,Crud!,Axe!,No!,A,medium,false,
Television,Kenan and Kel get married in one episode of the self-titled show.,False,True,,,B,medium,false,
Television,Which one of the following DID NOT happen on the show Kenan  Kel?,Kel ends up with two dates on the same day.,Kenan gets his head stuck in a fence.,Kenan staples bananas back together.,Kel loses the winning lottery ticket.,A,medium,false,
Television,How many episodes of the animated show Top Cat were aired on television?,30,45,60,75,A,medium,false,
Television,Where does the main character of the show Top Cat sleep?,in a garbage can,on a cot,in a tent,on a park bench in the alley,A,medium,false,
Television,"In the show Top Cat, what part of New York City does the main character and his gang live in?",Bronx,Brooklyn,Queens,Manhattan,D,medium,false,
Television,Who does Omar testify against in Season Two of The Wire?,Bird,Brother Mouzone,Stringer,Avon,A,medium,false,
Television,What article of clothing does the prosecutor insist Omar Little wear for the trial while on the stand?,shoes,A tie,Suit jacket,A clean shirt,B,medium,false,
Television,TV character Omar Little gets an unconditional Get Out of Jail Free card for his testimony.,False,True,,,A,medium,false,
Television,What detective from the series The Wire went to the same school as Omar?,Prez,Bunk,Herc,McNulty,B,medium,false,
Television,"In the TV series The Wire, Omar uses a disguise for one of his robberies. What does he disguise himself as?",An old lady with a cane,An old man in a wheelchair,He wears a President Nixon mask,He paints his face white,B,medium,false,
Television,What saves Omar from being shanked in prison on the TV drama The Wire?,Books,His smooth way of talking,His knowledge of the law,His reputation,A,medium,false,
Television,What was Amanda doing the first time Kyle saw her in the TV series Kyle XY?,Kissing her boyfriend.,Making cookies.,Playing the piano.,Reading a book.,C,medium,false,
Television,Why does Kyle from the series Kyle XY not have a belly button?,Because he was not nourished by a placenta,Because it was removed,Because he isnt human,Because the placenta was attached elsewhere,A,medium,false,
Television,How did Kyle save Fosss life in the drama series Kyle XY?,By performing surgery on him,By climbing a wall,By taking a bullet for him,By sucking out the poison,B,medium,false,
Television,Who killed Professor Kern in Kyle XY?,Jessi,Baylin,Kyle,Foss,D,medium,false,
Television,"In the TV series Kyle XY, after reading the entire encyclopedia A to Z, Kyle scored a 100% on the history test.",True,False,,,A,medium,false,
Television,What is Declans affectionate nickname for Lori in the TV series Kyle XY?,Honey,Kiddo,Trager,Slim,C,medium,false,
Television,"In the TV series Kyle XY, why is Josh reluctant to touch Andys breasts?",Because she has cancer,Because hes a good boy,Because hes angry with her,Because its their last day together,D,medium,false,
Television,Who destroyed the zzyzyx lab in Kyle XY?,Adam Baylin,Tom Foss,Kyle,Steve Trager,B,medium,false,
Television,Where did Kyle XY character Josh Trager get his marijuana?,From a drug dealer,From his parents,"From his sister, Lori",From his online computer games buddy,B,medium,false,
Television,What is the first thing Kyle from the series Kyle XY says when he goes to live with the Tragers?,He tells Mrs. Trager he loves her.,He asks for juice.,He yells in pain when Josh steps on his foot.,He says hes sorry for spilling the milk.,B,medium,false,
Television,What was Sgt. Saunders’ main weapon in the Combat! TV series?,.38 caliber pistol,Bazooka,Thompson sub-machine gun,M-1 rifle,C,medium,false,
Television,"In the Combat! TV series, what was Saunders’ first name?",Nick,Hammer,Sal,Chip,D,medium,false,
Television,How many Combat! seasons were filmed in color?,Two,None,One and a half,One,D,medium,false,
Television,"The squad member Caje from the Combat! TV series, was of what heritage?",Cajun,Seminole,Mohawk,Italian,A,medium,false,
Television,"Hanley, played by Rick Jason, had the rank of Captain throughout most of the Combat! TV series.",True,False,,,B,medium,false,
Television,Who was the tallest man in the squad on the TV show Combat?,Lt. Hanley,Kirby,Doc,Littlejohn,D,medium,false,
Television,"In the Combat! TV series, Doc, played by Steven Rogers in season 1 and Conlan Carter in seasons 2-6, carried only a .45 caliber pistol for protection.",True,False,,,B,medium,false,
Television,The TV show Combat! depicted action that took place in which country (countries)?,France only,France and Germany,Italy and France,"Italy, France and Germany",A,medium,false,
Television,Doc was the only regular squad member to survive all episodes of the Combat! TV series without being wounded,False,True,,,A,medium,false,
Television,"On the Combat! TV show, Sgt. Saunders’ helmet was unusual in what way?",It had a small hole in the right side.,"It was a camouflage helmet, not used in Europe.",It had a small peace sign on the back.,It had two straps.,B,medium,false,
Television,The last episode of the Combat! TV series showed the end of the war and the squad going home.,False,True,,,A,medium,false,
Television,"In Anne, the season 3 premiere, Buffy the Vampire Slayer has taken a job as what?",A short order cook,A janitor,A waitress,A banker,C,medium,false,
Television,"In the episode of the Buffy series, titled Dead Mans Party, what is the name of the neighbor that had been helping Joyce cope with Buffys departure?",Ann,Pat,Peg,Clara,B,medium,false,
Television,"In the episode of the Buffy series, entitled Beauty and the Beasts, Angel returns.",True,False,,,A,medium,false,
Television,"In the episode Homecoming, Buffy the Vampire Slayer and Cordelia are at each others throats. Why?",They are both running for Homecoming Queen.,Cordelia thinks Buffy stole Xander from her.,Buffy is jealous of Cordelias popularity.,Cordelia thinks Buffy can bake better than she can.,A,medium,false,
Television,Buffy the Vampire Slayers mom (Joyce) and her watcher (Giles) have sex in the episode Band Candy.,True,False,,,A,medium,false,
Television,What is the name of the woman claiming to be Faiths new watcher in the Buffy episode Revelations?,Gwen Raiden,Gertrude Stein,Gemma McCoy,Gwendolyn Post,D,medium,false,
Television,"In the episode of the Buffy series, Lovers Walk, Oz and Cordelia catch Xander and Willow kissing each other",True,False,,,A,medium,false,
Television,"In the episode of the Buffy series, The Wish, actress Emma Caulfield makes her first appearance as Anyanka (later shortened to Anya). What was her job?",Demon Hunter,Vengeance Demon,Vampire Hunter,Waitress,B,medium,false,
Television,"What is the name of the evil being assaulting Angel in the episode of the Buffy show, titled Amends?",The Evil,The Great Evil,The Evil One,The First Evil,D,medium,false,
Television,"In the episode of the Buffy series, Gingerbread, Amy turns herself into this animal to escape a witch-hunting mob.",A dog,A cat,A snake,A rat,D,medium,false,
Television,"In the Buffy episode The Zeppo, Xander defeats a group of zombies trying to blow up the high school single-handedly.",False,True,,,B,medium,false,
Television,"In the episode Earshot, Buffy the Vampire Slayer is exposed to demon blood and develops the ability to read minds. She discovers someone at the school is plotting to kill several people. Who was the culprit?",Faith,Mayor Wilkins,Jonathon,The Lunch Lady,D,medium,false,
Television,"In the episode Choices, Buffy the Vampire Slayer is accepted at which university?",Princeton,Northwestern,UCLA,Michigan,B,medium,false,
Television,"In the Buffy episode Graduation Day Part One, as the Mayor prepares for his ascension (a ceremony in which he will become 100% pure demon and destroy Sunnydale in the process), Faith is taking care of other business. What is she doing?",She shoots Angel with a poisoned arrow,She kidnaps Willow,She tries to kill Xander,She attacks Buffy,A,medium,false,
Television,"In the episode Graduation Day Part two, how does Buffy the Vampire Slayer defeat the demonified mayor Wilkins?",She lures him into the school and blows it up.,She shoots him.,She convinces him he cannot win.,She cuts his head off.,A,medium,false,
Television,Who taught Gabrielle to use her staff in the series Xena: Warrior Princess?,"Ephiny, the Amazon",Joxer,"Who knows, she had the skill from the beginning",Xena,A,medium,false,
Television,What is the name of Gabrielles daughter in the Xena series?,She didnt have a daughter.,Hope,Eve,Faith,B,medium,false,
Television,"By the end of the Xena series, Xena finally taught Gabrielle how to do the pinch.",True,False,,,A,medium,false,
Television,Gabrielle from the series Xena: Warrior Princess finally married. What was her husbands name?,"Perdicas, a boy from her hometown that she was promised to.",Joxer,None of these,"Orion, a young bard she met while competing for a spot at Athens City Academy of the Performing Bards",A,medium,false,
Television,"Gabrielle, one of the characters featured in Xena: Warrior Princes, is an only child.",True,False,,,B,medium,false,
Television,"During the Xena episode Comedy of Eros, Gabrielle was shot with Cupids arrow and fell madly in love with Joxer.",False,True,,,B,medium,false,
Television,In the episode of the Xena series The Quill is Mightier how does Gabrielle finally end the curse of the enchanted scroll?,The Scroll was filled and all was right with the world (or at least back to normal).,"The Scroll was burned in a fire, leaving only ashes and nothing left to write on.",The Scroll was torn in shreds making it useless.,The Scroll remains enchanted and is highlighted in the episode The Xena Scrolls.,A,medium,false,
Television,What creature wasnt Gabrielle turned into during the course of the series Xena:Warrior Princess?,A Valkyrie,An Arch-Angel,A Bacchae,A Mermaid,A,medium,false,
Television,What is the name of Barbaras sister on the TV show Big Love?,Cindy,Kathy,Jakie,Colleen,A,medium,false,
Television,"On the TV drama Big Love, Barbara has two kids.",True,False,,,B,medium,false,
Television,In the 80s cartoon Thundercats what was the name of Lion-Os sword?,Blade of Victory,Sword of Destiny,Sword of Omens,Blade of the Cat,C,medium,false,
Television,"The company that produced the Thundercats also produced such classics as Rudolph the Red Nosed Reindeer, Frosty the Snowman and Santa Claus Is Coming to Town.",True,False,,,A,medium,false,
Television,In what year was the series Thundercats created?,1983,1986,1984,1985,A,medium,false,
Television,How many episodes of the animated series Thundercats were produced?,70,81,52,130,D,medium,false,
Television,The Thundercats once appeared in a comic book with Captain America.,True,False,,,B,medium,false,
Television,Who is the only person Jack tortures in Season Four of 24?,Audrey Raines,Paul Raines,Habib Marwan,Behrooz Araz,B,medium,false,
Television,Who did Jack shoot in the kneecap for information in Season Five of 24?,Tony,Elizabeth,Christopher,Miriam,D,medium,false,
Television,"In the middle of the 1980s, VH1 became part of MTV Networks.",True,False,,,A,medium,false,
Television,What year did VH1 hit the airwaves?,1980,1990,1985,1982,C,medium,false,
Television,What former VH1 Video DJ was in the news in 2007 due to his outspoken views?,Don Imus,Tim Byrd,Max Snell,Kurt Loder,A,medium,false,
Television,VH1 stands for Video Hits One.,True,False,,,A,medium,false,
Television,Whose soulful rendition of the Star Spangled Banner premiered on VH1 on its first night of airing?,Isaac Hayes,Whitney Houston,Marvin Gaye,Aretha Franklin,C,medium,false,
Television,Pop-Up Video debuted on VH1 in 1990.,True,False,,,B,medium,false,
Television,Behind the Music and Movies that Rock are 2 programs that began on MTV and then moved to VH1.,True,False,,,B,medium,false,
Television,Which actor on Roswell is the son of another famous actor?,Jason Behr,Colin Hanks,Bryan Cosner,Brenden Fehr,B,medium,false,
Television,The actress who played Isabel Evans on Roswell was cast in what television drama in 2005?,One Tree Hill,Greys Anatomy,The O.C,General Hospital,B,medium,false,
Television,"In the Roswell episode entitled, 285 South, what is Michaels destination when he steals Marias car...with her in it?","Alberqurque, New Mexico","San Antonio, Texas","Phoenix, Arizona","Marathon, Texas",D,medium,false,
Television,"What Roswell character utters the line, Take a Psych class, because you are controlling?",Maria DeLuca,Liz Parker,Max Evans,Isabel Evans,B,medium,false,
Television,Max Evans and Liz Parker get married in the series finale of Roswell.,True,False,,,A,medium,false,
Television,What item does Michael make for Maria as an apology in the series Roswell?,shoe tree,napkin holder,necklace,car bumper,B,medium,false,
Television,"In the Roswell episode entitled Heat Wave, where is the party that everyone attends held?",The Crash Down,The Evans House,Marias House,The old Soap Factory,D,medium,false,
Television,In the series Roswell Isabels alien name is Valence.,False,True,,,A,medium,false,
Television,What did Michael give to Maria for Christmas in the sci-fi series Roswell?,a shoe tree,a napkin holder,a car bumper,a necklace,C,medium,false,
Television,Who sings the Roswell theme song Here with Me?,Dido,The Muffs,Tilt,Carole King,A,medium,false,
Television,In what field did Jay Leno get a Bachelors degree from the Emerson College?,Speech therapy,Film directing,Acting,Computer studies,A,medium,false,
Television,What close relative of Jay Leno was a Vietnam veteran?,His brother,His grandfather,His father,His uncle,A,medium,false,
Television,What is Jay Lenos real first name?,Jason,James,Jonathan,Jeremiah,B,medium,false,
Television,"When he was a child, Jay Leno used to say that one day he would make this accomplishment, which turned out to be a prophesy.",Work for television,Become stinking rich,Become annoyingly famous,Take over Johnny Carsons job,D,medium,false,
Television,Why did Jay Leno claim that he didnt want to have corrective surgery to fix his mandibular prognathism?,He was afraid,Because of the long healing period,He liked himself the way he was,Because his wife said she would leave him if he ever did,B,medium,false,
Television,"What unforgettable question did Jay Leno ask Hugh Grant on July 10, 1995 on the The Tonight Show in reference to Hughs arrest for being with a prostitute?",Whet the hell were you on?,And how was it?,What the hell were you thinking?,"Dont you have a wife, man?",C,medium,false,
Television,What was Jay Leno forbidden to do when he was a defense witness in the 2005 trial of Michael Jackson?,Talk about Michael Jackson in general,Tell jokes about Michael or the trial,Host the The Tonight Show for a while,Get closer to Michael Jackson,B,medium,false,
Television,Jay Leno is widely known for his massive collection of these objects.,Automobiles,Rifles,Arabian horses,Golf clubs,A,medium,false,
Television,What is the title of the book written by Jay Leno in 2005?,Halloween,All of these,How to Be the Funniest Kid in the Whole Wide World (or Just in Your Class),My Family And Other Animals,C,medium,false,
Television,What is the name of the superhero cartoon character voiced by Jay Leno in the animated TV series The Fairly OddParents?,Crash Nebula,Crimson Chin,King Grippulon,Bronze Kneecap,B,medium,false,
Television,What is the name of the hotel in the novel The Shining?,The Oakwood,The Overlook,The Woodhaven,The Mountain Lodge,B,medium,false,
Television,In what novel by Stephen King did Reverend William Rose and Father John Brigham lead their respective congregations into battle against each other?,The Stand,Salems Lot,Pet Sematary,Needful Things,D,medium,false,
Television,The horror novel Needful Things takes much of its plot from Ray Bradburys novel Something Wicked This Way Comes.,False,True,,,B,medium,false,
Television,Stephen Kings novel Firestarter was serialized in Omni magazine prior to being published in 1980.,False,True,,,B,medium,false,
Television,Under what circumstances do Charlies parents meet in the novel Firestarter?,In an experimental drug trial in college,In a mental hospital as teenagers,At a Fraternity party,At the scene of a 12-car pile-up,A,medium,false,
Television,Of what did prisoner John Coffey cure prison guard Paul Edgecombe in the novel The Green Mile?,Brain Tumor,Arthritis,Urinary Infection,Prostate Cancer,C,medium,false,
Television,In the book The Dead Zone Johnny Smith is shot and killed after shooting and killing the Congressional candidate Greg Stillson.,True,False,,,B,medium,false,
Television,What was the name of the first novel by Stephen King in which the main character was a writer?,Salems Lot,Misery,The Shining,The Dark Half,A,medium,false,
Television,Which Emmy-award winning American writer and producer is credited as the creator of the sitcom Arrested Development?,Dave Finkel,Janette Barber,Mitchell Hurwitz,Jon Beckerman,C,medium,false,
Television,"In the TV sitcom Arrested Development, what is GOBs hobby and life work?",Hes an illusionist.,Hes a pediatrician.,Hes a police officer.,Hes a fireman.,A,medium,false,
Television,Which famous American director provides the narration for the sitcom Arrested Development?,David Fincher,Harold Ramis,Stephen Spielberg,Ron Howard,D,medium,false,
Television,"Which character on the show Arrested Development had a so-called nevernude condition, as he was afraid of being completely naked?",George Michael,Buster,Tobias,Michael,C,medium,false,
Television,"David Cross, who played Tobias on Arrested Development, was first approached by the shows producers to portray the role of this character.",Buster,Michael,George Michael,GOB,A,medium,false,
Television,Which of these actors has never made a guest appearance on the show Arrested Development?,Ben Stiller,Zach Braff,Julia Louis-Dreyfus,Samuel Jackson,D,medium,false,
Television,Which of the characters on Arrested Development was arrested and incarcerated for defrauding investors in the shows first season?,Michael Bluth,"George Bluth, Sr.",Lindsay Bluth,George Michael Bluth,B,medium,false,
Television,Which actor/actress made a guest appearance on Arrested Development as his or her self?,Dan Castellaneta,Ed Helms,Heather Graham,Frankie Muniz,D,medium,false,
Television,"The show Arrested Development won five Emmy awards after its first season. However, it did not win in this category.",Outstanding Comedy Series,Outstanding Directing for a Comedy Series,Outstanding Casting for a Comedy,Lead Actress in a Comedy Series,D,medium,false,
Television,Walter Cronkite was born in what year?,1922,1930,1908,1916,D,medium,false,
Television,In what year did Walter Cronkite take over the CBS Evening News?,1970,1948,1952,1962,D,medium,false,
Television,"On November 22, 1963 which president did Walter Cronkite announce had died?",Grant,Roosevelt,Nixon,Kennedy,D,medium,false,
Television,What late 1980s-early 1990s sitcom did Walter Cronkite appear on?,The Office,Seinfield,Murphy Brown,Cheers,C,medium,false,
Television,Walter Cronkite dropped out of college.,False,True,,,B,medium,false,
Television,Walter Cronkite was married for nearly ____ years.,47,50,65,70,C,medium,false,
Television,Cronkite was an avid skiier and an aspiring race car driver.,False,True,,,A,medium,false,
Television,What 1995 movie did Walter Cronkite do voice overs for?,Nixon,White Mans Burden,Land and Freedom,Apollo 13,D,medium,false,
Television,"Walter Cronkite had a particular cadence to his speaking, how many words per minute did he train himself to speak?",125,189,200,100,A,medium,false,
Television,Which of the following  women has Jack not dated in the first six seasons of the TV series 24?,Kate,Nina,Audrey,Chloe,D,medium,false,
Television,What is the name of the girl that Kim Bauer babysits for in Season Two of 24?,Carla,Megan,Madison,Kate,B,medium,false,
Television,Aaron Pierce is the only character other than Jack Bauer that appears in the first six seasons of 24.,False,True,,,B,medium,false,
Television,In Season Three of 24 we find Jack Bauer addicted to which drug?,LSD,cocaine,heroin,marijuana,C,medium,false,
Television,Who plays Jack Bauers daughter Kim in the TV series 24?,Alberta Watson,Sarah Clarke,Leslie Hope,Elisha Cuthbert,D,medium,false,
Television,"Who shot Jacks wife, Teri at the end of Season One of 24?",David Palmer,Anthony Almeida,She was not shot.,Nina Myers,D,medium,false,
Television,"Which of these characters from the TV show 24 seemingly died in the fifth season, but was revived through a hypothermic injection?",Tony Almeida,Kate Warner,George Mason,Teri Bauer,A,medium,false,
Television,"In Season Three of 24, Jack Bauer encounters Nina Myers in this country while both are attempting to buy a biological weapon.",Mexico,Russia,China,Guatemala,A,medium,false,
Television,"This character from Sailor Moon, whose talisman is a mirror, was introduced in the shows third series along with her partner, Haruka Tenoh.",Sailor Moon,Sailor Venus,Sailor Neptune,Sailor Mercury,C,medium,false,
Television,When did the TV show Hawaii Five-O originally air?,1968-1979,1968-1980,1967-1978,1968-1980,B,medium,false,
Television,Hawaii Five-0 was filmed mostly at a CBS studio in L.A.,False,True,,,A,medium,false,
Television,What was the name of the crime family who tried to kill Steve McGarrett on the TV show Hawaii Five-O?,Sciacca,Camorra,Gambino,Vashon,D,medium,false,
Television,Does the state police of Hawaii have a Five-O unit?,Yes,No,,,B,medium,false,
Television,"Which famous, largely improvisational theater company has served as the training ground for some of the actors who appear on Curb Your Enthusiasm?",Players in the Hood,Kids in the Hall,The Groundlings,Second City Theatre,D,medium,false,
Television,What inappropriate garment is Larry repulsed by when he spots his male psychiatrist wearing it at the beach?,a bikini,nothing at all,a very brief thong,a huge sombrero,C,medium,false,
Television,What self-affirming words does Larry use when he tries to convince his psychiatrist that he’s ready to end therapy with him?,I dont hate my mother anymore.,Im my own best friend.,"“I’m feeling pretty, pretty, pretty, pretty, pretty good.”","...and gosh darn it, people like me!",C,medium,false,
Television,What famous movie director ruins Larry’s plan to end therapy by revealing to their psychiatrist that Larry saw him at the beach.,Martin Scorsese,Rob Reiner,Carl Reiner,Ed Wood,B,medium,false,
Television,"In Curb Your Enthusiasm, “ what phrase angers Wanda Sykes after Larry shouts it out when he sees her jogging?","Gotta watch those carbs, girl.",“I’d know that tush anywhere.”,Is that the cart before the horse?,"Yo, Big Momma!",B,medium,false,
Television,The daughter of which prominent TV actor breaks Larry’s teeth instead of breaking a piñata at her Wizard of Oz-themed birthday party?,Julia Louis-Dreyfus,Ted Danson,Michael Richards,Chevy Chase,B,medium,false,
Television,"Just before their new restaurant opens, Larry and his partners suddenly realize their chef suffers from an embarrassing problem that could jeopardize business. What is the problem?",Flatulence,Incontinence,Groat’s disease,Tourette’s syndrome,D,medium,false,
Television,"In Curb Your Enthusiasm,” what apparently intractable problem derails Larry’s plan to develop a new sitcom starring Jason Alexander?",Jason refuses to play any character like George in Seinfeld.,Jason refuses to wear a Friday- style goalie mask.,Jason refuses to meet at Larrys office.,Jason had a better offer from the Argonauts.,C,medium,false,
Television,"In The Ski Lift episode, one of the most daring of the Curb Your Enthusiasm series, which of the following situations is a target of comedy?",All of the above,Kidney donations,Orthodox Judaism,Large female genitalia,A,medium,false,
Television,Which two dead celebrities does Larry encounter in heaven in the final episode of the series Curb Your Enthusiasm when our antagonistic protagonist appears to have died?,Marilyn Monroe and Dustin Hoffman,Dustin Hoffman and Ben Hogan,Ben Hogan and Marilyn Monroe,Marilyn Monroe and Ol Dirty Bastard,C,medium,false,
Television,"What is the name of Tias adoptive mother on the sitcom Sister, Sister?",Lisa Leslie,Lisa Laundry,Lisa Landry,Lisa Lauper,C,medium,false,
Television,"On the TV show Sister, Sister, when the girls annoying neighbor, Roger, comes over uninvited, what phrase do various members of the family use?","Go home, Roger!","You dont have to go home, but you cannot stay here, Roger!","Get the heck outta here, Roger!","Who invited you, Roger?",A,medium,false,
Television,"Is Campbell the last name of Tamera on the TV show Sister, Sister?",Yes,No,,,A,medium,false,
Television,"What is Tias favorite restaurant in the TV series Sister, Sister?",Rocket Burger,McDonalds,Potato Mountain,Perrys Pizza Parlor,C,medium,false,
Television,"At some point in the series Sister, Sister, the twins meet there real father and find out that he is white.",True,False,,,A,medium,false,
Television,"On the sitcom Sister Sister, Tia goes to Harvard.",True,False,,,B,medium,false,
Television,"Where does the twins unexpected encounter take place on the sitcom Sister, Sister?",in the department store,at a party,in the hospital,at school,A,medium,false,
Television,"How old were Tia and Tamera when they met on the TV show Sister, Sister?",16,10,14,12,C,medium,false,
Television,What was the name of the family featured in the South Park episode How to Eat with Your Butt?,The Candoles,The Thompsons,The Anusses,The Spencers,B,medium,false,
Television,What was the name of the missing boy in the South park episode How to Eat with Your Butt?,Mark Twain,James Spencer,Ben Affleck,Dane Cook,C,medium,false,
Television,Who was Kenny replaced with in the South Park series?,Clyde,Butters,He was never replaced.,Tweek,B,medium,false,
Television,What was South Parks very first episode?,Weight Gain 4000,Cartman Gets an Anal Probe,South Park,Pinkeye,B,medium,false,
Television,Cartmans Mom Is a Dirty Slut was the only two-part episode of South Park.,False,True,,,A,medium,false,
Television,Who did the South Park creators got into a feud with because of the episode Trapped in the Closet?,Tom Cruise,R. Kelly,Comedy Central,L. Ron Hubbard,A,medium,false,
Television,What show does South Park character Cartman hate?,Queer Eye for the Straight Guy,Family Guy,None of these,The Simpsons,B,medium,false,
Television,"In South Park, when Cartman invited Butters to stay the night, he gave him a mustache made of cat poo. What did he call it?",Sleeping Menstrual,Hot Fudge Monday,The Pierre,New Moon Rising,C,medium,false,
Television,"Who is the second fattest kid, after Cartman, in the South Park TV series?",Butters,Craig,Kenny,Clyde,D,medium,false,
Television,"In the South park episode Make Love not Warcraft, Stans user name was FootballJock.",True,False,,,B,medium,false,
Television,What is the name of the only location that the Ghost Hunters team has gone to 2 times for their Halloween special?,Waverly Hills Sanatorium,St. Augustine Lighthouse,The Stanley Hotel,Eastern State Penitentiary,C,medium,false,
Television,The Ghost Hunters from the self-titled TV series were asked to investigate Ground Zero and Auschwitz.,False,True,,,B,medium,false,
Television,What is the name of the sound man who got attacked by a ghost in the Armory on the sci-fi show Ghost Hunters?,Felix,Frederick,Fred,Frank,D,medium,false,
Television,The TV show Ghost Hunters has a spin-off that follows investigators who hunt ghosts all across the globe.,False,True,,,B,medium,false,
Television,What town is the Ghost Hunters team based in?,"Philadelphia, PA","Providence, RI","Warwick, RI","Pittsburgh, PA",C,medium,false,
Television,"What are the initials of the official name of the ghost hunting group on the sci-fi reality show, Ghost Hunters?",TAPS,GH,GHA,RIP,A,medium,false,
Television,The Ghost Hunters find evidence at every location they investigate.,True,False,,,B,medium,false,
Television,What is the occupation of Grant Wilson and Jason Hawes from the show Ghost Hunters?,technicians,plumbers,doctors,lawyers,B,medium,false,
Television,Which of the following is one of the former occupations of Steve Gonsalves from the show Ghost Hunters?,Plumber,Police Officer,IRS,Real Estate worker,B,medium,false,
Television,What was the name of the dorm in which Buffy lived during season 4?,Fisher Hall,Giles Hall,Lowell House,Stevenson Hall,D,medium,false,
Television,"What type of creature does former demon Anya dress up as in the Halloween episode of the Buffy series titled Fear, Itself?",Snake,Tiger,Bunny,Demon,C,medium,false,
Television,Which of the following is not one of the jobs that Xander held throughout Season 4 of the Buffy series?,construction worker,pizza delivery,bartender,cable repairman,D,medium,false,
Television,"Is it true that the caption under the picture of the demon in the Buffy episode Fear, Itself is Gaelic for actual size?",Yes,No,,,A,medium,false,
Television,"This actor, who has played in House and Harold and Kumar Go to White Castle, portrayed a college student turned caveman in the Buffy episode titled Beer Bad?",Jesse Spencer,John Cho,Kal Penn,Omar Epps,C,medium,false,
Television,"In the episode of the Buffy series titled Something Blue, the demon DHoffryn attempts to recruit Willow to become a vengeance demon.",True,False,,,A,medium,false,
Television,"In the Buffy episode Superstar, which character, played by Danny Strong, takes over Sunnydale with the use of magic spell?",Willow,Jonathan,RIley,Xander,B,medium,false,
Television,What is the name of the kitten that Tara adopts near the end of season 4 of the Buffy series?,Tiger,Tailchaser,Pouncequick,Miss Kitty Fantastico,D,medium,false,
Television,"Which song does Giles, played by Anthony Stewart Head, sing during season 4 of Buffy the Vampire Slayer?",All of these,Freebird,The Exposition Song,Behind Blue Eyes,A,medium,false,
Television,Who does Timy Turner have a crush on in The Fairly OddParents?,Trixie Tang,Tootie,Veronica Star,Wanda,A,medium,false,
Television,"In The Fairly OddParents, what is Timmy Turners alien friends name?",Mark,Frank,Bill,Bob,A,medium,false,
Television,Who is Timmys teacher in the animated TV series The Fairly OddParents?,Mrs. Turner,Ms.Chung,Denzel Crocker,Mr. Turner,C,medium,false,
Television,"In The Fairly OddParents series, Rick is Timmys babysitter.",True,False,,,B,medium,false,
Television,Are Elmer and Sanjay Timmys best friends on the show The Fairly OddParents?,Yes,No,,,B,medium,false,
Television,Which male character from The Fairly OddParents is somewhat obsessed with Timmy?,Elmer,Sanjay,AJ,Chester,B,medium,false,
Television,"On the show Due South, what is the name of the Canadian Mountie that leaves the Northwest territory to go Chicago?",Benton Fraser Sr.,Ray Veechio,Benton Fraser Jr.,Diefenbaker,C,medium,false,
Television,"In the Due South TV series, the half-wolf companion to Fraser, Diefenbaker, is blind.",False,True,,,A,medium,false,
Television,What is Ray Veechios job on the Due South TV series?,A detective,A mountie,Mofia,Radio annoucer,A,medium,false,
Television,"In the premiere episode of Due South, why did Fraser leave Canada for Chicago?",He wanted to find his fathers murderer,He didnt like the climate of Canada,He was bansihed,He wanted to find his long-gone mother,A,medium,false,
Television,Who is the woman that Fraser fell in love with and arrested after a long chase through the Due South police drama?,Martha,Victoria,Elain,Georgia,B,medium,false,
Television,Who shot Fraser in the back as he tried to get on a train in an episode of Due South?,His father,Ray,Diefenbaker,Victoria,B,medium,false,
Television,"In an episode of the Canadian police drama Due South, Ray went to Canada to help Fraser.",True,False,,,A,medium,false,
Television,"In first season of Due South, was Fraser stabbed in the right leg?",No,Yes,,,B,medium,false,
Television,"In the final season of Due South, Ray went undercover for the mob.",True,False,,,A,medium,false,
Television,Which of the four Teenage Mutant Ninja Turtles wore the purple mask?,Donatello,Leonardo,Michelangelo,Raphael,A,medium,false,
Television,"On the Teenage Mutant Ninja Turtles cartoon series, Splinter had an ancestor by the name of Hamato Koji.",True,False,,,A,medium,false,
Television,In the TMNT episode Cowabunga Shredhead Shredder ends up with which turtles personality?,Michelangelos,Leonardos,Raphaels,Donatellos,A,medium,false,
Television,"In the TMNT episode Sky Turtles, who asked, Hey, Donatello, what happens when too much reverse gravity hits too much reverse gravity??",Leonardo,Raphael,Irma,April,B,medium,false,
Television,What statement is true about Donatellos inventions on the TMNT cartoon?,They always work efficiently.,They often malfunction.,They never have any practical use.,They always fall apart.,B,medium,false,
Television,Which villain that Leonardo confronts on the TMNT series comes from a video game?,Shredder,Tempestra,The Rat King,Leatherhead,B,medium,false,
Television,In the TMNT episode Bebop and Rocksteady Conquer the Universe what do Bebop and Rocksteady do to the turtles?,take them to the Technodrome,turn them against each other,tie them up,make them afraid of everything,D,medium,false,
Television,"Michelangelo, one of the Teenage Mutant Ninja Turtles, was well known for which of the following?",for his love of pizza,for leading the team,for his inventions,for fighting with katanas,A,medium,false,
Television,"Raphael, one of the Teenage Mutant Ninja Turtles, was known for which of the following?",for working at Channel 6,for cooking pizzas,for his sarcasm and jokes,for his singing,C,medium,false,
Television,"In the TMNT series, Leonardo was unable to do the ninja move, the Viper, for what reason?",Donatello was better at it.,He was physically unable.,Splinter never taught it to him.,He was afraid of snakes.,D,medium,false,
Television,Which was the only Laurel and Hardy film to win an Oscar?,Way Out West,The Flying Deuces,The Music Box,Blockheads,C,medium,false,
Television,In Way Out West what part of the USA do Laurel and Hardy head off for into the sunset?,Dixie,Raleigh,Buxton,Austin,A,medium,false,
Television,What were the names of Stan and Ollies twin brothers in the Laurel and Hardy movie Our Relations?,Bob and Alf,Bernie and Alf,Bob and Bert,Bert and Alf,D,medium,false,
Television,In the Laurel and Hardy comedy short Brats there is a picture of this actress on the wall.,Jean Harlow,Audrey Hepburn,Mae West,Queen Victoria,A,medium,false,
Television,Why does Ollie climb a ladder to the roof of the house in the movie Hog Wild?,to replace the tiles,to put up an aerial,to clean the guttering,to fix the chimney,B,medium,false,
Television,In which Laurel and Hardy film was the phrase Heres Another Nice Mess Youve Gotten Me Into first used?,Busy Bodies,Towed In The Hole,The Laurel and Hardy Murder Case,Oliver the Eighth,C,medium,false,
Television,What type of animal is Laughing Gravy?,Mule,Cat,Horse,Dog,D,medium,false,
Television,What was Laurel and Hardys first feature length comedy film?,Blockheads,Bohemian Girl,Pardon Us,Way Our West,C,medium,false,
Television,Which Laurel and Hardy film was the first black and white film to undergo film colorization?,Blotto,Helpmates,Our Wife,Pardon Us,B,medium,false,
Television,How many short films and features did Laurel and Hardy appear in together?,96,106,121,101,B,medium,false,
Television,What is the surname of Isabel and Max in the TV series Roswell High?,Ellis,Evans,Ethan,Elliott,B,medium,false,
Television,"What statement is true about Tess, one of the characters of the sci-fi series Roswell High?",She needs to return home with the three aliens and she must get pregnant with Maxs baby.,She is in Roswell to kill Alex.,She is a lesbian.,She wants to marry Michael.,A,medium,false,
Television,What does Tess call her baby on the TV show Roswell High?,Michael,Zahn,Max,Kavar,B,medium,false,
Television,Who becomes the fourth Alien in the last episode of the series Roswell High?,Kyle,Alex,Maria,Liz,D,medium,false,
Television,Who is shot in the pilot episode of Roswell High?,Michael,Maria,Max,Liz,D,medium,false,
Television,"In the TV series Roswell High, Sheriff Valenti wanted to arrest Max because he knew he was an alien.",True,False,,,A,medium,false,
Television,"In the TV series Roswell High, what was the last day the whole gang, including Tess, spent together?",New Years Eve,Christmas,Halloween,Prom,D,medium,false,
Television,"In the TV series Roswell High, was Alex killed by Max?",Yes,No,,,B,medium,false,
Television,Who does Michael live with in the first episode of Roswell High?,His aunt,His uncle,His mom,His foster dad,D,medium,false,
Television,"The actors, who play Michael and Isabel in Roswell High, were seen in what two other shows, respectively?",Law  Order and Shark,CSI and Joey,CSI: Miami and Greys Anatomy,CSI: NY and House,C,medium,false,
Television,Why did Max and Liz get jailed in an episode of Roswell High?,pinching a car,theft of a diamond,robbing a convenience store,stealing a gun,C,medium,false,
Television,Who was Tess living with when she first met the gang in the TV series Roswell High?,Nathan,Nelly,Noddy,Nasedo,D,medium,false,
Television,What Backstreet Boy guest starred in an episode of Roswell High?,A.J. McLean,Howie Dorough,Brian Littrell,Nick Carter,B,medium,false,
Television,Did Liz and Max get married on the TV show Roswell High?,No,Yes,,,B,medium,false,
Television,When did VH1: Storytellers premier?,1990,1988,1996,2001,C,medium,false,
Television,What member of the popular band The Kinks was featured in the first episode of Storytellers?,John Lennon,George Harrison,Ray Davies,John Dalton,C,medium,false,
Television,Dave Matthews has been on Storytellers more than once.,False,True,,,B,medium,false,
Television,How many country artists were featured in the first 10 episodes of VH 1: Storytellers?,3,0,5,2,D,medium,false,
Television,This former Beatle appeared on Storytellers in 1998.,John Lennon,Ringo Starr,Paul McCartney,George Harrison,B,medium,false,
Television,In 1998 crooner Tony Bennett hosted Storytellers and performed with what popular boy band?,98 Degrees,New Edition,Backstreet Boys,NSync,C,medium,false,
Television,Def Leppard has never appeared on VH1: Storytellers.,False,True,,,A,medium,false,
Television,This singer had over 20 top 50 hits as a solo artist and together with her former band mates. She appeared minus the band on Storytellers in 1998.,Martha Davis,Stevie Nicks,Joan Jett,Belinda Carlisle,B,medium,false,
Television,Of the groups listed below which one did NOT appear on Storytellers?,Green Day,Nirvana,Fuel,Steely Dan,B,medium,false,
Television,"For the first season of the TV show Supernatural, what is the underlying story line that connects the episodes into a cohesive whole?",Avenge sons death,Avenge brothers death,Find father,Find mother,C,medium,false,
Television,What are the first names of the Winchester brothers on the TV show Supernatural?,Steve and Perry,Joe and Ed,Steve and Larry,Dean and Sam,D,medium,false,
Television,To what substance was Sam Winchester addicted during the last half of season 4 of Supernatural?,Sulfuric acid,Holy water,Demon blood,Heroin,C,medium,false,
Television,Who rescues Dean from Hell at the beginning of Season 4 of Supernatural?,Azazel,Castiel,Ruby,Bela,B,medium,false,
Television,"On the TV show Supernatural, Dean Winchesters most beloved possession is his automobile.  What kind of vehicle does he drive?",Dodge Ram,Corvette Stingray,Chevrolet Impala,Toyota Tundra,C,medium,false,
Television,"In the TV series Supernatural, 66 seals need to be broken for Lucifer to be released from Hell. The first and last seals are actually people. Who are they?","The first seal was Dean Winchester, the last seal was the demon, Lilith.","The first seal was the angel Uriel, the last seal was the angel Azazel.","The first seal was John Winchester, the last seal was the demon, Ruby.","The first seal was Dean and Sams mother, the last seal was their father.",A,medium,false,
Television,"On the TV show Supernatural, there is a particular firearm which has the capability of killing demons. What kind of firearm is this?",Winchester,Colt,12-gauge shotgun,AK-47,B,medium,false,
Television,"On the TV show Supernatural, when Sam and Dean were growing up, their father John Winchester trained them to be what?",Football players,Bullies,Basketball players,Hunters,D,medium,false,
Television,How do the Winchester brothers finance their demon-hunting expeditions on the TV show Supernatural?,Working odd jobs,Basket weaving,Criminal activities,Computer hacking,C,medium,false,
Television,"On the TV show Supernatural, when the 66th seal is broken, Lucifer is released from Hell.",False,True,,,B,medium,false,
Television,Listen to the quote and guess the name of the episode of the Andromeda TV series.,The Banks of the Lethe,It Makes A Lovely Light,The Sum Of Its Parts,D Minus Zero,D,medium,false,
Television,What episode of the science fiction series Andromeda features the following quote?,To Loose the Fateful Lightning,Forced Perspective,"Angel Dark, Demon Bright",Under the Night,D,medium,false,
Television,What is the original hair colour of Andromeda series character Beka?,It is not known,Brown,Red,Blond,A,medium,false,
Television,What episode of the Andromeda series is the quote on the sound clip taken from?,Star-Crossed,It Makes A Lovely Light,An Affirming Flame,Music of a Distant Drum,A,medium,false,
Television,What is the name of Tyrs wife in the TV series Andromeda?,Feya,Sara,Desiree,Freya,D,medium,false,
Television,Listen to the sound clip and guess the name of the Andromeda series episode.,Pitiless as the Sun,Ouroboros,Home Fires,Exit Strategies,D,medium,false,
Television,What is the Witch of Wookey?,a kind of fruit,a stalagmite,a car,a tree in the Harry Potter series,B,medium,false,
Television,Who was the worlds first woman prime minister?,Mrs. Bandaranaike,Indira Gandhi,Mrs. Thakadandre,Prathibha Patel,A,medium,false,
Television,How many gallons are there in a barrel of oil?,50 US gallons.,42 US gallons,35 US gallons,40 US gallons,B,medium,false,
Television,Jenny Lind is known as the Swedish Nightingale.,True,False,,,A,medium,false,
Television,Matches in this sport take place in a ring called dohyō.,Kung fu,Karate,None of these,Sumo,D,medium,false,
Television,The capital of Belize is Mali.,False,True,,,A,medium,false,
Television,Colombo is the administrative capital of Sri Lanka.,True,False,,,B,medium,false,
Television,There are 5 laws of robotics.,True,False,,,B,medium,false,
Television,How did the mythological character Achilles die?,He did not die.,He was shot in the heel.,He died in a fire.,He drowned.,B,medium,false,
Television,What sport was nicknamed wiff-waff?,golf,hockey,tennis,table tennis,D,medium,false,
Television,Who are Hope Williams parents on the soap opera Days of our Lives?,Julie Williams and Bill Horton,Doug Williams and Addie Horton,Maggie Horton and Doug Williams,Addie Horton and Don Craig,B,medium,false,
Television,"On the TV show Days of our Lives, Mikes father was Mickey Horton.",False,True,,,A,medium,false,
Television,Which of these Days of Our Lives characters did Jennifer marry twice?,Jack,Lawrence,Frankie,Peter,A,medium,false,
Television,On what birthday was Carly supposed to marry Lawrence on the TV show Days of Our Lives?,on her 25th birthday,on her 30th birthday,on her 18th birthday,on her 21th birthday,A,medium,false,
Television,What was Frankies middle name on the soap opera Days of Our Lives?,Steve,Henri,James,He did not have one.,B,medium,false,
Television,Days of Our Lives character Lexie has always worked as a doctor.,False,True,,,A,medium,false,
Television,What year did Sonny With a Chance hit the airwaves?,2006,2009,2005,2007,B,medium,false,
Television,"In the TV series Sonny With a Chance, Tawnis made-up town is called SoRandomville.",True,False,,,B,medium,false,
Television,What was the name of Tawnis stuffed cat in the TV series Sonny With a Chance?,Puddin,Pudding,Persian,Putty,D,medium,false,
Television,Is Loser Force 4 the name of the superhero group Sonny formed in Sonny With a Chance?,No,Yes,,,A,medium,false,
Television,What is the name of the little girl with a genius IQ on Sonny With a Chance?,Zora,Zenon,Zelda,Zelly,A,medium,false,
Television,Does actor Sterling Knight play Chad on the TV show Sonny With a Chance?,No,Yes,,,B,medium,false,
Television,Who was Sonnys first fan letter from on the show Sonny with a Chance?,Mike,Erin,Eric,Shawn,C,medium,false,
Television,What is the name of the teacher for the cast of So Random! on the TV show Sonny With a Chance?,Ms. Bird,Ms. Bitterman,Ms. Bite,Ms. Bitter,B,medium,false,
Television,Why couldnt Sonny focus on her test in the Sonny With a Chance episode Cheater Girls?,She was doodling.,She was thinking of a sketch.,She was thinking of ways to trick Tawni.,She was thinking of her boyfriend.,B,medium,false,
Television,What is the name of Zoras pet snake on Sonny With a Chance?,Slimey,Steve,Sappy,Mitchel,A,medium,false,
Television,"The main characters of the fictional show-within-a-show So Random! are Nikko, Grady, Sonny, Tawni,and Zora.",False,True,,,B,medium,false,
Television,What does Tawni think she is on the TV show Sonny With a Chance?,pretty,fat,skinny,ugly,A,medium,false,
Television,Who was the winner of the first season of Americas Next Top Model?,Elyse Sewell,Shannon Stewart,Robynne Robin Manning,Adrianne Curry,D,medium,false,
Television,The winner of Cycle 2 of Americas Next Top Model overcame a weight problem to shine in Tyra Banks music video and walk away with the top prize.,Mercedes Scelba-Shorte,Shandi Sullivan,Yoanna House,April Wilkner,C,medium,false,
Television,"In cycle 3, she became the first African-American winner of Americas Next Top Model.",Ann Markley,Camara Yaya Da Costa,Eva Pigford,Amanda Swafford,C,medium,false,
Television,"In cycle 4 of Americas Next Top Model there was a flesh-eating virus scare and a friends suicide, but the winner had to overcome the judges belief that she needed to show her personality.",Brittany Brower,Keenyah Hill,Kahlen Rondot,Naima Mora,D,medium,false,
Television,This girl won cycle 5 of Americas Next Top Model despite the famous Red Bull incident with the 2nd runner up.,Brittany Bre Scullark,Erika Nik Pace,Nicole Linkletter,Jayla Rubinelli,C,medium,false,
Television,"Americas Next Top Models cycle 6s winner had a gap in her teeth and was rushed to the emergency room, but still came out on top.",Joanie Dodds,Jade Cole,Danielle Evans,Sara Albert,C,medium,false,
Television,Americas Next Top Model cycle 7s winner overcame psoriasis and a set of twins to win the coveted CoverGirl contract.,Amanda Babin,CariDee English,Melissa Rose Melrose Bickerstaff,Eugena Washington,B,medium,false,
Television,"The winner of cycle 8 of Americas Next Top Model became the first winner to try out, and be rejected from, the semi-finals of a previous cycle.",Jaslene Gonzalez,Renee Alway,Natalia Natasha Galkina,Dionne Walters,A,medium,false,
Television,"Americas Next Top Model Cycle 9s winner is one of the most controversial winners, due to her connections with Tyra Banks, the national Wendys ad campaign, and the fans general dislike of her.",Saleisha Stowers,Jenah Doucette,Heather Kuzmich,Heather Chantal Jones,A,medium,false,
Television,Cycle 10s winner has the distinction of being the first plus-size winner of Americas Next Top Model.,Whitney Thompson,Anya Kop,Dominique Reighard,Fatima Siad,A,medium,false,
Television,"Americas Next Top Model cycle 11s winner was one of the few who never ended up in the bottom two, and one of many who changed her model name. Name her.",Analeigh Tipton,Marjorie Conrad,Brittany Sullivan,Samantha Potter,C,medium,false,
Television,What is the favorite band of Phineas and Ferbs parents on the popular animated TV series?,The Beatles,Phineas and Ferb Tunes,Air Supply,Love Handel,D,medium,false,
Television,What is the name of Candaces crush on the animated TV show Phineas and Ferb?,Bill,Jeremy,Johnny,Lewis,B,medium,false,
Television,What is the name of Perry the Platypus rival on the animated show Phineas and Ferb?,Dr. Jack Johnson,Dr. Heinz Doofenshmirtz,Dr. Phineas Smith,Dr. George Freemon,B,medium,false,
Television,What was the name of the floating city made by Heinz Doofenshmirtz on the animated TV show Phineas and Ferb?,Doofania,Perrylandia,Buford island,Floatania,A,medium,false,
Television,What event was competed by Candaces and Jeremys grandmothers on the animated show Phineas and Ferb?,Basketball,Eating contest,Rollerskating derby,Rodeo,C,medium,false,
Television,What is the name of Heinz Doofenshmirtzs assistant on the animated series Phineas and Ferb?,Uri,Xavier,Ethan,Norm,D,medium,false,
Television,Where did the Flynns go on Candaces birthday on the TV show Phineas and Ferb?,White House,Statue of Liberty,Mount Rushmore,Museum of Natural History,C,medium,false,
Television,What blueprint did Ferb receive when his giant ice cream maker was switched in the series Phineas and Ferb?,Atomic laser,Giant water slide,Portal to Mars,Giant microscope,A,medium,false,
Television,What is the name of Jeremys band on the animated show Phineas and Ferb?,The Sopranos,The Accidentals,The Incidentals,The Astronauts,C,medium,false,
Television,What toy did Phineas and Ferb popularize?,Perry the Inaction Figure,Water guns,Remote control cars,Brick,A,medium,false,
Television,"Form which Inuyasha episode is the quote If you give me the jewel now, then I wont have to start sharpening my claws on you!?",episode 1,episode 2,episode 3,episode 5,A,medium,false,
Television,"In the anime series Inuyasha, the character named Shippo is a shapeshifter.",False,True,,,B,medium,false,
Television,Listen to the music clip from the Inuyasha series and guess the end phrase.,Sit boy!,Here its yours!,You jerk!,Forget about it!,A,medium,false,
Television,Which of these songs from the Inuyasha soundtrack is in the sound clip?,Change the World,Every Heart,Fukai Mori,Dearest,D,medium,false,
Television,Which of the characters from the TV sitcom Friends shared her first kiss ever with her brother?,Phoebe,Rachel,Janice,Monica,D,medium,false,
Television,"What is the favorite catchphrase of Janice, Chandlers ex-girlfriend from the TV show Friends?",Okie dokie!,Whatever!,"Oh, my God!",Holy cow!,C,medium,false,
Television,In a TV commercial for what type of product has Joey Tribbiani from the Friends sitcom participated?,Bra for men,Nail polish for men,Lipstick for men,Mascara for men,C,medium,false,
Television,Which of the characters from the TV show Friends has Phoebe Buffay robbed when they were children?,Monica,Ross,Chandler,Rachel,B,medium,false,
Television,"What does Rachels sister, Amy Green, do to her baby niece Emma in an episode of the TV sitcom Friends?",She has her ears pierced.,She has her eyelashes elongated.,She dyes her hair purple.,She gives her a fake tattoo.,A,medium,false,
Television,What is one of Rachel Greens biggest fears on the TV show Friends?,Electric toothbrushes,Spiders,Tattoos,Swings,D,medium,false,
Television,"With whom of the characters from the TV show Friends is Gunther, the manager of the Central Perk, deeply infatuated?",Joey,Rachel,Monica,Phoebe,B,medium,false,
Television,What classic song does Chandler Bing sing with a helium-altered voice in an episode of Friends?,Singing in the Rain,"New York, New York",Respect,I Will Survive,D,medium,false,
Television,What does Mike decide to name himself when Phoebe changes her name to Princess Consuela Bananahammock in an episode of Friends?,Buttercup,Moo Moo Crabs,Spired Scratchington,Crap Bag,D,medium,false,
Television,"Ross Geller from the TV sitcom Friends claims that this was his idea in the first place, but it was stolen from him.",The concept for the movie Jurassic Park,The concept for the movie Die Hard,All of these,"The phrase Whats up, Doc?",A,medium,false,
Television,What did Nicole Sullivans character die of on the TV show Scrubs?,Crones Disease,Meningitis,Rabies,Hepatitis,C,medium,false,
Television,Which NBA player made an appearance on Scrubs?,Kareem Abdul Jabbar,Steve Nash,Wilt Chamberlain,Michael Jordan,A,medium,false,
Television,What did Cabbage do after leaving the medical field on the TV show Scrubs?,joined the marines,became Elliots penpal,assisted the janitor,worked in the coffee shop,D,medium,false,
Television,What were the Janitors favorite stuff animals on the TV show Scrubs?,Dogs,Squirrels,Chipmunks,Rabbits,B,medium,false,
Television,Turks mother from Scrubs also appeared as a lead character on what other TV show?,Cheers,Good Times,Becker,The Gilmore Girls,C,medium,false,
Television,"On the TV show Scrubs, Turk changed his cell phone number to what?",TURKDOC,CALLTUR,DRTURKY,DOCTURK,B,medium,false,
Television,Whose blue handprints were found on the hospital walls in retaliation of the Janitors treatment of JD on Scrubs?,Teds,Dr. Coxs,Carlas,Turks,D,medium,false,
Television,What movie did Scrubs character Turk rent for Elliot and himself to watch instead of completing a lecture paper?,Jurassic Park,Red Dawn,Rocky II,Lethal Weapon III,B,medium,false,
Television,"On the TV show Scrubs, when JD met a patient with his initials he became which of the following?",Lil JD,JD junior,JD the second,Number two,D,medium,false,
Television,"Christa Miller, who played Jordan on Scrubs, played this character on The Drew Carey Show?",Mary,Ashley,Tammy,Kate,D,medium,false,
Television,"On Scrubs, Dr. Kevin Casey left a trail of toilet paper to the Epiphany Toilet for whom?",JD,Elliot,Turk,Percival Cox,B,medium,false,
Television,Which of the listed Scrubs characters could speak fluent Spanish before the others on the show?,JD,Elliot Reed,Turk,Percival Cox,D,medium,false,
Television,What character on Scrubs was the first to know that Carla was pregnant?,Laverne,Elliot,Carla,Turk,D,medium,false,
Television,What was the delivery guys name on Scrubs?,Doug,Lloyd,Stephen,James,B,medium,false,
Television,What other career did the delivery guy choose on the TV show Scrubs?,lawyer,ambulance driver,janitor,mailman,B,medium,false,
Television,What was Carlas nationality on the TV show Scrubs?,Puerto Rican,Mexican,Dominican,Jamaican,C,medium,false,
Television,What is Teds last name on the TV show Scrubs?,Buckland,Borstein,Buchanan,Buckman,A,medium,false,
Television,Which surgeon dropped a junior mint into a body during surgery on the TV show Scrubs?,No one did.,Turk,Todd,Dr. Wieng,A,medium,false,
Television,What was the name of Robert Kelsos wife on the TV show Scrubs?,Enid,Eunice,Beatrice,Katrina,A,medium,false,
Television,Which of these actors did not appear during the first eight seasons of the show Scrubs?,Carl Weathers,Jimmy Walker,Ken Jenkins,Juliana Margulies,A,medium,false,
Television,"What is the relationship between Joxer, Jett and Jayce in the Xena series?","Theres no relationship, just like Xena Joxer just happens to have a lot of lookalikes.",They are brothers.,None of these,They are names of Joxers multiple personae.,B,medium,false,
Television,Who was Xena character Joxer in love with?,"Meg, the tramp/barmaid",Any woman who looked at him twice,Gabrielle,Xena,C,medium,false,
Television,Did Ted Raimi ever portray a character outside of the Joxer persona in an episode of Xena?,No,Yes,,,B,medium,false,
Television,How did Joxer die in the Xena series?,Xena finally got fed up with him following her around and killed him.,He died of old age,Livia killed him.,Dead? He’s still kicking.,C,medium,false,
Television,"In the animated series Family Guy, Peter thinks that Loiss nose resembles which of the following?",an olive,a grape,a squash,a sandwich,D,medium,false,
Television,Family Guy character Stewie was obsessed with matricide.,False,True,,,B,medium,false,
Television,How old is Brian on the animated show Family Guy?,10,60,21,7,D,medium,false,
Television,Which Family Guy character was a famous boxer?,Chris,Lois,Stewie,Meg,B,medium,false,
Television,How many Family Guy characters wear glasses?,11,6,2,5,D,medium,false,
Television,How many people live in the Griffin household on the animated show Family Guy?,7,6,1,5,D,medium,false,
Television,Which Family Guy character moved from Quohog to become the star of his/her own show?,Cleveland,Quagmire,Bonnie,Mort,A,medium,false,
Television,What is Peters dads name on the show Family Guy?,Mickey McFinnigan,Mort Goldman,Francis Griffin,Joe Swanson,A,medium,false,
Television,"In the TV series family Guy, Meg has a secret laboratory.",True,False,,,B,medium,false,
Television,Who asked Whitey to put Lucas on the basketball team in season one of One Tree Hill?,Dan,Keith,Lucas,Karen,B,medium,false,
Television,What is the name of the fictional Tree Hill basketball team?,None of these,Wildcats,Bulldogs,Ravens,D,medium,false,
Television,Who did Nathan ask to tutor him to get at Lucas in season one of One Tree Hill?,Brooke,Peyton,Karen,Haley,D,medium,false,
Television,What is the meaning of Lucass tattoo in the TV series One Tree Hill?,Fun,Lazy,Happy,Hot,A,medium,false,
Television,Where were Lucas and Keith going to when they got into the car accident in season one of One Tree Hill?,Karens Cafe,The bank,Lucass house,The airport,D,medium,false,
Television,When did the TV show Lost premier?,September 2004,January 2001,August 2004,September 2002,A,medium,false,
Television,"On the TV show Lost, only 13 of the passengers survived.",False,True,,,A,medium,false,
Television,"On the TV show Lost, Oceanic Flight 815 was on its way from this place to Los Angeles.",Jamaica,Australia,Kansas,South America,B,medium,false,
Television,What is the name of Jacks father on the TV show Lost?,Jack,Christian,Jacob,Steven,B,medium,false,
Television,In episode 18 of Lost we are introduced to the numbers. What are they?,"3, 7, 19, 22, 29 and 37","4, 8, 15, 16, 23 and 42","1, 9, 18, 37, 45 and 60","4, 8, 19, 23, 39 and 81",B,medium,false,
Television,"On the TV show Lost, Jack and Kate had met each other before boarding the plane in Sydney.",True,False,,,B,medium,false,
Television,Who captures Sayid in the 9th episode of Lost?,Goodwin,Rousseau,Ethan,Nick,B,medium,false,
Television,"On the TV show Lost, it is revealed that Sawyers parents died in a plane crash.",False,True,,,A,medium,false,
Television,Lost characters Michael and Walt are brothers.,True,False,,,B,medium,false,
Television,"On the show Lost, it is revealed that the island  has special powers, one of which is the power to heal. What was wrong with John Locke before he crashed on the island?",Paralysis,Bad heart,Cancer,Schizophrenia,A,medium,false,
Television,"How did Michael, Walt, Jin and Sawyer try to escape the island at the end of season one of Lost?",a boat they found and fixed up,a hot air balloon,a plane they found deep in the woods,a raft they made,D,medium,false,
Television,Brenda sees Nate before she dies in the last five minutes of Six Feet Under.,False,True,,,A,medium,false,
Television,This song that Nate Jr. sings opens the final scenes of HBOs Six Feet Under.,Celebration by Kool and the Gang,I Just Want to Celebrate by Three Dog Night,Knights in White Satin by Procol Harum,I Just Want to Celebrate by The Rare Earth,D,medium,false,
Television,"What is Claire doing throughout the closing montage of the award winning HBO series, Six Feet Under?",Taking pictures,Lying on her death bed,Walking through the Fisher home and Funeral Parlor,Driving,D,medium,false,
Television,Who are married during the closing montage of the HBO series Six Feet Under?,Keith and David  Ruth and George,Keith and David,Keith and David  Claire and Ted,Claire and Ted,C,medium,false,
Television,Which member of the Startgate team is the nuclear physicist?,Tealc,Samantha Carter,Daniel Jackson,Jack ONeill,B,medium,false,
Television,Which member of the Stargate team is the archaeologist?,Tealc,Samantha Carter,Daniel Jackson,Jack ONeill,C,medium,false,
Television,"In the Stargate franchise, what is the difference between a Goauld and a Tokra?","Actually, a Tokra IS a Goauld.","A Goauld is a symbiote, whereas a Tokra is not.","Goaulds inhabit the bodies of humans, whereas Tokras do not.",A Goauld is a creature who inhabits a human. A Tokra is a human who serves as a vessel for a Goauld until it reaches maturity.,A,medium,false,
Television,"In the Stargate SG-1 television show, what is a Replicator?",A Replicator is a device for cloning a human being.,A Replicator is a device for manufacturing any device or substance whose specs are stored in the ships computer.,A Replicator is a self-replicating machine.,A Replicator is a device for cloning a Goauld.,C,medium,false,
Television,What is the symbol on Tealcs forehead in the Stargate SG-1 TV show?,A symbol representing Apophis,A fashion statement,A symbol representing Ishtar,A symbol representing Ra,A,medium,false,
Television,What is a Supergate in Stargate SG-1?,A Supergate is a chain of Stargates.,A Supergate is a very large Stargate.,A Supergate is a Stargate which can fly.,A Supergate is a Stargate which can transport ships inside a galaxy.,B,medium,false,
Television,What statement is true about Samantha Carters father in Stargate SG-1?,he is a Goauld host.,He is a Replicator.,He is a Jaffa.,He is a Tokra host.,D,medium,false,
Television,"In Stargate SG-1, what kind of beings are the Ori?",The Ori are a parasitic race of beings who take over human hosts.,The Ori are renegade Asgards who use religion to enslave humans.,The Ori are Goaulds who use religion to enslave humans.,The Ori are ascended beings who use religion to enslave humans.,D,medium,false,
Television,What is the MALP in the Stargate universe?,An unmanned probe,A space ship capable of intergalactic travel,A machine which can change a persons DNA,A space ship capable of interstellar travel but not intergalactic travel,A,medium,false,
Television,"In the Stargate TV show, many mythological characters from Earths history were actually aliens. Which of the following was an Ancient?",Anubis,Thor,Merlin,Apep/Apophis,C,medium,false,
Television,Which Star Trek Next Generation actor did not appear on Days of Our Lives?,Denise Crosby (Tasha Yar),Patrick Stewart (Captain Jean-Luc Picard),Michael Dorn (Lieutenant Worf),Jonathan Frakes (Commander William T. Riker),B,medium,false,
Television,"In the TV series Hannah Montana, is the name of Mileys best friend Lauren?",No,Yes,,,A,medium,false,
Television,Name the guy who is Mileys best friend on the TV show Hannah Montana.,Trevor,Gregg,Oliver,None of these,C,medium,false,
Television,Hannah Montana is Miley Stewart.,False,True,,,B,medium,false,
Television,Does Lilly have a secret identity on the TV show Hannah Montana?,Yes,No,,,A,medium,false,
Television,"On the TV show Hannah Montana, Lilly and Oliver find a potato chip shaped like what?",Darth Vader,None of these,Miley,a nose,A,medium,false,
Television,"The actor, who played Dwight Eisenhower in Backstairs at the White House, starred in Lancer in the 60s and early 70s as Murdock Lancer.",True,False,,,A,medium,false,
Television,She played Mrs. Jaffray in Backstairs At the White House and Ida in Malcolm in the Middle. My personal favorite role of hers was as Phyllis in The Marry Tyler Moore Show.,Cloris Leachman,Betty White,Valarie Harper,Gloria Reiner,A,medium,false,
Television,"He won a KATY Award for best supporting actor in Ordinary People. He has appeared on JAG and on Prison Break but back in 1979, he played Butler Dixon on Backstairs at the White House.",Hari Rhodes,James A. Watson Jr.,Bill Overton,David Downing,D,medium,false,
Television,Who were the winners of the 1st installment of the Amazing Race?,Joc and Bill,Frank and Margarita,Rob and Brennan,Kevin and Drew,C,medium,false,
Television,Which team won in the 2nd season of the Amazing Race?,Blake and Paige,Chris and Alex,Oswald and Dany,Tara and Will,B,medium,false,
Television,Name the Amazing Race 3 winning team.,Derek and Drew,Teri and Ian,Ken and Gerard,Flo and Zach,D,medium,false,
Television,Did Kelly and Jon win the Amazing Race 4?,Yes,No,,,B,medium,false,
Television,Did Chip and Kim win the 5th installment of the Amazing Race?,Yes,No,,,A,medium,false,
Television,Which team won the 7th season of the Amazing Race?,Ron  Kelly,Rob  Amber,Uchenna  Joyce,Meredith  Gretchen,C,medium,false,
Television,The Linz Family won the 8th installment of the Amazing Race.,False,True,,,B,medium,false,
Television,Who were the winners of the Amazing Race 9?,Joseph and Monica,Ray and Yolanda,Eric and Jeremy,BJ and Tyler,D,medium,false,
Television,The Amazing Race 10 winners were Tyler and James.,False,True,,,B,medium,false,
Television,What is the name of Haley and Nathans child in One Tree Hill?,Jamie,Jordan,Jackson,Jayden,A,medium,false,
Television,How did One Tree Hill character Nathan Scott get paralysed?,in a car crash,none of these,while playing basketball,fell through a bar window while in a fight,D,medium,false,
Television,"In season 5 of the TV show One Tree Hill, does Brooke have her own fashion line?",False,True,,,B,medium,false,
Television,Who are the 2 coaches of the basketball team in season 5 of One Tree Hill?,Lucas and Nathan,Mouth and Lucas,Nathan and Skills,Lucas and Skills,D,medium,false,
Television,Does Haley work as a shop assistant in the beginning of season 5 of the TV series One Tree Hill?,Yes,No,,,B,medium,false,
Television,"Mouth has a job in the One Tree Hill episode titled 4 Years, 6 Months, 2 Days.",True,False,,,B,medium,false,
Television,Did Peyton come back to Tree Hill in the fifth season of One Tree Hill?,Yes,No,,,A,medium,false,
Television,"On the Kath  Kim show, Kims best friend is Sharon Strezlecki.",False,True,,,A,medium,false,
Television,What is Kims fathers name on the popular Australian sitcom Kath  Kim?,Kel Knight,Gary Poole,Kel Day,Greg Poole,B,medium,false,
Television,What was the name of Kath and Kels poodle in the Australian TV series Kath  Kim?,Epponee Rae,Myfanwee,Trixi Belle,Fifi,A,medium,false,
Television,What was Kels occupation in the Kath  Kim TV series?,Baker,Butcher,Fitness Instructor,Mailman,B,medium,false,
Television,Where do Kath and Kel go on their honeymoon at the end of the first season of the Kath  Kim show?,None of the these,Thailand,Kyenton,Bali,A,medium,false,
Television,What is Bretts dogs name on the Australian sitcom Kath  Kim?,Tiger,Ralph,Fang,Cujo,D,medium,false,
Television,"On the Kath  KIm show, what item was Kim responsible for arranging for Kaths wedding?",Footy Franks,A horse to pull the pumpkin style coach,A statue of Jesus,The champagne,C,medium,false,
Television,How many times has Kel from the Kath  Kim show been left at the alter?,5,2,3,4,D,medium,false,
Television,What number Coronation Street did Stan and Hilda Ogden live at?,1,9,11,13,D,medium,false,
Television,What family have lived next door to the Rovers Return throughout Coronation Streets run?,Barlows,Duckworths,Ogdans,Platts,A,medium,false,
Television,What year saw the first episode of Corrie,1960,1966,1964,1962,A,medium,false,
Television,"Stan Ogden, one of the most popular characters on the show Coronation Street, won a beer drinking contest in the pub Olympics in 1972.",True,False,,,A,medium,false,
Television,In what fictional town is the soap opera Coronation Street set?,Wetfield,Waterfield,Winterfield,Weatherfield,D,medium,false,
Television,Who was the first landlord/landlady of the Rovers Return on the show Coronation Street?,Jack Duckworth,Vera Duckworth,Annie Walker,Jack Walker,D,medium,false,
Television,Which special guest star made an appearance on Corries 40th Anniversary episode (2000).,Lassie,Prince Charles,Sir Ian McKellen,Laurence Olivier,B,medium,false,
Television,Who did Tracy Barlow claim was the father of her child on the British soap opera Coronation Street?,Ken Barlow,Stan Ogdan,Price Charles,Roy Cropper,D,medium,false,
Television,Who drove the Platt family into the canal in an episode of Coronation Street?,Fred Gee,Hillman Imp,Richard Hillman,Gail Platt,C,medium,false,
Television,How did Val Barlow die on the TV show Coronation Street?,Electrocution,Murdered,Cancer,Car Crash,A,medium,false,
Television,Who played Reg Holsworth on the TV series Coronation Street?,Ken Barlow,Ken Granger,Ken Tucky,Ken Morley,D,medium,false,
Television,What Coronation Street character broke Fred Elliots heart after he proposed to her in France?,Penny King,Rita Sullivan,Maureen Holdsworth,Audry Roberts,D,medium,false,
Television,"According to Xander, how many Starbucks coffee shops does the fictional town Sunnydale have?",2,3,1,0,C,medium,false,
Television,What is the name of the costume store that Cordelia uses in the Buffy episode Halloween?,Party City,Party Town,Party Store,Ethans,B,medium,false,
Television,It is revealed in the Buffy series that there are 13 cemeteries within the Sunnydale city limits.,False,True,,,A,medium,false,
Television,"During high school, Buffy the Vampire Slayer and her friends attend two official field trips. One is to the zoo; the other is to this place.",the local college,the park,the museum,the morgue,C,medium,false,
Television,"In the final episode of the Buffy series, which character said, We destroyed the mall? I fought on the wrong side.?",Willow,Faith,Xander,Dawn,D,medium,false,
Television,What is the popular hangout spot for teens and young adults in the fictional city of Sunnydale?,The Silver,The Bronze,Steel,The Gold,B,medium,false,
Television,"In the Buffy series, we first see Giles sing in public at the Espresso Pump.",False,True,,,B,medium,false,
Television,What is the name of the movie theater on the main street of the fictional city of Sunnydale?,The Sun Cinema,The Sunnydale Cineplex,The Sunnydale Cinema,The Moon Cinema,A,medium,false,
Television,If you watched the Mary Tyler Moore show you remember Ted Knight as the no-talent broadcaster Ted Baxter. He also appeared in the early 60s as Phil Sterling on what soap opera?,The Secret Storm,The Young Marrieds,Peyton Place,The Edge of Night,B,medium,false,
Television,"Kathleen Turner was nominated for an Academy Award for her portrayal of Peggy Sue in Peggy Sue Got Married. When she made her television debut in 1978 in this soap opera, she followed it up with her first film Body Heat in 1981. Name the soap.",Knots Landing,General Hospital,Dallas,The Doctors,D,medium,false,
Television,"Although noted for his performance as Trapper John in the TV series M*A*S*H, Wayne Rogers also played a part in a soap opera in 1959. Which was it?",The Edge of Night,Young Doctor Malone,The Secret Storm,Search for Tomorrow,D,medium,false,
Television,"Adrienne Barbeau, who starred as Bea Arthurs daughter in Maude, played on Broadway in Grease and, has been seen in many horror movies, was also involved off and on in one soap opera. Which one?",Desperate Housewives,Melrose Place,"General Hospital, Night Shift",General Hospital,D,medium,false,
Television,"Joan Rivers, who won a daytime Emmy for her talk show, was a cast member of this soap in 1997.",Another World,All My Children,Guiding Light,As the World Turns,A,medium,false,
Television,"Shirley Jones, who won an Academy Award in 1960 for Elmer Gantry and was the star of The Partridge Family, also played a part in a long-running soap opera in 2008. Which one?",Days of Our Lives,As the World Turns,General Hospital,One Life to Live,A,medium,false,
Television,"Blair Underwood is known for Sex and the City, LAX, Fatherhood and this soap opera in which he first appeared in 1985.",Guiding Light,One Life to Live,Dynasty,Ryans Hope,B,medium,false,
Television,"Usher, known for his singing ability and for starting the career of Justin Bieber, acted in this soap opera.",The Bold and the Beautiful,Hyperion Bay,"Beverly Hills, 90210",Sunset Beach,A,medium,false,
Television,"James Earl Jones has appeared on stage in The Great White Hope, for which he received a Tony award in 1979. Hes also won Golden Globes and Emmys. but which is the only soap opera that he appeared in briefly.",All My Children,Guiding Light,As the World Turns,The Bold and the Beautiful,B,medium,false,
Television,"Lee Meriwether, Miss America of 1955, had a recurring role in this soap opera.",Search for Tomorrow,All My Children,Ryans Hope,Guiding Light,B,medium,false,
Television,What is the name of the store Sam is employed at in the TV series Reaper?,Work Detail,Building Depot,Highs,Work Bench,D,medium,false,
Television,What West Coast city is the show Reaper set in?,"Portland, OR","Seattle, WA","Los Angeles, CA","San Francisco, CA",B,medium,false,
Television,Sams primary job under Satans direction is to guard the gates of Hell.,True,False,,,B,medium,false,
Television,What name is the Devil known by on the TV show Reaper?,Larry Belvedere,Jerry Belvedere,Johnny Belvedere,Jack Belvedere,B,medium,false,
Television,What kind of animal is Mr. Krabs daughter in the animated series SpongeBob SquarePants?,None of the above,Whale,Fish,Crab,B,medium,false,
Television,What is the name of Spongebobs best friend?,Patrick,Plankton,Squidward,Gary,A,medium,false,
Television,Where does Spongebob live?,The Great Barrier Reef,None of these,Bikini Bottom,Atlantis,C,medium,false,
Television,What is the name of Spongebobs workplace?,The Krusty Krab,McDonalds,The Chum Bucket,Fishy-Joes,A,medium,false,
Television,"What is the name of Spongebobs friend, who happens to be a squirrel and where is he/she from?","Mr. Nutty, New York","Sandy Cheeks, Texas",None of the above,"Fluffy, Texas",B,medium,false,
Television,"Spongebobs pet snail, Larry, meows like a cat.",True,False,,,B,medium,false,
Television,"Is it true that Plankton, Mr. Krabss arch enemy, tries to steal the krabby patty secret formula in the animated series SpongeBob SquarePants?",Yes,No,,,A,medium,false,
Television,What fruit does Spongebob live in?,Banana,Orange,Apple,Pineapple,D,medium,false,
Television,What year did the animated series SpongeBob SquarePants first air?,2003,2005,1999,2000,C,medium,false,
Television,What animal is the fictional character Squidward?,Starfish,Crab,Fish,None of these,D,medium,false,
Television,"J.J. Abrams, one of the creators of Fringe, also helped create what other popular television series?",Desperate Housewives,House,ER,Lost,D,medium,false,
Television,The television show Fringe is part of a Fox initiative known as Remote-Free TV.,True,False,,,A,medium,false,
Television,One of the principal male stars of the TV show Fringe also had a lead role in this 2008 movie mostly set in Japan.,Back to the Future,Cloverfield,The Strangers,Shutter,D,medium,false,
Television,"Fringe science, the basis of the series Fringe, is the same as Quantum mechanics.",False,True,,,A,medium,false,
Television,"Lance Reddick, who played the lead FBI agent of the Fringe unit from the self-titled series, also showed up on the television series Lost. What was his characters name on Lost?",Jack Sheppard,James Ford,Matthew Abaddon,Ben Linus,C,medium,false,
Television,"Kirk Acevedo, who plays Agent Charlie Francis on Fringe, also appeared in which of these popular shows?",Law and Order: Trial by Jury,Lost,Greys Anatomy,Boston Legal,A,medium,false,
Television,"Blair Brown, who plays Nina Sharp on Fringe, had her own television show in the late 80s. What was it called?",Suddenly Susan,Family Ties,Cheers,The Days and Nights of Molly Dodd,D,medium,false,
Television,What is the name of the character played by Mark Valley on the television show Fringe?,John Scott,John Smith,David Wentworth,Buddy Ebsen,A,medium,false,
Television,On the pilot episode of Fringe everyone dies.,True,False,,,B,medium,false,
Television,"In the television series Fringe, what is the name of the company that Nina Sharp works for?",Massive Dynamic,Holy Trinity,FBI,The Pattern,A,medium,false,
Television,Where did Dr. Cox meet Wayne Gretzky on the TV show Scrubs?,the mall,after a Red Wings game,the hospital,in line at the bank,D,medium,false,
Television,"On the TV shower Scrubs, what flavor baby food did Keith eat first at Elliots baby shower for Carla at the baby game station?",bananas,peaches,turnips,carrots,C,medium,false,
Television,What song did Teds group sing at Carlas baby shower in the hospital in the TV series Scrubs?,Baby Dont Love Me,Baby Cages with Water Bottles,I Want My Baby Back (ribs),Baby Got Back,C,medium,false,
Television,JD and Kims first date on the show Scrubs ended with which of the following?,throwing watermelons from the roof,broken rib,hernia,testicular torsion,D,medium,false,
Television,What was Scrubs character Elliot Reed known as?,Moment Killer,Sporadic Thief,Philanthropist,Phycologist,A,medium,false,
Television,What was the name of the hospitals newsletter on the TV show Scrubs?,Sacred Heart News,The Janitorial,Kelsos Chaos,The Hospital Dispatch,B,medium,false,
Television,How often was the hospitals newsletter published on the TV show scrubs?,Twice per day,quarterly,Once per day,Tri-daily,D,medium,false,
Television,What was the name of JD and Kims son on Scrubs?,JD Jr.,Number two,Sam,Stephen,C,medium,false,
Television,What did Turk do with his removed testicle during JDs daydream on Scrubs?,Flew it to Cancun,Drove it to Chicago,Burned it,Buried it,D,medium,false,
Television,Which of these celebrities did not appear during the first eight seasons of Scrubs?,Colin Fay,Nicole Sullivan,Katie Holmes,John Ritter,C,medium,false,
Television,What name was Johnny using when he was fired in Los Angeles in the TV series WKRP in Cincinnati?,Johnny Sunshine,Johnny  Sanford,Johnny Race,Johnny Caravello,A,medium,false,
Television,What word got Johnny fired on the sitcom WKRP in Cincinnati?,Booger,Boogie,Fart,Tushie,A,medium,false,
Television,Who played Carlsons mother in the pilot episode of WKRP?,Helen Hayes,Mildred Natwick,Sylvia Sydney,Carol Bruce,C,medium,false,
Television,"On the TV show WKRP in Cincinnati, Carlsons wife was named Cindy.",False,True,,,A,medium,false,
Television,Where was Venus Flytrap working before WKRP according to the pilot episode of the self-titled show?,Chicago,Memphis,New York,New Orleans,D,medium,false,
Television,The name of the Evangelist with a program on WKRP is Little Ed Pembrook.,False,True,,,B,medium,false,
Television,What is Venus real name on the TV show WKRP in Cincinnati?,George Shumway,Gordon Shumway,George Sims,Gordon Sims,D,medium,false,
Television,What could the Senator not explain in the opening newscast on WKRP in Cincinnati?,"Life, the Universe and everything",His Super Pac,His stand on anything,His nudity,D,medium,false,
Television,Carlson from WKRP in Cincinnati loved baseball above everything else.,True,False,,,B,medium,false,
Television,What was wrong with the house Jennifer buys on WKRP in Cincinnati?,It was haunted.,There were loud neighbors.,It was in a bad neighborhood.,It had a leaky roof.,A,medium,false,
Television,Sgt. Sam Troy was the leader of the Rat Patrol on the self-titled show. What did he always wear?,Baseball Cap,A green Beret,German pith helmet,Australian bush hat,D,medium,false,
Television,What did The Rat Patrol character Hitch always wear on his head?,French Foreign Legion cap,A handkerchief,Green Beret cap,Nothing,A,medium,false,
Television,Which member of the Rat Patrol was a ladies man?,Hitch,Moffitt,Troy,Tully,A,medium,false,
Television,What word did all of the Rat Patrol episodes have in the title?,Rat,Patrol,Affair,Raid,D,medium,false,
Television,"During the filming of an episode of The Rat Patrol, a jeep overturned on Christopher George causing serious injury.",False,True,,,B,medium,false,
Television,What unit was Moffitt in before he joined The Rat Patrol on the self-titled TV show?,Royal Tank Corps,Scots Greys,Popskis Private Army,Military anthropology unit,B,medium,false,
Television,"In the anime series Rurouni Kenshin, did someone manage to dodge Kenshins attack Kuzu-ryūsen?",Yes,No,,,A,medium,false,
Television,"In the Rurouni Kenshin anime series, which technique did Kenshin use to defeat Udō Jin-e?",Ryūtsuisen,Battōjutsu Hiryūsen,Battōjutsu Soryūsen,Battōjutsu Soryūsen ~ Ikazuchi,C,medium,false,
Television,Which character or faction from the series Rurouni Kenshin does the theme song in the sound clip represent?,Hajime Saito,Jupangatana,Sanouske Sagara,Sekihoutai,D,medium,false,
Television,"According to the series Rurouni Kenshin, the first secret of the final attack Amakakeru Ryū no Hirameki is the god-like speed. What is the second secret?",Utilizing the sheath,Additional step with the left foot,Additional step with the right foot,To draw the sword with the left arm,B,medium,false,
Television,Which character or faction from the series Rurouni Kenshin does this theme song represent?,Sekihoutai,Kamiya Kaoru,Sagara Sanosuke,Makimachi Misao,C,medium,false,
Television,Who is the creator of Johnny Bravo?,Van Partible,Robert Alvarez,John McIntyre,Rumen Petkov,A,medium,false,
Television,Johnny Bravo sounds like this music legend.,Elvis Presley,Elton John,Tom Jones,John Lennon,A,medium,false,
Television,What is the name of Johnny Bravos geeky neighbor whom he likes to call dweeb?,Master Hamma,Pops,Carl Chryniszzswics,Suzy,C,medium,false,
Television,In an episode of Johnny Bravo it is revealed that this character is a cousin of actress Farrah Fawcett.,Carl,Little Suzy,Bunny Bravo,Johnny,B,medium,false,
Television,What is the color of Johnny Bravos eyes?,Blue,It is never revealed.,Green,Brown,B,medium,false,
Television,"In the Johnny Bravo episode The Perfect Gift, Johnny is trying to get some money to buy his mom this gift for Mothers Day.",A pot of beautiful flowers,A pair of bunny slippers,A bottle of lemonade,Sunglasses,B,medium,false,
Television,Johnny Bravo is sometimes set on a date with weird creatures. Which of these has Johnny dated?,Vampire,All of these,Werewolf,Antelope,B,medium,false,
Television,"This fictional action star, who is a Steven Seagal lookalike, is Johnny Bravos idol and favorite hero.",Squint Ringo,Master Hamma,Galaxy boy,Pretty boy,A,medium,false,
Television,An episode of Johnny Bravo is based on this very popular movie with Leonardo DiCaprio that won 11 Academy Awards.,The Aviator,Romeo + Juliet,Titanic,The Beach,C,medium,false,
Television,What does Johnny Bravo say to his clone when meeting him in one of the episodes of the series?,"Excuse me, sir, you look suspiciously pretty.","Look, mister, I dont know who you are and how you got so pretty...","Hey, you look so familiar that it almost smells funny.","Oh, mama! Now I can send me on dates and watch me pick up chicks from another angle!",B,medium,false,
Television,When was fictional character Michael Scott born?,March 15-the same day as Eva Longoria,October 15-the same day as  Lee Iacoca,October 28-the same day as Bill Gates,May 28-the same day as Gladys Knight,A,medium,false,
Television,Steve Carells father was born with this surname.,Caroselli,Charley,Carroll,Carlton,A,medium,false,
Television,What part did fictional character Michael Scott originally have at his mothers second wedding ceremony?,Usher,Best man,Ring barer,Flower boy,C,medium,false,
Television,Fictional character Michael Scott was a child actor.,False,True,,,B,medium,false,
Television,Find the correct statement about fictional character Michael Scott.,Michael Scott attended Temple University in Philadelphia.,Michael Scott never attended college,Michael Scott graduated  from Wilkes-Barre Community College,Michael Scott graduated from Scranton University.,B,medium,false,
Television,How did Michael become a manager on the TV show The Office?,His cousin worked in the mail room at corporate.,"His best friend, Bob Packard, recommended him.",He was one of the top salespeople in Dunder Mifflin history.,His degree from Temple was in management.,C,medium,false,
Television,How did Michael Scott burn his foot on the TV show The Office?,He dropped a palette of paper on it.,He burned it on a George Foreman grill.,He closed his car door on it.,He still does not know.,B,medium,false,
Television,Which of these sentences can Michael Scott not stop saying on The Office?,Rim shot!,Take me to your leader!,Therein lies the rub.,Thats what she said!,D,medium,false,
Television,"What role does Steve Carells real life wife, Nancy, play on The Office?","Amy, the purse saleswoman","Carol,  the real estate agent","Holly, the H-R person","Madge, the replacement for Pam.",B,medium,false,
Television,"On the TV show The Office, why do the other students in Michael Scotts improv class not like him?",He can not remember his lines.,He wants to do all the talking.,He refuses to sit down.,He constantly uses the line I have a gun.,D,medium,false,
Television,Michaels desk on the TV show The Office always has a Worlds Best Boss award on it. How did he get it?,He got it at Pams wedding.,It was awarded to him by the Scranton Better Business Bureau.,He bought it himself.,It was given to him by David Wallace.,C,medium,false,
Television,Which type of car does fictional character Michael Scott think shows how classy he is?,Volkswagen Jetta,Toyota Avalon,Chrysler Sebring,Honda Accord,C,medium,false,
Television,Which employee shows herself topless to Michael Scott on the TV show The Office?,Kelly,Meredith,Erin,Pam,B,medium,false,
Television,Which employee does Michael Scott run into with his car in an episode of The Office?,Oscar,Meredith,Pam,Erin,B,medium,false,
Television,"While he was Scranton manager, TV character Michael Scott had a second job. What was it?",Car salesman,Candle salesman,Telemarketer,Wedding singer,C,medium,false,
Television,"On the TV show The Office, when Michael wants to seal a big sale he usually brings the customer to this restaurant.",Coopers,Applebees,The Cheesecake Factory,Chilis,D,medium,false,
Television,Who does Michael hook up with at Pams wedding on the TV show The Office?,Pams mother,Erin,Jan,Kelly,A,medium,false,
Television,"On the TV show The Office, Michael gets back together with Jan because of this.",She promises him a promotion.,She is having his baby.,She had breast enlargement.,She says she loves him.,C,medium,false,
Television,What was Michaels role at Phyliss wedding in the TV series The Office?,He was to check for wedding crashers.,He was in charge of watching everyones shoes.,He was to wheel her father down the aisle.,He was to deliver to ring to the best man.,C,medium,false,
Television,"When TV character Michael Scott forms his own company, who takes Michaels place at Dunder Mifflin?",Darryl,Dwight,Charles,Jim,C,medium,false,
Television,From which college did actor Steve Carell graduate?,Northeastern,Chicago,Villanova,Dennison,D,medium,false,
Television,Why did Michael Scott quit his job on the TV show The Office?,None of these,Dwight said Michael did not have the guts to do it.,He was so successful as a car salesman that he felt he would make a million with his own company.,He was insulted that David Wallace did not return his call.,D,medium,false,
Television,Why did Michael Scott and Holly break up on the TV show The Office?,She went back to Toby.,"He wanted children,she did not.",She was transferred to New Hampshire.,He went back to Jan because she promised him a promotion.,C,medium,false,
Television,"Xena first appeared to viewers in the series Hercules - the Legendary Journeys, in the episode, titled The Gauntlet?",True,False,,,B,medium,false,
Television,"In the first episode of the series Xena: Warrior Princess, Xena fights Draco on the scaffold erected in her mothers bar and balancing on the shoulders of patrons. This scenario was repeated in another episode.",False,True,,,B,medium,false,
Television,What happens in the Xena episode Ulysses?,Xena falls in love with Ulysses.,Xena rescues Ulysses from Poseidons followers.,Xena helps Ulysses return home to Ithaca and win back his kingdom.,All of the these,D,medium,false,
Television,What happens in the episode of the Xena series titled the Furies?,Xena convinces the Furies that they werent able to drive her mad.,Gabrielle finds the answer to removing the Furies curse and frees Xena for a change.,Xena convinces the Furies that Ares was her father.,Xena attempts suicide to stop the madness.,C,medium,false,
Television,"In the episode The Xena Scrolls, Xenas descendant (who looks remarkably like her), allows Xena to fight through her and defeat Ares.",False,True,,,B,medium,false,
Television,"In the episode Fallen Angel, Xena the warrior Princess gives up her wings and travels to hell to save a fallen Gabrielle.",True,False,,,A,medium,false,
Television,Which of the following doesnt occur in the 2-part Xena episode The Quest?,Xena dies.,Xena is brought back to life by ambrosia.,Xena is able to communicate through Autolycus after he drank water she was using as a portal to the moral world.,"Xena awakens in time to help trap Velaca - the God of Chaos, and stop her from killing Gabrielle.",A,medium,false,
Television,Why was Betty Suarez hired at Mode magazine as Daniel Meades assistant on the TV show Ugly Betty?,Because she was kind-hearted,Because she was unattractive,Because they liked her outfit,Because she was qualified,B,medium,false,
Television,What is Daniel Meades signature trait in the TV sitcom Ugly Betty?,His voice sounds funny.,He is not very smart.,He is a coward.,He is a womanizer.,D,medium,false,
Television,What statement is true about Alexis Meade from the TV comedy series Ugly Betty?,She has a tail.,She has three kidneys.,She was born a man.,She eats dog food.,C,medium,false,
Television,Which of the Three Tenors is Amandas uncle in the TV sitcom Ugly Betty according to her own words?,The big one,The pretty one,The thin one,The curly one,C,medium,false,
Television,What is Wilhelmina Slater from Ugly Betty addicted to?,Lipstick,Diets,Botox,Chocolate,C,medium,false,
Television,What is the special talent of Hilda Suarez from the TV show Ugly Betty?,She is a talented stylist and beautician.,She is a gifted opera singer.,All of these,She can fix anything broken around the house.,A,medium,false,
Television,What culinary nickname did Gio give to Henry on the TV comedy show Ungly Betty?,Egg salad,Butterfingers,Pickle sandwich,Plain yogurt,A,medium,false,
Television,What is Justin Suarez from the Ugly Betty TV show obsessed with?,Baseball,Fishing,Fashion,Cars,C,medium,false,
Television,Fabia from the TV sitcom Ugly Betty was created as a parody of this famous fashion designer.,Vivienne Westwood,Coco Chanel,Stella McCartney,Donatella Versace,D,medium,false,
Television,What medical condition does Marc from Ugly Betty suffer from?,Stomach ulcer,All of these,ADD,Asthma,D,medium,false,
Television,What year did The Proud Family first air on Disney Channel?,2000,1999,2005,2001,D,medium,false,
Television,Who voices Penny Proud in the animated TV series The Proud Family?,Beyonce Knowles,Kyla Pratt,Tyra Banks,Raven Symone,B,medium,false,
Television,What is Sugar Mamas dogs name in the series The Proud Family?,Buff,Tuff,Poofy,Puff,D,medium,false,
Television,Penny Proud from The Proud Family isnt a singer.,False,True,,,A,medium,false,
Television,Who does Sugar Mama often show affection for in The Proud Family?,Clapi,Papi,Toppy,Dadi,B,medium,false,
Television,Who created the animated series The Proud Family?,Bruce W. Smith,Steven  A. Spielburg,Will Smith,Michael Poryes,A,medium,false,
Television,Who is Pennys white and nerdy friend in the series The Proud Family?,Sonia Parker,Demi Rack,Taylro Littletree,Zoey Howzer,D,medium,false,
Television,Who uses Terry Crowley to infiltrate the strike team in the first season of The Shield?,The FBI,Asst. Chief Phillips,Captain David Aceveda,The Internal Affairs Division (IAD),C,medium,false,
Television,Who are the only two witnesses to Terry Crowleys murder in the pilot episode of The Shield?,Vic and Shane,Aceveda and Vic,Shane and Lem,Vic and Lem,A,medium,false,
Television,"In Season One of the  FX series, The Shield, what is unique about the bodies left by Dutch Wagonbaughs serial killer?",He ties a red ribbon to each arm.,He puts lipstick on their cheek.,He leaves the weapon inside the body.,He poses them face down.,D,medium,false,
Television,What happens when Vic locks T-Bonz and Kern Little in the storage bin for the night in Season One of The Shield?,T-Bonz and Kern fall in love.,T-Bonz and Kern end their hostilities.,Kern kills T-Bonz.,T-Bonz kills Kern.,C,medium,false,
Television,"In Season One of The Shield, Julien witnesses Mackey and his men stealing evidence from a drug bust. How many kilos of cocaine did the strike team steal?",3,2,5,4,B,medium,false,
Television,What does the Armenian Mobster Margos like about Danni Sofer in Season One of The Shield?,Her feet,Her gun,Her hair,Her fingers,A,medium,false,
Television,Who makes Dutch Wagonbaugh cry in Season One of The Shield?,Vic Mackey,Detective Claudette Wyms,Detective Shane Vendrell,A serial killer,D,medium,false,
Television,Why does Julien go back on his statement about witnessing the strike team steal the cocaine from the Armenians in Season One of The Shield?,IAD finds Mackey innocent of the charges.,Vic walks in on him and Tomas.,Vic finds a stolen ring for him.,Aceveda convinces him that a bigger bust for Mackey is possible.,B,medium,false,
Television,"In Season One of The Shield, David Aceveda was given an opportunity to run for city council, but a story was written accusing him of rape. David Acedveda was really guilty of the rape.",True,False,,,B,medium,false,
Television,"In Season One of The Shield, Vic threw Rondell Robinson from a rooftop.",False,True,,,A,medium,false,
Television,Who was found to be responsible for the riots that ended Season One of The Shield?,Captain David Aceveda,Assistant Chief Benjamin Ben Gilroy,Detective Claudette Wyms,Detective Vic Mackey,B,medium,false,
Television,"This made for TV movie aired on HBO in 1996 and was nominated for an Emmy. It was a triology of stories set in the same house, with different occupants over the span of 40 years.",Made For Me,House,Journey,If These Walls Could Talk,D,medium,false,
Television,The made for TV movie called Breaking the Surface: The Greg Louganis Story was about the life and professional career of the Olympic swimmer. Can you name the actor who portrayed Louganis?,Mario Lopez,Benjamin Bratt,Ramon Estevez,Jimmy Smits,A,medium,false,
Television,Angelina Jolie starred in a 1998 HBO movie about a supermodel.,True,False,,,A,medium,false,
Television,The 1979 made for TV movie The Miracle Worker starred Patty Duke as Helen Keller.,False,True,,,A,medium,false,
Television,Which of these birds does Pancho call a water chicken in the TV series The Cisco Kid?,Sea Gull,Duck and/or a goose,Flamingo,Swan,B,medium,false,
Television,"Complete this line uttered by Pancho in the TV series The Cisco Kid, .............................., before we are dancing at the end of a rope, without music.",Lets go,Lets leave,Lets went,Lets go to jail,C,medium,false,
Television,"Why does Pancho say, They are throwing wheels at us, in The Cisco Kid episode Bell Jar Bellies?",Because the wagon got loose and was heading toward them,Because a loose wheel was rolling toward them,Because the bad men were saying lies about both of them,Because a loose wheel flew off the wagon at them and almost hit them in their heads,B,medium,false,
Television,"What short story author created the Cisco Kid, the central character of the self-titled series?",O. Henry,Ray Bradbury,Washington Irving,Edgar Allen Poe,A,medium,false,
Television,"In an episode of The Cisco Kid, Pancho told the Cisco Kid that the bad man had his tongue tangled in his mouth. What did he mean?",He talked too much.,He was mincing his words.,He did not want to talk (reply).,He spoke with a forked tongue.,C,medium,false,
Television,"What female star from a super hero series appeared in The Cisco Kid episode, titled Chain Lightning?",Eartha Kitt (Cat Woman also from Batman),Linda Carter (Wonder Woman),Noel Neill (Lois Lane from Superman),Julie Newmar (Cat Woman from Batman),C,medium,false,
Television,"In The Cisco Kid episode, titled Railroad Land Rush, Pancho used the words bottle caps to refer to which of the following?",Target practice,Jewels,Money,Checkers,C,medium,false,
Television,The Cisco Kid character Pancho says the words Lets went  in all of the listed episodes except this one.,Railroad Land Rush,The Will,Oil Land,Medicine Flats,A,medium,false,
Television,"In The Cisco Kid episode titled The Will, one of the bad guys henchmen is named for the state where he came from. What was his name?",New Jersey,Nebraska,New York,Colorado,B,medium,false,
Television,What was the name of Panchos horse in the TV series The Cisco Kid?,Lobo,Champion,Loco,Scout,C,medium,false,
Television,"On the hit comedy Boy Meets World, Cory Matthews was played by Ben Savage who is the brother of the star of this TV show.",Wonder Years,Perfect Strangers,Eight is Enough,Family Ties,A,medium,false,
Television,For how many seasons did the show Boy Meets World air?,6,7,10,9,B,medium,false,
Television,"On the show Boy Meets World, Cornelius is Corys real first name.",True,False,,,A,medium,false,
Television,What relation is Morgan to Cory on the show Boy Meets World?,his aunt,his sister,his mother,no relation,B,medium,false,
Television,"The character of Shawn Hunter, on the show Boy Meets World,  had a brother.",True,False,,,A,medium,false,
Television,"On the show Boy Meets World, who is the character George Feeny?",The Matthews next door neighbor,One of the college professors,All of the answers are correct,Husband to the Dean at Corys college,C,medium,false,
Television,"What was the name of the girl Shawn fell in love with, in the later episodes of Boy Meets World?",Rachel,Morgan,Jenny,Angela,D,medium,false,
Television,Did Cory Matthews ever get married on the show Boy Meets World?,Yes,No,,,A,medium,false,
Television,Which of these famous actresses makes a guest appearance on the show Boy Meets World?,Jessica Biel,Britney Murphy,Jennifer Love Hewitt,Drew Barrymore,C,medium,false,
Television,"What outrageous colour did Cory paint his apartment, causing Topangas disapproval, on one episode of the show Boy Meets World?",Orange,Yellow,Black,Purple,B,medium,false,
Television,"What was the name of the restaurant Cory and his friends would hang out at, on the show Boy Meets World?",Chubbys,Peg Leg Petes,The Max,Feenys,A,medium,false,
Television,"In the TV show, Sailor Moon, Sailor Moons cat can only talk to other cats.",True,False,,,B,medium,false,
Television,What is Sailor Moons weapon during battle?,a ring,a wand,a computer,a sword,B,medium,false,
Television,What is the colour of of the strange artifact that Griffith possesses in the anime series Berserk?,Black,Red,Green,Blue,B,medium,false,
Television,Listen to the sound clip and guess the name of the anime series.,FLCL,Inuyasha,Myself ; Yourself,Sola,A,medium,false,
Television,Which two Gods in Xena: Warrior Princess lost their powers and were stuck traveling with Gabrielle and Joxer until a solution was found in the episode The Quill is Mightier?,Ares/Cupid,Zeus/Hera,Ares/Aphrodite,Cupid/Aphrodite,C,medium,false,
Television,"In the episode The Furies, Xena, the Warrior Princess convinced the Furies that Ares was her father.",True,False,,,A,medium,false,
Television,Which God/Goddess took over as King/Queen of the Gods when Zeus was killed in the TV series Xena: Warrior Princess?,Ares,Aphrodite,Hephaestus,Athena,D,medium,false,
Television,"Xena, the Warrior Princess began her quest to eliminate the Gods because they threatened the life of her baby, Eve.",False,True,,,B,medium,false,
Television,"Though Ares was first introduced in the Hercules: The Legendary Journeys series, he was not given a real face until he was introduced in Xena: Warrior Princess.",False,True,,,B,medium,false,
Television,Which God/Goddess from the TV series Xena: Warrior Princess seemed to have a special place in their heart for Gabrielle?,Ares,Aphrodite,Cupid,Athena,B,medium,false,
Television,"In the TV series Xena: Warrior Princess, Baby Bliss, Cupids son, stole his fathers bow and wreaked havoc at the temple of the Hestian Virgins. Xena fell in love with Draco, Gabrielle with Joxer and Draco with Gabrielle.",False,True,,,B,medium,false,
Television,"Which God did Xena have to deal with during the episode, titled Ulysses?",Ares,Hephaestus,Poseidon,Athena,C,medium,false,
Television,"In the TV series Xena: Warrior Princess, which Dream God kidnapped Gabrielle, forcing Xena to rescue her from the Dreamscape?",Ares,Baccus,Morpheus,Hades,C,medium,false,
Television,"In the Xena TV series, Xena must rescue Hades sister Cyrene, the embodiment of Death, from King Sisyphus or all mankind will be doomed to eternal life filled with suffering.",True,False,,,B,medium,false,
Television,What does the term Mad Men stand for according to the self-titled TV show?,Insane men,Madison Avenue Advertising men,Men who work for Mad Magazine,None of these,B,medium,false,
Television,"In the anime series, Prince of Tennis, who is Echizens last opponent during the National Tournament?",Kuranosuke Shiraishi,Akutsu,Echizen Ryoga,Kintarou Tooyama,D,medium,false,
Television,"In Saiunkoku Monogatari, who is the consort and tutor to the young emperor, Shi Ryuuki?",Shuurei,Tazusa,Seiran,Nagisa,A,medium,false,
Television,Who is Akanes close friend in the anime Harukanaru Toki no Naka de Hachiyoushou?,Eisen,Inori,Yosuaki,Tenma,D,medium,false,
Television,"In the anime series Black Cat, does Train Hearnet go back to Chronos?",No,Yes,,,A,medium,false,
Television,Did Lelouch Lamperouge promise to destroy the Britannian empire in the anime series Code Geass?,No,Yes,,,B,medium,false,
Television,"According to the anime series, La Corda Doro, how do you express your love?",by giving them what they want in life,by letting your love hear your music,by simply telling them you love them,by giving them something sweet,B,medium,false,
Television,Does the anime series Hanbun no Tsuki ga Noboru Sora center around two hospitalizad teenagers.,Yes,No,,,B,medium,false,
Television,"In Ouran Highschool Host Club, Haruhi is confused for a boy.",True,False,,,A,medium,false,
Television,"In the 2nd season of Kamichama Karin, do the characters want to change their future?",No,Yes,,,B,medium,false,
Television,"Terry Jones studied English at university, and one of his earliest books was an academic study centred on this famous Emglish writer.",Geoffrey of Monmouth,William Shakespeare,Geoffrey Chaucer,John Milton,C,medium,false,
Television,Terry Jones collaborated with Michael Palin at university and subsequently on many television shows.  Which of the following was not one of them?,How to Irritate People,Do Not Adjust Your Set,Twice a Fortnight,The Complete and Utter History of Britain,A,medium,false,
Television,"Terry Jones wrote and directed the film Erik the Viking, whose plot is markedly different from his earlier childrens book The Saga of Erik the Viking.",True,False,,,A,medium,false,
Television,Which of these films was not directed by Terry Jones?,And Now for Something Completely Different,Personal Services,The Wind in the Willows,Erik the Viking,A,medium,false,
Television,"Terry Jones once said that Ireland had only ever banned four films, and he had directed three of them.",False,True,,,B,medium,false,
Television,"Terry Jones wrote the novel Douglas Adamss Starship Titanic, based on the computer game. Which of the following associated statements is true?",Terry Jones claimed to have written the entire book while in the nude.,Terry Jones wrote it because Adams was too busy developing the computer game.,"Terry Jones was a voice actor for the game, playing the Parrot.",All statements are true.,D,medium,false,
Television,Terry Jones has co-written and presented several historical documentary series. Which of the following is not one of them?,The Crusades,Medieval Lives,The Normans,Barbarians,C,medium,false,
Television,Terry Jones has written and directed an opera.,True,False,,,A,medium,false,
Television,Terry Jones became a father after the age of sixty.,False,True,,,B,medium,false,
Television,"In the TV series Living Single, Kyle and Max got married.",True,False,,,B,medium,false,
Television,Khadijah James was portrayed by Queen Latifah in the TV series Living Single.,True,False,,,A,medium,false,
Television,"On the TV show Living Single, Russell Montego was a Jamaican-born music editor.",False,True,,,B,medium,false,
Television,Which Living Single character always had a different wig?,Sinclair,Max,Kyle,Regine,D,medium,false,
Television,Which of these characters got married on the TV show Living Single?,Max and Overton,Kyle and Khadijah,Sinclair and Overton,Regine and Russel,C,medium,false,
Television,Where was the TV show Living Single set?,Cleveland,Brooklyn,Boston,Chicago,B,medium,false,
Television,What Living Single character ran for political office?,Regine,Khadijah,Max,Kyle,C,medium,false,
Television,Who is Karins love interest in the early episodes of Kamichama Karin?,Kirika Karasuma,Kazune Kujyou,Kirio Karasuma,Naruto Uzumaki,A,medium,false,
Television,What character did Karin kiss first in the series Kamichama Karin?,Kujyou Suzune,Kujyou Karin,Nishikiori Micchi,Mary Ann,C,medium,false,
Television,Who was the future son of Karin and Kazune in the anime series Kamichama Karin?,Eriaa,Suzune,Himeka,Shii-chan,B,medium,false,
Television,To whom did Kazune confess his love for Karin when Karin wasnt around in the series Kamichama Karin?,Athena,Kiro,Nishikiori Micchi,Shiro,C,medium,false,
Television,Who is Karin and Kazunes rival in the Japanese anime series Kamichama Karin?,Kirio,Athena,Micchi,Himeka,A,medium,false,
Television,Which of the following Friends episodes is not from Season 1?,The One With Rachels Crush,The One with the Birth,The One With All the Poker,The One With the Blackout,A,medium,false,
Television,Which of the following Friends episodes is not from season 2?,The One With Russ,The One With Joeys New Girlfriend,The One Where Ross and Rachel...You Know,The One With Ross New Girlfriend,B,medium,false,
Television,Which of these Friends episodes is not from season 3?,The One With The Racecar Bed,The One Without The Ski Trip,The One with the Ick Factor,The One Where Monica and Richard Are Just Friends,C,medium,false,
Television,Which of the following Friends episodes is not from season 4?,The One With the Invitation,The One With the Ballroom Dancing,The One With Joeys Award,The One With the Cuffs,C,medium,false,
Television,Which of the following Friends episodes is not from season 5?,The One with All the Jealousy,The One with All the Kissing,The One with All the Resolutions,The One with the Ride-Along,A,medium,false,
Television,Which of the following Friends episodes is not from season 6?,The One Where Ross Got High,The One With The Routine,The One Where Ross is Fine,The One With Joeys Fridge,C,medium,false,
Television,Which of the listed Friends episodes is not from season 7?,The One Where They All Turn Thirty,The One With the Ring,The One With the Cheap Wedding Dress,The One With Rachels Assistant,B,medium,false,
Television,Which of the following Friends episodes is not from season 8?,The One With The Secret Closet,The One With The Video Tape,The One Where Rachel is Late,The One With the Sharks,D,medium,false,
Television,Which of the following Friends episodes is not from season 9?,The One With The Boob Job,The One With the Blackout,The One With Christmas in Tulsa,The One With the Pediatrician,B,medium,false,
Television,Which of these Friends episodes is not from season 10?,The One With The Birth Mother,The One With the Cop,The One Where Joey Speaks French,The One Where Estelle Dies,B,medium,false,
Television,What was Ellen DeGeneres major at the University of New Orleans?,Acting,Sociology,Mathematics,Communications,D,medium,false,
Television,Ellen DeGeneres has claimed that this comedian was one of her biggest influences in the 1980s.,Eddie Murphy,Whoopi Goldberg,Steve Martin,Jay Leno,C,medium,false,
Television,What is the name of the episode of the Ellen sitcom in which Ellen DeGeneres reveals her homosexuality to Oprah Winfrey?,The Closet Episode,The Bathroom Episode,The Puppy Episode,The Kitty Episode,C,medium,false,
Television,"What award show did Ellen DeGeneres host on November 4, 2001, soon after the terrorist attack of September 11, 2001?",The Golden Globe Awards,The Academy Awards,The Emmy Awards,The MTV Movie Awards,C,medium,false,
Television,"Andrew Stanton, director of the 2003 movie Finding Nemo, confessed that this was the reason he chose Ellen DeGeneres for the voice role of Dory the fish.",Ellens voice had a very funny tone.,All of these,Ellen sounded very confused when trying to explain something.,Ellen changed the subject five times before one sentence had finished.,D,medium,false,
Television,Which of these actresses has Ellen DeGeneres dated?,Portia de Rossi,Alexandra Hedison,Anne Heche,All of these,D,medium,false,
Television,What is the name of the 1996 romantic comedy movie in which Ellen DeGeneres character accidentally shoots her future husband at their wedding?,Widow To Be,The Groom,Mr. Wrong,Prince Charming,C,medium,false,
Television,What is the occupation of Ellen DeGeneres character in the 1999 movie The Love Letter?,Florist,Actress,Writer,Manager,D,medium,false,
Television,"Actress and comedian Ellen DeGeneres was born on January 26, 1958 in this state.",Texas,South Dakota,Maryland,Louisiana,D,medium,false,
Television,What was Ellen DeGeneres explanation on her hosting the The Ellen DeGeneres Show from her bed with a torn ligament in her back?,"Come what may, Ellen is here to stay!","Dont laugh, I love my job, I cant survive without people laughing at me.","Lifes short, get the most of it, even and especially when youre in bed!",Show must go on.,D,medium,false,
Television,What type of dragon slayer is Fairy Tail character Natsu Dragneel?,Thunder,Poison,Sky,Fire,D,medium,false,
Television,"In the Fairy Tail anime and manga series, what type of dragon slayer is Wendy Marvell?",Sky,Iron,Fire,Thunder,A,medium,false,
Television,What type of dragon slayer is Gajeel Redfox in the Fairy Tail series?,Iron,Sky,Poison,Thunder,A,medium,false,
Television,Who is the master of Fairy Tail in the self-titled anime and manga series?,Mirajane,Laxus Dreyar,Loke,Makarov,D,medium,false,
Television,"In the Fairy Tail anime and manga series, Exceed is a race of what type of animals?",Winged Dogs,Winged Lions,Winged Rats,Winged Cats,D,medium,false,
Television,Which one of the Fairy Tail characters is the heaviest drinker?,Gildarts Clive,Mirajane,Cana Alberona,Levy McGarden,C,medium,false,
Television,What Fairy Tail character often uses the word man?,Makarov,Loke,Elfman,Laxus Dreyar,C,medium,false,
Television,Who is the Celestial Mage of Fairy Tail?,Cana Alberona,Lucy Heartfilla,Gray Fullbuster,Erza Scarlett,B,medium,false,
Television,What kind of magic does Gray Fullbuster use in the Fairy Tail manga and anime series?,Earth,Ice,Water,Fire,B,medium,false,
Television,What kind of magic does Fairy Tail character Erza Scarlet use?,Break,Dark,Bend,Re-quip,D,medium,false,
Television,What type of Pokemon is Charmander?,water,fire,normal,grass,B,medium,false,
Television,What Pokemon species is Kakuna?,water,normal,bug,flying,C,medium,false,
Television,What type of Pokemon is Fearow?,water,fire,normal,flying,D,medium,false,
Television,Raticate evolves from Rattata and is this type of Pokemon.,flying,grass,normal,water,C,medium,false,
Television,What type of Pokemon is Pidgeot?,flying,both of these,none of these,normal,B,medium,false,
Television,Arbok is a vengeful Pokemon creature of this type.,poison,flying,normal,grass,A,medium,false,
Television,What type of Pokemon is the aggressive and short-tempered Mankey?,poison,normal,flying,fighting,D,medium,false,
Television,What type of Pokemon is the Psyduck which is constantly stunned by its headache?,normal,flying,water,poison,C,medium,false,
Television,What type of Pokemon is Graveler?,"normal, grass","rock, ground","flying, poison","earth, normal",B,medium,false,
Television,Who is NOT a contestant in the first season of the show Groomer Has It? (eliminated people included),Amber,Jorge,John,Jessica,C,medium,false,
Television,Who was the first person to get eliminated on the show Groomer Has It?,Lisa,Jasper,Jessica,Amber,A,medium,false,
Television,What is the name of the building the groomers stay and work in on Groomer Has It?,Groomer Has It Building,The Dog Park,The Kennel,The Dog House,D,medium,false,
Television,Which of these Days of Our Lives characters was the first to die?,Abe,Rex,Alice,Bo,A,medium,false,
Television,Who was the first person to find Jack dead in the TV series Days of Our Lives?,Maggie,Julie,Jennifer,Hope,A,medium,false,
Television,Which of the following did Days of Our Lives character Maggie do?,She let the killer in her own house,She shot someone.,She left town.,She followed the killer.,A,medium,false,
Television,Where did Days of Our Lives character Caroline Brady die?,at hospital,at church,at Maggies funeral,at home,B,medium,false,
Television,Who held the presumptive murder weapon when Days of Our Lives character Cassie Brady was found dead?,Marlena,Tony,Kate,Roman,C,medium,false,
Television,On what day did Days of Our Lives character Cassie Brady die?,New Years Eve,Christmas,Halloween,Thanksgiving,D,medium,false,
Television,What Days of Our Lives character died on their own wedding day?,Roman,Hope,Sami,Cassie,A,medium,false,
Television,How did Tony die on the TV show Days of Our Lives?,He was stabbed with a sword.,He was poisoned at hospital.,He was shot.,He was ravaged by a tiger.,B,medium,false,
Television,What Days of Our Lives character choked on their own doughnut?,Sami,Julie,Alice,Marlena,C,medium,false,
Television,"On the TV show Days of Our Lives, Kates wedding dress was covered in blood and she let out a horrible scream.",False,True,,,B,medium,false,
Television,Which of these Days of Our Lives characters locked the cage at the circus so the killer could not get in?,Julie,Sami,Mimi,Kate,B,medium,false,
Television,Which of these characters were locked in the cage on the TV show Days of Our Lives?,"Belle, Cassie, Mimi, Sami, Jennifer","Hope, Alice, Maggie, Julie, Bonnie","Kate, Sami, Bonnie, Mimi, Julie","Jennifer, Hope, Alice, Julie, Kate",C,medium,false,
Television,"On the TV show Days of Our Lives, which of these characters that were in the cage got rid of the killer by blowing fire in his face?",Julie,Sami,Bonnie,Kate,C,medium,false,
Television,Which Days of Our Lives characters were caught between the killer and the tiger at one point?,Doug and Julie,Cyleste and Lexi,Brady and Nicole,John and Hope,B,medium,false,
Television,Who was the Salem Stalker on the TV show Days of Our Lives?,Stefano,Tony,Marlena,Nicole,C,medium,false,
Television,Life in the Middle of the City is the translation of the title a soap opera from which country?,Estonia,Finland,Lithuania,Latvia,A,medium,false,
Television,Two Sides of the Coin is the translation of a the title of a soap opera from which country?,Poland,Czech Republic,Hungary,Slovakia,A,medium,false,
Television,Belindas Shadow is a soap opera from which country?,Puerto Rico,Mexico,Panama,Argentina,A,medium,false,
Television,Whiter Church is the literal translation of the title of a soap opera from which country?,Belgium,Luxembourg,Netherlands,German,A,medium,false,
Television,The Department Store is the translation of the title of a soap opera from which country?,South Africa,South Korea,Spain,Sweden,D,medium,false,
Television,Secrets of Heaven is the translation of the title of a soap opera from which country?,Turkey,Russia,Romania,Serbia,A,medium,false,
Television,Roofs of Glass is the translation of the title of a soap opera from which country?,Brazil,Spain,Poland,Portugal,D,medium,false,
Television,Lessons of Life is the translation of the title of a soap opera from which country?,Malaysia,Pakistan,Indonesia,India,A,medium,false,
Television,Black Chronicle is the translation of the title of a soap opera from which country?,Serbia,Bosnia and Herzegovina,Russia,Slovakia,B,medium,false,
Television,Hotel Victory is the translation of the title of a soap opera from this country.,Denmark,German,Sweden,Norway,C,medium,false,
Television,Complete the name of this popular Star Wars character: Obi-Wan ___________,Fisto,Skywalker,Windu,Kenobi,D,medium,false,
Television,"What was the name of the clone trooper captain CC-7567, who served under Anakin Skywalker?",Fox,Rex,Cody,Romio,B,medium,false,
Television,Which of these characters wants to kill Jedi master Mace Windu?,Boba fett,Bossk,Araa sing,IG-88,A,medium,false,
Television,Where does Star Wars character Cody die?,Naboo,In space,None of these,Corosant,C,medium,false,
Television,What colour is Plo Koons starfighter in the Star Wars universe?,red,pink,none of these,blue,D,medium,false,
Television,What color is Star Wars character Yoda?,green,pink,brown,blue,A,medium,false,
Television,What species is Star Wars character Kit Fisto?,none of these,Human,Zodo,Andian,A,medium,false,
Television,Name the Supreme Chancellor who is the main antagonist in the Star Wars saga.,Kenobi,Koon,Palpatine,Voulrom,C,medium,false,
Television,How old was popular fictional character Yoda when he died?,about 500,about 900,about 400,about 56,C,medium,false,
Television,Is the name of Yodas species revealed?,No,Yes,,,A,medium,false,
Television,"In the context of the television show Dollhouse, what exactly is a doll?",a prostitute,a secret agent,a genetically engineered human being endowed with certain capabilities,a person whose mind has been erased,D,medium,false,
Television,"Of the following Dollhouse characters, which one is not and never was a doll?",Victor,Mellie,Dr. Saunders,Adelle,D,medium,false,
Television,"In the TV show Dollhouse, when a person becomes a doll, what happens to the persons original personality?",The original personality is lost.,"The original personality is recorded, and then destroyed.","The original personality is still part of the persons psyche, just suppressed.",The original personality is recorded and stored away to be restored to the person at the termination of the contract.,D,medium,false,
Television,"Of the following Dollhouse characters, which one believes that people have no soul apart from their mental processes?",Adelle DeWitt,Paul Ballard,Topher Brink,Boyd Langton,C,medium,false,
Television,The following actors all appear on Dollhouse at various times (as the characters in parentheses).  Which one of these actors never appeared on the TV show Angel?,Fran Kranz (Topher Brink),Amy Acker (Dr Claire Saunders/Whiskey),Alexis Denisof (Senator Perrin),Eliza Dushku (Echo),A,medium,false,
Television,"In the TV show Dollhouse, who goes to The Attic?",Dolls who do a really good job,Employees who get promoted,Anyone who is considered more a liability than an asset,Dolls who need a vacation,C,medium,false,
Television,"In the TV show Dollhouse, when Whiskey discovers that shes a doll, why does she not want her original personality restored?",Because her former life was so unpleasant,"Because her dolls personality would be lost, which would be like dying",Because shes programmed to not want to return to her former self,Because her contracts not up yet,B,medium,false,
Television,Which of the following Dollhouse characters are in love with each other?,Victor and Sierra,Whiskey and Topher,Adelle DeWitt and Boyd Langton,Paul Ballard and Echo,A,medium,false,
Television,"In the TV show Dollhouse, why does Dr. Saunders not like the way Topher Brink smells?",He wears a cologne which she doesnt care for.,He doesnt believe in using deodorant.,Its a subconscious mechanism to defend herself against him.,He programmed her not to like him.,D,medium,false,
Television,"Of the following dolls in the TV series Dollhouse, which was let out of his or her contract early?",November,Sierra,Whiskey,Alpha,A,medium,false,
Television,After which season did the show Futurama get canceled in 2007?,6th,8th,3rd,5th,D,medium,false,
Television,"In 2008, Comedy Central brought back the show Futurama with brand new episodes.",True,False,,,A,medium,false,
Television,The creators of Futurama made direct to DVD movies based on the show.,True,False,,,A,medium,false,
Television,"In the show Futurama, how many years did Fry get sent into the future?",1000,5000,10000,1000000,A,medium,false,
Television,"On the show Futurama, what was Frys girlfriends name, when he lived in 1999?",Leela,Beth,Michelle,Annie,C,medium,false,
Television,What year did the sitcom Laverne  Shirley first hit the airwaves?,1978,1976,1977,1975,B,medium,false,
Television,What was Lavernes last name on the show Laverne  Shirley?,De Fazio,Marshall,Esposito,Tortelli,A,medium,false,
Television,Where did Laverne and Shirley from the self-titled show work?,Shotz Brewery,Anheuser Busch,Schlitz Beer,Johnnies Liquor Store,A,medium,false,
Television,What was the name of Shirleys boyfriend on the show Laverne  Shirley?,Joey,Mario,Carmine,Lenny,C,medium,false,
Television,The sitcom Laverne  Shirley was a spinoff of the 70s hit show  Happy Days.,True,False,,,A,medium,false,
Television,What was the birth name of the annoying next door neighbor Squiggy on the show Laverne  Shirley?,William Johnson,Jonathan Schwartz,Joseph Squiggman,Andrew Squiggmann,D,medium,false,
Television,"Who performed Making Our Dreams Come True, the theme song of Laverne  Shirley?",Suzi Quatro,Cyndi Grecco,Janis Ian,Penny Marshall,B,medium,false,
Television,What was the name of  Lavernes Italian born father in the ABC series Laverne  Shirley?,Pete,Frank,Gino,Tony,B,medium,false,
Television,"In the Fall of 1980, the characters of  Laverney  Shirley left Milwaukee and moved to which city?",Los Angeles,Las Vegas,New York,Philadelphia,A,medium,false,
Television,Which actor played Lenny Kosnowski on the sitcom Laverne  Shirley?,Ed Marinaro,Michael McKean,Michael Keaton,Ted McGinley,B,medium,false,
Television,When did Gilligans Island appear on TV for the first time?,In 1968,In 1965,In 1964,In 1967,C,medium,false,
Television,"During the first season of the sitcom Gilligans Island, which two characters werent mentioned in the credits or the theme song?",Ginger and Mary Ann,The Professor and Mary Ann,Mr. and Mrs. Howell,The Professor and Ginger,B,medium,false,
Television,"The sightseeing tour, during which the Gilligans Island characters shipwrecked, was planned to last for how long?",3 months,3 days,3 years,3 hours,D,medium,false,
Television,Who was the only one of the Gilligans Island cast that refused to return for any of the sitcoms movie sequels?,Russell Johnson,Dawn Wells,Tina Louise,Jim Backus,C,medium,false,
Television,"The castaways on the sitcom Gilligans Island were on what boat, when they got stranded on the deserted island?",S. S. Minnesota,S. S. Moth,S. S. Hawaiian,S. S. Minnow,D,medium,false,
Television,"What was the real name of Skipper, a character, played by Alan Hale Jr. on the TV series Gilligans Island?",Skip Grover,Jonas Grumby,Roy Hinkley,Bob Denver,B,medium,false,
Television,Who produced the sitcom Gilligans Island?,Bob Denver,Alan Hale Jr,Sherwood Schwartz,Phil Silvers,C,medium,false,
Television,Where was the Gilligans Island character Mary Ann Summers from?,"Anaheim, California","Paradise, Pennsylvania","Horners Corners, Kansas","Omaha, Nebraska",C,medium,false,
Television,The first episode of Gilligans Island was actually filmed on the Hawaiian island Kauai .,True,False,,,A,medium,false,
Television,"Wrong-Way Feldman, a reccurring character on the sitcom Gilligans Island, was portrayed by which actor?",Jim Backus,Louis Quinn,Hans Conried,Larry Storch,C,medium,false,
Television,How many episodes were there of the TV series Gilligans Island?,108,100,88,98,D,medium,false,
Television,In Gilligans Islands episode Gilligan Meets Jungle Boy which actor played the jungle boy?,Arnold Schzanegger,Kurt Russell,Tom Cruise,Harrison Ford,B,medium,false,
Television,Which actress played character Erika Tiffany Smith in the episode Erika Tiffany Smith to the Rescue on the Gilligans Island series?,Eva Marie Saint,Zsa Zsa Gabor,Mae West,Eva Gabor,B,medium,false,
Television,When did the TV series Gilligans Island go off the air?,1965,1966,1964,1967,D,medium,false,
Television,What year did the American sitcom Taxi first hit the airwaves?,1976,1982,1978,1980,C,medium,false,
Television,What actor played the character Louie De Palma on Taxi?,Danny DeVito,Hal Linden,Judd Hirsch,Maxwell Gail,A,medium,false,
Television,"At the end of the 1981 season of Taxi, character Latka Gravas got married to which woman?",Buschka,Ethel,Simka,Tukija,C,medium,false,
Television,"On the show Taxi , cab driver Bobby Wheeler, portrayed by Jeff Conaway, had what other profession?",Actor,Comedian,School teacher,Shea Stadium Vendor,A,medium,false,
Television,Which actress played Elaine Nardo in the American TV series Taxi?,Stephanie Powers,Marilu Henner,Joyce DeWitt,Pam Dawber,B,medium,false,
Television,The American sitcom Taxi told the story of several taxi drivers in San Francisco.,True,False,,,B,medium,false,
Television,What was the last name of the ex-hippie Jim on the hit sitcom Taxi?,Ignatowski,Gasparro,Pretakiewicz,Wojciechowski,A,medium,false,
Television,"On the sitcom Taxi, cab driver Tony Banta had what other job?",Actor,Construction Worker,Ventriloquist,Boxer,D,medium,false,
Television,"In 1983, Judd Hirsch received an Emmy Award for playing which character on the comedy series Taxi?",Jack Nussbaum,Jeff Bennett,Eddie Schwartz,Alex Reiger,D,medium,false,
Television,What year did the American comedy series Taxi go off the airwaves?,1985,1981,1983,1987,C,medium,false,
Television,What year did the sitcom Growing Pains make its television debut?,1982,1988,1985,1987,C,medium,false,
Television,Who played  Dr. Jason Seaver on the television show Growing Pains?,Alan Funt,Alan Thicke,Ethan Allen,Allen Parsons,B,medium,false,
Television,"Is it true that Tracey Gold, who played Carol Seaver on Growing Pains, has a sister in real life who appeared on another hit sitcom in the 80s?",No,Yes,,,B,medium,false,
Television,Actor Leonardo DiCaprio was a regular on the ABC television show Growing Pains.,True,False,,,A,medium,false,
Television,"What was the theme song of Growing Pains, performed by B. J. Thomas, Jennifer Warnes?",As Long As We Got Each Other,Without Us,Up Where We Belong,Brand New Life,A,medium,false,
Television,Did Friends star Matthew Perry appear on the show Growing Pains?,No,Yes,,,B,medium,false,
Television,"In 1991, Kirk Cameron married which cast member of the show Growing Pains?",Chelsea Noble,Joanna Kerns,Julie McCullough,Tracey Gold,A,medium,false,
Television,Who was Mikes best friend on the show Growing Pains?,Billy,Eddie,Stinky,Boner,D,medium,false,
Television,"What was the name of the mother of three children, portrayed by Joanna Kerns in the sitcom Growing Pains?",Maggie,Lisa,Midge,Margie,A,medium,false,
Television,What year did the ABC series Growing Pains go off the air?,1994,1992,1996,1990,B,medium,false,
Television,"In The Drummer Boy, an episode of the TV series The Brady Bunch, Peters football teammates made fun of him for what reason?",He had joined the dance club at school,He had a huge zit on the tip of his nose,He had joined the glee club at school,His voice was changing,C,medium,false,
Television,"In the Father of the Year episode of  The Brady Bunch, Marcia sneaks out of her bedroom window, as a result of which she is grounded by her new father. Why did she have to sneak out after bedtime?",to feed a homeless cat,to wait for her mother,to meet her boyfriend,to mail a letter,D,medium,false,
Television,"On The Brady Bunch, prompted by her desire to impress Clark Tyson, Jan invented a boyfriend, whose name was what?",Ron Glass,Harvey Spoon,George Bush,George Glass,D,medium,false,
Television,"During the first season of The Brady Bunch, Cindy accuses her step-brother, Bobby of stealing and hiding her Kitty Karryall doll. What really happened to her doll?",Marcia threw it out because she thought Cindy was too old for dolls.,Tiger took the doll to his doghouse,Bobby traded the doll to a friend for a kazoo,Cindy herself mislaid the doll,B,medium,false,
Television,"On the The Brady Bunch, what actress played the shop assistant who sold Jan a wig?",Carol Kester,Marcia Wallace,Shirley Jones,Suzanne Pleshette,B,medium,false,
Television,"In the famous TV show, the Bradys lived at what address?",4222 Sunnyvale St,4222 Clinton Ave,4222 Jefferson Ave,4222 Maple St,B,medium,false,
Television,"In Never Too Young, an episode of The Brady Bunch, Bobby kisses Millicent, a character portrayed by which actress?",Tatum ONeal,Jodie Foster,Melissa Gilbert,Melissa Sue Anderson,D,medium,false,
Television,"In season one of the The Brady Bunch, Carol and Mike discovered that Greg had a crush on someone named Linda. Who is the mysterious Linda?",Marcias new friend from Seattle,Gregs math teacher,The head cheerleader at school,The hair-netted lunch lady in the cafeteria,B,medium,false,
Television,"In the Hawaiian episodes of The Brady Bunch, the character portrayed by Vincent Price keeps talking to an idol statue, which he calls by what name?",Steve,King Kamehameha,Oliver,Don,C,medium,false,
Television,"On the sitcom The Brady Bunch, the kids need money to buy a present for their parents anniversary, so they decide to perform on a TV show under what name?",The Silver Platters,The Banana Convention,The Psychedelic Six,The Brady Six,A,medium,false,
Television,"What actor played the main character on Home Improvement, Tim The Tool Man Taylor?",Tim Allen,Jonathon Taylor Thomas,Jerry Seinfeld,Ted Danson,A,medium,false,
Television,"On sitcom, Home Improvement, what is Tim Taylors favorite hobby?",Tennis,Golfing,Football,Hot Rods,D,medium,false,
Television,"During its second season, TV show Home Improvement was renewed for three additional seasons, an uncommon decision in the TV industry.",True,False,,,A,medium,false,
Television,In the beginning of the century this number of households had access to MTV.,250 million,450 million,50 million,350 million,D,medium,false,
Television,"After MTVs programming changed to include more heavy metal and rap music, MTV Networks launched a second network, called this.",CMT,MTV 2,VH1,Viva,C,medium,false,
Television,"When lyrics correspond to the story acted out in a music video, their impact is stronger.",True,False,,,A,medium,false,
Television,"This cartoon show aired on MTV from 1993 to 1997, and is stated to be highly influential upon 1990s youth language in America.",The Tom Green Show,The Osbournes,Beavis and Butt-head,Jackass,C,medium,false,
Television,"In the beginning MTV was reckoned as racist, because most of the aired videos were of white artists. In October of 1982, this was the first black artist video to be shown on MTV.",Never Grow Old by Aretha Franklin,Every Day is a New Day by Diana Ross,Postcard from Philly by The Jacksons,The Message by Grandmaster Flash  the Furious Five,D,medium,false,
Television,This term was coined by MTV.,DJ,Mp3,VJ,Video,C,medium,false,
Television,"A 2001 study found that 25 % of the videos include sexual imagery. Furthermore, 60% combine sexual imagery with violence against women.",False,True,,,A,medium,false,
Television,These were the first videos shown on MTV and constituted the bulk of the networks programming in the 80s.,Campaign clips,Music videos,Short musicals,Promotional or concert clips,D,medium,false,
Television,This was the year when the first  MTV Video Music Awards show was produced to celebrate the top music videos of the year.,1987,1985,1986,1984,D,medium,false,
Television,"This was one of the earliest representations of MTV. Later, the statuette given to the winners of the MTV Video Music Awards represented the same object.",An MTV logo,A note,A star,An astronaut on the moon,D,medium,false,
Television,Mark-Paul Gosselaar played which character on Saved By The Bell?,Zack Morrison,A.C. Slater,Screech,Zack Morris,D,medium,false,
Television,"On TV show Saved by the Bell, Zack married Lisa Turtle.",False,True,,,A,medium,false,
Television,Did the students on Saved by the Bell once have a teacher named Miss Bliss?,Yes,No,,,A,medium,false,
Television,All of these except one are last names used on TV show Saved by the Bell.  Can you spot the odd one?,Slater,Spano,Kapowski,Turtles,D,medium,false,
Television,What was the name of the high school the gang of Saved by the Bell attended?,School of Rock,Bayside,Portside,Belmont,B,medium,false,
Television,"On TV show, Saved by the Bell there was an episode in which Screech Powers married Lisa Turtle.",True,False,,,A,medium,false,
Television,Was Tori Spelling a cast memeber on Saved by The Bell?,No,Yes,,,B,medium,false,
Television,Actor Dustin Diamond does not return for Saved by the Bell: The New Class.,True,False,,,B,medium,false,
Television,In which US city is the Charmed TV series set?,Texas,Las Vegas,Washington DC,San Francisco,D,medium,false,
Television,How many sisters were there in the first three seasons of the series Charmed?,3,5,2,4,A,medium,false,
Television,Which of the sisters in Charmed first has the power of premonitions and later develops the powers of levitation and empathy?,Piper,Phoebe,Paige,Prue,B,medium,false,
Television,What is the name of the girls whitelighter whom Piper marries in Season 3 of the TV show Charmed?,Cole Turner,Leo Wyatt,Piper never got married,Darryl the Policeman,B,medium,false,
Television,"What is the name of the enchanted book in the series Charmed which contains spells, potions, and information on enemies?",The Demonic Files,The Chronicles of Fate,The Book of Darkness,The Book of Shadows,D,medium,false,
Television,"In the series Charmed, Paige is the daughter of Patty Halliwell and her whitelighter Sam.",True,False,,,A,medium,false,
Television,What is the name of the girls grandmother in the series Charmed?,Pansy,None of these,Polly,Penny,D,medium,false,
Television,"In the series Charmed, in her teenage years Paige wrote a moving essay about her parents death.",False,True,,,B,medium,false,
Television,"Cole Turner, Belthazors human part, had what job in the series Charmed?",Notary,Judge,District Attorney,Barrister,C,medium,false,
Television,"Is it true that on the TV show Charmed, Cole impregnated Phoebe with his demon baby and she became Queen of the Underworld.",No,Yes,,,B,medium,false,
Television,Who is the demon in the series Charmed who appears on Earth once every thirteen hundred years and whom the Charmed Ones were unable to vanquish until Season 7?,Demon of Fear,Shax,None of these,Darklighter,A,medium,false,
Television,"June Cleaver, Beavers mother, was played by which of these actresses in the sitcom Leave It to Beaver?",Barbara Billingsley,Jane Wyatt,Doris Roberts,Doris Day,A,medium,false,
Television,Ken Osmond played which of the following characters from the Leave It to Beaver series?,Gilbert,Wally,Lumpy,Eddie,D,medium,false,
Television,"TV actor and director Hugh Beaumont, who played Ward Cleaver in the Leave It to Beaver sitcom, was born February 16, 1909 in Lawrence, Kansas.",True,False,,,A,medium,false,
Television,What was the name of Beavers chubby friend in the Leave it to Beaver series?,Larry,John,Jimmy,Billy,A,medium,false,
Television,What was little Beavers first name on the Leave it to Beaver show?,Bucky,Theodore,Sammy,Benny,B,medium,false,
Television,What year did Leave it to Beaver air for the first time in the United States?,1958,1959,1960,1957,D,medium,false,
Television,"In the Leave it to Beaver show, June and Ward Cleaver adopted a young boy to fill the void of Wally (Beavers older brother) getting older.",True,False,,,B,medium,false,
Television,"Gilbert Bates, a friend of Beavers on Leave it to Beaver, was played by which actor?",Stephen Talbot,Frank Bank,Rusty Stevens,Buddy Hart,A,medium,false,
Television,What was the nickname of Wallys friend Clarence Rutherford on Leave it to Beaver?,Biff,Big C,Lumpy,Tubs,C,medium,false,
Television,Who played Gus the Fireman on the Leave it to Beaver show for 14 episodes?,Burt Mustin,Stanley Fafara,None of these,Richard Correll,A,medium,false,
Television,In which American western series did actor Milburn Stone star for 20 seasons?,Gunsmoke,Rawhide,None of these,The Big Valley,A,medium,false,
Television,Buck Taylor played Newly OBrien in which western series?,Wanted Dead or Alive,Wagon Train,Gunsmoke,Shane,C,medium,false,
Television,Name the western series in which actor Dan Blocker played until his untimely death.,Paladin,Rawhide,Bonanza,Gunsmoke,C,medium,false,
Television,In which western did Lee Majors star before going on to play in The Six Million Dollar Man?,Little House on the Prairie,The Big Valley,Rawhide,Grizzly Adams,B,medium,false,
Television,Actor Peter Graves played Christopher Cobb in which short-lived western series?,Stagecoach West,Whiplash,Klondike,Gunslinger,B,medium,false,
Television,"In which western, directed by Sidney Salkow, did actor William Bendix play the role of Fred Kelly?",Tate,The Tall Man,Ringo,Overland Trail,D,medium,false,
Television,Chuck Connors and Johnny Crawford starred together in which classic western TV-series?,Rawhide,Cheyenne,The Rifleman,Maverick,C,medium,false,
Television,William Boyd starred alongside Edgar Buchanan in which great TV show?,Hopalong Cassidy,How The West Was Won,Go West,Flicka,A,medium,false,
Television,Name the 1994 western movie in which James Garner played a gambling man.,Bonanza,Maverick,Gunsmoke,Rowdy Yates,B,medium,false,
Television,In this western series Gail Davis portrayd a famous sharpshooter from the past.,Wagon Train,Branded,Annie Oakley,Cowgirl,C,medium,false,
Television,"You better save some room, Delightful Dorks, cause youre gonna eat your words along with that cake!","Ed, Edd n Eddy",Hi Hi Puffy AmiYumi,The Grim Adventures of Billy And Mandy (Grim and Evil),Codename: Kids Next Door,D,medium,false,
Television,Yabba Dabba Do.,The Jetsons,Johny Bravo,"Ed, Edd n Eddy",The Flinstones,D,medium,false,
Television,"Picture it. The sun, the sea, hundreds of women just like her running around, and me, the first man theyve seen in... oh, maybe forever? Oh, and look what I brought. Ice Mochas for everyone. Sweet.",Samurai Jack,The Batman,Johny Bravo,Justice League,D,medium,false,
Television,"If you didnt wake me up, I mightve had a nightmare and it wouldve woke me up. Then, I couldve woke you up and we would both be awake. But since you did wake me up, I cant wake up from this nightmare so i cant wake you up! So were both still asleep.",Cow and Chicken,2 Stupid Dogs,The Looney Toons Show,Magilla Gorilla,B,medium,false,
Television,Sometimes nature is too natural for its own good.,Cow and Chicken,The Grim Adventures of Billy and Mandy (Grim and Evil),Cramp Twins,Courage the Cowardly Dog,C,medium,false,
Television,Adam mentioned that he and Replikon used to work here a long time ago. Now to get you out of here. Ooh!,Megas XLR,Time Squad,Static Shock,Justice League,C,medium,false,
Television,"Bloo, youd better stay away from that secret door. Youre going to get in trouble.",Courage the Cowardly Dog,Baby Looney Toons,Fosters Home for Imaginary Friends,Gundam Seed,C,medium,false,
Television,Will you please refrain from touching me while I am eating? Thank you.,Dexters Laboratory,Cow and Chicken,"Ed, Edd n Eddy",2 Stupid Dogs,C,medium,false,
Television,Ooga-booga!,Powerpuff Girls,Courage the Cowardly Dog,Cow and Chicken,Cramp Twins,B,medium,false,
Television,"Its not fair! Im just as tough and strong and mean as Buttercup and Blossom, but they just dont believe me. They all treat me like a baby. Ill show them. Ill prove that I can be... hard-core!",Sheep in the Big City,Hi Hi Puffy AmiYumi,Totally Spies,The Powerpuff Girls,D,medium,false,
Television,What state is Captain Kirk originally from according to the Star Trek series?,California,Pennsylvania,Iowa,Nebraska,C,medium,false,
Television,"In the Star Trek series, what was the first name of Captain Kirks only son?",Matthew,John,James,David,D,medium,false,
Television,The character of Captain Kirk was once played by a woman in an episode of Star Trek.,False,True,,,B,medium,false,
Television,"In the film Star Trek: Generations, Captain Kirk died. What was the name of the planet on which Kirk lost his life?",Veridian III,Veridian II,Koresh V,Marind IV,A,medium,false,
Television,"Upon graduation from Starfleet Academy, Captain Kirk from the Star Trek series was assigned to the USS Endeavor.",False,True,,,A,medium,false,
Television,"During the classic TV series Star Trek, Captain Kirk commanded a starship with how many crewmembers?",650,800,200,430,D,medium,false,
Television,Captain Kirk from Star Trek never attained a rank higher than Captain in spite of his heroic service.,True,False,,,B,medium,false,
Television,What was the name of the woman with whom Captain Kirk had a 2-year relationship in the Star Trek series?,Val,Saffron,Malerian,Anatonia,D,medium,false,
Television,"This American sitcom, which ran from 1996 until 2001, involved a group of alien explorers, who came to Earth to study human behaviour.",8 Simple Rules,704 Hauser,3rd Rock from the Sun,2point4 children,C,medium,false,
Television,Which of these American actresses is the creator and star of the sitcom 30 Rock?,Mary-Louise Parker,Jennifer Aniston,Helen Hunt,Tina Fey,D,medium,false,
Television,"This famous sitcom originally ran on NBC from 1986 to 1990, and featured a wacky alien, who crashes on earth and stays with an American family.",ALF,Aliens in the Family,Aliens in America,All About the Andersons,A,medium,false,
Television,"This American animated sitcom is brought to the screen by Seth MacFarlane, the creator of another animated hit - Family Guy.",The Rugrats,Robot Chicken,American Dad!,King of the Hill,C,medium,false,
Television,Which of these sitcoms revolves around the Bluths - a wealthy family on its way down?,Arrested Development,Back to You,Bakers Dozen,Full House,A,medium,false,
Television,"Neil Patrick Harris, who stars in the sitcom How I Met Your Mother, became famous as a child-actor in which show?",Dossa and Joe,"Doogie Howser, M.D.",Doctor in the House,The Donna Reed Show,B,medium,false,
Television,"David Crane and Marta Kauffman, the creators of Dream On are also famous for creating one of the most popular sitcoms ever. What is the name of the show?",Giligans Island,All in The Family,Diffrent Strokes,Friends,D,medium,false,
Television,"This American sitcom, starring Ray Romano, revolves around a sports journalist, who lives across the street from his parents.",Everybody Hates Chris,Empty Nest,The Facts of Life,Everybody Loves Raymond,D,medium,false,
Television,"The main characters of this American animated sitcom are Cartman, Stan, Kyle and Kenny.",Lil Bush,The Jetsons,The Flintstones,South Park,D,medium,false,
Television,Will Smith is the star of which of these American sitcoms?,The Fresh Prince of Bel-Air,The Bernie Mac Show,Amos n Andy,Second Time Around,A,medium,false,
Television,Hawkeye from the M*A*S*H series once wrote in a letter to his father that Colonel Blakes command style was like having which fictional character in command of the RMS Titanic?,Daffy Duck,Donald Duck,Goofy,Popeye,A,medium,false,
Television,What midwest city was the hometown of fictional character Colonel Blake?,"Fargo, North Dakota","Hannibal, Missouri","St. Paul, Minnesota","Bloomington, Illinois",D,medium,false,
Television,How many seasons of  M*A*S*H did the character Colonel Blake appear in?,4,3,2,5,B,medium,false,
Television,The cast of M*A*S*H actually had no idea that Colonel Blake was going to be killed off until the filming of the episode in which this happened.,True,False,,,A,medium,false,
Television,"In the episode of the M*A*S*H series, titled As Time Goes By the members of the 4077 created a time capsule. Which of Colonel Blakes items was added to this time capsule?",His hat,A fishing fly,His stethoscope,His sweatshirt,B,medium,false,
Television,Which of these is the name of one of Colonel Blakes daughters in the series M*A*S*H?,Molly,Anne,Catherine,Stephanie,A,medium,false,
Television,Which animator and cartoon director created two of the most famous Looney Tunes characters - Bugs Bunny and Daffy Duck?,Isador Friz Freleng,Robert Bob Clampett,Fred Tex Avery,Charles M. Chuck Jones,C,medium,false,
Television,Which animation director worked on the adaptation of How the Grinch Stole Christmas in 1966?,Charles M. Chuck Jones,Robert Bob McKimson,Robert Bob Clampett,Isador Friz Freleng,A,medium,false,
Television,Which of these cartoon characters was created first in 1937?,Daffy Duck,Sniffles the Mouse,Elmer Fudd,Bugs Bunny,A,medium,false,
Television,"Which cartoon character, created by Robert McKimson in 1954, was based on a real Australian animal?",Sylvester Jr.,Taz,Wiley Coyote and the Road Runner,Witch Hazel,B,medium,false,
Television,What does Homer grow when he goes to live on a farm in an episode of the eleventh season of The Simpsons?,Tomacco,Cornacco,Tomatoes,Tobacco,A,medium,false,
Television,"In The Simpsons series, Homers mom name is Mona Simpson.",True,False,,,A,medium,false,
Television,"In an episode of the popular animated series The Simpsons, Homer is thrown out of the all-you-can-eat seafood restaurant The Frying Dutchman.",True,False,,,A,medium,false,
Television,"Where do Homer and his family go, after he wrote a song about Ned Flanders in an episode of The Simpsons fourteenth season?",to Britain,to a ranch,to the North Pole,to Capitol City,B,medium,false,
Television,"In an episode of The Simpsons, when Lisas saxophone is ruined by Bart, Homer threatens to break something which belongs to Bart.",True,False,,,A,medium,false,
Television,"Homers half brother, Herb, designs a car for Homer in the episode of The Simpsons, Oh Brother, Where Art Thou?",False,True,,,A,medium,false,
Television,"On TV series Melrose Place,  what actress played the character of Amanda Woodward?",Lisa Rinna,Heather Locklear,Kristin Davis,Laura Leighton,B,medium,false,
Television,What actor played Jake Hanson on TV series Melrose Place?,Rob Estes,Doug Savant,Grant Show,Andrew Shue,C,medium,false,
Television,What year did One Day at a Time first air on the CBS network?,1977,1978,1976,1975,D,medium,false,
Television,"In the long-running sitcom One Day at a Time, Ann Romano had two daughters. What were their names?",Susan and Cindy,Janet and Brenda,Julie and Barbara,Marsha and Jan,C,medium,false,
Television,"In the TV series One Day at a Time, Romano was Anns married name.",True,False,,,B,medium,false,
Television,"In the series One Day At A Time, Ann Romano and her daughters lived in what city?","Detroit, MI","Chicago, IL","Indianapolis, IN","Green Bay, WI",C,medium,false,
Television,"In the 1981-1982 season of One Day at a Time, Ann Romano goes into business with her nemesis, Francine Webster, who was played by what actress?",Shelley Fabares,Rue McClanahan,Sally Struthers,Nanette Fabray,A,medium,false,
Television,"In the 1980-1981 season of One Day at a Time, Ann Romano was engaged to a man named Nick Handris, who had a son. Who played Nicks son, Alex?",Robbie Rist,Ralph Macchio,Glenn Scarpelli,Scott Baio,C,medium,false,
Television,"Ann Romanos fiance, Nick Handris, was killed by a drunk driver, before they were married on the show One Day at a Time.",False,True,,,B,medium,false,
Television,"What was the first name of superintendent Schneider, a character on the hit show One Day at a Time, played by Pat Harrington?",It is never mentioned,Samuel,Dwayne,Francis,C,medium,false,
Television,"In the 1981-1982 season of One Day at a Time, Ann Romano finally marries Sam Royer. How were they related before they married?",He was her first husbands brother,He was Barbaras father-in-law,He was her third cousin,He was Julies husbands brother,B,medium,false,
Television,What year did the hit show One Day at a Time go off the air?,1983,1980,1982,1984,D,medium,false,
Television,"In 1969, The Brady Bunch aired at 8:00 on Fridays.  Which Brady was played by actor Mike Lookinland?",Greg Brady,Bobby Brady,Peter Brady,Cousin Oliver,B,medium,false,
Television,Which character served as Steve Austins superior in 1974s Friday night show The Six Million Dollar Man?,Oscar de la Hoya,Oscar Gamble,Oscar Madison,Oscar Goldman,D,medium,false,
Television,"This 1978 Friday night program began with the narration:  Mr. McGee, dont make me angry. You wouldnt like me when Im angry.",The Rockford Files,The Incredible Hulk,Hawaii Five-O,Barnaby Jones,B,medium,false,
Television,"According to the Star Trek TV series, in what year was the original Starship Enterprise NCC-1701 built?",2245,2250,2175,2135,A,medium,false,
Television,The USS Enterprise NCC-1701 from the Star Trek series was named after a long line of real life warships starting with a French Vessel.,True,False,,,A,medium,false,
Television,What was the name of the first captain of the USS Enterprise NCC-1701 in the Star Trek TV series?,Robert April,Jonathan Archer,Christopher Pike,James T. Kirk,A,medium,false,
Television,Mr. Spock from the Star Trek science fiction series was never assigned the command of the USS Enterprise NCC-1701.,True,False,,,B,medium,false,
Television,In the original Star Trek series what was the size of the USS Enterprise NCC-1701 crew?,375 members,600 members,450 members,400 members,C,medium,false,
Television,"In the Star Trek TV series, in what year was the USS Enterprise NCC-1701 decommissioned?",2270,2285,2269,2305,B,medium,false,
Television,The USS abbreviation in the name of the USS Enterprise NCC-1701 from the Star Trek series stands for United States Ship.,False,True,,,A,medium,false,
Television,Who was the Captain of the U.S.S. Enterprise NCC-1701 E in the Star Trek series?,Johnathan Archer,James T. Kirk,Christopher Pike,Jean Luc Picard,D,medium,false,
Television,"In the TV series Star Trek: The Next Generation, the Enterprise was what class of starship?",Excelsior,Sovereign,Galaxy,Constitution,C,medium,false,
Television,"In the sitcom Friends, what pets did Chandler and Joey have while they were living together?",a couple of goldfish,a dog and a cat,a chicken and a duck,a hamster and a guinea pig,C,medium,false,
Television,"In the popular sitcom Family Guy, Chris has what kind of animal living in his closet which constantly torments him?",an evil dog,an evil hedgehog,an evil monkey,an evil alligator,C,medium,false,
Television,"This sitcom, which ran from 1982 to 1993, was almost canceled during its first season because it received the lowest program ratings.",Cheers,Captain Nice,"Car 54, Where Are You?",Bustin Loose,A,medium,false,
Television,This popular animated sitcom had only two seasons before it was canceled. It starred Jon Lovitz and Nancy Cartwright.,Cousin Skeeter,Crumbs,The Critic,Cory in the House,C,medium,false,
Television,"This classic situation comedy ran from 1961 to 1966, and starred Mary Tyler Moore.",The Jack Benny Program,All in the Family,The Phil Silvers Show,The Dick Van Dyke Show,D,medium,false,
Television,"In the sitcom Perfect Strangers, what is the country of origin of Larrys cousin Balki?",Mypos,Bulgaria,Canada,Zimbabwe,A,medium,false,
Television,"Larry David, one of the people behind Seinfeld, plays himself in this acclaimed HBO sitcom.",Larry in the Middle,Curb Your Enthusiasm,The Amazing Life of Larry,Citizen Larry,B,medium,false,
Television,This Comedy Central animated sitcom uses a reality show format and is a variation of the show The Surreal World.,What A Cartoon,The Animated Surreal World,Real Cartoons,Drawn Together,D,medium,false,
Television,Which of the actors from Monty Python later starred in the highly successful sitcom Faulty Towers?,Graham Chapman,Eric Idle,Terry Gilliam,John Cleese,D,medium,false,
Television,"What is the name of the main character in the animated sitcom Futurama, created by Matt Groening?",Johnny Carr,Philip Fry,John Star,Homer Spacemon,B,medium,false,
Television,What year did The Mary Tyler Moore Show first air?,1970,1971,1969,1968,A,medium,false,
Television,"The theme song of The Mary Tyler Moore Show, Love is All Around, was written by Sonny Curtis and sung by Ted Knight.",False,True,,,A,medium,false,
Television,"In the sitcom The Mary Tyler Moore Show, What was the name of the station where Mary worked?",WJM-TV,MTM-TV,WKRP,WOKR,A,medium,false,
Television,How many spin-off series did The Mary Tyler Moore Show have?,2,0,3,1,C,medium,false,
Television,Betty White of the Golden Girls played Georgette Baxter in the The Mary Tyler Moore Show.,False,True,,,A,medium,false,
Television,How many episodes of the Mary Tyler Moore Show were there?,197,182,143,168,D,medium,false,
Television,What was the address of the apartment where Mary lived in the The Mary Tyler Moore Show?,119 N. Weatherly,120 N Minneapolis Avenue,114 Michigan Avenue,117 S. Weatherly,A,medium,false,
Television,Which actor from the The Mary Tyler Moore Show became captain of a ship in another series?,Bill Quinn,Gavin MacLeod,Robbie Rist,John Amos,B,medium,false,
Television,"Name the overbearing, pompous, untalented anchorman at the station where Mary worked in the The Mary Tyler Moore Show?",Ed Knight,Ted Baxter,Max Baker,Ted Knight,B,medium,false,
Television,What year did the last episode of The Mary Tyler Moore Show air?,1978,1977,1975,1976,B,medium,false,
Television,In what year did the classic show Starsky  Hutch first hit the airwaves?,1975,1978,1973,1976,A,medium,false,
Television,Who played Detective Dave Starsky on the hit television show Starsky  Hutch?,David Soul,Ben Stiller,Paul Michael Glaser,David Wright,C,medium,false,
Television,Who played Detective Ken Hutchinson on the popular 70s television show Starsky  Hutch?,David Soul,Brian Wilson,Mike Hitchcock,Paul Michael Glaser,A,medium,false,
Television,What was the name of the informant on the hit television show from the 70s Starsky  Hutch?,Sugar Bear,Huggy Bear,Googy Bear,Billy Bear,B,medium,false,
Television,There was a movie released in 2004 called Starsky  Hutch.,True,False,,,A,medium,false,
Television,Starsky  Hutch from the popular 70s show were always getting into trouble with their quick tempered Captain. What was the name of the Captain?,Captain Andtennille,Captain Brody,Captain Dobey,Captain Feathersword,C,medium,false,
Television,"On the show Starsky  Hutch, Starsky drove a red car with a white stripe on the side. What kind of car was it?",Pontiac Le Mans,Buick Wildcat,Oldsmobile Cutlass,Ford Torino,D,medium,false,
Television,What was the name of the fictional city where Starsky  Hutch worked as detectives on the popular 70s television show?,Sun City,Bay City,City Island,Lefrak City,B,medium,false,
Television,Aaron Spelling was one of the executive producers for the 70s television show Starsky  Hutch.,True,False,,,A,medium,false,
Television,What year did the 70s smash hit television show Starsky  Hutch leave the airwaves?,1981,1982,1979,1978,C,medium,false,
Television,Which year did The Big Valley western debut?,1970,1967,1965,1963,C,medium,false,
Television,Which actress played Victoria Barkley in The Big Valley TV western?,Linda Evans,Susan Brown,Barbara Eden,Barbara Stanwyck,D,medium,false,
Television,Which of the following was the eldest of the Barkley boys in The Big Valley?,Jarrod,Nick,Eugene,Heath,A,medium,false,
Television,"In the The Big Valley TV series, the Barkleys lived in the San Joaquin Valley in California.",True,False,,,A,medium,false,
Television,Lee Majors played the character of Heath Barkley in The Big Valley TV western.,False,True,,,B,medium,false,
Television,After The Big Valley went off the air Peter Breck never acted again.,True,False,,,B,medium,false,
Television,What was the name of the youngest Barkley son in the The Big Valley series?,Eugene,Nick,Jarrod,Heath,A,medium,false,
Television,"The last episode of The Big Valley was aired on May 19, 1969.",True,False,,,A,medium,false,
Television,How many episodes were made of The Big Valley in total?,96,122,87,112,D,medium,false,
Television,Linda Evans played Audra Barkley in The Big Valley TV western. Audra was the older of the two daughters of the Barkley children.,False,True,,,A,medium,false,
Television,"Which actress portrayed Cosmos mother, Babs Kramer, on Seinfeld?",Angela Bassett,Jessica Hecht,Jan leeves,Sheree North,D,medium,false,
Television,One of Cosmos dearest friends is Bob Sacamano. In how many episodes of Seinfeld does he appear?,0,1,4,14,A,medium,false,
Television,Which college did fictional character Cosmo Kramer attend?,Columbia University,City College of New york,none,Queens College,C,medium,false,
Television,Which were Cosmo Kramers two heroes according to the TV show Seinfeld?,Bette Midler and Yogi Berra,Yogi Berra and The maestro,Mickey Mantle and Yogi Berra,Mickey Mantle and Bette Midler,D,medium,false,
Television,On the sitcom Seinfeld Mickey Abbott is Kramers friend who is a little person. Who portrays Mickey?,Michael McShane,Danny Woodburn,Steve Hytner,Richard Fancy,B,medium,false,
Television,Why does Seinfeld character Cosmo Kramer get fired from his job as a store Santa Claus?,Stealing empty boxes,Attracting married women,Having jimmy legs,Being a Communist,D,medium,false,
Television,Why does FDR wish Kramer dead on the sitcom Seinfeld?,Kramer took his girlfriend.,Kramer is Newmans best fiend.,Kramer hit him with a snowball.,He just hates him.,C,medium,false,
Television,Why is Kramer referred to as Kessler in the original episode of the show Seinfeld?,It was the name of one of Larry Charles neighbors.,Kenny Kramer had not yet given his consent to the creators of the show to use his name.,It was just selected at random.,They thought the name was funnier.,B,medium,false,
Television,Who gave Kramer a balm after he was burned by the hot coffee in an episode of Seinfeld?,Newman,The Maestro,Bob Sacamano,Yogi Berra,B,medium,false,
Television,"This actor who played Jackie Chiles, Esq. on Seinfeld, is the son of one of the original stars of the TV series Mission Impossible.",Martin Landau,Phil Morris,Greg Morris,Greg Landau,B,medium,false,
Television,"On the TV show Seinfeld, Kramer lives in Apartment 5B but he actually sublets it from a couple from another sitcom. Which sitcom?",Friends,Mad About You,Yes Dear,Sex in the City,B,medium,false,
Television,From which of these diseases does TV character Cosmo Kramer suffer?,Agoraphobia,Manic Depression,Coulrophobia,Diabetes,C,medium,false,
Television,Kramer from the sitcom Seinfeld had many strange ideas. Which of these was not one of them?,A single dispenser for ketchup and mustard,A restaurant where you make your own pie,An alarm clock that audibly tells you the time,A rubber ball that holds petroleum so that in case of a shipwreck the petrol does not leak into the sea,C,medium,false,
Television,Fictional character Cosmo Kramer calls Georges parents every week.,False,True,,,A,medium,false,
Television,What year did the television show Angel debut?,1998,1997,2000,1999,D,medium,false,
Television,What was Angels vampire name on the television show Angel?,Angelo,Angelica,Angel One,Angelus,D,medium,false,
Television,"On the television show Angel, what is the name of the half human half demon that is sent to help Angel?",Dustin,Dylan,Doyle,Deman,C,medium,false,
Television,"What is the last name of fictional character Cordelia, who appeared in Buffy the Vampire Slayer and its spinoff Angel?",Carpenter,Summers,Chase,She does not have a last name,C,medium,false,
Television,Wolfgang and Hart is the name of the law firm in the TV series Angel.,False,True,,,A,medium,false,
Television,On the television show Angel The Host is also known as Lorne.,True,False,,,A,medium,false,
Television,What is Angels sons name on the television show Angel?,Cole,Connor,Cleo,Conrad,B,medium,false,
Television,In what year was the last episode of the show Angel aired?,2001,2002,2003,2004,D,medium,false,
Television,When did the series Bewitched air?,1960-1969,1964-1972,1966-1972,1965-1975,B,medium,false,
Television,"During its run,  Bewitched was the highest-rated half-hour prime time program that had ever aired on ABC.",True,False,,,A,medium,false,
Television,"ABC waffled on adding Bewitched to its schedule because of the controversial issues of witchcraft and satanism. In fact, the show was offered to CBS, who wanted it. ABC ultimately picked up the series because of the pressure from a sponsor who wanted to promote products on ABC. Who was this sponsor (who shared sponsorship with Chevrolet)?",Spam,Quaker Oats,Rice-A-Roni,Palmolive,B,medium,false,
Television,These three characters on the series Bewitched were played by two different actors.,"Darrin, Gladys Kravitz, Louise Tate","Gladys Kravitz, Louise Tate, Aunt Clara","Louise Tate, Darrin, Doctor Bombay","Aunt Clara, Darrin, Doctor Bombay",A,medium,false,
Television,What is the relationship between Endora and Arthur on the TV show Bewitched?,Niece and nephew,Brother and sister,Cousins,In-Laws,B,medium,false,
Television,"On the show Bewitched, witches come down with illness just like mortals. Where would Doctor Bombay check the pulse of a witch?",The nose,The wrist,The area between the shoulder blades and the lower back,The foot,D,medium,false,
Television,"On the sitcom Bewitched, Aunt Clara was Samanthas favorite aunt. She was completely devoted and loving. She often appeared in the Stephens house through the fireplace. What did Aunt Clara collect?",Stamps,Shrunken heads,Doorknobs,Umbrellas,C,medium,false,
Television,Bewitched character Endora lost her powers due to an allergy to a Macedonian Dodo Bird. What character did her powers go to?,Tabitha,Aunt Clara,Darrin,Gladys Kravitz,B,medium,false,
Television,"On the TV show Bewitched, Samantha and Darrin are approached about a dying tree in their front yard.  A petition is being circulated to force them to remove the tree. Samantha is emotional about this tree because it was planted by Darrin on the day Tabitha was born. What kind of tree was it?",Hibiscus,Oak,Weeping Willow,Baby Pine,C,medium,false,
Television,The Monkees won an Emmy Award over Bewitched.,False,True,,,B,medium,false,
Television,Bewitched was on the air for eight seasons and was nominated for twenty-two Emmy Awards. How many Emmy Awards did Elizabeth Montgomery win for the role of Samantha?,0,2,1,5,A,medium,false,
Television,"What are the names of Ravens two best friends on Disney Channels comedy, Thats So Raven?",Patrick and Sandy,Gary and Paul,Eddie and Chelsea,Edgar and Carrie,C,medium,false,
Television,"On Disney Channels, Thats So Raven, Raven has a younger brother.",True,False,,,A,medium,false,
Television,"Did actor Kyle Orlando Massey, of Thats So Raven, take part in the remake of Circle of Life for The Lion King special edition?",Yes,No,,,B,medium,false,
Television,What is the birth date of American actor Don Adams?,"April 13, 1923","December 21, 1923","June 21, 1927","May 14, 1927",A,medium,false,
Television,Which statement about actor Don Adams is true?,He never served in the US Military.,He worked as a low level officer for the OSS.,He served on a minesweeper during WWII.,He was the only member if his platoon to survive the battle on Guadalcanal.,D,medium,false,
Television,"When did the hit sitcom Get Smart,” in which Don Adams starred, air on the CBS network?",From September 1969 to September 1970,From September 1968 to May 1971,From September 1970 to September 1972,From September 1967 to May 1970,A,medium,false,
Television,Who created the Get Smart sitcom along with Leonard Stern?,Buck Henry and Mel Brooks.,James Burrows and  Jimmy Burns.,Norm Lear and  Mark Tinker.,James Burrows and Norm Lear.,A,medium,false,
Television,Initially the sitcom Get Smart was in black and white.,True,False,,,A,medium,false,
Television,KAOS and CONTROL were the two fictional organizations fighting each other in the “Get Smart” series. Which of them was pro-American?,Just KAOS,Neither KAOS and CONTROL,Just CONTROL,Both KAOS and CONTROL,C,medium,false,
Television,"Which actor played Mr. Big, the boss of the fictional organization KAOS from the “Get Smart” comedy series?",Michael Dunn,"Stacy Keach, Sr.","Stacy Keach, Jr.",Bernie Kopell,A,medium,false,
Television,Who portrayed the leader of the organization CONTROL in the sitcom Get Smart?,Edward Platt,Bernie Kopell,Billy Barty,Michael Dunn,A,medium,false,
Television,"Which actor portrayed Siegfried, the leading operative for the KAOS organization in “Get Smart”?",Edward Platt,Michael Dunn,Bernie Kopell,Bily Barty,C,medium,false,
Television,"In “Get Smart,” The fine actor Dick Gautier played a CONTROL agent who was a robot. What was this robots name?",Agent 13,Admiral Harold Hargarde,Agent 44,Hymie,D,medium,false,
Television,Which statement about the Get Smart sitcom is true?,The shoe-phone in the show was a Florsheim size 9-D.,The shoe-phone in the show was a Brutionni size 10-D left shoe.,The shoe-phone in the show was 86s right shoe.,The shoe-phone in the show was a Gucci size 10-EE.,A,medium,false,
Television,"In the end of Get Smarts run, agents 99 and 86 have twins.",False,True,,,B,medium,false,
Television,Which of these was not a made-for-TV movie based on the “Get Smart” series’ characters?,When 99 met 86,The Nude Bomb,Get Smart,86 Saves the World,B,medium,false,
Television,In 1995 there was a very short-lived series based on “Get Smart.” Which actor starred in it?,Dick Foley,David Spade,Andy Dick,Dom Irremira,C,medium,false,
Television,"When did the M*A*S*H episode, Abyssinia, Henry first air?","March 11, 1974","March 25, 1976","March 4, 1973","March 18, 1975",D,medium,false,
Television,"At the beginning of the M*A*S*H episode Abyssinia, Henry, what are the main characters doing?",sleeping in their bunks,drinking at the officers lounge,eating in the mess tent,working in surgery,D,medium,false,
Television,"What information does Radar give Col. Henry Blake in the M*A*S*H episode, Abyssinia, Henry?",that Henrys wife has just given birth,that the camp is expecting more casualties,that the same VD film has come in,that Henry is honorably discharged,D,medium,false,
Television,"How do Maj. Frank Burns and Maj. Margaret Houlihan feel about Radars news in Abyssinia, Henry?","sad, because they will genuinely miss Col. Blake","happy, because they think Frank will become the camps permanent commander","scared, because they think the new commander will be tough","uncertain, because they dont know what will happen",B,medium,false,
Television,What happens on Henrys last night at M*A*S*H?,An extreme amount of casualties come in.,He watches the movie My Darling Clementine in the mess tent.,His friends throw him a going away party.,The camp is attacked by a sniper.,C,medium,false,
Television,"In the M*A*S*H episode Abyssinia, Henry, as a going away gift, Henrys friends give him a rectal thermometer.",False,True,,,A,medium,false,
Television,"In M*A*S*H, on the day of Henrys departure, the whole camp turns out, more or less at the insistence of Maj. Burns and his shrill, hangover jangling whistle. When he says goodbye to Klinger, what does Klinger have Col. Blake do for him?",zip up his dress,give him a promotion,allow him to marry a Korean woman,give him a Section 8,A,medium,false,
Television,"In the M*A*S*H episode Abyssinia, Henry, when Henry has said all of his goodbyes, what does Hawkeye whisper to him?",that Henry should salute Radar,that Henry should kiss Margaret,that hell miss Henry,that Henry should hit Frank,B,medium,false,
Television,"In the M*A*S*H episode Abyssinia, Henry, when Henry is at the chopper pad and the gang is there to say goodbye yet again, what does Henry see as hes getting into the helicopter?",an emotional Radar saluting him,Klinger in uniform,Hawkeye and Trapper playing imaginary golf,Margaret crying,A,medium,false,
Television,"After Henrys departure in the M*A*S*H episode Abyssinia, Henry, the doctors and nurses are again in surgery. Radar comes in again, with what message?",that Hawkeye has been discharged,that Col. Blake has returned,that more casualties are expected,that Col. Blake is dead,D,medium,false,
Television,Which one of the sisters on Charmed was the first to date a demon/evil entity?,Phoebe,Prue,Piper,Paige,C,medium,false,
Television,Which one of the Charmed Ones was the first to marry?,Piper,Phoebe,Prue,Paige,C,medium,false,
Television,Which one of the sisters from Charmed was unmarried at the series finale?,Piper,Phoebe,Paige,Prue,B,medium,false,
Television,Which one of the sisters on the TV show Charmed was the only one to marry a normal mortal?,Piper,Paige,Prue,Phoebe,B,medium,false,
Television,"On the TV show Charmed, the Sisters made several treks through time, into both the past and the future. Which two of the sisters discovered that they were evil in a past life?",Phoebe and Paige,Piper and Paige,Piper and Prue,Phoebe and Prue,A,medium,false,
Television,"In the original pilot for Charmed, Alyssa Milano was not cast as Phoebe.",False,True,,,B,medium,false,
Television,Which one of the sisters did not die at least once in the series Charmed?,They all died.,Phoebe,Piper,Paige,A,medium,false,
Television,What caused Darryl to give up protecting the sisters in the TV series Charmed?,Nothing. He was loyal to the end.,He is almost executed for a murder he didn’t commit.,His wife was killed because he was too busy helping the sisters.,He was killed by a demon (and brought back by Leo).,B,medium,false,
Television,Who killed Prue on the show Charmed?,Shax,Belthazor,Zila,The Source of All Evil,A,medium,false,
Television,"On SNL from 1975-1979, John Belushi played which character who appeared in places that were not exactly appropriate for a samaurai to be?",Nikol,Sakai,Futaba,Uburo,C,medium,false,
Television,Chris Farley played which often misunderstood down and out character on SNL from 1993-1995?,John Foley,Tim Matthews,Matt Foley,Robert Meadows,C,medium,false,
Television,The Dakota Fanning Show is a talk show hosted by Amy Poehler as Fanning.,False,True,,,B,medium,false,
Television,Can you name the very first anchor of Weekend Update?,Jane Curtain,Chevy Chase,Bill Murray,Charles Rocket,B,medium,false,
Television,Who portrays Prince and Beyonce on the skit The Prince Show?,Fred Armisen and Amy Poehler,Finesse and Kristen Wiig,Jimmy Fallon and Tina Fey,Fred Armisen and Maya Rudolph,D,medium,false,
Television,What famous singer did Joe Piscopo often portray on SNL?,Dean Martin,Sammy Davis Jr,Frank Sinatra,Stevie Wonder,C,medium,false,
Television,What is Adrian Monks profession in the hit TV show Monk?,Chief of Police,Professional Assassin,Homicide Detective,Police Detective,C,medium,false,
Television,What condition does Adrian Monk have in the hit TV show Monk?,AIDS,OCD,ADD,ADHD,B,medium,false,
Television,What incident haunts Adrian Monk in the hit TV show Monk?,His former assistants death in a car accident,His wifes death in a car bombing,His former assistants death in a car bombing,His wifes death in a car accident,B,medium,false,
Television,Who plays Adrian Monk on the hit TV show Monk?,Ted Levine,William Dafoe,Tony Shalhoub,Sean Connery,C,medium,false,
Television,Adrian Monk is afraid of milk on the hit TV show Monk.,True,False,,,A,medium,false,
Television,What intelligent race were the original builders of the Stargate system in the series Stargate SG-1?,Asgard,Tokra,Ancients,Goauld,C,medium,false,
Television,What was the name of the first Earth ship for interstellar travel featured in the TV series Stargate SG-1?,The Beliskner,The Hatak,The Prometheus,The ONeill,C,medium,false,
Television,"Colonel/Brigadier General Jack ONeill, the fictional character in the TV series Stargate SG-1, is from what northern state?",Maine,Michigan,Minnesota,Montana,C,medium,false,
Television,"In the Stargate universe, it is possible to travel back and forth through one and the same gate with an active wormhole.",False,True,,,A,medium,false,
Television,"In the series Stargate SG-1, a Jaffa needs to perform what task in order to survive?",Kelnoreem,KelmarTokim,KreshTa,Kek,A,medium,false,
Television,"Which Goauld, also known as the Celtic god of war, requested asylum on Earth in the Stargate SG-1 series?",Apophis,Nirrti,Baal,Camulus,D,medium,false,
Television,Where is the high security U.S. government facility that Stargate Command (SGC) located in the famous sci-fi series?,Kennedy Space Center in Florida.,Cheyenne Mountain in Colorado.,Area 51 in Nevada.,Pentagon in Virgina.,B,medium,false,
Television,"In the Stargate SG-1 series, the powerful mineral found on Langara, the homeworld of Jonas Quinn, is called Naquadria.",False,True,,,B,medium,false,
Television,"He played Sam Drucker, the storekeeper and postmaster for Hooterville on the show Green Acres.",Paul Henning,Pat Hingle,Frank Cady,Pat Buttram,C,medium,false,
Television,She played one of the Monroe Brothers on Green Acres alongside actor Sid Melton.,Linda Henning,Barb Pepper,Alvy Moore,Mary Grace Canfield,D,medium,false,
Television,"He played the traveling salesman, Mr. Haney on the show Green Acres.",Sam Drucker,Pat Buttram,Tom Lester,Frank Cady,B,medium,false,
Television,"He starred in one episode of the Beverly Hillbillies as Fred Ziffel, in 37 episodes of Green Acres as Fred Ziffel and in 31 episodes of Gunsmoke as Hank Miller.",Frank Cady,Hank Patterson,Frank Inn,Alvy Moore,B,medium,false,
Television,"At the Dundies in season 2 of The Office, what award does Pam get?",Busiest Beaver,Whitest Sneakers,Hottest in the Office,Longest Engagement,B,medium,false,
Television,Who started the fire in season 2 of the TV show The Office?,Meredith,Dwight,Toby,Ryan,D,medium,false,
Television,What does Jim dress up as for Halloween in season 2 of The Office?,3-Hole Punch,Sith Lord,Vampire,Dunder Mifflin Man,A,medium,false,
Television,Who plays the client in the Office episode The Client?,Tracy Morgan,Will Farrell,Chris Kattan,Tim Meadows,D,medium,false,
Television,What does Jim get Pam for Christmas in season 2 of The Office?,Ipod,Shower Radio,Oven Mitt,Teapot,D,medium,false,
Television,"In season 2 of the TV series The Office, how does Michael get injured?",He burns his foot on a George Foreman Grill.,He gets hairspray in his eyes.,He staples his hand.,He gets hit by a car.,A,medium,false,
Television,What does Michael order at Hooters in season 2 of The Office?,"Chicken Breast, hold the Chicken",Milk,Ham and Cheese Sandwich,Chicken Wings,A,medium,false,
Television,"Where does Jim decide to go on vacation in The Office, season 2?",Hong Kong,Austrailia,New Zealand,Mordor,B,medium,false,
Television,What is not one of the things Jim gets wrong on Dwights security badge in season 2 of The Office?,Security Threat,First Name,Its too big,Middle Name,B,medium,false,
Television,Jim and Pam kiss at the end of The Office episode Casino Night.,True,False,,,A,medium,false,
Television,What is Crabmans name in the television comedy My Name Is Earl?,Darnell Jones,Darnell Raymen,Darnell Turner,Darnell Jostes,C,medium,false,
Television,"In the television comedy My Name Is Earl, what is the name of Earls friend with whom he used to commit crimes?",Ralph,Jack,Tim,Chuck,A,medium,false,
Television,What is Randys biggest fear in the television comedy My Name Is Earl?,Sheep,Birds,Bugs,Spiders,B,medium,false,
Television,"The actors who play Earl and Randy in the TV series My Name Is Earl, both practice what religion?",Buddhism,Mormon,Judaism,Scientology,D,medium,false,
Television,What is the name of the club where Catalina worked as a stripper in the television comedy My Name Is Earl?,Club Barachanuza,Club Tassels,Club Lacy,Club Chubbys,D,medium,false,
Television,"In the television sitcom My Name Is Earl, Earl had to marry his friend Ralphs mother to check him off his list.",True,False,,,A,medium,false,
Television,"For a short time, Earl from the television comedy My Name Is Earl played in a band by this name.",Phish Tahko,Robbn Hood,Rusty bike,The Crabcakes,A,medium,false,
Television,"In the television comedy My Name is Earl, a contest was held to see who could keep their hand on the car the longest. The winner of the contest would win the car. Who won this contest?",Crabman,Earl,Randy,Catalina,D,medium,false,
Television,What year did American television series Lassie debut?,1952,1954,1953,1955,B,medium,false,
Television,What was Jeffs last name on the Lassie show?,Watson,Diamond,Miller,Petrus,C,medium,false,
Television,Jan Clayton played Jeffs mother on the show Jeffs Collie.,True,False,,,A,medium,false,
Television,Which actor played George (Gramps) Miller on the Lassie show from 1954-57?,George Cleveland,George Burns,Jon Provost,George Chandler,A,medium,false,
Television,Pal was the name of the original dog that played Lassie in the self-titled series.,False,True,,,B,medium,false,
Television,"On the show Lassie, after Jeff grew up and his family moved away, Timmy and his family moved to the farm. What was Timmys last name?",Smith,Jones,Riley,Martin,D,medium,false,
Television,Timmys mothers name on the show Lassie was Ruth.,True,False,,,A,medium,false,
Television,Which actor played the role of Uncle Petrie on the Lassie TV series?,Arthur Space,Joey D. Vieira,Robert Bray,George Chandler,D,medium,false,
Television,What was Jeffs best friends name in the Lassie TV series?,Porky,Jimmy,Lumpy,Billy,A,medium,false,
Television,What breed of dog was the original Lassie in the TV series of the same name?,Collie,Poodle,Beagle,none of these,A,medium,false,
Television,"On The Sopranos, is Christopher Moltisanti related to Tony Soprano?",Yes,No,,,A,medium,false,
Television,Are fictional characters Freddie Capuano and Carmella Soprano related?,Yes,No,,,B,medium,false,
Television,How much money is represented by a box of Ziti?,$100,$1000,$5000,$2000,B,medium,false,
Television,Is writer David Chase ever seen in the series The Sopranos?,Yes,No,,,A,medium,false,
Television,Was Tonys daughter Meadow ever engaged to Finn on the TV show The Sopranos?,No,Yes,,,B,medium,false,
Television,What happened to the Russian in the third season of the series The Sopranos?,It was never revealed what happened to  him.,He was held as a prisoner.,He was shot and wounded by Christopher.,He was shot by Paulie.,A,medium,false,
Television,In what season of The Sopranos did Dr. Melfis attack occur?,season three,season two,season four,season one,A,medium,false,
Television,Did Carmella and Tony ever separate on The Sopranos?,Yes,No,,,A,medium,false,
Television,Whats Carlys brothers name in the TV series iCarly?,Spencer,Max,Jake,John,A,medium,false,
Television,Who are Carlys best friends in the TV show iCarly?,Miley  Lily,Amber  Ashley,Sam  Freddie,Nevel  his mother,C,medium,false,
Television,"In the TV series iCarly, Carly is married to Freddie.",False,True,,,A,medium,false,
Television,"In the series iCarly, Carly loves Nevel.",False,True,,,A,medium,false,
Television,What is Ms. Briggs occupation in the TV series iCarly?,Web designer,Nurse,none of these,Teacher,D,medium,false,
Television,"In the teen series iCarly, is Carlys brother an artist?",Yes,No,,,A,medium,false,
Television,Which of the following bands appeared in an episode of the first season of iCarly?,Plain White Ts,Boys Like Girls,None of these,Three Days Grace,A,medium,false,
Television,How many chicks were in the iCarly episode in which Carly and Sam work on a science project?,6,3,8,12,A,medium,false,
Television,"In the series iCarly, Sam pays a lot attention to her boyfriend Jonah.",False,True,,,B,medium,false,
Television,Which three-time daytime Emmy award winning actor played the original Lucky Spencer from 1993-1999?,Joshua Jackson,Jonathan Jackson,Greg Vaughan,Jacob Young,B,medium,false,
Television,"Rebecca Herbst, who plays the role of Elizabeth Webber on General Hospital, married another GH cast member. He has since left the show but his characters name was Juan Santiago. Which actor played him?",Maurice Bernard,Steve Burton,Ingo Rademacher,Michael Saucedo,D,medium,false,
Television,How is Jasper Jacks related to the madman James Craig who held the Metro Court hotel guests hostage for twelve hours?,His nephew,His brother,His brother-in-law,His cousin,B,medium,false,
Television,Actress Kimberly McCullough (Robin Scorpio) also played the role of Patty Hollawell on the TV show Charmed.,True,False,,,B,medium,false,
Television,"On General Hospital, who has lawyer Alexis Davis not been romantically involved with?",Ned Ashton,Jasper (Jax) Jacks,Rick Lansing,Sonny Corinthos,B,medium,false,
Television,"The 4 Musketeers, Elizabeth and Lucky Spencer, Emily Quartermaine and Nicholas Cassadine, often eat dinner together with ribs from what restaurant?",Kellys,Mikes,Rubys,Elis,D,medium,false,
Television,Laura Spencer had two children.,True,False,,,B,medium,false,
Television,Sarah Brown originated the role of Caroline Benson (aka Carly Corinthos) on General Hospital.,True,False,,,A,medium,false,
Television,"On the soap opera General Hospital, Elizabeth has two children, Cameron and Jake. Jake is named with his father Jasons initials (Jacob Martin, Jason Morgan). But who is Cameron named after?",Her best friend who died,His father,His grandfather,"No one, Elizabeth just liked the name",C,medium,false,
Television,"On Canaidan TV show, Degrassi: The Next Generation, what actress playes the role of Paige Michalchuk?",Lauren Collins,Melissa DiMarco,Andrea Lewis,Stacie Mistysyn,A,medium,false,
Television,"What Degrassi: The Next Generation character, played by actress Cassie Steele, was more or less Emma Nelsons sidekick in the first two seasons, but in season three debuted a new look and personality?",Manny,Ellie,Terri,Paige,A,medium,false,
Television,"The American broadcaster of Degrassi: The Next Generation, The-N, has repeatedly censored episodes, editing them in ways to make them, in their opinion, more acceptable to the American audience.",False,True,,,B,medium,false,
Television,"Degrassi: The Next Generation is the indirect result of Degrassi Junior High, which aired on CBC in Canada and PBS in the United States, in what year?",1989,1955,1987,1991,C,medium,false,
Television,"Christine Spike Nelson is a hairdresser and mother of Emma, with whom she was pregnant in the original series of Degrassi: The Next Generation.",False,True,,,B,medium,false,
Television,"Which of these Degrassi: The Next Generation characters does the following description best fit?  The good-looking and quiet daughter of a widowed father, she has insecurities about her appearance, due to the fact that she is more curvaceous than her thin peers.",Terri MacGregor,Manuella Manny Santos,Paige Michalchuk,Alexandria Alex Nunez,A,medium,false,
Television,This alien had horrible laser and x-ray vision and super strength. He didnt need his UFO to fly. He was made of steel and often disguised himself as human. Who was this being from another planet?,The robot from The Day the Earth Stood Still.,The Thing,Superman,The Blob,C,medium,false,
Television,"This half-human alien had pointed ears, green blood and could incapacitate his victims with a simple touch. He flew around in an unidentified flying object invading other planets throughout space, or the final frontier, (as his captain referred to it).",Darth Vader,Locutis,Mr. Spock,King Kong,C,medium,false,
Television,This horribly disfigured creature from a galaxy far away used to look human before he took on his true alien form as cyborg (after a particularly bad beating from another alien). He rose to second in command of The Galactic Empire.,Hercules,Peter Pan,President Bush,Darth Vader,D,medium,false,
Television,"This Alien could easily hide in a bowl of Jello Pudding, but if you ate that bowl you might be eating a considerable amount of human flesh!",The Thing That Ate New York,The Kebler Elves,The Blob,The Pudding Monster,C,medium,false,
Television,The aliens from this movie forced a simple man to build a facsimile of the Devils Tower out of his mashed potatoes. What is the name of the movie where this horrible event takes place?,Space Ship Follies,Devils Tower,Turkey Day,Close Encounters of the Third Kind,D,medium,false,
Television,What is the first lesson on the Monty Python sketch How Not to Be Seen?,Camouflage pants,Not to stand up,Drown yourself,Hide on another continent,B,medium,false,
Television,What year did Monty Pythons Flying Circus debut on the BBC?,1969,1971,1972,1970,A,medium,false,
Television,"Dennis Moore, the forgetful highwayman from Monty Pythons Flying Circus, carries a bag in which to put the loot.  What is written on the side of this bag?","Er, um, what word is it?",Swag,Loot,Things that are not mine,B,medium,false,
Television,"This member of Python, who played King Arthur in Monty Python and the Holy Grail, was wont to play authority figures on the Monty Python show.",Graham Chapman,Eric Idle,Terry Jones,John Cleese,A,medium,false,
Television,To which political party does Monty Python character Jethro Q. Walrust*tty belong?,Falklands,Labour,Conservative,Silly,D,medium,false,
Television,"In Monty Python’s Flying Circus, what kind of animal is John Cleese attempting to return to Michael Palins pet shop?",An ant,A hippopotamus,A parrot,A badger,C,medium,false,
Television,Which famous composer wrote the classic Liberty Bell March that is the theme song to the show Monty Python’s Flying Circus?,John Philip Sousa,Cole Porter,Franz Haydn,Wolfgang Mozart,A,medium,false,
Television,Who attempts to have a debate with John Cleese in the sketch Argument Clinic?,Michael Palin,Terry Gilliam,John Cleese himself,Eric Idle,A,medium,false,
Television,Which character on That 70s Show is based on the adolescence of show creator Mark Brazill?,Fez,Michael,Eric,Steven,C,medium,false,
Television,Midge and Bob Pinciotti from the sitcom That 70s Show were born in the same year.,False,True,,,A,medium,false,
Television,"Is it true that in the pilot episode of That 70s Show, Red said he would love to drive a Toyota?",Yes,No,,,B,medium,false,
Television,"The actress who played Midge on That 70s Show, also was on Charlies Angels.",True,False,,,A,medium,false,
Television,Was Teenage Wasteland the working title for That 70s Show?,No,Yes,,,B,medium,false,
Television,"When the South Park episode, “Cartman Joins NAMBLA” was produced, what was the only problem Comedy Central had, content-wise, before airing?",The abortion issues,Kennys dad constantly throwing up and having diarrhea issues,The pedophilia issues,The John Denver joke,D,medium,false,
Television,"According to the South Park Season 3 DVD Mini-Commentaries, what is Danny DeVito’s favorite episode?",Tweek vs. Craig,Cat Orgy,Jewbilee,World Wide Recorder Concert,D,medium,false,
Television,What is the first episode of South Park that allowed the usage of the word fag?,The Return of the Fellowship of the Rings to the Two Towers,Raisins,Cherokee Hair Tampons,It Hits the Fan,D,medium,false,
Television,"What world-famous line from South Park delivered by the character Cartman, was almost taken out of the show?",Whateva! I do what I want!,You shut your bitch-ass up and make me some pie!,"No, Kitty, this is MY potpie!",Respect my authori-tah!,C,medium,false,
Television,"What episode of South Park, aired 5 days after the premiere of Team America: World Police, was produced in less than 3 days?",The Jeffersons,Something Wall-Mart This Way Comes,Douche and Turd,Goobacks,C,medium,false,
Television,What Hollywood director had two of his movies parodied in two South Park episodes in a row?,Zak Snyder,Stanley Kubrick,Ron Howard,Quentin Tarantino,A,medium,false,
Television,Which of these episodes of South Park has NOT been nominated for a Primetime Emmy?,Goobacks,"Make Love, Not Warcraft",Its Christmas in Canada,Chinpoko Mon,A,medium,false,
Television,In what two South Park episodes was the C word uttered uncensored?,Something You Can Do With Your Finger and It Hits the Fan,Raisins and It Hits the Fan,Something You Can Do With Your Finger and Raisins,It Hits the Fan and Clubhouses,C,medium,false,
Television,Which of these episodes of South Park has not been aired on Comedy Central since its original premiere?,Jared Has Aides,Pip,Terrance and Phillip in Not Without My Anus,With Apologies to Jesse Jackson,A,medium,false,
Television,"Which of these bands did NOT appear on the South Park music album, Chef Aid?",Ween,Perry Farrell,Styx,The Crystal Method,C,medium,false,
Television,"What song was featured in the South Park episode “Mr. Hankey’s Christmas Classics,” but NOT featured on the album that followed it?",Have Yourself a Merry Little Christmas,Jesus and Santas Duet,O Holy Night,Christmas Time in Hell,B,medium,false,
Television,What episode of South Park does NOT have any mention or references to Crab People?,Quest for Ratings,Two Days Before the Day After Tomorrow,South Park is Gay,"Make Love, Not Warcraft",D,medium,false,
Television,"What co-star of the film BASEketball supplies a voice in the two-part episodes of South Park, “Do the Handicapped Go to Hell?” and “Probably”?",Dian Bachar,Jenny McCarthy,Yasmine Bleeth,Robert Vaughn,A,medium,false,
Television,"According to Season 6 of South Park, what destroys society?",Professor Chaos,The Catholic Church,Bebes boobs,Rob Schneider,C,medium,false,
Television,In what year did the popular cartoon character Pluto make his debut?,1940,1983,1930,1950,C,medium,false,
Television,What was the first animated film in which Pluto appeared?,The Adventures of a Boy and His  Dog,The Chain Gang,Its a Dogs Life,Mickey and His Friend,B,medium,false,
Television,Who was  Plutos first owner?,Donald Duck,Mortimer Mouse,Minnie Mouse,Mickey Mouse,C,medium,false,
Television,Which one of these voice actors did not voice Pluto?,Clarence Nash,"Lee Milar, Sr.",Pinto Colvig,Daws Butler,D,medium,false,
Television,Which one of these characters was not an enemy of Pluto?,Butch the Bulldog,Figaro the Kitty,Dinah the Dachshund,Donald Duck,C,medium,false,
Television,What was the name of Plutos son?,"Pluto, Jr.",Pal,Parker,Rover,A,medium,false,
Television,What was the name of  Plutos kid brother?,Tyrone,K.B.,Rex,Rover,B,medium,false,
Television,Which one of these was a friend of Plutos?,Larry Labrador,Lola the Poodle,Fifi the Pekingese,Paul the Poodle,C,medium,false,
Television,Which voice actor started voicing Pluto in 1990?,Bill Farmer,Clarence Nash,Steve Zirnkilton,Daws Butler,A,medium,false,
Television,"Between 1952 and 1962, Pluto appeared in ten issues of the Four Color Comics series.",False,True,,,B,medium,false,
Television,"Name the very popular writer of screenplays who said, There is no reason to confuse television news with journalism.",Wolf Blitzer,Nora Ephron,Mike Taibbi,Cokie Roberts,B,medium,false,
Television,"What TV personality said, People always assume that you cant be shy and be on television. Theyre wrong.?",Cokie Roberts,Nora Ephron,Diane Sawyer,Oprah Winfrey,C,medium,false,
Television,Who delivered these words: Television has  brought murder back to the home where it belongs.?,Rod Sterling,Alfred Hitchcock,Newton Minow,Bill OReilly,B,medium,false,
Television,Which of these is NOT a quote by the New Zealand writer /comic Tony Folliani?,Karl Marx is wrong. Television is the opiate of the people.,Sometimes the highlight of the day is watching highlights.,Why do they call TV a medium? Because its rare when its well done.,You shouldnt spend your life watching TV. You should spend your life selling TVs.,C,medium,false,
Television,"This panelist on an early TV quiz show stated, Television is the triumph of machine over people.?",Fred Friendly,Fred Allen,Groucho Marx,Harpo Marx,B,medium,false,
Television,Which quote is by the Australian-born wit Clive James?,The trouble was all people saw on television were a few of my outspoken supporters out  front and they came away thinking that was me.,"The car trip can draw the family  together, as it was in days before television when parents and children actually talked  to each other.","Sometimes cameras and television are good  to people and sometimes they arent. I dont know if its the way you say it, or how you look.","Television is simultaneously blamed often by the same people, for worsening the world and for being powerless to change it.",D,medium,false,
Television,Moral passion without  entertainment is propaganda and propaganda without moral passion is  television. Name the author who delivered these words.,J.K. Rowling,Erika Jong,Cathy-Jane  Simmons,Rita Mae Brown,D,medium,false,
Television,"Who made the statement, Television is chewing gum for the eyes.?",Woody Allen,John Cameron Swayze,Frank Lloyd Wright,Dwight David Eisenhower,C,medium,false,
Television,"Who said, Television has  done much for psychiatry, spreading information about it as well as the need for it.?",Carl Reiner,Sid Cesar,Howie Morris,Alfred Hitchcock,D,medium,false,
Television,When did The White Shadow run on TV?,1978-1981,1980-1985,1975-1982,1976-1980,A,medium,false,
Television,Who starred as The White Shadow  in the TV show of the same name?,Ken Willis,Ed Bernard,Ken Howard,Ken Burns,C,medium,false,
Television,What was the name of the basketball coach in the TV series The White Shadow?,Coach Bernard,Coach Willis,Coach Reeves,Coach Howard,C,medium,false,
Television,Where was Carver High School located on the CBS show The White Shadow?,"South Central Los Angeles, California","Harlem, New York","South Chicago, Illinois","El Centro, California",A,medium,false,
Television,"On the TV show The White Shadow, the Coach was cut from which NBA team?",New York Knicks,Chicago Bulls,It was never specified.,Los Angeles Clippers,B,medium,false,
Television,"In the TV series The White Shadow, the Carver High Principal and  the Coach attended the same college. Which one?",Illinois,UCLA,Notre Dame,Boston College,D,medium,false,
Television,What was the name of the starting center on the Carver High team in the series The White Shadow?,Morris Thorpe,Warren Coolidge,Curtis Jackson,Milton Reese,B,medium,false,
Television,"In the pilot episode of The White Shadow, the Coach played Coolidge and Thorpe, two against one,   and beat them.",True,False,,,A,medium,false,
Television,Who was the only member of the team on the show The White Shadow who recognized the Coach as  a former NBA player?,Abner Goldstein,Go-Go Gomez,Mario Petrinno,James Hayward,A,medium,false,
Television,Who played Mario Salami Petrinno in the TV series The White Shadow?,Art Holliday,John Mengatti,Tim Van Patten,Ira Augustain,C,medium,false,
Television,Which cast member of The White Shadow directed Save the Last Dance and Coach Carter?,Thomas Carter,Ken Burns,Byron Stewart,Kevin Hooks,A,medium,false,
Television,Which cast member of The White Shadow directed 16 episodes of  The Sopranos and 4 episodes of Sex And the City?,Kevin Hooks,Thomas  Carter,Ken Michelman,Tim Van Patten,D,medium,false,
Television,The White Shadow is considered the first prime time show  with a predominantly black cast.,True,False,,,A,medium,false,
Television,The cast members of The White Shadow did their own singing in the shower scenes.,True,False,,,A,medium,false,
Television,Which character from the White Shadow appeared on the show St. Elsewhere?,Coach Burns,Goldstein,Hayward,Coollidge,D,medium,false,
Television,The Coach and Coolidge from The White Shadow did a TV commercial for which TV station?,ESPN,TBS,YES,FOX,A,medium,false,
Television,Which statement concerning the show The White Shadow is not correct?,Rosey Grier played the school wrestling coach.,Carver High won the Chicago High School Championship twice during the shows run.,"Bruce Paltrow, father of Gwenyth Paltrow, produced the show.",The actor who played the Coach starred in the play and movie 1776.,B,medium,false,
Television,What is the name of the candy counter girl on the Disney show The Suite Life of Zack  Cody?,Miley,Millie,Maddie,Margie,C,medium,false,
Television,The actors who play Zack and Cody on the popular self-titled show are brothers in real life.,False,True,,,B,medium,false,
Television,What is the name of the hotel manager on the show The Suite Life of Zack  Cody?,Lloyd,Floyd,Cliff,Moseby,D,medium,false,
Television,"What is the prison nickname of Lincoln Burrows, a character from the Prison Break TV series, portrayed by Dominic Purcell?",Linc the Sink,Linc the Pink,Linc the Thing,Linc the Wing,A,medium,false,
Television,"Michael Scofield, a character in the TV series, Prison Break, who pretends to be a type I diabetic, needs what medicine to block the action of insulin?",HOMA-R,Lognac,Pugnac,Avandia,C,medium,false,
Television,Lincoln Burrows from Prison Break had to write the names of the observers of his execution. Whose name did he put in the application form?,None of these,His sons,His wifes,His brothers,A,medium,false,
Television,What number is the cell of Michael Scofield and his cellmate Sucre in the Fox TV series Prison Break?,30,45,None of these,40,D,medium,false,
Television,"Where did Michael and his brother Lincoln from Prison Break meet, before they both got into the Prison Industries?",in the washing room,in the chapel,in the directors office,in the Infirmary,B,medium,false,
Television,"In the TV series Prison Break, while running away from violent prisoners who took over the infirmary, Sara wondered how Michael Scofield could be so familiar with the prison layout. What was his explanation?",He said that he just guessed the right way,He did not answer the question,He told her that he had the blueprints of the prison,He said that that one of the P.I. (Prison Industries) assignments was to clean the toxic mold in that part of the prison,D,medium,false,
Television,Which character from TV series Prison Break helped the group of escape-planning inmates by setting the guards break room on fire?,Sara,Seth,Westmoreland,C.O. Bellick,C,medium,false,
Television,"On Prison Break, C-Notes wife believes that the postcards she receives are from which country?",Iraq,Afghanistan,Israel,Iran,A,medium,false,
Television,"In the Prison Break TV series, when Sara visited Michael Scofields psychologist, she found out that Michael suffered from what?",Dyslexia,High-latent inhibition,Low-latent inhibition,Autism,C,medium,false,
Television,"What was the name of the man, who witnessed Filly Falzones crime in the Fox series Prison Break?",Abruzzi,Fibonacci,None of these,Giovanni,B,medium,false,
Television,"What was the relationship between look alikes, Tony and Andre DiMera?",Andre was Tonys Long Lost Twin.,"Andre was Tonys cousin, plastic surgery made him Tonys twin.","Andre and Tony were brothers, not twins.","They werent related, Andre assumed the name DiMera to confuse the people of Salem.",B,medium,false,
Television,What stopped Marlena from marrying Don Craig on their original wedding date?,Marlena thought that Don was still in love with Julie and insisted on delaying the wedding until she was sure.,"Nothing, they were married as planned.",Don thought that Marlena was still in love with Paul Whitman and insisted on delaying the wedding until he was sure.,Donna Temple called her at the church and threatens to commit suicide.,D,medium,false,
Television,"Knowing that Renee was Stefanos daughter, why did Andre kill Renee?",Andre was tired of being in Tonys shadow and wanted to hurt him more than he worried about Stefanos wrath.,Andre didnt know Renee was Stefanos daughter.,Andre was impersonating Tony and was afraid that Renee knew the truth.,"Andre was angry with Stefano after he chose Tony over him, after all his loyalty, and wanted to hurt him.",C,medium,false,
Television,What was the Dragons reason for his murder spree?,The victims were all members of the royal family in the way between him and the throne of England.,"There was no reason, he killed a specific type, no other reason.","The victims were all spies, spying on America.",The victims were all responsible for the death of his family.,A,medium,false,
Television,Select the correct age order of these characters (not based on current stories but on their actual appearance on the show).,"Hope, Jennifer, Janice then Melissa.","Melissa, Janice, Jennifer then Hope","Melissa, Janice, Hope then Jennifer","Janice, Melissa, Jennifer then Hope",C,medium,false,
Television,What was the logic used by the Salem Strangler for choosing his victims?,There was no logic. They were in the right place at the wrong time.,He killed only hospital personnel he felt were responsible for his brothers death.,He killed men who slept with his true love.,He killed anyone he considered impure.,D,medium,false,
Television,Which of the following actors/personalities did not appear on Days Of Our Lives?,Pat Sajak,Ruth Buzzi,Farrah Fawcett,Crystal Gayle,D,medium,false,
Television,"Heres an easy one: Andrea Barber, best known for her role as Kimmy Gibler on Full House was introduced to the people of Salem as Roman Bradys long lost daughter Carrie, back from the dead.",False,True,,,B,medium,false,
Television,"When Marlena was first introduced, what was everyone afraid Mickey would do to his new shrink?","Totally ignore her, he didnt think he needed a shrink.","Try to kill her, he was attacking blonde women.","Totally ignore her, she looked too much like Laura.","Try to fix her up with his best friend, Don Craig.",B,medium,false,
Television,How many children did Mickey Horton father?,2 - Mike and Sarah Horton,0,2 - Melissa and Mike Horton,"3 - Mike, Melissa and Sarah Horton",B,medium,false,
Television,Edward Mallory was the first and only Bill Horton.,False,True,,,A,medium,false,
Television,Don Craig left Salem after a successful bid for the state senate?,True,False,,,B,medium,false,
Television,What year did the Newhart Show go off the air?,1977,1979,1980,1978,D,medium,false,
Television,What is Bobs last name on The Newhart Show?,Hanley,Hartley,Henley,Harley,B,medium,false,
Television,What type of doctor is Bob on The Newhart Show?,Orthodontist,Optometrist,Psychologist,Dentist,C,medium,false,
Television,What actor played the part of orthodontist Jerry Robinson who has an office on the same floor as Bob on The Newhart Show?,Dick Sergeant,Peter Bonerz,Dick York,Larry Hagman,B,medium,false,
Television,"On The Newhart Show, Bill Daily played Bob and Emilys eccentric neighbor Howard Borden. On what other successful sitcom did he have a supporting role?",Bewitched,Get Smart,I Dream of Jeannie,Gilligans Island,C,medium,false,
Television,What was Howard Bordens profession on The Newhart Show?,Psychologist,Orthodontist,Dentist,Airline navigator,D,medium,false,
Television,Who played Bobs wife Emily on the 1970s sitcom The Newhart Show?,Suzanne Pleshette,Marlo Thomas,Barbara Eden,Mary Frann,A,medium,false,
Television,"Marcia Wallce, who played Carol, Bobs receptionist on The Newhart Show, does the voice of what Simpsons character?",Lisa Simpson,Edna Krabappel,Marges sisters Selma and Patty,Marge Simpson,B,medium,false,
Television,The actress who played Emily Hartley on The Newhart Show also appeared in the movie The Birds.,True,False,,,A,medium,false,
Television,Suzanne Pleshettes third marriage was to a cast member on one of the Newhart Shows. What was his name?,Bob Newhart,Bill Daily,Tom Poston,Peter Scolari,C,medium,false,
Television,There were three shows titled the Newhart Show from the 1960s to the 1990s.,False,True,,,B,medium,false,
Television,In what major city does the 1970s sitcom The Newhart Show take place?,Cleveland,San Francisco,New York City,Chicago,D,medium,false,
Television,How many seasons did Xena: Warrior Princess grace the airwaves?,8,7,6,5,C,medium,false,
Television,What was Princess Dianas biggest fear when trying to pretend to be Xena in the series Xena: Warrior Princess?,She wouldnt have servants to take care of her.,She had never left the palace before.,She was afraid that she would actually have to fight.,That the assassin would find her anyway.,B,medium,false,
Television,Which of the following has not been used by various characters in Xena: Warrior Princess to describe the chakrum?,Round Killing Thing,Shamrock,"Get real, no one would use any of these",Disk of death,D,medium,false,
Television,"Of Joxer, Xena and Gabrielle, who did not die at least once during the series Xena: Warrior Princess?",Gabrielle,They all died,Joxer,Xena,B,medium,false,
Television,When did the occult classic Dark Shadows premiere?,1968,1966,1965,1967,B,medium,false,
Television,What network originally aired Dark Shadows?,TBS,ABC,NBC,CBS,B,medium,false,
Television,Ghosts were introduced on the show Dark Shadows before the vampire.,False,True,,,B,medium,false,
Television,Who played the part of Barnabus Collins in the series Dark Shadows.,Jonathan Frid,David Henesy,Louis Edmunds,David Selby,A,medium,false,
Television,Dark Shadows is the only long running soap opera that is not on video for home viewing.,False,True,,,A,medium,false,
Television,How many feature films were spawned from the series Dark Shadows in the 1970s?,3,2,1,4,B,medium,false,
Television,Johnny  Depp has stated that he was so obsessed with the series Dark Shadows that he wanted to be Barnabus Collins.,True,False,,,A,medium,false,
Television,When did Dark Shadows end its original run?,"April 2, 1971","May 2, 1971","December 2, 1971","August 2, 1971",A,medium,false,
Television,"On the TV show Friends, Joeys middle name is Frank.",False,True,,,A,medium,false,
Television,"In the Friends episode TOW All the Cheesecakes, what kind of cake did Rachel tell Joey she was eating?",Lemon Meringue,Oat cake,Tofu,Cinnamon,C,medium,false,
Television,Has Friends character Rachel kissed all of her five friends?,No,Yes,,,B,medium,false,
Television,What is the name of Ross and Monicas family newsletter on the TV show Friends?,The Geller Yell,The Geller Express,The Geller Yeller,None of these,C,medium,false,
Television,"Ross had a date with a woman called Elizabeth Hornswaggle, a name that reminded Chandler of what childrens program?",Sesame Street,The Muppets,Fraggle Rock,Lamb Chops,C,medium,false,
Television,Is pizza the favorite food of fictional character Joey Tribbiani?,Yes,No,,,B,medium,false,
Television,"On the TV sitcom Friends, Rachels middle name is Karen.",False,True,,,B,medium,false,
Television,What was the name of Phoebes gay husband on Friends?,Anthony,Simon,Duncan,Lee,C,medium,false,
Television,"Is it true that on the TV show Friends, Janice has slept with Joey, Chandler and Ross?",Yes,No,,,B,medium,false,
Television,What was Monicas cats name on the TV show Friends?,Fluffy Meowington,Mr. Wilkerson,Kittie Cat,Fatty,A,medium,false,
Television,Peter Krause plays the part of David Fisher in the TV series Six Feet Under.,True,False,,,B,medium,false,
Television,Which one of the following characters did Ruth Fisher not date in the TV series Six Feet Under?,Nikolai,Arthur,Rico,George,C,medium,false,
Television,"On the TV show Six Feet Under, the patriarch of the Fisher household, Nathaniel Samuel Fisher, was killed by a gunshot wound to the chest.",True,False,,,B,medium,false,
Television,"In the TV series Six Feet Under, all of the following were Fisher siblings except for whom?",Claire,David,Nate,Lisa,D,medium,false,
Television,What kind of drink was found in Lisas car after she went missing in Six Feet Under?,Orange Juice,Pepsi,Evian,Dr. Pepper,D,medium,false,
Television,Claire from the HBO series Six Feet Under had an abortion.,True,False,,,A,medium,false,
Television,"Which character from Six Feet Under said this: Well, well. The prodigal returns. This is what youve been running away from your whole life, buddy boy. Scared the crap out of you when you were growing up, didnt it? And you thought youd escape, well guess what, nobody escapes.",David Fisher,Claire Fisher,Nathaniel Fisher,Ruth Fisher,C,medium,false,
Television,"Drew and Kate were romantically involved at one point in The Drew Carey Show, but did not get married for what reason?",Drew got cold feet and left Kate at the altar.,"Drew wanted children, but Kate did not.","Kate wanted children, but Drew did not.",Kate got cold feet and left Drew at the altar.,B,medium,false,
Television,What was Oswalds full name on The Drew Carey Show?,Oswald John Henry,Oswald Harvey Lee,Oswald Lee Harvey,Oswald Henry Johns,C,medium,false,
Television,Where is Drews pool table located on the sitcom The Drew Carey Show?,In his living room.,In his backyard.,In his basement.,He doesnt have a pool table.,B,medium,false,
Television,"Who wrote Cleveland Rocks, one of the opening songs for the The Drew Carey Show?",Paul Anka,Wierd Al Yankovic,Ian Hunter,Ian Anderson,C,medium,false,
Television,Drews brother Steve is a cross-dresser on The Drew Carey Show.,False,True,,,B,medium,false,
Television,What is Drews full name on The Drew Carey Show?,Drew David Carey,Drew Alan Carey,Drew Allison Carey,Drew Michael Carey,C,medium,false,
Television,"On The Drew Carey Show, Drew often wears a Ghoulardi T-shirt on the show. Who is Ghoulardi?",a Cleveland Browns football player,a horror movie character,a late night horror show host,a Cleveland Indians baseball player,C,medium,false,
Television,What company did Lewis work for on The Drew Carey Show?,Revco,Eckerd,DrugCo.,UPS,C,medium,false,
Television,"In this episode of Greys Anatomy, Alex meets Annie, a patient with an extraordinarily large tumor, and they become friendly. Annie trusts only Alex until she overhears him making fun of her. Derek chooses Meredith to help him with a grouchy Parkinsons patient. Bailey finds out about this and tries to make Merediths life hell.",Whos Zoomin Who,If Tomorrow Never Comes,No Mans Land,The First Cut Is The Deepest,B,medium,false,
Television,"Tired, Meredith assists Burke with a heart transplant only to find out that her surgical glove ripped and she may have punctured the heart with her fingernail. Izzie throws a party at Merediths house for her new boyfriend so he can meet all her friends and then winds up missing the party because she gets stuck in surgery. This is the plot of which Greys Anatomy episode.",A Hard Days Night,"Winning a Battle, Losing the War",The Self-Destruct Button,Shake Your Groove Thing,D,medium,false,
Television,"In this Greys Anatomy episode, Chief Webber calls a meeting with his staff about an outbreak of Syphillis at Seattle Grace. Izzie and Cristina wind up doing an unauthorized autopsy on a patient. Meredith and Derek get ready to go out on their first official date but are interrupted by an unexpected visitor: Dereks wife Addison.",The Self-Destruct Button,Save Me,Whos Zoomin Who,The First Cut Is the Deepest,C,medium,false,
Television,"In this episode of the Greys Anatomy series, Meredith and the other interns report for their first day of work at Seattle Grace Hospital. Meredith finds out that her new boss, Derek Shepherd, is the man with whom she had a one night stand the previous night. Meredith and her fellow interns find out just how difficult life is for doctors, and what its like to work 48 hour shifts without any sleep.",Shake Your Groove Thing,No Mans Land,Save Me,A Hard Days Night,D,medium,false,
Television,"Meredith and Derek are in charge of treating a patient who needs life-saving surgery, only to find out that her father is very religious and very against the surgery without a visit from their shaman. Meredith finds out about her mothers affair with Chief Webber. George and Alex get stuck in an elevator with a patient who needs immediate surgery, which George performs with directions from Dr. Burke. All this happened in which episode of Greys Anatomy.",Enough Is Enough,Let It Be,Bring the Pain,Something to Talk About,C,medium,false,
Television,"Meredith has a one night stand with a guy named Steve, who winds up a patient at Seattle Grace for a very disturbing problem...he has an erection that wont go away. An expectant mother of quintuplets finds out that most of her unborn children have potentially life-threatening problems. This is the plot of which Greys Anatomy episode?",Much Too Much,Thanks For The Memories,Into You Like A Train,"Deny, Deny, Deny",A,medium,false,
Television,"In this Greys Anatomy episode, Bonnie and Tom, two complete strangers, wind up as patients at Seattle Grace. They are both impaled to the same pole after an accident. Cristina is given the task of tracking down a patients missing leg. Alex begins to question his future as a doctor.",Raindrops Keep Falling on My Head,Make Me Lose Control,Something to Talk About,Into You Like a Train,D,medium,false,
Television,"In this episode of the Greys Anatomy series, Izzie meets Denny Duquette, a patient that is awaiting a heart transplant. George treats a teenage hermaphrodite named Bex.",Begin the Begin,Break on Through,Owner of a Lonely Heart,Yesterday,A,medium,false,
Television,"In this Greys Anatomy episode, Meredith wakes up feeling like she is going to have a bad day. She turns out to be right when a patient arrives at the hospital with a bomb in his chest cavity, threatening the lives of the entire staff.",Its the End of the World,As We Know It,Tell Me Sweet Little Lies,Band-Aid Covers the Bullet Hole,A,medium,false,
Television,"Which Greys Anatomy episode has the following plot? Meredith and George wind up in the same bed and feel quite awkward around each other all day. Marks visit has Derek and Addison on edge once again. Denny Duquette arrives at Seattle Grace for a second time since meeting Izzie, complicating her reconciliation with Alex.",Break on Through,What Have I Done to Deserve This?,Yesterday,Grandma Got Run Over by a Reindeer,B,medium,false,
Television,"In this episode of Greys Anatomy, the nurses union at Seattle Grace goes on strike, as does George, leaving the doctors to fend for themselves. Meredith makes a critical mistake while treating a patient, which is witnessed by the patients friends. Izzie confides a big secret from her past to a young pregnant woman.",Yesterday,Tell Me Sweet Little Lies,Break on Through,As We Know It,C,medium,false,
Television,Cristina finds herself in charge of the ER. Time is running out for Denny. Derek comes to terms with the fact that a friends life is in his hands. This is part of the plot of which Greys Anatomy episode?,Superstition,Deterioration of the Fight or Flight Response,17 Seconds,Damage Case,B,medium,false,
Television,"In this episode of Greys Anatomy, Izzie interrogates George about his personal life. Addison takes Alex to task about a sensitive case. Burke has to deal with treating his musical hero.",Losing My Religion,17 Seconds,Blues for Sister Someone,Superstition,C,medium,false,
Television,"Despite the hospitals code black, and assistance from the bomb squad, the dangerous situation at Seattle Grace escalates. Meredith works with the bomb squad to save the lives of everyone in the hospital. Derek must perform surgery under pressure of learning that Meredith is the girl with the bomb. This is part of the plot of what episode of the medical drama Greys Anatomy?",Yesterday,As We Know It,Band-Aid Covers The Bullet Hole,Owner Of A Lonely Heart,B,medium,false,
Television,How many episodes of the Dark Shadows program were made?,1245,345,645,945,A,medium,false,
Television,June Bennett starred on dark Shadows as Elizabeth Collins Stoddard from 1966-1970.,False,True,,,A,medium,false,
Television,Was the Dark Shadows Theme written by Robert Cobert?,Yes,No,,,A,medium,false,
Television,Who played Roger Collins on the Gothic soap opera Dark Shadows?,Louis Edmonds,David Henesy,Alex Bennett,Grayson Hall,A,medium,false,
Television,Kathryn Leigh Scott played Maggie Evans on Dark Shadows.,True,False,,,A,medium,false,
Television,"What year did the series Lancelot Link, Secret Chimp appear on the TV air waves?",1976,1970,1972,1974,B,medium,false,
Television,"In the TV series Lancelot Link, Secret Chimp, Lancelot worked for what agency?",M. O. N. K. E. Y.,C. H. I. M. P.,A. P. E.,C. H. U. M. P.,C,medium,false,
Television,"Who was Lancelot Links partner in the monkey spy parody Lancelot Link ,Secret Chimp?",Ali Assa Seen,Creto,Mata Hairi,Wang Fu,C,medium,false,
Television,"What does A. P. E. stand for in the TV series Lancelot Link, Secret Chimp?",Against People of Evil,Agency of Perpetual Evil,Agency to Prevent Evil,Association of the Prevention of Evil,C,medium,false,
Television,"Who was in charge of A. P. E. in the TV series Lancelot Link, Secret Chimp?",Commander Darwin,Baron Von Butcher,The Duchess,Lancelot Link,A,medium,false,
Television,What was the real name of the chimpanzee that portrayed Lancelot Link in the TV series of the same name?,Moe,Sidney,Tonga,Sam,C,medium,false,
Television,"Who was in charge of C. H. U. M. P in the Lancelot Link, Secret Chimp series?",Lancelot Link,Wang Fu,Baron Von Butcher,Commander Darwin,C,medium,false,
Television,"What does C. H. U. M. P. stand for on the TV series Lancelot Link, Secret Chimp?",Criminal Heads of the Underground Monkey Plan,Chimps Heading and Unifying Monkey Protection,Criminal Headquarters for Underworld Master Plan,Corporate Headquarters of Universal Mankind Protection,C,medium,false,
Television,"What was the name of the groovy rock band that often appeared on the Lancelot Link, Secret Chimp TV series?",The Hairy Knuckles,The Evolution Revolution,"Yes, We have Thumbs",The Monkees,B,medium,false,
Television,"What year did Lancelot Link, Secret Chimp go off the air?",1974,1976,1972,1970,C,medium,false,
Television,"Ricky Gervais and this man, created the British comedy series The Office.",Stephen Merchant,Patrick Barlow,Steve Martin,Eric Chappell,A,medium,false,
Television,Which of these countries did not have a remake of the British show The Office?,Canada,Spain,Germany,France,B,medium,false,
Television,"In which Borough of Berkshire, England does the sitcom The Office take place?",Binfield,Slough,Reading,Windsor,B,medium,false,
Television,"What is the name of the assistant to the regional manager, played by Mackenzie Crook in the British show The Office?",Jonn Jamesen,Gareth Keenan,Neil Godwin,Peter Fratt,B,medium,false,
Television,What is the name of Tim Canterburys co-worker and love interest in the British sitcom The Office?,Monica,Rachel,Trudy,Dawn,D,medium,false,
Television,Which of the characters from the British series The Office has a birthday in the third episode The Quiz?,Neil Godwin,Gareth Keenan,Tim Canterbury,Chris Finch,C,medium,false,
Television,Which actor plays the annoying boss David Brent in the British sitcom The Office?,Ricky Gervais,Ewen Macintosh,Patrick Baladi,Oliver Chris,A,medium,false,
Television,"What is the name of the band, in which the character David Brent from the sitcom The Office performed?",Foregone Conclusion,Rocking Beats,Paper Route,The Bosses,A,medium,false,
Television,The Office is the first British comedy to win this prestigious American award.,Peoples Choice,Saturn,Emmy,Golden Globe,D,medium,false,
Television,"What is the name of the theme song for the British sitcom The Office, originally performed by Chris Farlowe?",The Fool,Paint It Black,Handbags and Gladrags,My Way of Giving In,C,medium,false,
Television,What was the name of Marlenas first husband on the soap opera Days of our Lives?,John Black,Don Craig,Paul Whitman,Roman Brady,B,medium,false,
Television,Which of the following Days of Our Lives characters gave into the charms of Liz Chandler and cheated on Marlena?,Don Craig,Roman Brady,John Black,Paul Whitman,A,medium,false,
Television,"On the long-running sitcom Days of Our Lives, Don, Roman and John, have been married to Marlena, but they all had children with other women.",False,True,,,B,medium,false,
Television,Which one of these men did Marlena cheat on on Days of Our Lives?,Paul Whitman,John Black,Roman Brady,Don Craig,C,medium,false,
Television,Which of these men was Marlenas first love on the popular TV show Days of Our Lives?,Roman Brady,Paul Whitman,Don Craig,John Black,B,medium,false,
Television,"When TV characters Don Craig and Marlena Evans first met, she refused to go out with him because she thought he was in love with another woman.",True,False,,,A,medium,false,
Television,"When Marlena first met Roman on days of Our Lives, she fell in love with him at first sight.",True,False,,,B,medium,false,
Television,"One of Marlenas men couldnt tell the difference between Marlena and her twin sister, Samantha, and ended up sleeping with Sam.",False,True,,,A,medium,false,
Television,"Of Marlenas men, who is the first one that has been portrayed by more than one actor?",Don Craig,Paul Whitman,John Black,Roman Brady,D,medium,false,
Television,"On the TV show Days of Our Lives, John, Roman, Paul and Don have all professed undying love for Marlena.",False,True,,,B,medium,false,
Television,Which list depicts the targets for each season of HBOs The Wire in order?,"Stringer Bell, Marlo Stansfield, The Greek, Avon Barksdale","Avon Barksdale, The Greek, Clayton Clay Davis, Ervin H. Burrell","Avon Barksdale, Frank Sobotka, Stringer Bell, Marlo Stansfield","Avon Barksdale, Stringer Bell, Frank Sobotka, Marlo Stansfield",C,medium,false,
Television,Which cast member sings lead vocals on the theme song in season five of HBOs The Wire?,Method Man,Steve Earle,Jermaine Crawford,Maestro Harrell,B,medium,false,
Television,The theme song from Get a Life was a hit song from what musical group?,No Doubt,Fine Young Cannibals,R.E.M.,Hootie and the Blowfish,C,medium,false,
Television,What character from the TV show Cashmere Mafia is a magazine publisher?,Zoe Burden,Mia Mason,Caitlin Dowd,Juliet Draper,B,medium,false,
Television,"Caitlin Dowd, one of the main characters on Cashmere Mafia, is a confused lesbian/bisexual.",False,True,,,B,medium,false,
Television,What is Juliet Drapers ex-husbands name in the TV series Cashmere Mafia?,Eric,Jason,Luke,Davis,D,medium,false,
Television,"Mia Mason, one of the protagonists on the Cashmere Mafia show, was engaged to this man for a week.",Jack Cutling,Clive Hughes,Jason Chun,Clayton,A,medium,false,
Television,"On the show Casmere Mafia, Mia was attracted to Eric and Zoes sexy manny? What was his name?",David,Curt,Jason,Adam,D,medium,false,
Television,What city is the show Cashmere Mafia set in?,Los Angeles,Chicago,New York,Miami,C,medium,false,
Television,What is Caitlins girlfriends name on Cashmere Mafia?,Alicia Lawson,Miranda Goode,Zoe Burden,Cilla Gray,A,medium,false,
Television,How many episodes were aired during the first season of Cashmere Mafia?,10,27,14,7,D,medium,false,
Television,What season of the Power Rangers series is titled Power Rangers: Time Force?,6th,10th,9th,7th,C,medium,false,
Television,What are the colors of the Time Force Power Rangers?,"Red, Blue, Black, Pink, Yellow","Red, Blue, Green, Pink, Yellow","Red, Blue, White, Pink, Yellow","Red, Black, Green, Pink, Yellow",B,medium,false,
Television,Name the Special Ranger in Power Rangers: Time Force.,White,Quantum,Titanium,Samurai,B,medium,false,
Television,Which of these isnt a Time Force villain?,Ransik,Fenix,Gluto,Nadira,B,medium,false,
Television,Which two teams did the Time Force Rangers team up with?,Lightspeed Rescue and Wild Force,Wild Force and SPD,Lost Galaxy and Lightspeed Rescue,DinoThunder and Ninja Storm,A,medium,false,
Television,What Zord in Power Rangers: Time Force is operated through voice activation by the Quantum Ranger and is incapable of combining with other Zords?,The Quantasaurus-Rex,None of these,Time Flyer 1,The Black Bear Zord,A,medium,false,
Television,Complete these lyrics from the theme song of Power Rangers: Time Force: Racing to another time Chrono Morphers are on-line Timeless Wonders ___________________,Fire and Thunder,Time and Thunder,Time Defender,Fire Defender,A,medium,false,
Television,What century are the Time Force Rangers from?,32nd,33rd,30th,31st,D,medium,false,
Television,There are two Red Rangers in Power Rangers: Time Force.,False,True,,,B,medium,false,
