category_name,question_text,option_a,option_b,option_c,option_d,correct_answer,complexity,disabled,image_url
Geography,What is the capital of Afghanistan?,Tirana,Kabul,Dushanbe,Tashkent,B,medium,false,
Geography,What is the capital of Australia?,Canberra,Sydney,Melbourne,Ottawa,A,medium,false,
Geography,What is the capital of Belgium?,Amsterdam,Luxemburg,Brussels,Stockholm,C,medium,false,
Geography,What is the capital of Greece?,Ankara,Athens,Sofia,Thessaloniki,B,medium,false,
Geography,What is the capital of Italy?,Venice,Rome,Naples,Milan,B,medium,false,
Geography,What is the capital of Israel?,Tel Aviv,Kabul,Jerusalem,Islamabad,C,medium,false,
Geography,What is the capital of Germany?,Frankfurt,Berlin,Munich,Hamburg,B,medium,false,
Geography,What is the capital of Norway?,Stockholm,Helsinki,Oslo,Copenhagen,C,medium,false,
Geography,"What is the capital and largest city of Hawaii, the 50th US state?",Little Rock,Dover,Frankfort,Honolulu,D,medium,false,
Geography,"When the streams Biya and Katun join in Altai Krai, they form this mighty river. It is located in West Siberia, Russia and has many names- the Siberian Tatars call it Omar or Umar, the Samoyedes- Kolta or Kuay and to the Ostiaks it is known as the As, Yag, Kolta and Yema. It joins the Irtysh river, forming the longest river flow in Russia. What is its name?",Ural,Volga,Ob,Lena,C,medium,false,
Geography,"Although the Amazon river is generally regarded as the second-longest in the world, it is the river with greatest total flow, carrying more than the Mississippi, Nile, and Yangtze rivers combined.  It ends in the Atlantic Ocean, but it is believed to begin its long journey from this mountain peak.",Nevado Mismi,Misti,Cotopaxi,Mount Chimborazo,A,medium,false,
Geography,"This is the longest river in Asia and its Chinese name, Chang Jiang, is literally translated to Long River. The critically endangered Chinese River Dolphin and Chinese paddlefish live only in this river. It takes its source in the Qinghai Province, flows for 6,380km (3964miles) and finally empties into the East China Sea. What is the name of this river?",Irtysh,Huai River,Yangtze,Mekong,C,medium,false,
Geography,"Huang He is the second-longest river in China. Its source is in the Kunlun Mountains at 4,500m (14,764 feet) above sea level. Due to the silts that the river carries, the color of its waters becomes so unnatural that it gave the name of the river . What is the color of the waters of Huang He?",Brown,Orange,Yellow,Red,C,medium,false,
Geography,"It is the second-longest river in the United States. The longest one, Missouri, joins it to form the longest river flow in North America. This river flows through ten states- Minnesota, Wisconsin, Iowa, Illinois, Missouri, Kentucky, Arkansas, Tennessee, Mississippi and Louisiana and mouths into the Gulf of Mexico. I am not going to ask you about its name, but about its source. What is the origin of the Mississippi river?",Lake Superior,Lake Pepin,Lake Itasca,Cass Lake,C,medium,false,
Geography,"This is the twelfth-longest river in the world. It runs through China, Myanmar, Thailand, Laos, Cambodia and Vietnam. There are various theories about the source and the exact length of the river because there are several effluents of it that are too difficult to explore. Due to the many rapids and waterfalls, as well as the extreme changes in the flow of the river, sailing is extremely difficult. What is the name of this river?",Mekong,Saskatchewan,Angara,Brahmaputra,A,medium,false,
Geography,"The longest river in Europe is Volga. But do you know which is the second longest one? It flows through several major European cities, such as Ulm, Vienna, Bratislava, Budapest and Belgrade. The river empties in the Black Sea on the terrirories of Romania and Ukraine.",Don,Dniepr,Danube,Emba,C,medium,false,
Geography,"The Ganges river is considered to be a holy in India. There is a Hindu legend that the river was created from the sweat of the feet of Vishnu, collected by Brahma. According to Hindu beliefs, if you bathe in the waters of Ganges, it will wash away your sins. However this is not very hygienic, as the river is badly polluted by cremated corpses, carcasses, waste from factories and more.  Where does this river empty?",The Bay of Bengal,Lop Nur,The Quarry Bay,Kara Sea,A,medium,false,
Geography,"Victoria Falls is one of the most spectacular waterfalls in the world. The falls are named after Queen Victoria by David Livingstone, the explorer who visited them in 1855. The falls are 128 m (420 ft) high and are situated on this river.",Zambezi,Congo,Gambia,Orange,A,medium,false,
Geography,"The Nile is generally considered the longest river in the world.  The source of this mighty river remained unknown for centuries. Finally Lake Victoria was decided to be its source, although there are other theories. Lake Victoria is located on the territories of these three countries.","Sudan, Ethiopia and Kenya","Zambia, Angola and Sudan","Uganda, Kenya and Tanzania","Egypt, Morocco and Zimbabwe",C,medium,false,
Geography,"Name the line, which is the same distance from the North Pole and South Pole and runs horizontally around the world.",Tropic of Capricorn,Equator,Tropic of Cancer,Prime Meridian,B,medium,false,
Geography,"What term refers to the horizontal line, 23.5 degrees S, which passes through South America, Africa, and Australia?",Tropic of Cancer,Prime Meridian,Tropic of Capricorn,Equator,C,medium,false,
Geography,Which continents are entirely in the Southern Hemisphere?,"South America, Africa, and Australia",Australia and Antarctica,"South America, Australia and Antarctica",South America and Australia,B,medium,false,
Geography,"Which continents (landmasses, not peripheral islands) are entirely in the Northern Hemisphere?",North America and Europe,"Europe, Africa and Asia","North America, Africa, and Asia","North America, Europe, and Asia",D,medium,false,
Geography,Which continents are entirely in the Western Hemisphere?,"North America, Europe, and Asia","Europe, Asia, Africa, Australia",Australia and Antarctica,North America and South America,D,medium,false,
Geography,Which feature on a map helps determine direction?,a key,a legend,a compass rose,a scale,C,medium,false,
Geography,Which of these is not a type of map projection?,Robinson,Crusoe,Mercator,Interrupted,B,medium,false,
Geography,Which of these continents is largest (by territory)?,South America,Antarctica,North America,Europe,C,medium,false,
Geography,Which of these countries is smallest (by territory)?,Seychelles,Liechtenstein,San Marino,Marshall Islands,C,medium,false,
Geography,Which of these US cities is largest (by population)?,Houston,Phoenix,Philadelphia,San Antonio,A,medium,false,
Geography,Which of these mountains is highest?,Puncak Jaya,Mount McKinley,Mount Elbrus,Mount Kilimanjaro,B,medium,false,
Geography,Which of these lakes is deepest?,Caspian Sea,Malawi or Nyasa,Tanganyika,Issyk-Kul,C,medium,false,
Geography,Which of these rivers is longest?,Lena,Huang,Amur,Ob-Irtysh,B,medium,false,
Geography,Which of these seas is largest?,Bering,Arabian Sea,Mediterranean,Gulf of Mexico,C,medium,false,
Geography,Which of these deserts is largest?,Chihuahuan,Syrian,Thar,Great Sandy,B,medium,false,
Geography,Which of these inhabited places is wettest?,Moulein,Sylhet,Baguio,Lae,A,medium,false,
Geography,Which of these oceans has the greatest depth?,Pacific Ocean,Indian Ocean,Atlantic Ocean,Arctic Ocean,A,medium,false,
Geography,"The rivers - the Tajo, the Ebro, the Duero, and the Guadiana, are located in this country.",Columbia,Portugal,Spain,Brazil,C,medium,false,
Geography,"The volcanoes - Akan, Aso, Mount Fuji and Rausu are located in this country.",Japan,Malaysia,North Korea,Indonesia,A,medium,false,
Geography,"Onega, Khanka and Chudskoye are three of the many lakes in this country.",Kazakhstan,Mongolia,Ukraine,Russia,D,medium,false,
Geography,The valleys of the Yellow River and the Pearl River are two of the seven main national valleys in this country.,Burma,China,Thailand,India,B,medium,false,
Geography,"Pico da Bandeira, Pico do Cruzeiro and Pedra da Mina are three of the numerous mountains located in this South American country.",Argentina,Chili,Brazil,Peru,C,medium,false,
Geography,Chauvet Cave and Meyrieres Cave are two caves located in this European state.,France,Netherlands,Spain,Belgium,A,medium,false,
Geography,Kainji Lake and Lake Chad are considered lakes of this country.,Niger,Nigeria,Cameroon,Chad,B,medium,false,
Geography,"Mitchell, Jardine, Staaten, Flinders, Leichhardt, and Nicholson are just few of the rivers in this country.",Indonesia,Australia,Papua New Guinea,New Zealand,B,medium,false,
Geography,"Kaskaspakte, Akka and Sielmmacohkka are three mountains in this country.",Norway,Finland,Denmark,Sweden,D,medium,false,
Geography,Dasht-e Kavir and Kavir-e Lut are deserts located in this Asian country.,India,Iran,Pakistan,Iraq,B,medium,false,
Geography,Which two countries border the Dead Sea?,Jordan and Israel,Lebanon and Jordan,Syria and Jordan,Lebanon and Israel,A,medium,false,
Geography,Is it true that Yasseir Arafat became chairman of the Palestinian Liberation Organization in 2004?,Yes,No,,,B,medium,false,
Geography,What are the three Benelux countries?,"Belgium, Netherlands and Luxembourg","Finland, Sweden and Denmark","The U.S.A., Canada and Mexico","Honduras, Nicaragua and Belize",A,medium,false,
Geography,Did the 13 colonies declare their independence in 1776?,No,Yes,,,B,medium,false,
Geography,Europe is the smallest continent.,True,False,,,B,medium,false,
Geography,What are the Tropic of Cancer and the Tropic of Capricorn?,Lines of latitude,Lines of longitude,Parallel to the Greenwhich Meridian,None of these,A,medium,false,
Geography,Which statement about the emu and the kangaroo is not true?,Both are indigenous only to Australia.,Both are on the national emblem of Australia.,Both are incapable of flying.,Both are incapable of  walking backwards.,A,medium,false,
Geography,What was the former name of the city of Istanbul ?,Constantinople,Persia,Zaire,Siam,A,medium,false,
Geography,Where would you find the shortest river in the world?,Wales,Ecuador,Tasmania,Montana,D,medium,false,
Geography,What major geographical feature is located at 23.5 degrees North latitude?,The Equator,The Arctic Circle,The Tropic of Capricorn,The Tropic of Cancer,D,medium,false,
Geography,Which would be found at 39 degrees 43 minutes North latitude?,The Tropic of Cancer,The Tropic of Capricorn,The majority of the Mason-Dixon Line.,The border between Canada and  Washington State.,C,medium,false,
Geography,Which country held the record for the highest birth rate in the 2005 world statistics?,Niger,Uganda,Mali,Vatican City,A,medium,false,
Geography,How many US states border the Gulf of Mexico?,4,3,5,10,C,medium,false,
Geography,"Measuring at the Equator, what is the closest approximation of the Earths circumference?","24,900,000 miles","24,900 miles","249,000 miles","2,490,000 miles",B,medium,false,
Geography,The people of which country watched the most TV per week in 2005?,Thailand,The Philippines,The USA,Egypt,A,medium,false,
Geography,How many US states border the Pacific Ocean?,11,4,5,3,C,medium,false,
Geography,Which one of these ski resorts is not located in the Alps?,Kitzbuhel,Zermatt,Mont-Tremblant,Chamonix-Mont-Blanc,C,medium,false,
Geography,The tallest mountain peak in the US is Mount McKinley. This is the second tallest.,Mount Saint Elias,Glacier Peak,Mount Washington,Gannett Peak,A,medium,false,
Geography,Which one of these mountains is not a volcano?,Mauna Kea,Mount St. Helens,Mount Vesuvius,Mount Aspiring,D,medium,false,
Geography,"The highest mountain peak on our planet is Mount Everest. It was first climbed by Edmund Hillary and Tenzing Norgay on May 29, 1953. What is the home country of Sir Edmund Hillary?",United Kingdom,The United States,France,New Zealand,D,medium,false,
Geography,"Which saltwater lake, bordered on the west by Azerbaijan and Russia, is the largest inland body of water in the world?",Tanganyika,Victoria,Baikal,Caspian Sea,D,medium,false,
Geography,"This country, situated in North Europe, has almost 200 000 lakes - more than any other country in the world.",Finland,Sweden,The Netherlands,Georgia,A,medium,false,
Geography,"Which body of water, situated in Southern Siberia, is the deepest and oldest freshwater lake on Earth?",Onega,Ladoga,Huron,Baikal,D,medium,false,
Geography,"This water body, which is South Americas largest freshwater lake, is the highest commercially navigable lake.",Nyasa,Nicaragua,Titicaca,Michigan,C,medium,false,
Geography,This country has more than 60% of worlds lakes due to its special drainage system.,Australia,Russia,Canada,The USA,C,medium,false,
Geography,"This freshwater-lake island, with a surface area of 2,766 km², is the biggest on Earth.",Islandlake,Ainslie,Manitoulin Island,Isle of Wight,C,medium,false,
Geography,"What Canadian lake is the largest in the world, located on an island?",Nettilling Lake,Aral,Winnipeg,Michigan,A,medium,false,
Geography,"This is the lowest lake on Earth, situated at about 400 meters below sea level on the border between Israel and Jordan.",Issyk-Kul,Balkhash,Urmia,Dead Sea,D,medium,false,
Geography,Which tiny lake located in Tibet is the highest lake on Earth?,Lhagba Pool,Rush Lake,Laguna Lobato,Poquentica Lake,A,medium,false,
Geography,"With a surface area of about 82,000 km², this lake between Ontario and Minnesota is the largest single freshwater lake in the world.",Turkana,Michigan,Lake Superior,Onega,C,medium,false,
Geography,"The word volcano comes from the name of the Roman god of fire, Vulcan. Who is the analogue of Vulcan in Greek mythology?",Hephaestus,Helios,Hermes,Zeus,A,medium,false,
Geography,"If magma contains more than 65% silica, the lava is called this.",felsic or acidic,thick,mafic or basic,dense,A,medium,false,
Geography,"Phreatic eruptions occur when the temperature of magma is relatively low and it solidifies very quickly, sometimes blocking the vent of the volcano.",True,False,,,B,medium,false,
Geography,"Yellowstone Caldera is considered a supervolcano because within the past two million years it has erupted extremely violently three times . The most recent eruption occurred this long ago, and spread volcanic ash over most of the North American continent.","1,510,000 years","40,000 years","640,000 years","17,000 years",C,medium,false,
Geography,Which of the following states of America is an inland one and has an official motto that does not come from Latin?,Montana,Virginia,Oklahoma,South Carolina,A,medium,false,
Geography,"Which of the following states has an official motto In God we trust, which is also the official motto of the United States of America?",Georgia,Washington,South Dakota,Florida,D,medium,false,
Geography,Three of these US states have an official motto related to liberty. Spot the odd one.,Iowa,Oklahoma,New Jersey,New Hampshire,B,medium,false,
Geography,"This famous Latin maxim, which is the official motto of South Carolina, means While I breathe, I hope.",Si quaeris peninsulam amoenam circumspice,Nil sine numine,Salus populi suprema lex esto,Dum spiro spero,D,medium,false,
Geography,Three of the following US states have a motto consisting of one single word in English. Which one does not belong to the group?,Utah,Texas,West Virginia,Rhode Island,C,medium,false,
Geography,"North to the Future is the official motto of this US state, which is the largest in area.",Texas,Alaska,Nevada,Colorado,B,medium,false,
Geography,"Which of the following maxims, meaning The people rule, is the official state motto of Arkansas?",Esto perpetua,Regnat populus,Dirigo,Ditat Deus,B,medium,false,
Geography,"This famous exclamation, which has been attributed to ancient scientist Archimedes, is the official state motto of California.",Excelsior!,Virtute et armis,Ad astra per aspera,Eureka,D,medium,false,
Geography,The official motto of this state in the Pacific Northwest of the United States comes from Chinook Jargon.,Wisconsin,Washington,Pennsylvania,New York,B,medium,false,
Geography,Which of these states has an official motto that doesnt include the word rights in it?,Iowa,Indiana,Wyoming,Alabama,B,medium,false,
Geography,"Which volcano, located on Ross Island, Antarctica, is the southernmost active volcano on Earth?",Mayon Volcano,Cold Bay Volcano,Mount Erebus,Teide,C,medium,false,
Geography,"This volcano, which is the largest in Europe, is located on the largest island in the Mediterranean Sea.",Mount Etna,Hekla,El Misti,Santorini,A,medium,false,
Geography,"Popocatépetl, a volcano whose name means Smoking Mountain, is 70 km away from the capital of which American country?",Mexico,Peru,Canada,Argentina,A,medium,false,
Geography,"Mount Vesuvius, that is notorious for the destruction of two Roman cities in the year 79, was linked most closely to which hero and demigod?",Asclepius,Apollo,Zeus,Hercules,D,medium,false,
Geography,"What is the biggest extinct volcano in Ecuador, situated in the Andes mountain.",Chimborazo,Ojos Del Salado,Llullaillaco,Cotopaxi,A,medium,false,
Geography,"This dormant volcano, which is 66 km northeast of Tehran, is the symbol of Iranian resistance against foreign rule.",Mount Hood,Krakatoa,Mount Damavand,Krafla,C,medium,false,
Geography,"This active volcano, whose name means long mountain in Hawaiian, is one of the five peaks that form the Island of Hawaii.",Cotopaxi,Mauna Loa,Mount Kea,Hekla,B,medium,false,
Geography,What volcano located on the island of Tenerife represents the highest mountain on Spanish territories?,Teide,Stromboli,Santorini,Duvalo,A,medium,false,
Geography,"The name of this volcano, located on the Alaska Peninsula, means new eruption.",Newatsa,Mount Rainier,Novarupta,Mount Hood,C,medium,false,
Geography,Which is the volcanically active region that is situated in a famous national US park and has a territory of 55 kilometers by 72 kilometers?,Yosemite Valley,Yellowstone Caldera,Mount Shasta,Cold Bay Volcano,B,medium,false,
Geography,Where is the southernmost point in all 50 states?,Texas,Hawaii,Florida,California,B,medium,false,
Geography,"And where is the lowest point in the USA, North America, and western hemisphere? I need the state and national park name.","Maine, Acadia NP","California, Death Valley NP","Arizona, Grand Canyon NP","Wyoming, Yellowstone NP",B,medium,false,
Geography,The state with the largest area in the lower 48 is?,California,Texas,Montana,Arizona,B,medium,false,
Geography,"England, Norway, Belgium and Denmark all border this sea.",Baltic sea,Black sea,North sea,Aegean sea,C,medium,false,
Geography,"Towards the beginning of the new millennium, three of these four countries had a population of approximately 32 million people. Which is the odd one?",Algeria,Kenya,Colombia,Morocco,C,medium,false,
Geography,"Canada, the United States and China are three countries whose total area is approximately 12 million sq km.",False,True,,,A,medium,false,
Geography,The US is one of the leading countries in the number plastic surgery procedures.,False,True,,,B,medium,false,
Geography,"In the beginning of the new millennium, Russias, Iraqs and Saudi Arabias oil reserves were above 100 billion bbl.",True,False,,,B,medium,false,
Geography,"USA is considered to be one of the most popular destinations, where thousands of immigrants come to seek asylum. Just one of these four states is similar in to USA in this respect.",France,Finland,Japan,Portugal,A,medium,false,
Geography,"Ireland, Germany and Austria are famous for the high consumption of this alcohol.",Brandy,Beer,Wine,Vodka,B,medium,false,
Geography,"Dominica, New Zealand and Finland are three countries with high crime rates.",False,True,,,B,medium,false,
Geography,All of these countries and commonwealth territories have a high divorce rate except one.,Puerto Rico,Russia,Sri Lanka,Qatar,C,medium,false,
Geography,"This island is well known in scientific fields for being home of five percent of the worlds plant and animal species, with 80% of them unique to it. The island is also the fourth biggest on Earth, with population of about 17,500,000 people.",Greenland,Madagascar,New Guinea,Tasmania,B,medium,false,
Geography,"In Greek mythology, this island is the legendary birthplace of the goddess of beauty, love, and passion, the charming Aphrodite, where according to the legend, she emerged from the sea foam.",Crete,Cyprus,Limnos,Rhodes,B,medium,false,
Geography,"Because of its spectacular nature forms, one of this insular countrys islands has been a set for the filming of many movie productions, including the highly successful, Lord of the Rings and The Chronicles of Narnia.",The Philippines,New Zealand,Indonesia,New Guinea,B,medium,false,
Geography,"Despite being the largest in the world, this island is sparsely populated, due to its unfavourable climate.",Greenland,New Guinea,Victoria Island,Madagascar,A,medium,false,
Geography,"Being the most populous in the world, with bigger population than Australia and Antarctica, the density of this islands inhabitants forced the countrys government to start transmigration programs, aimed at resettling people to other, less-crowded parts of the country.",Java,Sumatra,Borneo,Sulawesi,A,medium,false,
Geography,"This is the largest island in the Mediterranean Sea, famous for one of the worlds most active volcanoes - Etna.",Sicily,Crete,Sardinia,Corse,A,medium,false,
Geography,"Al Nakheel Properties, one of the leading real estate developers in Dubai and creator of the worldwide famous Palm Islands, is also the initiator of another grand project of artificial islands, which resembles the shape of what?",A seashell,The globe,A human face,A dolphin,B,medium,false,
Geography,"Which of the following is a traditional Vietnamese clothing, worn primarily by women?",Qipao,Áo dài,Nhu,Raglan,B,medium,false,
Geography,The gowni is a typical national costume in which African country?,Tanzania,Malawi,Uganda,Indonesia,A,medium,false,
Geography,These knee-breeches made of leather are a traditional Bavarian garment.,Kilt,Lederhosen,Kisen,Wrestlers,B,medium,false,
Geography,"Hijab, which is also a term meaning barrier, is worn as a traditional clothing in which countries?",African,European,Arabic,Latin,C,medium,false,
Geography,Which of these national costumes is closely related to Sikhism - a religion that comes from 16th-century northern India?,Khalsa,Sari,Turban,Sayyid,C,medium,false,
Geography,Barong is the embroidered formal garment of which country in South-East Asia?,Russia,Indonesia,The Philippines,Japan,C,medium,false,
Geography,Which of these national costumes does not belong to a European nation?,Hanfu,Tracht,Kilt,Kroje,A,medium,false,
Geography,Which one of the following national costumes is not Chinese?,Kente cloth,Qipao,Cheongsam,Mao suit,A,medium,false,
Geography,Which of these pieces of clothing is worn on the head?,Fez,Mitumba,Koto,Kiondo,A,medium,false,
Geography,"Three of the enlisted national garments are African, while the fourth one is Norwegian. Which one?",Sanafil,Bunad,Dashiki,Boubou,B,medium,false,
Geography,"According to the legend, which of these is a part of the Three Fortunate Concealments that protect Britain from any danger coming from the sea?",The head of Bran the Blessed,Stone of Destiny,The Dragons,The bones of Gwerthefyr the Blessed,A,medium,false,
Geography,While driving or walking down Kings Cross Road and Farringdon Road in London few people are aware that unseen beneath them runs which river?,River Thames,River Avon (Shakespeares Avon),River Rhodda,River Fleet,D,medium,false,
Geography,Who made the statue of King Richard I outside the Houses of Parliament in Old Palace Yard in London?,John Doubleday,Baron Carlo Marochetti,Sir George Frampton,Joseph Edgar Boehm,B,medium,false,
Geography,"The Great Pavement, a hidden, unknown to most tourists and seldom-displayed treasure, is located in which building in London?",Buckingham Palace,Tate Gallery,St Jamess Palace,Westminster Abbey,D,medium,false,
Geography,"The Jewel Tower, built in 1366, is physically separated from the Palace of Westminster in London.",False,True,,,B,medium,false,
Geography,The famous department store Harrods that occupies an entire block is located on which road in London?,Abbey Road,Threadneedle Street,Brompton Road,Fleet Street,C,medium,false,
Geography,"The Old Royal Observatory, which is a part of the National Maritime Museum in London, was built in what year?",1675,1765,1567,1657,A,medium,false,
Geography,"This famous writer, whose house was at 17 Gough Square in London, said: When a man is tired of London, he is tired of life, for there is in London all life can afford.",Charles Dickens,Dr Samuel Johnson,Thomas Chestre,Tomas John Dibdin,B,medium,false,
Geography,"The Badwater basin, the lowest point in North America, is located in which US valley?",Sun Valley,Death Valley,Big Smoky Valley,Hudson Valley,B,medium,false,
Geography,"The Big Smoky Valley, that runs between the Toiyabe Range and the Toquima Range, is located in which US state?",Minnesota,Indiana,Oregon,Nevada,D,medium,false,
Geography,The Grand Valley is an extended populated agricultural valley located along which US river?,Alabama River,Mississippi River,Colorado River,Missouri River,C,medium,false,
Geography,"Which scenic US valley was described by conservationist John Muir in the following way: (...) None can escape its charms. Its natural beauty cleans and warms like a fire, and you will be willing to stay forever in one place like a tree.?",Willamette Valley,Yosemite Valley,Sun Valley,Yakima Valley,B,medium,false,
Geography,This densely populated valley in the state of Utah is enclosed by steep mountains in every direction except the northwest.,St. Lawrence Valley,Livermore Valley,Las Vegas Valley,Salt Lake Valley,D,medium,false,
Geography,The Shenandoah Valley in western Virginia derives its name from a Native American expression meaning what?,Beautiful Daughter of the Fields,Beautiful Mother of the Fruits,Beautiful Mother of the Land,Beautiful Daughter of the Stars,D,medium,false,
Geography,The Sonoma Valley in California is famous in the USA for its long-lived and high quality wine industry.,True,False,,,A,medium,false,
Geography,"The Menomonee Valley along the Menomonee River in Milwaukee, Wisconsin has what peculiar shape?",S-shape,Y-shape,U-shape,V-shape,C,medium,false,
Geography,"Owens Valley, the arid ranching valley of the Owens River, stretches for approximately 75 miles (120 km) on the territory of which US state?",California,Arkansas,Alabama,Arizona,A,medium,false,
Geography,"According to the 2000 Census, what is the approximate population of The Bronx, New York?",530000,1.3 million,930000,130000,B,medium,false,
Geography,"Who was the first European to see The Bronx, NY?",Henry Hutchinson,Jonas Bronck,Henry Hudson,Jonas Valerian,C,medium,false,
Geography,"Which one of these statements is true about The Bronx, NY?",The only borough with a zoo,The only borough  that has no colleges,The only borough that is not an island,The highest  borough above sea level .,C,medium,false,
Geography,"In 1643, a Native American uprising killed this unauthorized Puritan preacher of a dissident church discussion group, and pioneer in Rhode Island and the Bronx.",Peter Cooper,Richard Morris,Anne Hutchinson,Roger Williams,C,medium,false,
Geography,"This oldest house in The Bronx, build in 1748, is New York Citys first house museum, operated since 1897 as a public museum by The National Society of Colonial Dames in the State of New York.",Valerian House,Van Cortlandt House,Throgs Neck,Fordam Arms,B,medium,false,
Geography,"In 1776, 400 British and Hessian troops land in The Bronx.  A group of 400 American troops held them off while Washington got the main army away safely.  What was this battle called ?",The Battle of Pells Point,The Battle of Throgs Neck,The Battle of Eastchester,The Battle of The Bronx,A,medium,false,
Geography,"The first college in The Bronx, known as this today, was built in 1884.",Mercy College,Manhattan College,Fordham University,Lehman College,C,medium,false,
Geography,Edgar Allen Poe wrote this famous poem in The Bronx in 1846.,Call Me Ishmal,Our American War,Annabel Lee,Hiawatha,C,medium,false,
Geography,"In 1899, this  world famous institution was opened in The Bronx.",Columbia University,The U.S. Olympic Hall of Fame,The Bronx Zoo,The American Hall of Fame,C,medium,false,
Geography,This world famous building opened in The Bronx in 1923.,The Top of the Sixes,Yankee Stadium,The Louis Morris Building,The Shlump Towers,B,medium,false,
Geography,"What are the colors on the flag of  The Bronx, NY?","Red, White, Blue","Blue, White, Green","Blue, White, Orange","Red, Green, Orange",C,medium,false,
Geography,Little Rock is the capital and most populous city of this US state.,Arkansas,Wichita,Kansas,Topeka,A,medium,false,
Geography,"What US state borders the states of Virginia, Kentucky, Ohio, Pennsylvania and Maryland?",Tennessee,Virginia,West Virginia,North Carolina,C,medium,false,
Geography,Which US state is nicknamed The Pine Tree State?,New Hampshire,Missouri,Massachusetts,Maine,D,medium,false,
Geography,The southern region of what US state is known as Little Egypt?,Virginia,Illinois,Ohio,Maryland,B,medium,false,
Geography,"The capital city of this US state is Trenton, and its largest city is Newark.",Montana,New Hampshire,New Mexico,New Jersey,D,medium,false,
Geography,The name of which American state means red people in the Choctaw language?,Ohio,Oklahoma,North Dakota,Oregon,B,medium,false,
Geography,What US state is known as The Volunteer State?,Utah,Delaware,Tennessee,Colorado,C,medium,false,
Geography,The flag of what US state features a gold torch and nineteen stars on a blue rectangular field?,Illinois,Idaho,Indiana,Iowa,C,medium,false,
Geography,What US state is known as the Peach State?,Louisiana,Georgia,Montana,Connecticut,B,medium,false,
Geography,The name of this US state means flat water and is derived from the name of the Platte River that flows through the state.,Montana,Nebraska,Utah,Oklahoma,B,medium,false,
Geography,Which country is known as Österreich in their native language?,Bulgaria,Germany,Austria,The Netherlands,C,medium,false,
Geography,Which countrys capital city is considered de facto capital of the European Union?,UKs,Hollands,Belgiums,Frances,C,medium,false,
Geography,Which country has the river Danube as most of its northern border?,Austria,Hungary,Bulgaria,Romania,C,medium,false,
Geography,Which EU member is divided into a Greek and a Turkish part?,Greece,Slovenia,Cyprus,Bulgaria,C,medium,false,
Geography,"Which countrys first president was Václav Havel, a writer and dramatist?",Hungary,Poland,Czech Republic,Slovakia,C,medium,false,
Geography,Which Nordic country was first to enter the European Union?,Denmark,Sweden,Finland,Norway,A,medium,false,
Geography,Which European Union member is home to Santa Claus?,Finland,Cyprus,Turkey,Sweden,A,medium,false,
Geography,"Which of the EU founding members is the country of Liberté, Égalité, Fraternité?",France,UK,Germany,Italy,A,medium,false,
Geography,Which European Union member has the greatest number of islands?,Greece,Italy,UK,Denmark,A,medium,false,
Geography,Which country is the only member of the European Union that is partly located in Africa?,France,UK,Spain,Malta,C,medium,false,
Geography,Which EU member has a significant part of its territory below sea level?,Belgium,The Netherlands,Poland,Estonia,B,medium,false,
Geography,"This European Union member was once known for huge migration of its people, mainly to the US and UK. Nowadays, however, it attracts many immigrants from new EU members.",Spain,Ireland,Italy,Germany,B,medium,false,
Geography,"Which EU member was the largest country in Europe in XIV century, but now has land area of just 65 000 sq. km?",Denmark,Lithuania,Austria,Netherlands,B,medium,false,
Geography,Which mini country was among the European Union founding members?,Luxembourg,Malta,Monaco,Liechtenstien,A,medium,false,
Geography,In which European Union member the native people make up only 60% of the total population?,Poland,Austria,Latvia,France,C,medium,false,
Geography,Which former British colony joined the European Union in 2004?,Gibraltar,Ireland,Syria,Malta,D,medium,false,
Geography,Which country is the biggest contributor to the European Union budget?,UK,Germany,Italy,France,B,medium,false,
Geography,Which country has twice rejected European Union membership in national referendums?,Poland,Norway,Turkey,UK,B,medium,false,
Geography,Which European Union member was the first country to reject communist rule and thus sparkle the liberation of so called Eastern Block?,Czech Republic,Romania,Germany,Poland,D,medium,false,
Geography,Where is the European Unions westernmost point not counting overseas territories?,In Spains Canary islands,In Portugals Azores islands,In Iceland,In Ireland,B,medium,false,
Geography,Which EU member state was known to the ancient Greeks and Romans as Dacia?,Macedonia,Bulgaria,Romania,Slovenia,C,medium,false,
Geography,Which country is the youngest independent state to be a member of the European Union? (It has been an independent country only since 1993.),Montenegro,Slovenia,Slovakia,Cyprus,C,medium,false,
Geography,In May 2004 the European Union accepted 10 new countries. Which of them was first to adopt the Euro as its national currency?,Slovenia,Poland,Slovakia,Estonia,A,medium,false,
Geography,Which country associated with banking is not a member of the European Union?,Luxembourg,UK,Austria,Switzerland,D,medium,false,
Geography,In which country is the European Union’s biggest lake located?,In Finland,In Poland,In Sweden,In Hungary,C,medium,false,
Geography,"Which Muslim country was recognized as a candidate for accession in the EU on December 12th, 1999 at the Helsinki summit of the European Council?",Israel,Morocco,Syria,Turkey,D,medium,false,
Geography,"All but three European Union official languages are from the Indo-European family. They are Finnish, Estonian and which other language?",Greek,Hungarian,Polsih,Bulgarian,B,medium,false,
Geography,Most of the European Union members are also part of a Schengen Agreement that allows their citizens to travel without passports across the member states. Which EU member is outside of the Schengen group?,Lithuania,UK,Poland,Denmark,B,medium,false,
Geography,Which member of the European Union completely surrounds two countries that are outside of the club?,Austria,France,Spain,Italy,D,medium,false,
Geography,The head of John the Baptist can be seen in the Amiens Cathedral.,True,False,,,A,medium,false,
Geography,"Wat Chiang Man is a temple in Thailand. In it, fifteen of these animals represent a sea of unformed matter upon which the cosmos of the Chedi floats.",Fish,Monkeys,Birds,Elephants,D,medium,false,
Geography,The Shaolin temples are perhaps the Buddhist monasteries best known in the West. The word Shaolin means this.,Blue Sky,Silent Soul,Young Forest,Pure Water,C,medium,false,
Geography,Which EU country or US state is not entirely situated on (an) island(s)?,UK,Hawaii,Rhode Island,Cyprus,C,medium,false,
Geography,Which country or state was the first to be attacked in WWII?,Denmark,Hawaii,Poland,US Virgin Islands,C,medium,false,
Geography,Where was the colonial settlement New Amsterdam located?,UK,New Jersey,Holland,The state of New York,D,medium,false,
Geography,Which of these is the largest in terms of area?,Georgia,Florida,Germany,Finland,C,medium,false,
Geography,Which of these peaks is the highest?,Grossglockner (Austria),McKinley (Alaska),Mont Blanc (France),Mount Elbert (Colorado),B,medium,false,
Geography,Which of the following metropolitan areas is the largest in terms of population?,London,New York City,Paris,Los Angeles,B,medium,false,
Geography,"Which river, flowing entirely through a single country or state, is the longest?",Vistula (Poland),Loire (France),Iowa (Iowa),Illinois (Illinois),A,medium,false,
Geography,"What is the location of the worlds largest particle physics laboratory, established in 1954?",In the EU,Both have laboratories of equal size.,In the US,In neither of them,D,medium,false,
Geography,Which of the following countries and states shares its name with its capital city?,New York,Malta,Luxembourg,Oklahoma,C,medium,false,
Geography,Which of these cities was established first?,New York City (New York),Copenhagen (Denmark),Madrid (Spain),Boston (Massachusetts),C,medium,false,
Geography,Which of the following flags doesnt include a cross?,the flag of Mississippi,the flag of the UK,the flag of Denmark,the flag of Alaska,D,medium,false,
Geography,Birmingham is the most populous city of which country or US state?,Austria,Alabama,the UK,Utah,B,medium,false,
Geography,Which one of these is not a Greek Mediterranean island?,Minorca,Lemnos,Crete,Santorini,A,medium,false,
Geography,Which one of these Mediterranean islands is the smallest in area?,Corsica,Cyprus,Crete,Corfu,D,medium,false,
Geography,"What two colors are featured on the flag and coat of arms of Malta, a country consisting of seven Mediterranean islands?",Green and black,Yellow and purple,White and red,Blue and yellow,C,medium,false,
Geography,"Which one of these Mediterranean islands, belonging to Italy, is the largest in area?",Sardinia,Procida,Capri,Ischia,A,medium,false,
Geography,"This island, on which the volcano Etna is situated, is the largest Mediterranean island.",Sicily,Corsica,Rhodes,Sardinia,A,medium,false,
Geography,Which French Mediterranean island is the birthplace of Napoléon Bonaparte?,Cyprus,Gozo,Corsica,Montecristo,C,medium,false,
Geography,"Complete the lyrics of this 1999 hit single by the Vengaboys, referring to a Spanish island: Fly Me High .................Sky Whoah! Were Going To ............ Whoah! Back To The Island Whoah! Were Going To .......... Whoah! In The Mediterranean Sea Whoah! Were Gonna Have A Party",Ibiza,Majorca,Formentera,Cabrera,A,medium,false,
Geography,"On April 11, 2002, Al-Qaeda carried out a terrorist attack near a synagogue on which Tunisian island?",Djerba,Yalikavak,Salih Ada,Kargi Adasi,A,medium,false,
Geography,Which one of these Mediterranean islands does not belong to the group of the Balearic Islands?,Ibiza,Mallorca,Capri,Formentera,C,medium,false,
Geography,Which of these Mediterranean islands belongs to Croatia and is home of the endangered Griffon Vulture?,Filfla,Procida,Cres,Gorgona,C,medium,false,
Geography,What motto do North Carolina license plates carry?,The Old North State,First In Flight,Nothing Finer,Tarheel State,B,medium,false,
Geography,North Carolina has been well represented on the American Idol TV series Which contestant from the state became Americas Idol in 2004?,Fantasia Barrino,Kerrier Ann Pickler,Clay Aiken,Taylor Hicks,A,medium,false,
Geography,"In 1838 the Federal Indian Removal Policy was forced into effect by The Treaty of New Echota. Twenty Cherokee Indians, none elected officials of the Cherokee Nation, signed over all Cherokee Territory east of the Mississippi for five million dollars. The Cherokee Indians were then forced to march from their home in the mountain of North Carolina to Okalahoma. This journey became know by what name?",Journey of No Return,Trail of Tears,Cherokee Death March,March of Sorrow,B,medium,false,
Geography,"This military complex in North Carolina is one of the largest in the world and home to the 82 Airborne, the Golden Knights, and U.S. Army Special Operations Command.",Fort Bragg,Fort Campbell,Fort Polk,Fort Dix,A,medium,false,
Geography,Riga is the capital of which Baltic country?,Estonia,Lithuania,Belarus,Latvia,D,medium,false,
Geography,What country gained independence from the British Mandate for Palestine in 1948?,Syria,Sierra Leone,Jordan,Israel,D,medium,false,
Geography,What city is the capital of Madagascar?,Antananarivo,Toamasina,Harare,Maputo,A,medium,false,
Geography,What river encountered during the Lewis and Clark expedition (1804-1806) flows directly into the Pacific Ocean between Washington and Oregon?,Missouri,Snake,Columbia,Colorado,C,medium,false,
Geography,Which explorer was the first to reach the South Pole?,Richard Byrd,Sir Robert Falcon Scott,Roald Amundsen,Sir Ernest Henry Shackleton,C,medium,false,
Geography,What sea captain claimed British possession of the eastern part of Australia in 1770 naming it New South Wales?,James Cook,Horatio Nelson,Cuthbert Collingwood,Arthur Phillip,A,medium,false,
Geography,In what South American country was Che Ernesto Guevara born?,Paraguay,Argentina,Bolivia,Suriname,B,medium,false,
Geography,Near what sea was the ancient city of Troy located ?,Aegean,Mediterranean,Ionian,Adriatic,A,medium,false,
Geography,Which of these rivers runs through the Czech Republic and Germany?,Elbe River,Rhine River,Danube River,Rhone River,A,medium,false,
Geography,Name the European co-principality whose heads of state are the President of France and the Bishop of Urgel.,Andorra,Vatican City,San Marino,Malta,A,medium,false,
Geography,"After World War II, this country was split into two states which were not reunited until 1990.",France,Spain,Austria,Germany,D,medium,false,
Geography,Mount Erebus is a volcano located on this continent.,Antarctica,Europe,South America,Asia,A,medium,false,
Geography,Rastafarianism is a religion that venerates Haile Selassie as a god. Haile Selassie was the emperor of the third most populous country in Africa. Name that country.,Libya,Ethiopia,Mozambique,Gabon,B,medium,false,
Geography,Name Asias most densely populated country which has about three million people and an area of less than 250 square miles (402 km²).,Hokkaido,Taiwan,Laos,Singapore,D,medium,false,
Geography,In what city in Switzerland is the headquarters of the World Trade Organization (WTO) located?,Geneva,Berne,Born,Bamako,A,medium,false,
Geography,What is a ridge of coral in the sea called?,Atoll,Coral Reef,None of these,Coral Island,B,medium,false,
Geography,Jenin is the largest city in the West Bank.,True,False,,,B,medium,false,
Geography,"It has been found that the black mineral soil from the Dead Sea area of Israel helps maintain a good, young complexion. What is the name of the Israeli company that exports beauty products from the Dead Sea area?",Naot,Kfar Gideon,Rafaele,Ahava,D,medium,false,
Geography,"The Dead Sea Scrolls, found in caves at Qumran, are believed to have been made by a group of people called what?",BHais,Sircurai,Essenes,Sarafai,C,medium,false,
Geography,It is practically impossible to drown unwillingly in the Dead Sea.,False,True,,,B,medium,false,
Geography,To which countrys territory does the Dead Sea belong?,Egypt and Israel share ownership,Israel and Jordan share ownership,Israels territory,Saudi Arabias territory,B,medium,false,
Geography,What is the average salinity of the Dead Sea?,11 %,30 %,49 %,54 %,B,medium,false,
Geography,What body of water feeds the Dead Sea?,The Euphrates River,The Mediterranean Ocean,The Red Sea,The Jordan River,D,medium,false,
Geography,The Bible tells the story of a woman that was turned into a pillar of salt near the Dead Sea. Who was her famous husband?,Issac,Abraham,Pharoah,Lot,D,medium,false,
Geography,"The Dead Sea, the lowest point on Earth, is how far below sea level?",349  meters,418 meters,517  meters,2608 meters,B,medium,false,
Geography,What was the name of the great fortification built in 37-31 BC by Roman king Herod I on a high hill above the Dead Sea?,Masada,Kadesh-Barnea,Herods Citadel,Vespasians Citadel,A,medium,false,
Geography,The Dead Sea is part of the Great Rift Valley. How far does this valley extend in length?,6700 miles,697 miles,1697 miles,3700 miles,D,medium,false,
Geography,No animals or plants live in the Dead Sea .,True,False,,,B,medium,false,
Geography,What famous California prison was home to Charles Manson?,The Bastille,Sing Sing,Joliet,Folsom,D,medium,false,
Geography,"American politician John McCain was incarcerated at the infamous Hoa Loa Prison, ironically called Hanoi Hilton.",True,False,,,A,medium,false,
Geography,"The Rosenbergs, who were convicted of conspiracy, were held at what prison?",Folsom,Alcatraz,Attica,Sing Sing,D,medium,false,
Geography,"The Tower of London was built primarily to function as a fortress, a royal palace and a prison.",False,True,,,B,medium,false,
Geography,Attica Prison was the locale of a 1975 riot that resulted in 38 deaths.,True,False,,,B,medium,false,
Geography,"Nelsons Column, built to commemorate Admiral Horatio Nelsons death, is a monument in this famous London square.",Soho Square,Leicester Square,Piccadilly Circus,Trafalgar Square,D,medium,false,
Geography,"Tiananmen Square, which has been the site of a number of political events and student protests, is located in what Chinese city?",Beijing,Shanghai,Guangzhou,Taipei,A,medium,false,
Geography,"The Kremlin, a historic fortified complex at the heart of Moscow, overlooks this square to the east.",Black Square,Azadi Square,Palace Square,Red Square,D,medium,false,
Geography,"What iconic world landmark, sometimes called the Crossroads of the World, was formerly named Longacre Square?",Grosvenor Square,Times Square,Madison Square,St Jamess Square,B,medium,false,
Geography,"What famous square is located in Vatican City, the papal enclave within Rome?",Campo dei Fiori,St. Pauls Square,St. Peters Square,Piazza San Marco,C,medium,false,
Geography,"Grand Place, which is known for its large flower carpet, is the main square of this capital European city.",Berlin,Paris,Strasbourg,Brussels,D,medium,false,
Geography,Which square is not correctly matched with the capital city in which it is located?,Red Square - Moscow,Senate Square - Helsinki,Azadi Square - Karachi,Leicester Square - London,C,medium,false,
Geography,"Piazza San Marco (St Marks Square), which Napoleon allegedly called The drawing room of Europe, is the principal square of this Italian city.",Florence,Venice,Rome,Milan,B,medium,false,
Geography,"What city in Eastern Europe, often associated with the story of Dracula, is also famous for Revolution Square, which was the site of a 1989 revolt?",Bucharest,Warsaw,Budapest,Prague,A,medium,false,
Geography,What former president has addressed more than a million people on many occasions on Plaza de la Revolución in Havana?,Benito Mussolini,Fidel Castro,Salvador Allende,Francisco Franco,B,medium,false,
Geography,What is the name of the sea that borders the Netherlands?,Red Sea,Black Sea,North Sea,Mediterranean Sea,C,medium,false,
Geography,What are the three colours of the national flag of the Netherlands from top to bottom?,"Red, white, and blue","Blue, yellow, and red","Red, blue, and white","Green, red, and white",A,medium,false,
Geography,"Rotterdam, located in the province of South Holland, is a major Dutch port.",True,False,,,A,medium,false,
Geography,Gouda and Edam are famous types of Dutch cheeses.,False,True,,,B,medium,false,
Geography,What is the capital city of the Netherlands?,Amsterdam,Amersfort,The Hague,Zwolle,A,medium,false,
Geography,What two countries border the Netherlands?,Germany and Lithuania,Germany and France,France and Belgium,Belgium and Germany,D,medium,false,
Geography,The name “Holland” is equivalent to the name the Netherlands.,True,False,,,B,medium,false,
Geography,Dutch is the official language of the Netherlands. What is the second official language of the country?,Low Saxon,Frisian,French,English,B,medium,false,
Geography,"Demographically, the Netherlands matches which of this characteristics?",All of these,Its population is first in average height in the world.,It is one of most densely populated countries in the world.,It is one of the most densely cabled countries in the world.,A,medium,false,
Geography,What Mediterranean island is divided between a Greek community and a Turkish community (although the latter is not internationally recognized as a separate entity)?,Cyprus,Crete,Corsica,Malta,A,medium,false,
Geography,What South American island is shared by Chile and Argentina?,Islas Malvinas,Tierra Del Fuego,Islas Galapagos,Isla De Pascua,B,medium,false,
Geography,What island is shared by Indonesia and the nation of East Timor?,Timor,New Guinea,Borneo,Flores,A,medium,false,
Geography,"What European island is partially occupied by a neighbouring island nation, which has led to centuries of dispute?",Sardinia,Sicily,Iceland,Ireland,D,medium,false,
Geography,Which of these islands is shared by three countries?,Luzon,Ireland,Madagascar,Borneo,D,medium,false,
Geography,What is the name of the island shared by Haiti and the Dominican Republic?,Ile dHaiti,Hispaniola,Isla Dominica,Carib Island,B,medium,false,
Geography,What island is shared by the nations of Indonesia and Papua New Guinea?,Bougainville,New Guinea,Timor,Borneo,B,medium,false,
Geography,This tiny Caribbean island is shared by France and the Netherlands.,St. Lucia,St. Mark,St. Martin,St. Bartholomew,C,medium,false,
Geography,The tiny island of Märket / Märketin in the Baltic Sea is shared by these two nations.,Sweden and Denmark,Finland and Estonia,Finland and Russia,Finland and Sweden,D,medium,false,
Geography,"The island of Sebatik, located east of Borneo, is shared by Indonesia and what other nation?",The Philippines,Singapore,Malaysia,Brunei,C,medium,false,
Geography,The word ‘ocean’ is of Greek origin.,False,True,,,B,medium,false,
Geography,Which is the smallest ocean?,The Atlantic Ocean,The Indian Ocean,The Southern Ocean,The Arctic Ocean,D,medium,false,
Geography,What portion of the Earth’s surface do oceans cover?,More than two thirds,One third,Half of it,One fourth,A,medium,false,
Geography,"The Marianas Trench, the deepest location on the surface of the Earths crust, lies in this ocean.",The Pacific Ocean,The Southern Ocean,The Indian Ocean,The Atlantic Ocean,A,medium,false,
Geography,The Dead Sea is actually a lake.,False,True,,,B,medium,false,
Geography,The Pacific Ocean is the largest of the Earths oceanic divisions. Its name is derived from the Latin name Mare Pacificum which has the following meaning.,The Peaceful Sea,The Lonely Sea,The Smooth Sea,The Lonely Sea,A,medium,false,
Geography,Which one of these Asian rivers does not flow into the Indian Ocean?,Zambezi,Saigon,Indus,Ganges,B,medium,false,
Geography,What sea is known to be the only sea without shores?,The Sargasso Sea,The Norwegian Sea,The Labrador Sea,The Celtic Sea,A,medium,false,
Geography,The Bering Sea is a part of which ocean?,The Arctic Ocean,The Pacific Ocean,The Indian Ocean,The Atlantic Ocean,B,medium,false,
Geography,The Mediterranean Sea is connected to the Atlantic Ocean by this strait.,The Strait of Gibraltar,The Dardanelles,Strait of Magellan,Strait of Dover,A,medium,false,
Geography,"The famous Île Notre-Dame, an artificial island built from earth excavated for a metropolitan railway, is located in which country?",England,Canada,France,Switzerland,B,medium,false,
Geography,"What is the popular name of the artificial island in Tokyo Bay, whose name is Yume No Shima in Japanese?",Dream Island,Water Lilly,Wind Island,Sun Island,A,medium,false,
Geography,"What is the name of the Peruvian floating islands, located in Lake Titicaca?",Chaka,Laka,Uros,Barro,C,medium,false,
Geography,"Which man-made island, located to the southwest of Singapore, was created by joining several natural islands?",Formoza,Jurong Island,Spiral Island,Neeltje-Jans,B,medium,false,
Geography,What is the name of the artificial island located in the Gatun Lake portion of the Panama Canal?,Thilafushi,Shui Keng Teng,Chubu,Barro Colorado Island,D,medium,false,
Geography,"Which 20-kilometre artificial island, situated in the river Danube, was nicknamed the Copa Kagrana?",Peberholm,Burj al-Arab,Odaiba,Donauinsel,D,medium,false,
Geography,"Rokko island, constructed between 1973 and 1992, is an artificial island situated in which country?",France,China,The Netherlands,Japan,D,medium,false,
Geography,"Which artificial island is situated in San Francisco Bay, between San Francisco and Oakland?",Hulhumalé,Treasure Island,Port Island,Flakfortet,B,medium,false,
Geography,"This artificial island, whose name literally means Pepper Islet, is part of the Oresund Bridge, connecting Denmark with Sweden.",Peberholm,Kansai,Flakfortet,Palm Islands,A,medium,false,
Geography,"Spiral Island, a small Mexican artificial floating island, was situated on the coast of which sea?",The Black Sea,The Caribbean Sea,The Aegean Sea,The North Sea,B,medium,false,
Geography,The history of EU began on 25th of March 1957 when the European Economic Community was formed. What is the founding act called?,Treaty of Paris,Schengen Agreement,Schuman Declaration,Treaty of Rome,D,medium,false,
Geography,Which country was not among the founding states of the European Economic Community (the European Union predecessor)?,Luxembourg,Italy,France,UK,D,medium,false,
Geography,When did Ireland join the European Union?,1995,1973,1960,1986,B,medium,false,
Geography,The citizens of which country rejected the idea of joining the EU in 1972 and again in 1994?,Norway,Denmark,Iceland,Finland,A,medium,false,
Geography,The EU has been a western club for most of its history. But which of these western countries has stayed out of the EU?,Belgium,Spain,Switzerland,Luxembourg,C,medium,false,
Geography,Which former Yugoslavian republic was the first to be admitted to the European Union?,Macedonia,Serbia,Croatia,Slovenia,D,medium,false,
Geography,The 6th European Union enlargement took place on May 1 2004. How many countries were admitted then?,8,12,10,14,C,medium,false,
Geography,Many countries held national referenda before joining the European Union. Which of the following nations showed the highest support for joining (92% in favour)?,Poland,Ireland,Lithuania,Slovakia,D,medium,false,
Geography,What kind of agreement is the Schengen Agreement?,It is a visionary chapter about a further EU enlargement.,It allows EU citizens to travel without passports within the EU borders.,"It regulates the relationships with non-EU countries, especially Russia.",It introduced a common currency - the Euro.,B,medium,false,
Geography,When did the euro become the official currency of the Eurozone?,1999,1994,2002,2004,C,medium,false,
Geography,The flag of which US state features a white American Bison on a blue field?,Nevada,Wyoming,Texas,South Dakota,B,medium,false,
Geography,The name of which US state means large creek in the Seneca language?,Idaho,Ohio,Texas,Wisconsin,B,medium,false,
Geography,"Montgomery is the capital city of this US state, and its largest city is Birmingham.",Arizona,Alaska,Arkansas,Alabama,D,medium,false,
Geography,Everglades National Park is located in this US state.,Hawaii,Nevada,Georgia,Florida,D,medium,false,
Geography,"The state drink of this US state is milk, its state bird is the Western Meadowlark, its state flower is the Wild Prairie Rose, and its state slogan is Legendary.",North Dakota,South Dakota,North Carolina,South Carolina,A,medium,false,
Geography,"According to one theory, the name of this US state comes from the French word for hurricane.",Arizona,Oregon,Colorado,Vermont,B,medium,false,
Geography,Baton Rouge is the capital of what US state?,New Hampshire,Maine,Louisiana,North Carolina,C,medium,false,
Geography,"The largest city in what US state hosts Summerfest, or The Worlds Largest Music Festival?",New Jersey,Wisconsin,Kentucky,Maryland,B,medium,false,
Geography,The name of this US state means great river and its symbol is the magnolia tree.,Missouri,Massachusetts,Mississippi,Minnesota,C,medium,false,
Geography,"Which US state has been nicknamed The First State, The Small Wonder, Blue Hen State, and The Diamond State?",Pennsylvania,Virginia,Delaware,New York,C,medium,false,
Geography,The smallest monkey on earth is found in the Philippines.,False,True,,,B,medium,false,
Geography,"The Ifugao Rice Terraces are  located in Luzon, in the Philippines. If it were possible to place them end to  end, how long would they extend?","1,500 miles","5,800 miles","8,000 miles","1,400 miles",D,medium,false,
Geography,What are the largest cities in the Philippines in terms of land area?,Manila and Davao City,Zamballes and Puerto Princesa City,Zamballes and Manila,Davao City and Puerto Princesa City,D,medium,false,
Geography,"The Philippines has the worlds largest deposit of heavy water which can be used for atomic energy, in spectroscopy, and as an automobile fuel. What makes heavy water different from water?",An extra hydrogen molecule,One  less hydrogen molecule making it HO not H2O,An extra oxygen molecule,The presence of deuterium,D,medium,false,
Geography,"From 1888-1889, American traders Simon and Thomas Metcalfe brought some men from Manila to the Western Hemisphere. Which state did they bring them to?",California,Mexico,Oregon,Alaska,D,medium,false,
Geography,Who was the first  female  President of the Philippines?,Eleanor Concepcion,Louiza Rizal,Ramona  Magsaysay,Corazon Aquino,D,medium,false,
Geography,Who is the first Filipino-American to become Governor of a US state?,Franklin  Rakata,Jose Nisperos,Jose Rizal,Benjamin Cayetano,D,medium,false,
Geography,"On December 7, 1941 the Japanese launched a sneak attack on Pearl Harbor. On that day they also launched a similar attack on this American airbase in the Philippines.","Subic Bay, Luzon, Philippines","Capas Air Base,Tarlac, Philippines","Angeles, Pampanga, Philippines","Clark Air Force Base, Pampanga, Philippines",C,medium,false,
Geography,Which best  describes the religious distribution of the populace of the Philippines?,"82% Catholic, 9% Protestant, 5% Muslim and  3 % Buddhist","92 % Catholic, 7 % Muslim, 1% all others","57 % Muslim, 40 % Protestant, 1 % Catholic","41% Catholic, 38 % Muslim, 10% Buddhist , 9 % Protestant",A,medium,false,
Geography,This US President was born in South Carolina although he lived in Tennessee when he became president.,William Henry Harrison,Zachary Taylor,Andrew Jackson,Jimmy Carter,C,medium,false,
Geography,Which of the following states borders South Carolina?,Alabama,Tennessee,Virginia,Georgia,D,medium,false,
Geography,In 1860 South Carolina became the first state to secede from the Union.,True,False,,,A,medium,false,
Geography,South Carolina is the state whose shape most closely resembles a triangle.,False,True,,,B,medium,false,
Geography,What South Carolina Senator lived to be one hundred years old while still holding office?,Strom Thurmond,Mike Mansfield,"James, (Jimmy)  Byrnes",Fritz Hollings,A,medium,false,
Geography,"Francis Marion fought the British in the swamps of South Carolina during the Revolutionary War, using guerrilla tactics, that the communist Vietcong in Vietnam would have understood well. For this Marion was given the following nickname.",The Swamp Fox,The Yankee Ghost,The Carolina Gamecock,The Fighting Gator,A,medium,false,
Geography,The Grand Strand is a long stretch of sandy beach situated near which of the following?,Hilton Head,Follie Beach,Myrtle Beach,Charleston,C,medium,false,
Geography,The city of Fargo is the largest city in which of these U.S. states?,North Carolina,South Dakota,North Dakota,South Carolina,C,medium,false,
Geography,Name the capital city of the U.S. state of Washington.,Seattle,Olympia,Madison,Boise,B,medium,false,
Geography,Which U.S. state has been nicknamed The Cornhusker State?,Nevada,Ohio,Nebraska,Wyoming,C,medium,false,
Geography,Topeka is the capital city of which U.S. state?,Kansas,Arkansas,Missouri,Colorado,A,medium,false,
Geography,Which of these nicknames refers to the U.S. state of Idaho?,Emerald State,Pearl State,Gem State,Golden State,C,medium,false,
Geography,What does the name of the U.S. state of Utah mean in the Ute language?,Spirits of the rivers,Children of the winds,People of the mountains,Land around the great lake,C,medium,false,
Geography,Saint Paul is the capital city of what US state?,Missouri,Minnesota,Mississippi,None of these,B,medium,false,
Geography,"The Black Sea drains into the Atlantic Ocean via the Sea of Marmara and the Mediterranean Sea on the South West. On the other, North East side of the Black Sea, there is a small sea which is connected to the Black Sea via the Strait of Kerch. Name this sea.",The White Sea,The Caspian Sea,The Aral Sea,The Sea of Azov,D,medium,false,
Geography,Six countries are located along the Black Sea border. Which one among them has the longest Black Sea coast line (not including the Sea of Azov coast line)?,Romania,Turkey,Russia,Ukraine,B,medium,false,
Geography,"Not counting Istanbul, which of these cities is located on Bosphorus on the side of the Sea of Marmara and is the biggest city on the coast of the Black Sea?","Trabzon, Turkey","Sukhumi, Georgia","Varna, Bulgaria","Odessa, Ukraine",D,medium,false,
Geography,"The names of three large rivers flowing into the Black Sea begin with a letter D. Danube, the largest of the three, flows through ten European countries and enters the Black Sea in Romania. The other two end their flow in this country.",Bulgaria,Turkey,Ukraine,Russia,C,medium,false,
Geography,The Black Sea city of Sukhumi is the capital of this republic that proclaimed its independence from Georgia in the 90s.,Ajaria,Iberia,Ossetia,Abkhazia,D,medium,false,
Geography,"The Black Sea, whose waters are known to be meromictic, is the largest water basin in the world where water layers do not intermix, and, thus, lack the dissolved form of what?",Salt,Nitrogen,Oxygen,Hydrogen Sulfide,C,medium,false,
Geography,"The Crimean peninsula has been under the control of multiple powers over the centuries. Although it is considered to be an autonomous republic, it is a part of this nation.",Ukraine,Romania,Bulgaria,Russia,A,medium,false,
Geography,"From the viewpoint of physical geography and ecology, the Ukrainian territories to the north of the Black Sea are known to contain what?",Low hills and forests,Steppes or plains,Mountains,Sand desert,B,medium,false,
Geography,"The Black Sea reaches the maximum depth of 2,210 m. Its neighbor, the Sea of Azov, is unique in terms of sea depth for what reason?",Its floor sinks constantly because it is located on a large basalt plate.,It is the shallowest sea in the world.,It has almost perfectly flat sea floor with a depth of 1370 m.,"It has no established sea floor, it changes constantly with currents.",B,medium,false,
Geography,All these entities are located around the Black Sea except for one. Name the exception.,Ural mountains,Balkan peninsula,Caucasus mountains,Anatolia,A,medium,false,
Geography,The summit ridge of Mount Everest marks the border between which two Asian countries?,India and China,Nepal and India,China and Georgia,China and Nepal,D,medium,false,
Geography,The locals of Nepal call the highest mount in the world - Mount Everest -  Sagarmatha. What is the meaning of this name in Sanskrit?,Holy Mountain,Ice Zone,Leader Among the Others,Head of the Sky,D,medium,false,
Geography,"The highest mountain in the world is named after Sir George Everest, a famous Welshman. What was his profession?",Defender of human rights,Actor,Surveyor and geographer,President,C,medium,false,
Geography,"The Himalayan range, part of which is Mount Everest, stretches across five different countries in Asia. Which of the following countries is not among them?",Israel,Bhutan,Pakistan,India,A,medium,false,
Geography,"Edmund Hillary, the first mountaineer to reach mount Everest, was from what country?",The USA,Great Britain,Norway,New Zealand,D,medium,false,
Geography,"What nationality was mathematician and surveyor Radhanath Sikdar, who was the first person to measure the height of Everest?",Bengali-Indian,Chinese,Pakistani,Tibetan,A,medium,false,
Geography,Which of the following paths is one of the two most popular climbing routes to Mount Everest?,The south ridge from Tibet,The east ridge from Pakistan,The west ridge from India,The southeast ridge from Nepal,D,medium,false,
Geography,What nationality was Junko Tabei - the first woman to reach the peak of Mount Everest?,Japanese,Chinese,Indian,Nepalese,A,medium,false,
Geography,"This Italian climber, who was in the first expedition to reach Mount Everest without oxygen tanks, later became the first person to climb the summit alone.",Reinhold Messner,Laurie Skreslet,Jerzy Kukuczka,Tim Macartney,A,medium,false,
Geography,"The term death zone refers to high altitudes, where the amount of oxygen cannot sustain human life and altitude acclimatization becomes impossible.  While this definition still applies, mount Everests death zone is significantly more difficult to survive.  Why?",Visibility is decreased due to constant snowstorms,Extremely low temperatures result in quick freezing of body parts,High wind velocity causes deadly avalanches,Polar bears pose a serious threat to climbers,B,medium,false,
Geography,What is the largest island on the planet in terms of territory?,Madagascar,Sumatra,Greenland,New Guinea,C,medium,false,
Geography,"This island, located north of Australia, is the second-largest island on the planet.",Tasmania,New Guinea,South Island,Sri Lanka,B,medium,false,
Geography,"This is the third-largest island on the planet, and it is also known as Kalimantan.",Bali,Borneo,Taiwan,Java,B,medium,false,
Geography,"This is the fourth-largest island in the world, and it is home to 5% of the plant and animal species on the planet.",Jamaica,Madagascar,Tasmania,Cuba,B,medium,false,
Geography,"This is the largest European island, and the ninth-largest island on the planet.",Sicily,Sardinia,None of these,Cyprus,C,medium,false,
Geography,"What is the largest island of Canada, and the fifth-largest island in the world?",Victoria Island,Baffin Island,Banks Island,Devon Island,B,medium,false,
Geography,What is the most populous island in the world?,Java,Cuba,Borneo,Honshu,A,medium,false,
Geography,This island is located in the Indian Ocean and is also known as Ceylon.,Borneo,Taiwan,Sumatra,Sri Lanka,D,medium,false,
Geography,The capital of this island country is Kingston.,Jamaica,Haiti,Hispaniola,Cuba,A,medium,false,
Geography,What is the largest island in the Mediterranean Sea?,Crete,Corsica,Sicily,Cyprus,C,medium,false,
Geography,The geographic North and South Poles are at fixed locations and have not moved.,True,False,,,B,medium,false,
Geography,Which nation claims ownership of the South Pole?,Russia,No nation does.,France,The USA,B,medium,false,
Geography,"In 1728, he became the first person to sail into the Arctic Ocean and proved that Asia and North America are not joined by land.",Cook,Bering,Scott,Peary,B,medium,false,
Geography,Who is given credit  for being the first person to reach the North Pole?,Peary,Bering,Amundsen,Scott,A,medium,false,
Geography,"What happened at the North Pole on August 3, 1958?","The northernmost US city, Naavetau, was founded.",The first airport in the Arctic was built.,A submarine travelled underwater under the Pole.,The last Arctic Moa was killed.,C,medium,false,
Geography,The first time Antarctica was officially visited is a subject of controversy. Three people have claimed to have achieved this feat. Which of these is not one them?,Edward Bransfield,Nathaniel B. Palmer,Fabian von Bellinghausen,James Cook,D,medium,false,
Geography,Which statement is true about the explorer and glaciologist Albert P. Crary?,He was the first person to set foot on Antarctica.,He was the first pilot to fly across the South Pole.,He was the first person to build a home above the Arctic Circle.,He was the first person to reach both the North and South Poles.,D,medium,false,
Geography,Who was the first person to reach the South Pole?,Scott,Amundsen,Henson,Peary,B,medium,false,
Geography,The temperature at the North Pole is higher than the temperature at the South Pole.,False,True,,,B,medium,false,
Geography,Few animals inhabit the North Pole. Which of these types of animals can never be seen there?,Penguins,Bears,Birds,Fish,A,medium,false,
Geography,"In 2000, microbes were found at the South Pole.",False,True,,,B,medium,false,
Geography,"What river, draining into the Caspian Sea, is the longest in Europe?",Danube,Ural,Dnieper,Volga,D,medium,false,
Geography,Where are the origins of the Rhine?,Switzerland,Austria,Belgium,Germany,A,medium,false,
Geography,What is the longest river in France?,Loire,Maine,Odet,Erdre,A,medium,false,
Geography,"What river rises in the northwestern Czech Republic, flows through Germany and into the North Sea?",Elbe,Viskan,Morava,Oste,A,medium,false,
Geography,What river named after a mythological figure is the longest river of Great Britain?,Trent,Great Ouse,Thames,Severn,D,medium,false,
Geography,What river flows through ten European countries and is the longest in the European Union?,Rhine,Dnieper,Danube,Elbe,C,medium,false,
Geography,What river that flows through Spain and Portugal is the longest river on the Iberian Peninsula?,Guadiana,Duero,Guadalquivir,Tagus,D,medium,false,
Geography,What is the longest river in Poland and the ninth longest in Europe?,Wda,Nogat,Vistula,Dunajec,C,medium,false,
Geography,In what country does the River Po rise?,France,Italy,Belgium,Switzerland,B,medium,false,
Geography,"This bridge, that spans the Tagus River, is the longest bridge in Europe.",Vizcaya Bridge,Guadiana International Bridge,Vasco da Gama Bridge,Merida Bridge,C,medium,false,
Geography,How would you say What is your name? in Tagalog?,Ilang taong gulang ka na?,Ano ang ginagawa mo?,Ano ang pangalan mo?,Saan ka nakatira?,C,medium,false,
Geography,The Filipino word Bulaklak means flower in English.,False,True,,,B,medium,false,
Geography,What does the Filipino word lungsod mean in English?,market,city,island,province,B,medium,false,
Geography,The Filipino word pangalan means name in English. What does the word pangngalan mean?,address,adjective,noun,verb,C,medium,false,
Geography,The Filipino word maganda means beautiful in English.,True,False,,,A,medium,false,
Geography,What Filipino word means money in English?,tindahan,mura,pera,wala,C,medium,false,
Geography,What does the Filipino word salita mean in English?,word,phrase,sentence,meaning,A,medium,false,
Geography,How will you say I Love You in Filipino?,Mahal Kita,Ikaw Na Nga,Sino Ka,Hindi Ko Alam,A,medium,false,
Geography,Who is considered the Father of Filipino Language?,Gloria Macapagal-Arroyo,Ferdinand Marcos,Emilio Aguinaldo,Manuel Quezon,D,medium,false,
Geography,"This western half of this island is part of Indonesia, while the eastern half is a nation which gained independence in 2002, following hundreds of years of European colonialism and 25 years of Indonesian occupation.",Borneo,Sumatra,Timor,Celebes,C,medium,false,
Geography,Which Indonesian island is shared by four Indonesian provinces and two other nations: the eastern half of Malaysia and the tiny oil-rich sultanate of Brunei?,New Guinea,Sumatra,Borneo,Flores,C,medium,false,
Geography,"These islands were the original spice islands, which have drawn traders from all over the world for thousands of years, and were a major factor in causing the European age of exploration, as explorers set out to find the fabled East Indies.","Ternate, Tidore and Banda","Timor, Flores and Sumba",Celebes and New Guinea,Sumatra and Borneo,A,medium,false,
Geography,"Which Indonesian island was in the news in 2003 when the remains of an extinct variety of small hominids (popularly referred to as Hobbits), measuring about 3 feet in height, were found there?",Sumatra,New Guinea,Timor,Flores,D,medium,false,
Geography,"This island, the second largest in the world, is shared by Indonesia and another country. Because of its impenetrable swamps, jungles and towering mountains, it wasnt explored by outsiders until the past 100 years, and new tribes of humans with stone-age societies are still being discovered in the interior.",New Guinea,Flores,Celebes,Sumatra,A,medium,false,
Geography,"This island is the third largest in Indonesia, and is probably known for its coffee. It is also home to unique (and endangered) species of elephants, tigers, and rhinoceroses. It is also one of two islands which have indigenous orangutans.",Timor,Sumatra,New Guinea,Celebes,B,medium,false,
Geography,"Which of these describes best the location of the volcanic island of Krakatau (sometimes erroneously called Krakatoa), which had a well-known and devastating eruption on August 23, 1883?",West of New Guinea,East of Java,Between Java and Sumatra,Off the coast of Borneo,C,medium,false,
Geography,"This volcano, located on the island of Sumbawa, erupted in 1815, generally regarded as the largest volcanic eruption in recorded history. The eruption killed thousands, and changed global climatic patterns.",Merapi,Krakatau,Mandiri,Tambora,D,medium,false,
Geography,"Wichita, the county seat of Sedgwick County, is nicknamed what?",Air Capital,Mountain Capital,Plain Capital,River capital,A,medium,false,
Geography,"Wichita, a major aircraft manufacturing hub and cultural center, is the capital of Kansas.",True,False,,,B,medium,false,
Geography,"This multifunctional facility is located at 225 West Douglas, Wichita, Kansas.",Exploration Place,None of these,Century II Convention center,Hyatt hotel,C,medium,false,
Geography,"McConnell Air Force Base is a United States Air Force base located in Sedgwick County, near Wichita, Kansas.",True,False,,,A,medium,false,
Geography,What is the name of the European peninsula on which Italy is located?,Scandinavian Peninsula,Iberian Peninsula,Italian Peninsula,Balkan Peninsula,C,medium,false,
Geography,What is the capital and largest city of Italy?,Milan,Genoa,Rome,Venice,C,medium,false,
Geography,What large mountain range is located entirely within the territory of Italy?,Alps,Andes,Apennines,Carpathians,C,medium,false,
Geography,Italy is a major world exporter of which of the following?,All of these,Sport and luxury vehicles,Motor vehicles,Fashion items,A,medium,false,
Geography,"What is the meaning of the Italian word riavvolgere, from which the name of the popular Italian dish ravioli originated?",Poor peasant,Onion,To wrap,To indulge,C,medium,false,
Geography,Which of these colors is not present on the national flag of the Italian Republic?,White,Red,Blue,Green,C,medium,false,
Geography,What is the title of the national anthem of the Italian Republic?,The Italian Anthem,The Song of the Italians,"Italia, Land of Glory",Italian Dream,B,medium,false,
Geography,What is the meaning of the name of Italy according to scientists who have studied its origin?,Land of the holy water,Land of the lamb,Land of young cattle,Land of mountains,C,medium,false,
Geography,What is the shape of the Italian Peninsula?,Skull,Boot,Dog,Hand,B,medium,false,
Geography,In which of these years did the Italian national football team win the FIFA World Cup?,1982,2006,All of these,1938,C,medium,false,
Geography,The first European to explore the Chesapeake Bay surrounded by modern day Maryland and Virginia was the Italian Giovanni da Verrazzano.,True,False,,,B,medium,false,
Geography,Maryland is well known as a colony of religious tolerance.  It was the first American colony to fully accept practitioners of which religion?,Quakers,Presbyterians,Catholics,Jews,C,medium,false,
Geography,Maryland Day is celebrated every year on what date?,The first day of crab season,Preakness Saturday,March 25th,March 1st,C,medium,false,
Geography,Which was the seat of colonial government in Maryland until 1708?,Annapolis,Port Tobacco,Baltimore,St. Mary’s City,D,medium,false,
Geography,The Mason Dixon Line is a demarcation line surveyed between 1763 and 1767 by Charles Mason and Jeremiah Dixon to determine what?,The boundary between the confederacy and the union,The boundary between the slave states and free states,The boundary between Maryland and Pennsylvania,The boundary between southern colonies and northern colonies,C,medium,false,
Geography,What are Maryland’s two official state nicknames?,“The Old Line State” and “The Free State”,“The Crab State” and “Our Chesapeake Heritage”,“The Crab State” and “The Old Line State”,“The Free State” and “Our Chesapeake Heritage”,A,medium,false,
Geography,"Maryland derives its name from its Catholic founders, who named the state after which historic person?","Mary, Queen of Scots",Mary Magdalene,The Virgin Mary,Queen Henrietta Maria of France,D,medium,false,
Geography,What is the state sport of Maryland?,Steeplechase,Jousting,Lacrosse,Horse racing,B,medium,false,
Geography,Which of the following famous people is NOT a Marylander?,John Wilkes Booth,Frederick Douglass,Tom Clancy,Valerie Bertinelli,D,medium,false,
Geography,Which is the state flower of Maryland?,Mountain Laurel,Peach Blossom,Black-eyed Susan,Flowering Dogwood,C,medium,false,
Geography,How tall is Mount Everest?,"8,859 m","8,849 m","8,850 m","8,840 m",B,medium,false,
Geography,What is the Tibetan name of Mt. Everest?,Appa Sherpa,Sagarmatha,Chomolungma,Temba Tsheri,C,medium,false,
Geography,The Sanskrit name of Mt. Everest is Devgiri.,True,False,,,A,medium,false,
Geography,The easier and more frequently-used of the two main routes for climbing Mount Everest is the Northeast Ridge (or North Col Route).,False,True,,,A,medium,false,
Geography,The term Death Zone refers to what altitude?,"above 8,100 m","above 8,000 m","above 7,900 m","above 7,500 m",B,medium,false,
Geography,What is considered to be the final major hurdle before reaching the summit of Mt. Everest from the South Col Route?,Hillary Step,"First Step, Second Step and Third Step",Kangshung face,Lhotse face,A,medium,false,
Geography,Has anyone landed an aircraft or helicopter on the summit of Mt. Everest?,Yes,No,,,A,medium,false,
Geography,"Part of the Southeast Ridge Route for climbing Mt. Everest is the Lhotse Face in which Camp III is established. There are 14 peaks over 8,000 meters. Where does Lhotse rank?",4,3,8,13,A,medium,false,
Geography,"Who is the first American to ascend all fourteen peaks over 8,000m without oxygen?",Reinhold Messner,Peter Habeler,Ed Viesturs,George Mallory,C,medium,false,
Geography,"During Roman occupation, this city, popular nowadays as the Heaven of Romance, was called Lutetia.",Venice,Paris,London,Rome,B,medium,false,
Geography,In what European city are Piazza San Marco and Canale Grande located?,Venice,Lisbon,Madrid,Florence,A,medium,false,
Geography,"In what country will you find the impressive Neuschwanstein Castle, which was the inspiration for Sleeping Beauty Castle at Disneyland Park?",Denmark,Austria,Germany,England,C,medium,false,
Geography,"What is the birthplace of Johann Strauss II, also known as The Waltz King?",Salzburg,Vienna,Berlin,Prague,B,medium,false,
Geography,What popular tourist destination stands at the foot of the Maritime Alps?,Monte Carlo,Verona,Vatican City,Lisbon,A,medium,false,
Geography,"This city, situated on the River Vltava, is sometimes called the mother of cities, the city of a hundred spires and the golden city.",Athens,Rome,Prague,Bucharest,C,medium,false,
Geography,What city is home of Broadway Theatre?,Washington,Boston,New Orleans,New York,D,medium,false,
Geography,This island in the Pacific Ocean is surrounded by a lagoon and a barrier reef.,Bora Bora,Cyprus,Thasos,Tupai,A,medium,false,
Geography,"The city of Casablanca, which is the setting of the classic 1942 movie, starring Humphrey Bogart and Ingrid Bergman, is located in what African country?",Egypt,Morocco,Tunisia,Algeria,B,medium,false,
Geography,What islands are knows as “The beautiful garland in the Indian Ocean”?,Aeolian Islands,Pontine Islands,Flegrean Islands,Maldives Islands,D,medium,false,
Geography,"This island, located in the Caribbean Sea, is the largest island of an archipelago called Greater Antilles. The city of Havana is located on it.",Cuba,Hispaniola,Haiti,Jamaica,A,medium,false,
Geography,"This island, also known as Formosa, is the largest island of the Republic of China.",Matsu,Taiwan,Penghu,Honshu,B,medium,false,
Geography,"What island, located in the North Pacific Ocean, is also known as the Big Island?",Cuba,Haiti,Hawaii,Maui,C,medium,false,
Geography,This island country whose capital is Nicosia is the third-largest Mediterranean island.,Cyprus,Crete,Malta,Lesbos,A,medium,false,
Geography,This island is one of Indonesias 33 provinces.,Java,Sumatra,Bali,Lombok,C,medium,false,
Geography,"This European island is situated in the North Atlantic Ocean, south of the Arctic Circle. Its largest city is Reykjavik.",Iceland,Ireland,Greenland,None of these,A,medium,false,
Geography,"This is the sixth largest island in the world, and the largest island that is entirely in Indonesia.",Sumatra,New Guinea,Java,Borneo,A,medium,false,
Geography,"This island, sometimes called island of inspiration, is part of a very large country, and has a unique fauna.",Hawaii,Tasmania,Madagascar,Greenland,B,medium,false,
Geography,Valletta is the capital city of this island country in the Mediterranean.,Majorca,Malta,Corsica,Cyprus,B,medium,false,
Geography,Name the largest of the Canary Islands.,Tenerife,Gran Canaria,La Palma,Montana Clara,A,medium,false,
Geography,What is the name of the capital and largest city of Spain?,Madrid,Rome,Milan,Valencia,A,medium,false,
Geography,What is the meaning of the name of Spain according to a popular theory?,Land of rabbits,All of these,Edge,Land of the setting sun,B,medium,false,
Geography,Spain does not share a border with which one of these countries?,Germany,Portugal,France,Andorra,A,medium,false,
Geography,What is the official language spoken on the territory of Spain?,All of these,Spanish and Galician,Spanish and Basque,Spanish,D,medium,false,
Geography,When is the national holiday called Hispanic Day celebrated annually in Spain?,October 12,August 15,December 6,December 8,A,medium,false,
Geography,What is the title of the national anthem of Spain?,My Precious Kingdom,God Save Spain,Proud Spain,The Royal March,D,medium,false,
Geography,What are the colors of the three vertical stripes on the national flag of Spain?,"Blue, white, blue","Yellow, red and black","Red, yellow, red","White, blue and red",C,medium,false,
Geography,What is the main ingredient of the traditional Spanish dish paella?,Lentils,Rice,Dough,Potatoes,B,medium,false,
Geography,Which of these popular musicians was not born in Spain?,Paco de Lucia,Shakira,Alejandro Sanz,Enrique Iglesias,B,medium,false,
Geography,Spanish painter and sculptor Pablo Picasso is known for co-founding what art movement?,Cubism,Expressionism,Surrealism,Neorealism,A,medium,false,
Geography,In which section of Israel is Eilat located?,East,West,South,North,C,medium,false,
Geography,When was the city of Eilat founded?,1951,1939,1941,1929,A,medium,false,
Geography,What is the population of Eilat according to the Israel Central Bureau of Statistics end of 2004 census?,45800,179400,79200,129700,A,medium,false,
Geography,What best describes the climate of Eilat?,Hot and dry all year,Humid and hot  summers and humid and cool winters,"Humid, hot summers and dry, cool winters","Hot, dry summers and humid, cool winters",A,medium,false,
Geography,Which city is a sister city to Eilat?,"Hollywood, Florida","West Palm Beach, Florida","Los Angeles, California","Boca Raton, Florida",C,medium,false,
Geography,Which is the major source of revenue for the Eilat area?,Agriculture,Tourism,Jewelry,Mining,B,medium,false,
Geography,Israels major airport is located near Eilat.,True,False,,,B,medium,false,
Geography,Which four countries can be seen from Eilat?,"Israel, Egypt, Saudi Arabia, Yemen","Israel, Egypt, Jordan, Saudi Arabia","Israel, Jordan, Syria, Lebanon","Israel, Egypt, Jordan, Syria",B,medium,false,
Geography,"In 1967, Egypt effectively blockaded Eilat by closing this area to Israel.",The Golan Heights,The Sinai Peninsula,The Straits of Tiran,The Suez Canal,C,medium,false,
Geography,The Peace Treaty between Jordan and Israel was signed near Eilat. In what year did this happen?,"October, 2004","October,1968","October, 1975","October, 1994",D,medium,false,
Geography,Where does the Freedom Trail begin and end?,"Kings Chapel, Bunker Hill Monument","Trinity Church, Long Wharf","Boston Public Gardens, Old North Church","Boston Common, Charlestown Navy Yard",D,medium,false,
Geography,"On October 24, 1901, Annie Edson Taylor became the first person to go over the Niagara Falls in a barrel as a publicity stunt. How old was she at the time?",63,23,43,33,A,medium,false,
Geography,What is the famous Niagara boat called?,Niagara-on-the-Lake,Lady Horseshoe,Maid of the Mist,Lady of the Mist,C,medium,false,
Geography,Name the smallest of the three waterfalls that make up the Niagara Falls.,Bridal Veil Falls,There are only two waterfalls that make up the Niagara Falls.,Goat Falls,Horseshoe,A,medium,false,
Geography,Approximately what percentage of the water of the Niagara River flows over the Horseshoe Falls?,70%,90%,50%,10%,B,medium,false,
Geography,The flow of the water over the American Falls was completely blocked from June to November in what year?,1942,1969,1983,1936,B,medium,false,
Geography,How long is the crest of the American Falls if measured along the jagged lip of the falls?,393  feet  (120 m),950  feet  (290 m),688  feet  (210 m),1310 feet  (400 m),B,medium,false,
Geography,What event related to the Niagara Falls occurred on March 29th 1848?,The flow of water over both falls stopped to the point where people could walk around the riverbed.,The flow of water was stopped completely over the American Falls.,The waterfalls were named,"A third, much smaller waterfall was discovered.",A,medium,false,
Geography,"The cities of Niagara Falls, Ontario and Niagara Falls, New York are connected by three bridges. Which of them is the oldest one?",Whirlpool Rapids Bridge,Rainbow Bridge,Kingston Bridge,Lewiston-Queenston Bridge,A,medium,false,
Geography,"When was the Skylon Tower, Niagaras most famous landmark, built?",in the 1950s,in the 1940s,in the 1960s,in the 1990s,C,medium,false,
Geography,"Around the year 1859, Jean-François Blondin crossed the gorge below Niagara Falls on a tightrope 1100 feet (335 m) long, 160 feet (50 m) above the water. He made this accomplishment several times including which of the following theatrical variations?",All of these,He carried his manager on his back.,He sat down midway while he cooked and ate an omelette.,He was blindfolded.,A,medium,false,
Geography,Which U.S. state is nicknamed The Natural State?,Alabama,Alaska,Arizona,Arkansas,D,medium,false,
Geography,What nickname has been given to the U.S. state of Oregon?,All of these,Marmot State,Beaver State,Otter State,C,medium,false,
Geography,What U.S. state is nicknamed Land of Infinite Variety?,South Carolina,Florida,Delaware,South Dakota,D,medium,false,
Geography,Which of these nicknames has been given to the U.S. state of Colorado?,Sweden of America,Himalayas of America,All of these,Switzerland of America,D,medium,false,
Geography,Which of these nicknames has been given to the U.S. state of Illinois?,Corn State,Rubber State,Cotton State,Paper State,A,medium,false,
Geography,"This U.S. state was nicknamed Vacationland, and the nickname is used on license plates.",Hawaii,Maine,Nevada,California,B,medium,false,
Geography,The Independence State is one of the nicknames of this U.S. state.,Virginia,New Hampshire,Pennsylvania,West Virginia,C,medium,false,
Geography,Which U.S. state is nicknamed The Cowboy State?,Texas,Iowa,Wyoming,Idaho,C,medium,false,
Geography,What nickname has been given to the U.S. state of Rhode Island?,Ocean State,Marine State,Island State,All of these,A,medium,false,
Geography,The nickname Queen State has been given to this U.S. state.,West Virginia,Virginia,All of these,Maryland,D,medium,false,
Geography,"Which country, Slovakia or Slovenia, used to be part of Yugoslavia?",Slovenia,Both,Slovakia,None of them,A,medium,false,
Geography,Which former empire were both Slovenia and Slovakia part of?,Austria-Hungary,Byzantium,Ottoman Empire,Roman Empire,A,medium,false,
Geography,"Slovakia and Slovenia joined the European Union on the same day (May 1, 2004). Which of them was first to accept the euro currency?",None of them has accepted the EURO currency.,Both did on the day of their accession to the EU.,Slovakia,Slovenia,D,medium,false,
Geography,What is the capital of Slovakia?,Ljubljana,Prague,Zagreb,Bratislava,D,medium,false,
Geography,What is the capital of Slovenia?,Prague,Bratislava,Ljubljana,Zagreb,C,medium,false,
Geography,Which country borders both Slovenia and Slovakia?,Serbia,Austria,Poland,Germany,B,medium,false,
Geography,Which statement concerning Slovakia and Slovenia is true?,Both countries have access to the Black Sea.,Slovenia has access to the Adriatic Sea.,Slovakia has access to the Baltic Sea.,Both countries are landlocked.,B,medium,false,
Geography,The Danube river flows through many Central European countries. Which of these statements concerning Slovakia and Slovenia is true?,The Danube does not flow through either of the 2 countries.,The Danube originates in Slovakia and then enters Slovenia.,"Of the two countries, only Slovakia has Danubian banks.",The Danube originates in Slovenia and then flows through Slovakia.,C,medium,false,
Geography,Which of these statements regarding Slovakia and Slovenia is true?,Only Slovakia is an Alpine country.,Only Slovenia is an Alpine country.,None of them is an Alpine country.,Both are Alpine countries.,B,medium,false,
Geography,"Which country, Slovakia or Slovenia, borders a country that did not join the European Union in the period 1951-2007?",Only Slovakia borders a country that did not join the EU during this period.,Both share borders only with countries that became EU members during this period.,Both share borders with countries that did not became EU members during this period.,Only Slovenia borders a country that did not join the EU during this period.,C,medium,false,
Geography,What design is depicted on the national flag of Switzerland?,Sun,Cross,Star,Leaf,B,medium,false,
Geography,Switzerland is often associated with this product which is produced at the highest quality in the country.,Chocolate,Watches,All of these,Cheese,C,medium,false,
Geography,What is the unofficial national motto of Switzerland?,Progress ans prosperity,In God we trust,"One for all, all for one",Higher and stronger,C,medium,false,
Geography,What is the capital city of Switzerland?,Bonn,Bern,Berlin,Zurich,B,medium,false,
Geography,What mountain covers about 65% of the territory of Switzerland?,the Apennines,the Andes,Ararat,the Alps,D,medium,false,
Geography,What language is adopted as official for the territory of Switzerland?,German,Italian,French,All of these,D,medium,false,
Geography,What is the title of the national anthem of Switzerland?,Swiss Vow,Swiss Song,Swiss Anthem,Swiss Psalm,D,medium,false,
Geography,What is the main ingredient of the traditional Swiss dish Rosti?,Cheese,Cabbage,Fish,Potatoes,D,medium,false,
Geography,What is the largest city in Switzerland?,Geneva,Zurich,Bern,Munich,B,medium,false,
Geography,Which of these famous philosophers was of Swiss descent?,Jean-Jacques Rousseau,Michel Foucault,Friedrich Schiller,Jean-Paul Sartre,A,medium,false,
Geography,Which of these is the capital and the largest city in North Korea?,Nampho,Hungnam,Sinuiju,Pyongyang,D,medium,false,
Geography,What type of climate does North Korea have?,Oceanic,Humid subtropical,Continental,Tropical,C,medium,false,
Geography,"Which of these seas surrounds the Korean Peninsula, in the northern part of which North Korea is located?",All of these,East China Sea,Sea of Japan,Yellow Sea,A,medium,false,
Geography,The establishment of the Democratic Peoples Republic of Korea in this year set the official beginning of North Koreas history.,1940,1950,1948,1945,C,medium,false,
Geography,Which of these statements is true about the division of Korea into two parts?,Korea was divided at the 38th parallel.,North Korea was to be administered by the Soviet union.,All of these,It followed the end of World War II.,C,medium,false,
Geography,Which of these natural disasters is known to hit the lands of North Korea on the regular?,All of these,Droughts,Floods,Typhoons,A,medium,false,
Geography,What is the official language that is spoken in North Korea?,All of these,Russian,Korean,Japanese,C,medium,false,
Geography,Which of these religious movements has many adherents among the people of North Korea?,Korean shamanism,Cheondoism,All of these,Buddhism,C,medium,false,
Geography,Which of these musicians became the first US musical group ever to perform in North Korea?,The Black Eyed Peas,The New York Philharmonic Orchestra,The Helen Henderson Choir of Victory Baptist Church,Linkin Park,B,medium,false,
Geography,Which of these events is regularly performed only in North Korea?,Mass games,Senior citizens beauty pageant,Politicians athletics,Binoculars football games,A,medium,false,
Geography,What other name is commonly used to refer to the Colorado River in North America?,Black River,Yellow River,Blue River,Red River,D,medium,false,
Geography,What is the name of the longest river in the United States of America?,Colorado,Missouri,Rio Grande,Mississippi,B,medium,false,
Geography,The Ohio River does not flow though the territory of this American state.,Illinois,Virginia,Kentucky,West Virginia,B,medium,false,
Geography,What is the longest river located entirely within the territory of the state of California?,Mad River,Salmon River,Big River,Sacramento River,D,medium,false,
Geography,"What is the meaning of the name of the Mississippi River, which originated from the Ojibwe word misi-ziibi?",Holy water,Fast river,River of life,Great river,D,medium,false,
Geography,What ocean fish migrates from the Pacific Ocean to the Columbia River to spawn at the end of their life cycles?,Steelhead salmon (Rainbow trout),All of these,Coho salmon,Chinook salmon,B,medium,false,
Geography,What is the The Rio Grande river called in Mexico?,All of these,Rio Bravo,Rio Rojo,Rio del Fuego,B,medium,false,
Geography,What river in North America provides food for the largest wintering Bald Eagle population in the continental United States?,Fraser,Skeena,St. Lawrence,Skagit River,D,medium,false,
Geography,"What does the Mohawk name of the Saint Lawrence River, Kaniatarowanenneh, mean?",Female river,Murmur of the gods,Burning water,Big waterway,D,medium,false,
Geography,More than half of the Yukon River is located within this American state.,North Dakota,Kansas,Alaska,Texas,C,medium,false,
Geography,What is the name of the capital and largest city of Norway?,Reykjavik,Bergen,Oslo,Helsinki,C,medium,false,
Geography,"According to some medieval texts, the name of Norway originated from the name of which of the following?",A mountain,The name of a king,The name of a river,An animal,B,medium,false,
Geography,What type of government does Norway have?,Absolute monarchy,Constitutional monarchy,Democratic republic,Presidential republic,B,medium,false,
Geography,What animal is depicted on the Coat of Arms of Norway?,Lion,Bear,Deer,Wolf,A,medium,false,
Geography,What is the predominant form of Christianity in Norway?,Anglicanism,Eastern Orthodox Christianity,Roman Catholicism,Protestantism,D,medium,false,
Geography,What is the official language adopted by the government of Norway?,Norwegian and Finnish,Norwegian and English,Norwegian and Romani,Norwegian,D,medium,false,
Geography,What is the title of the national anthem of Norway?,"Glory, Glory","Oh, Amazing Land",The Way North,"Yes, We Love This Country",D,medium,false,
Geography,What is Bunad?,A traditional Norwegian celebration,A Norwegian song,A Norwegian costume,A Norwegian meal,C,medium,false,
Geography,What is the popular Norwegian delicacy called Smalahove made from?,Pork intestines,Fish liver,Chicken popes nose,Lamb head,D,medium,false,
Geography,Which of the following is present on the national flag of Norway?,Star,Cross,Sun,Mountain,B,medium,false,
Geography,What is the largest carnivorous mammal endemic to the island of Madagascar?,Short-tailed Mongoose,Fanaloka,Meerkat,Fossa,D,medium,false,
Geography,Which of these statements is true about Madagascar?,It is slightly smaller than France.,It is the worlds 56th-largest country in terms of area.,None of these,It is the fifth largest island in the world.,C,medium,false,
Geography,"What is the title of the national anthem of Madagascar, written by Norbert Raharisoa and composed by Rahajason?",Dear Motherland,Blessed Island,"Oh, Our Beloved Fatherland","Rise, Oh, Rise",C,medium,false,
Geography,"What are the colors on the national flag of Madagascar, adopted on October 14, 1958?","Red, yellow and blue",Yellow and green,"Blue, green and yellow","White, red and green",D,medium,false,
Geography,What city is the capital and largest city of Madagascar?,Fianarantsoa,Mahajanga,Antananarivo,Toliara,C,medium,false,
Geography,What are the official languages spoken in Madagascar?,"Malagasy, French and English",Malagasy and English,Malagasy and French,English and French,A,medium,false,
Geography,What is the name some ecologists use wen referring to Madagascar?,The eight continent,All of these,The island of Adam and Eve,The garden of Eden,A,medium,false,
Geography,"What kind of traditional ritual is the Famadihana, practiced by the Malagasy people in Madagascar?",Circumcision,Introducing boys into manhood by tattooing and scarring them,Turning of the dead,Animal sacrifice,C,medium,false,
Geography,"What type of meal is the godro-godro, which is very popular in the Madagascar cuisine?",Seafood meal,Rice meal,Pudding,Vegetable stew,C,medium,false,
Geography,This tree is a very important part of the Madagascar dry deciduous forests and six species of it are endemic to the island.,All of these,Bottle tree,Monkey bread tree,Upside-down tree,A,medium,false,
Geography,"In 1945 Borneo was the site of horrific acts of brutality. The Japanese forced over 6,000 POWs and island civilians to march to a new camp some 160 miles away. This became known as the Sandakan Death March, as only 200 marchers survived to the end of the war.",True,False,,,B,medium,false,
Geography,How many new species of animals and plants were discovered on Borneo between July 2005 and September 2006?,None,121,3,52,D,medium,false,
Geography,Between the 1980s and 2006 Borneo lost approximately 45 % of its rain forests due to logging.,False,True,,,A,medium,false,
Geography,Borneo is the 3rd largest island in the world.,True,False,,,A,medium,false,
Geography,"From the 1600s to the 1800s, the British and Dutch were interested in Borneo because they wanted control of this resource.",Pepper,Salt,Coffee,Tea,A,medium,false,
Geography,Which of the characteristics below is typical for the buildings on the Greek archipelago of Santorini?,The white-and-blue colouring,The huge balconies,The red-tiled roofs,The arched doors,A,medium,false,
Geography,What is the biggest Greek island ?,Rhodes,Cyprus,Euboea,Crete,D,medium,false,
Geography,The Navagio Bay (also known as the Shipwreck) is the most popular beach of which Greek island?,Mykonos,Zakynthos,Lefkada,Thasos,B,medium,false,
Geography,"Halkidiki, one of the Greek peninsulas, has a peculiar form which resembles what?",A horseshoe,A trident,An olive twig,The Greek letter Omega,B,medium,false,
Geography,Which medieval monument is an essential part of the archaeological sites of the Greek island Rhodes?,The Palace of the Grand Master,The White Tower,The Venice Castle of Naoussa,The Odeon,A,medium,false,
Geography,Which island is NOT a part of Greece?,Kea,Hydra,Gozo,Kos,C,medium,false,
Geography,The Corinth Canal separates this Greek peninsula from the mainland of Greece.,Halkidiki,Mani,Elounda,Peloponnese,D,medium,false,
Geography,Which is the largest group of Greek islands?,The Cyclades,The Sporades,The Ionian,The East Aegean,A,medium,false,
Geography,The Cave of Melissani is among the most popular geological landmarks of which Greek island?,Kefallonia,Lefkada,Mykonos,Samos,A,medium,false,
Geography,Which of the following places in Greece is NOT an island?,Alonissos,Ithaka,Kavala,Kythira,C,medium,false,
Geography,The Shinsengumi group remained loyal to the Tokugawa shogunate until the end of the Bakamatsu.,False,True,,,B,medium,false,
Geography,What is the name of the leader of the first squad of Shinsengumi?,Okita Sōji,Inoue Genzaburō,Harada Sanosuke,Tōdō Heisuke,A,medium,false,
Geography,"At its peak, how many members did the Shinsengumi group have?",50+,300+,200+,100+,B,medium,false,
Geography,"According to the Shinsengumi rules, if the leader of a unit is mortally wounded in a fight, what should the rest of the group do?",Run away,Take the body and run away,Commit Seppuku,All members of the unit must fight and die on the spot.,D,medium,false,
Geography,In which city was the Shinsengumi group founded?,Kyoto,Tokyo,Nagasaki,Osaka,A,medium,false,
Geography,Who was Shinsengumi Commander from 1863 to 1868?,Nagakura Shinpachi,Harada Sanosuke,Tōdō Heisuke,Kondō Isami,D,medium,false,
Geography,The code of Shinsengumi comprised five rules. What was the punishment for breaking these rules?,Sepuku,Cutting of one finger,Exile,Paying six gold coins,A,medium,false,
Geography,"What was the favorite weapon of Harada Sanosuke, the 10th unit captain of the Shinsengumi?",Kozuka Blade,Spear,Sword,Shuriken,B,medium,false,
Geography,This river flows through the southern part of England and passes through the capital of the country.,The Avon,All of these,The Thames,The Mersey,C,medium,false,
Geography,What river is considered the longest river on the planet?,The Nile,The Tigris,The Mississippi,The Amazon,A,medium,false,
Geography,What is the name of the holy river of the Hindu people?,The Ganges,The Euphrates,The Indus,The Tigris,A,medium,false,
Geography,"What river flows through the central part of the French capital, Paris?",Seine,Loire,Charente,Rhine,A,medium,false,
Geography,"What is the name of the longest river in Asia, and the third-longest in the world?",The Yangtze,The Mekong-Lancang,The Tigris,The Huang He,A,medium,false,
Geography,"This river is the longest in the United States, and it gave its name to one of the states.",The Missouri River,The Mississippi River,The Alabama River,The Ohio River,A,medium,false,
Geography,What is the largest river on the planet by volume?,The Mississippi,The Amazon,The Nile,The Ganges,B,medium,false,
Geography,What is the name of the river in which Jesus Christ was baptized by John the Baptist?,The Tigris,The Jordan,The Euphrates,The Nile,B,medium,false,
Geography,"This North American river is also called Kaniatarowanenneh, which means big waterway in Mohawk.",Saint Lawrence River,Rio Grande,Colorado,Ohio River,A,medium,false,
Geography,This European river originates in Germany and empties in the Black Sea via a delta.,The Volga,The Danube,The Rhine,All of these,B,medium,false,
Geography,There is a city in Oklahoma called Moon.,True,False,,,A,medium,false,
Geography,Oklahoma has no cities and communities named after Presidents.,True,False,,,B,medium,false,
Geography,In what Oklahoma city was the shopping cart invented?,Ardmore,Guthrie,Duncan,Broken Arrow,A,medium,false,
Geography,How many of the astronauts who have flown in space between 1959 and 2009 were from Oklahoma?,6,20,0,3,A,medium,false,
Geography,There is a town in Oklahoma called IXL.,True,False,,,A,medium,false,
Geography,A windspeed of 100 feet above the ground was observed in 1999 in what Oklahoma city?,Lawton,Norman,Moore,Midwest City,C,medium,false,
Geography,Will Rogers World Airport and the Wiley Post Airport were named after people who died in 1935. How did they meet their demise?,in a plane crash,by murder,in a car crash,as a result of a boat accident,A,medium,false,
Geography,"Carl Albert High School was named after Carl Bert Albert, who was the Speaker of the House of Representatives from 1971 to 1977. What small Oklahoma town did he hail from?",Enid,Bushyhead,Slaughterville,Bugtussle,D,medium,false,
Geography,Oklahoma has more man-made lakes than any other state.,True,False,,,A,medium,false,
Geography,Which of the following is NOT an Oklahoma city?,Peoria,Burbank,St. Louis,Toledo,D,medium,false,
Geography,"Boise City, Oklahoma was the only city within the continental United States to be bombed during World War II.",False,True,,,B,medium,false,
Geography,The national motto of the Republic of Botswana is Pula. What does this mean in English?,Rain,Strength,Wisdom,Sunshine,A,medium,false,
Geography,"The national motto of what country is A Mari Usque Ad Mare, meaning From Sea to Sea in Latin?",Jamaica,Spain,Canada,Haiti,C,medium,false,
Geography,"What does the national motto of India, Satyameva Jayate, mean in Sanskrit?",The Supreme Treasure of Truth,Truth Alone Triumphs,Truth Is The Best Way,Truth Is Divine,B,medium,false,
Geography,"The national motto of what country is Peace at Home, Peace in the World?",Afghanistan,Somalia,Nigeria,Turkey,D,medium,false,
Geography,"The national motto of this South American country is Libertad o muerte, Spanish for Liberty or Death.",Peru,Uruguay,Argentina,Brazil,B,medium,false,
Geography,The national motto of the Republic of the Fiji Islands is Rerevaka na Kalou ka Doka na Tui. What does this mean?,Fear God and honor the Queen,God bless our beautiful motherland,"We kneel before you, blessed land",Hard work comes before prosperity,A,medium,false,
Geography,"The slogan Sub Umbra Floreo, or Under the Shade I Flourish is the national motto of what Central American country?",Costa Rica,Belize,Guatemala,Nicaragua,B,medium,false,
Geography,"The national motto of what island country is Ever Conscious of God We Aspire, Build and Advance as One People?",Grenada,New Zealand,Papua New Guinea,Micronesia,A,medium,false,
Geography,The national motto of this Arabic country is God is the greatest.,Morocco,Iran,Syria,Iraq,D,medium,false,
Geography,"What is the meaning of the national motto of the Republic of Indonesia, Bhinneka Tunggal Ika?",Unity in Diversity,Past Present Future,Progress and Stability,We Are Strong Together,A,medium,false,
Geography,"In what country is the Angel Falls, the highest waterfall on the planet, located?",Brazil,Argentina,Colombia,Venezuela,D,medium,false,
Geography,Which of these is a section of the famous Niagara Falls?,Horseback Falls,Horseshoe Falls,Horsetail Falls,Horseman Falls,B,medium,false,
Geography,In what U.S. state is the famous Bridalveil Fall located?,California,Florida,Colorado,Hawaii,A,medium,false,
Geography,"What is the name of the tallest waterfall made by humans, which is located in Umbria, Italy?",Cascata delle Marmore,Cascata del Maria,Cascata del Mare,Cascata delle Maccheroni,A,medium,false,
Geography,Jog Falls is the highest plunge waterfall in this Asian country.,India,Japan,China,Thailand,A,medium,false,
Geography,What is the name of the second-tallest waterfall on the planet?,Temola Falls,Tugela Falls,Tierra Falls,Tamilla Falls,B,medium,false,
Geography,In what European country are the Rhine Falls located?,Germany,Switzerland,Austria,Belgium,B,medium,false,
Geography,"In what U.S. state is the tallest waterfall in the country, Waihilau Falls, located?",Idaho,Wyoming,Hawaii,Iowa,C,medium,false,
Geography,"In what country is Jurong Falls, the tallest artificial waterfall in the world, located?",Indonesia,Singapore,Vietnam,North Korea,B,medium,false,
Geography,What is the name of the tallest waterfall in eastern North America?,Pissing Mare Falls,Pissing Horse Falls,Pissing Elephant Falls,Pissing Buffalo Falls,A,medium,false,
Geography,What is the old name of the country of Madagascar?,Rhodesia,Mozambique,Malaysia,Malagasy Republic,D,medium,false,
Geography,Where is Madagascar?,Off the Southeast Coast of South America,Off the Southeast Coast of South America,Off the Southwest Coast of Africa,Off the Southeast Coast of Africa,D,medium,false,
Geography,What are the 2 main languages spoken in Madagascar?,Italian and French,French and English,English and Malagasy,French and Malagasy,D,medium,false,
Geography,Madagascar is the worlds largest producer and exporter of what product?,Sugarcane,Vanilla,Tapioca,Rice,B,medium,false,
Geography,"Of the 10,000 plants native to Madagascar, what percent are found nowhere else in the world?",49%,13%,90%,72%,C,medium,false,
Geography,On what island is the country of Madagascar located?,Madagascar Island,Nias Island,Simeulue Island,Christmas Island,A,medium,false,
Geography,Which of the following is NOT located in the country of Madagascar?,Nosy-Be,Antananarivo,Antsirabe,Bodrum,D,medium,false,
Geography,"I am a primate endemic to Madagascar. I have large, reflective eyes. I have a long tail. I have long toes, and opposable thumbs, useful for grasping tree branches. What am I?",An iguana,An ape,A monkey,A lemur,D,medium,false,
Geography,What Portuguese explorer was the first to sight the island of Madagascar?,Henry the Navigator,Diego Dias,Diogo Cao,Vasco da Gama,B,medium,false,
Geography,The first people to settle Madagascar came from Africa.,True,False,,,B,medium,false,
Geography,"Where is New Guinea ranked in terms of size, among the islands of the world?",New Guinea is the third largest island in the world.,New Guinea is the fourth largest island in the world.,New Guinea is the second largest island in the world.,New Guinea is the largest island in the world.,C,medium,false,
Geography,New Guinea is an island north of Australia. It is divided into 2 roughly equal halves. What are they?,The western portion is part of Australia. The eastern portion is the country called Sumatra.,The western portion is part of Indonesia. The eastern portion is the country called Papua New Guinea.,The western portion is part of Indonesia. The eastern portion is the country called Sumatra.,The western portion is part of Australia. The eastern portion is the country called Papua New Guinea.,B,medium,false,
Geography,New Guinea is the most linguistically diverse area in the world. Approximately how many separate languages are spoken there?,80,20,650,1000,D,medium,false,
Geography,The island of New Guinea was named after the country of Guinea. Which is Guinea located?,Africa,In the Pacific Ocean,South America,Asia,A,medium,false,
Geography,The country of Papua New Guinea gained its independence from this country in 1975.,Mozambique,Australia,Indonesia,New Zealand,B,medium,false,
Geography,"The west half of the island of New Guinea is part of Indonesia, which comprises how many islands?",4,8407,17508,247542,C,medium,false,
Geography,Approximately what percentage of the population of the country of Papua New Guinea lives in rural areas?,50%,34%,97%,86%,D,medium,false,
Geography,"In the country of Papua New Guinea, how many children does the average woman give birth to during her lifetime according to 2006 estimates?",1.2,2.8,4.6,3.9,C,medium,false,
Geography,What is the capital city of the country of Papua New Guinea?,Port Moresby,Madang,Wau,Lae,A,medium,false,
Geography,The islands of the Pacific are collectively termed Oceania. Oceania is divided into several sub-groupings. In which of these is New Guinea located?,Polynesia,None of these,Melanesia,Micronesia,C,medium,false,
Geography,"What is the literal translation of the title of the national anthem of Egypt, Bilady, Bilady, Bilady?","Amazing, amazing, amazing","Sing, sing, sing","My country, my country, my country","Blessed, blessed, blessed",C,medium,false,
Geography,What sea borders Egypt to the east?,Black Sea,Yellow Sea,Mediterranean Sea,Red Sea,D,medium,false,
Geography,"Why was Egypt called Kemet, or black land, back in the ancient times?",Because of the coal,Because of the black soils,Because of the petrol,All of these,B,medium,false,
Geography,What is the official language spoken in Egypt?,Arabic and French,Arabic,"Arabic, English and French",Arabic and English,B,medium,false,
Geography,"What Egyptian city is the largest city not only in Africa, but also in the whole Middle East?",Cairo,Alexandria,Giza,Ismailia,A,medium,false,
Geography,"What animal is depicted on Egypts national emblem, which is featured on the national flag of Egypt, adopted in 1984?",Bear,Jackal,Eagle,Lion,C,medium,false,
Geography,"Where was Omar Sharif, one of the most famous Egyptian actors, born?","Paris, France","New York City, USA","Hamburg, Germany","Alexandria, Egypt",D,medium,false,
Geography,What sport is rated as the most popular sport among Egyptians?,Football (soccer),Baseball,Handball,Tennis,A,medium,false,
Geography,The Egyptian territory is calculated to be roughly twice as large as the territory of this European country.,Poland,Spain,France,United Kingdom,B,medium,false,
Geography,"What expression is commonly used in Egypt to refer to the annual flooding of the river Nile, the longest river in the world?",Feeding of the Soil,The Gift of the Nile,The Blessing of the Nile,The Mother of Abundance,B,medium,false,
Geography,Luxembourg is bordered by all of the following nations except this one.,Belgium,France,Germany,Netherlands,D,medium,false,
Geography,What languages are spoken in Luxembourg?,All of these,German,French,Luxembourgish,A,medium,false,
Geography,Luxembourg was not involved in any 20th century war.,True,False,,,B,medium,false,
Geography,Which of the following organizations is Luxembourg a member of?,OECD,United Nations,European Union,All of these,D,medium,false,
Geography,Luxembourg has a population of approximately how many people?,30000,one half million,two million,three and one half million,B,medium,false,
Geography,Why is Luxembourg City one of the wealthiest cities in the world?,It is the European center of computer and computer related companies.,There is great mineral wealth in the area around the city.,It is a banking and administrative center.,Rich retired people have ranked it as the most desirable place in Europe to live.,C,medium,false,
Geography,What is the official name of Luxembourg?,The Peoples Republic of Luxembourg,Grand Duchy of Luxembourg,The Luxembourg Democratic Republic,The Kingdom of Luxembourg,B,medium,false,
Geography,"How does Luxembourg, which is a member of NATO, contribute to NATO?",by maintaining the sixth largest NATO air force,by maintaining a small army,by allowing extensive US and British military installations on its territory,by financially supporting a navy even though is has no coastline,B,medium,false,
Geography,What is the predominant religion in Luxembourg?,Islam,Orthodox Catholic,Protestant,Roman Catholic,D,medium,false,
Geography,"The flag of Luxembourg consists of three vertical stripes of red, blue, green.",True,False,,,B,medium,false,
Geography,In what country is Virginia Falls located?,United States,Austarlia,Wales,Canada,D,medium,false,
Geography,What is the name of the tallest waterfall in Asia?,Midagahara Falls,Hannoki Falls,Shomyo Falls,Toyama Falls,B,medium,false,
Geography,The Eas a Chual Aluinn is the highest waterfall in this country.,France,China,Sri Lanka,Great Britain,D,medium,false,
Geography,What is the English name of the Mosi-oa-Tunya waterfall located between Zambia and Zimbabwe?,Virginia Falls,Veronica Falls,Valeria Falls,Victoria Falls,D,medium,false,
Geography,"In what country is Yumbilla Falls, the fifth-tallest waterfall on the planet, located?",Chile,Peru,Thailand,Australia,B,medium,false,
Geography,"Where is the third-tallest waterfall on the planet, Ramnefjellsfossen, located?",Norway,Finland,Switzerland,Denmark,A,medium,false,
Geography,"What does the name of the Iguazu Falls, located in South America, mean in English?",Way to heaven,River storm,Devils waterfall,Big water,D,medium,false,
Geography,In what country is Gocta Waterfall located?,Venezuela,Peru,Spain,Nicaragua,B,medium,false,
Geography,What is the name of the highest waterfall in North America?,Richard Brown Falls,Johnathan Stevens Falls,James Bruce Falls,John Cliff Falls,C,medium,false,
Geography,In which U.S. state is the Multnomah Falls located?,Ohio,Oregon,Maine,Missouri,B,medium,false,
Geography,What is the name of the largest volcano on Earth in terms of area?,Mauna Loa,Taal Volcano,Mauna Kea,Mount Etna,A,medium,false,
Geography,In what Asian country is the Mount Unzen volcanic group located?,Vietnam,Japan,China,Thailand,B,medium,false,
Geography,"The area around what Italian volcano is the most densely populated volcanic region in the world, making the volcano one of the most dangerous on the planet?",Mount Vesuvius,Mount Etna,None of these,Stromboli,A,medium,false,
Geography,"This Andean stratovolcano in Colombia erupted in 1993, killing 9 people.",Galeras,Pasto,Nina,Paloma,A,medium,false,
Geography,The Santorini volcanic islands are part of what European country?,Denmark,Spain,Italy,Greece,D,medium,false,
Geography,"This Russian volcano, located on the Kamchatka Peninsula, is one of the most active volcanoes on the planet.",Elbrus,Anik Mountain,Sikhote-Alin,Avachinsky,D,medium,false,
Geography,What is the name of the dangerous active volcano located in the Western Highlands of Guatemala?,Santa Lucia,Santa Fernanda,Santa Beatrice,Santa Maria,D,medium,false,
Geography,On which of the Philippine islands is the active Taal Volcano located?,Mindanao,Visayas,Luzon,None of these,C,medium,false,
Geography,On which of the Canary Islands is the Mount Teide volcano located?,Gran Canaria,Fuerteventura,La Palma,Tenerife,D,medium,false,
Geography,"This countrys national holidays include: - Independence Day, 10 December (date of independence from Spain, 1898) - 20 May (independence from US administration, 1902) - Rebellion Day 26 July (1953)",Chile,Cuba,Mexico,Palestine,B,medium,false,
Geography,"None of these  could be found in Europe before the Great Geographical Discoveries: Potatoes, chocolate, cocoa, quinine, tobacco, cabbage, cane-sugar, furs, whale oil, indigo, tea, coffee, porcelain, and cotton silks .",True,False,,,B,medium,false,
Geography,What is the highest point in the state of Illinois?,Lincoln Mound,Devils Mound,Charles Mound,Mount Vernon,C,medium,false,
Geography,Makawao is the capital of the State of Hawaii.,True,False,,,B,medium,false,
Geography,Who is the 16th president of the United States?,Abraham Lincoln,Andrew Johnson,James Polk,Ulysses P. Grant,A,medium,false,
Geography,"The city of Saint Louis, nicknamed Gateway to the West, is located in which state?",Missouri,Nebraska,Mississippi,Ohio,A,medium,false,
Geography,"Malcolm X, the founder of the Organization of Afro-American Unity,  was born in what US city?",Kansas City,Omaha,Saint Louis,Belleville,B,medium,false,
Geography,"President George W. Bush was inaugurated on January 20, 2000.",False,True,,,A,medium,false,
Geography,"What is the capital of Illinois, the 21st US State?",Chicago,Lincoln,Springfield,Omaha,C,medium,false,
Geography,"This city, located in Colorado, is the highest city in the United States.",Vail,Leadville,Colorado Springs,Denver,B,medium,false,
Geography,"Amelia Earhart, the first woman to fly solo across the Atlantic, was born in what city and state?","Omaha, Nebraska","Louisville, Kentucky","New York City, New York","Atchison, Kansas",D,medium,false,
Geography,"Arrange the following oceans by their total area, starting with the largest: 1)The Atlantic Ocean 2)The Pacific Ocean 3)The Indian Ocean 4)The Arctic Ocean 5)The Southern Ocean","2, 1, 3, 5, 4","2, 1, 4, 5, 3","1, 2, 4, 5, 3","1, 2, 5, 4, 3",A,medium,false,
Geography,"Finish the lyrics of the official state song of California, I Love You, California written by F. B. Silverwood: Where the snow crowned Golden Sierras Keep their watch oer the valleys bloom, It is there I would be in our land by the sea, Every breeze bearing rich perfume. It is here nature gives of her rarest .......................................................................",It is home sweet home to me.,You are very dear to me.,It is where I want to be.,And where the angels live.,A,medium,false,
Geography,"In geography, the term desert is used to refer to a region that receives little or no precipitation. Approximately one-third of Earths land surface is desert, with the largest such region being which of these?",Sahara,Antarctica,Kalahari,Greenland,B,medium,false,
Geography,"The Kalahari Desert, meaning great thirst translated from the local language, is a vast area of red-brown sands, taking up a considerable area of which of these regions?",Central Asia,South Africa,The Middle East,Southwest Asia,B,medium,false,
Geography,"This African desert, famous for its enormous sand dunes, is considered the oldest desert in the world, having endured its current arid conditions for at least 80 million years.",Libyan Desert,Kalahari Desert,Namib Desert,Kara Kum Desert,C,medium,false,
Geography,"Rangipo Desert in the central part of New Zealands North Island, does not have its barren and lifeless appearance because of the lack of rain, but rather, due to which of these?",Intense use of pesticides,Constant powerful winds,Soil structure,Frequent destructive storms,C,medium,false,
Geography,"The Atacama Desert of Chile and Peru is one of the driest and most lifeless places on Earth. This virtually rainless plateau is made up of sand, lava flows, and what other substance?",Limestone,Salt,Clay,Ash,B,medium,false,
Geography,"This Australian desert of nearly 600,000 square kilometres is famous for its spectacular land and rock formations, such as Uluru and Kata Tjuta, its estimated 1,100 parallel dunes running north-south, and the fresh water lake, Rainbow Valley.",Tanami Desert,Simpson Desert,Great Victoria Desert,Great Sandy Desert,B,medium,false,
Geography,"The largest natural karst crater on Earth - Ramon Crater, with a length of 40 km (25 miles) and width of 2 to 10 km (1.5 to 6 miles), is situated in the heart of this Middle East desert.",Kyzyl Kum,Negev desert,Judean Desert,Mojave desert,B,medium,false,
Geography,"Leonardo of Pisa or Leonardo Pisano, also known as Fibonacci, was an Italian mathematician and is best known for the discovery of the Fibonacci numbers, which form the following sequence. 0, 1, 1, 2, 3, 5, ... Do you know what the next number is?",10,15,8,6,C,medium,false,
Geography,Which one of these countries is largest in area?,Japan,Jordan and Japan are equal in size,Jordan,Jamaica,A,medium,false,
Geography,Which of the following oceans is the worlds largest?,Indian Ocean,Arctic Ocean,Atlantic Ocean,Pacific Ocean,D,medium,false,
Geography,"According to the United States Census Bureau in 2006, China was the most populated country in the world.",False,True,,,B,medium,false,
Geography,"Which of the following countries is the worlds smallest continent, and can also be considered an island since it is surrounded by water?",India,Africa,Madagascar,Australia,D,medium,false,
Geography,"Russia is the worlds largest country, with a land area of 17,098,242 square kilometers.",False,True,,,B,medium,false,
Geography,This is the worlds smallest independent state with a population in 2007 of approximately 821.,Vatican City,Monaco,San Marino,Tuvalu,A,medium,false,
Geography,"Pittsburgh is home to many universities and research facilities. One of them is described here: It is a private research university. It houses the first computer science school and the first drama school in the nation as well as one of the best engineering schools, and its public policy and business schools are consistently ranked among the best in the nation.",University of Pittsburgh,Carnegie Mellon University,Duquesne University,Pittsburgh Institute of Aeronautics,B,medium,false,
Geography,Which central European countrys all pre-1989 neighbors do not exist any more? The country is now bordered by 7 states.,Austria,Poland,Hungary,Romania,B,medium,false,
Geography,The African kingdom of Dahomey was powerful in the XVIII century. Which modern day country did it cover?,Burma,Burkina Faso,Benin,DR Congo,C,medium,false,
Geography,The Holy Roman Empire of the German Nation was a loosely coupled union of mostly German speaking principalities. Which part of the union was the driver of the 19th century unification of Germany?,Austria,Prussia,Saxony,Bavaria,B,medium,false,
Geography,Where was the late medieval kingdom of Aragon situated?,Ireland and parts of Scotland,"Eastern Spain, major islands on the Mediterranean Sea and southern Italy",Tolkiens fiction,"Syria, Turkey and northern Iraq",B,medium,false,
Geography,"When Yugoslavia collapsed, one of its republics became an independent state known as FYROM. To which country does the acronym refer?",Albania,Bosnia and Herzegovina,Montenegro,Macedonia,D,medium,false,
Geography,"By the end of the 16th century, a country called Commonwealth of Both Nations covered almost 1 million square kilometers of Europe. Which two countries formed it?",Sweden and Denmark,Russia and Ukraine,Poland and Lithuania,Austria and Hungary,C,medium,false,
Geography,Phoenicia was an ancient civilization that spread maritime trade over the Mediterranean Sea. From where did the Phoenicians originate?,"North Africa (Tunis, Algier)",Sicily (Syracuse),Greek islands on the Aegean Sea,"Modern day Liban (Sidon, Tyre)",D,medium,false,
Geography,Myanmar is a south-eastern Asian country. Under which name was it known before a military junta took over?,Siam,Burma,Bhutan,Noth Vietnam,B,medium,false,
Geography,"The Ottoman Empire used to rule over North Africa, the Middle East and south-eastern Europe. Which modern day country is the successor of the empire?",Israel,Saudi Arabia,Turkey,Egypt,C,medium,false,
Geography,Which independent country was not a Soviet republic?,Georgia,Armenia,Lithuania,Albania,D,medium,false,
Geography,Where was the monastic state of the Teutonic Knights located?,Seperated spots on modern day German territory,"Northern Poland, southern Lithuania, part of Latvia and the Russian enclave of Kaliningrad",Southern France (Provance),Malta and other islands on the Mediterranean,B,medium,false,
Geography,Where were the Boer Republics located?,In the Netherlands,Across South Africa,They were early Puritan settlements in the eastern North America,Minor British isles,B,medium,false,
Geography,Finish this Irish saying: A tune is more lasting than the song of birds. And a word is more lasting than ________.,an old mans teeth,the wealth of the world,a maidens beauty,a bottle of whiskey,B,medium,false,
Geography,What is the missing word in this Irish saying: Every dog is _____ at his own house door.?,asleep,lonely,bold,fearful,C,medium,false,
Geography,Complete this Irish saying: The whole world cannot make a ________ out of a donkey.,poet,race horse,nobleman,artist,B,medium,false,
Geography,Finish the following Irish saying: However long the day it ends with _______.,some bread,a lullaby,night,a bang,C,medium,false,
Geography,Complete this Irish saying: Dont let your ______ cut your throat.,jealousy,mother-in-law,tongue,stale bread,C,medium,false,
Geography,What is the missing word in this Irish saying: ______ is the poor mans doctor.?,An apple,Socialism,Death,Over-the-counter medication,C,medium,false,
Geography,"Complete the following Irish saying: If you want ______, always carry the back tooth of a horse with you.",to go swimming,beauty,money,to be the life of the party,C,medium,false,
Geography,Finish this Irish saying: If someone is sick turn his bed so that it faces _________.,the TV,the wall,north,a window,C,medium,false,
Geography,Finish this Irish saying: The far off hills are _______.,covered with clouds,alive with the sound of music,the farthest away,the greenest,D,medium,false,
Geography,Finish this Irish saying: Often has the likely failed and the unlikely _________.,failed too,wrote a novel about the failure,laughed at the failure,succeeded,D,medium,false,
Geography,What is the capital and largest city of Jamaica?,Montego Bay,Kigali,Harare,Kingston,D,medium,false,
Geography,What is the name of the capital city of India?,Jaipur,Mumbai,Calcutta,New Delhi,D,medium,false,
Geography,Tegucigalpa is the capital and largest city of this country.,Namibia,Honduras,Uzbekistan,Laos,B,medium,false,
Geography,What is the capital and largest city of Romania?,Ankara,Sofia,Kiev,Bucharest,D,medium,false,
Geography,Addis Ababa is the capital of what country?,Samoa,Paraguay,Ghana,Ethiopia,D,medium,false,
Geography,What is the capital and largest city of Lebanon?,Bujumbura,Dhaka,Baghdad,Beirut,D,medium,false,
Geography,Kathmandu is the capital city of what country?,Gabon,Nepal,Togo,Rwanda,B,medium,false,
Geography,What is the name of the capital city of Latvia?,Reykjavik,Port Vila,Porto-Novo,Riga,D,medium,false,
Geography,This city is the capital of the Kingdom of Morocco.,Suva,Yaounde,Tehran,Rabat,D,medium,false,
Geography,The capital city of what country is called Quito?,Bolivia,Macedonia,Ecuador,Yemen,C,medium,false,
Geography,Name Zimbabwes capital which is an independent city equivalent to a province.,Harare,Cairo,Rome,Tunis,A,medium,false,
Geography,Name Moroccos capital that is also the capital of the Rabat-Salé-Zemmour-Zaer region.,Casablanca,Pretoria,Niamey,Rabat,D,medium,false,
Geography,Bamako is the capital of Madagascar.,True,False,,,B,medium,false,
Geography,What is the capital and largest city of the Republic of the Congo?,Brazzaville,Lusaka,Lima,Libreville,A,medium,false,
Geography,Ethiopias capital is Addis Ababa.,True,False,,,A,medium,false,
Geography,What port on the Atlantic Ocean is the capital and largest city of Guinea.,Baku,Dhaka,Conakry,Bujumbura,C,medium,false,
Geography,What is the capital and largest commercial city of Libya?,Ethiopia,Windhoek,Nouakchott,Tripoli,D,medium,false,
Geography,This city is Kenyas capital and the most populous city in East Africa.,Cape Town,Nairobi,Port Louis,Tripoli,B,medium,false,
Geography,Victoria is the capital of the Republic of Seychelles.,False,True,,,B,medium,false,
Geography,Alaska used to be part of Russia.,False,True,,,B,medium,false,
Geography,What is the currency of Russia?,franc,ruble,dollar,peso,B,medium,false,
Geography,How do you say hello in Russian?,Spasiba,Zdravstvuite,Dobry den,Do svidanya,B,medium,false,
Geography,What phrase means I love you in Russian?,Eu te amo,Ya lyublyu tebya,Te iu besc,Volim te,B,medium,false,
Geography,"Tetris, the popular falling-blocks video game, was invented in Russia.",False,True,,,B,medium,false,
Geography,Who is the first President of the Russian Federation?,Mikhail Kasyanov,Viktor Khristenko,Boris Yeltsin,Vladimir Putin,C,medium,false,
Geography,The first person in space was Russian.,False,True,,,B,medium,false,
Geography,Who commissioned  the St. Basils Cathedral?,Ivan the Marvelous,Ivan the Terrible,Ivan the Ultimate,Ivan the Magnificent,B,medium,false,
Geography,Name the capital city of the U.S. state of Wyoming.,Boise,Des Moines,Salt Lake City,Cheyenne,D,medium,false,
Geography,"The U.S. state of Oregon has been nicknamed after this animal, which is the official state animal.",Raccoon,Beaver,Marmot,Bear,B,medium,false,
Geography,Which U.S. state has been nicknamed The Silver State?,Nevada,Nebraska,North Dakota,New Mexico,A,medium,false,
Geography,Albuquerque is the largest city of which U.S. state?,Ohio,Kansas,Oklahoma,New Mexico,D,medium,false,
Geography,Name the capital city of the U.S. state of Montana.,Helena,Billings,Pierre,Sioux Falls,A,medium,false,
Geography,What does the name of the U.S. state of Texas literally mean in Caddo?,Vast,Buffalo,Wilderness,Friends,D,medium,false,
Geography,The state of Louisiana is bordered by the Gulf of Mexico on the south and three states. Which state does NOT border Louisiana?,Oklahoma,Texas,Arkansas,Mississippi,A,medium,false,
Geography,"When René-Robert Cavelier, Sieur de La Salle (Yikes!) claimed the territory he named it La Louisiane, which means....",Land of Lords or Land of the Lords.,Land of France or Long Live France.,Land of Life or The Life.,Land of Louis or The Lousiana.,D,medium,false,
Geography,What is the closest definition of Santeria?,Another name for the Catholic Church in Lousiana.,Another name for the Protestant Baptists religion in Lousiana.,A Cuban based religion popular in Lousiana.,A Jewish based religion popular in Lousiana.,C,medium,false,
Geography,"The first recorded Euroregion, Gronau, was founded in 1958. What countries established it?",Austria and Switzerland,Germany and Austria,Germany and Netherlands,Switzerland and Germany,C,medium,false,
Geography,The Beskidy (Beskydy) Euroregion is located in the west part of the Carpathian mountain range. Which three countries does it span?,"Hungary, Romania, Ukraine","Czech Republic, Poland, Slovakia","Czech Republic, Austria, Slovakia","Poland, Slovakia, Ukraine",B,medium,false,
Geography,Which country is not a member of the Adriatic Euroregion?,Montenegro,Albania,Serbia,Italy,C,medium,false,
Geography,"The ore and coal rich region of Silesia (pol.: Ślask, ger.: Schliesien, cz.: Slezsko) was ruled by Germans, Poles, Czechs and Austrians. To which country does it mostly belong today?",Slovakia,Germany,Poland,Czech Republic,C,medium,false,
Geography,Where would you find the Tornio River Valley Euroregion?,Sweden / Finland,Italy / Slovenia,Italy / France,Austria / Italy,A,medium,false,
Geography,"The Cross Channel Euroregion includes France, the UK and what other country?",Belgium,Ireland,Spain,Netherlands,A,medium,false,
Geography,"The region of Pomerania (ger.: Pomern, pol.: Pomorze) is located in north Germany and Poland. Which river divides the region into two parts?",Vistula,Danube,Elbe,Oder (Odra),D,medium,false,
Geography,The TriRhena Euroregion is spans these three countries crossed by the Rhine River.,"France, Germany and Switzerland","Belgium, Germany and Luxembourg","Austria, Germany and Switzerland","France, Germany and Holland",A,medium,false,
Geography,The Pyrenees-Mediterranean region is located along the border of which two countries?,France - Italy,Norway - Sweden,France - Spain,Spain - Portugal,C,medium,false,
Geography,Where would you find the Ore Mountains Euroregion?,Greece and Bulgaria,Spain and France,Czech Republic and Germany,Norway and Sweden,C,medium,false,
Geography,What is the state animal of Colorado and the symbol of Rocky Mountain National Park?,Mustang,Big Horned Sheep,White Tailed Deer,Buffalo,B,medium,false,
Geography,"Was Isabella Bird the first woman to climb Longs Peak, the highest point in Rocky Mountain National Park?",No,Yes,,,A,medium,false,
Geography,Mesa Verde National Park in southern Colorado is best known for which of the following?,"Rather large, fossilized dinosaur tracks",Massive trees known as Sequoias,The best-preserved cliff dwellings in the U.S.,A very rare flower that only grows in the mountains,C,medium,false,
Geography,One the worlds largest silver nuggets was found in Colorado.,True,False,,,A,medium,false,
Geography,"The Colorado River, the major river of the American southwest, flows through which national landmark?",The Hoover Dam,The Grand Canyon,Arches National Park,All of these,D,medium,false,
Geography,"Located at the Peterson Air Force base in Colorado, NORAD is a military organization that tracks aircraft, missiles and space vehicles. It also tracks what fictional character?",The Easter Bunny,The Tooth Fairy,None of these,Santa,D,medium,false,
Geography,What U.S. interstate runs east and west through Colorado?,I-40,I-80,I-90,I-70,D,medium,false,
Geography,"Today people visit Colorado to go skiing, hiking, mountain biking and to enjoy the scenery. But 100 years ago, tourists more often went to the mountains to do what?",Soak in hot springs,Play golf,Record music,Go horseback riding,A,medium,false,
Geography,"Early Colorado ranchers raised cattle, sheep, hogs, chickens, and turkeys, with the main focus on cattle.",True,False,,,A,medium,false,
Geography,"The huge grain industry in Colorado gives rise to breweries. Which of the following owns the biggest single site brewery located in Golden, Colorado?",Anheuser-Busch,Molson Coors Brewing Company,Jacob Leinenkugel Brewing Company,Highfalls Brewing Company,B,medium,false,
Geography,"On May 5, 1920 two Italian-Americans, Nicola Sacco and Bartolomeo Vanzetti, were arrested, tried, and executed for the April 15, 1920 murders of a South Braintree paymaster and security guard and theft of the payroll. What did Sacco give as his alibi?",He was in Plymouth peddling fish at the time.,He was visiting friends in West Bridgewater.,He was at the Italian consulate in Boston.,He was at work and had a time-card to prove it.,C,medium,false,
Geography,What is the state motto of Colorado?,Nothing Without the Deity,The people rule,God enriches,We Dare Defend Our Rights,A,medium,false,
Geography,What does the word Colorado mean?,Colored Red,Indian Sky,Rocky Mountains,Mountain High,A,medium,false,
Geography,What is the state fish of Colorado?,Rainbow Trout,Greenback Cutthroat Trout,Walleye,Salmon,B,medium,false,
Geography,What city in Colorado is known as the Richest Square Mile on Earth?,"Central City, Colorado","Denver, Colorado","Leadville, Colorado","Colorado Springs, Colorado",A,medium,false,
Geography,What was the popular slogan of the Colorado Gold Rush?,Westward Ho,Colorado Gold to Go,Go West Young Men,Pikes Peak or Bust,D,medium,false,
Geography,What year did Colorado become a state?,1876,1796,1896,1776,A,medium,false,
Geography,What city boasts the most parks in the US?,"Colorado Springs, Colorado","Golden, Colorado","Denver, Colorado","Aspen, Colorado",C,medium,false,
Geography,What legendary American frontiersman commanded a major fort in Colorado?,Daniel Boone,Kit Carson,Wild Bill Cody,Jim Bowie,B,medium,false,
Geography,"Glenwood Springs, Colorado was known for its hot springs and hospital. What famous outlaw and gun slinger expired from Tuberculosis there?",Billy The Kid,Jesse James,Doc Holliday,Wyatt Earp,C,medium,false,
Geography,On which continent is the famous active volcano Mount Nyiragongo located?,Asia,Australia,South America,Africa,D,medium,false,
Geography,On which of the islands of Papua New Guinea is the active volcano Ulawun located?,New Britain,New Guinea,Bougainville,New Ireland,A,medium,false,
Geography,"The Arabic name of Mount Etna, the second-largest active volcano in Europe, was Jebel Utlamat. What does this mean in English?",The Edge of the World,Mountain of Fire,Home of the Devil,Breathing Mountain,B,medium,false,
Geography,In what country is the active volcano Sakurajima located?,India,Peru,Japan,South Africa,C,medium,false,
Geography,"What is the name of the most active volcano in Mexico, located mostly in the Mexican state of Jalisco?",Nevado de Toluca,Barcena,Colima,Las Cumbres,C,medium,false,
Geography,"What does the Indonesian name of the Mount Merapi volcano, Gunung Merapi, mean in English?",Gods Wrath,Cursed Mountain,Mountain of Fire,Hell Mountain,C,medium,false,
Geography,In what country is the active volcano Koryaksky located?,Russia,Ukraine,Latvia,Poland,A,medium,false,
Geography,"In what US state is the Fourpeaked Volcano, also known as Fourpeaked Mountain, situated?",Colorado,Oregon,Alaska,Montana,C,medium,false,
Geography,"What is the name of the highest volcano in Asia, and the highest point in the Middle East?",Bazman,Sabalan,Taftan,Mount Damavand,D,medium,false,
Geography,"What is the name of the active volcano situated in Skamania County, Washington, USA, 50 miles (80 km) northeast of Portland, Oregon?",Mount St. Augustus,Mount St. Paul,Mount St. Georges,Mount St. Helens,D,medium,false,
Geography,The self-governed region of the Holy Mountain is considered part of the Greek state according to a decree passed in what year?,1910,1913,1925,1999,B,medium,false,
Geography,What type of government does Sweden have?,Absolute monarchy,Constitutional monarchy,None of these,Presidential republic,B,medium,false,
Geography,Which of these European countries shares a land border with Sweden?,Switzerland,Denmark,Lithuania,Norway,D,medium,false,
Geography,What are the colors of the national flag of Sweden?,Blue and yellow,White and blue,White and red,Red and yellow,A,medium,false,
Geography,What is the official language spoken by the citizens of Sweden?,Finnish and Swedish,Swedish,German and Swedish,Danish,B,medium,false,
Geography,What is the name of the largest city and capital of Sweden?,Helsinki,Stockholm,Oslo,Gothenburg,B,medium,false,
Geography,The Swedish name of Sweden is Sverige. What does this word literally mean?,Snow kingdom,Kingdom of the Swedes,Land of snow,Northern land,B,medium,false,
Geography,Which of these celebrities is not Swedish?,the members of ABBA,Lars Ulrich,Greta Garbo,Ingrid Bergman,B,medium,false,
Geography,What type of food is the popular Swedish dish called Surstromming?,Fish,Salad,Soup,Dessert,A,medium,false,
Geography,What song is used as a de facto anthem of Sweden?,Beautiful Sweden,The Song of the King,We Bow Before Thee,"Thou Ancient, Thou Free",D,medium,false,
Geography,What is the prevailing religion in Sweden?,Lutheranism,Eastern Orthodoxy,Protestantism,Roman Catholicism,A,medium,false,
Geography,What is the capital city of the Federative Republic of Brazil?,Sao Paulo,Bogota,Rio de Janeiro,Brasilia,D,medium,false,
Geography,What is the meaning of the Portuguese word brasa from which the name of Brazil possibly originated?,Jungle,River,Heaven,Ember,D,medium,false,
Geography,Which of these statements is wrong about the wildlife of Brazil?,It contains the most mammal species on the planet.,Brazil is the country with the largest biodiversity on the planet.,All of these,Brazil is the country with the most endemic species in the world.,D,medium,false,
Geography,What are the colors of the national flag of the Federative Republic of Brazil?,"Yellow, green, black and blue","White, blue, green and yellow","Red, green and yellow",Green and black,B,medium,false,
Geography,What is the official language of the Federative Republic of Brazil?,English and Spanish,Spanish,Spanish and Portuguese,Portuguese,D,medium,false,
Geography,What is the most popular sport among the people living in Brazil?,Volleyball,Rugby,Basketball,Football,D,medium,false,
Geography,What is the largest and richest city in Brazil?,Sao Paulo,Salvador,Rio de Janeiro,Brasilia,A,medium,false,
Geography,"What is the national motto of the Federative Republic of Brazil, also featured in the national flag of the country?",Faith and Honesty,Freedom Above All,Order and Progress,Unity and Strength,C,medium,false,
Geography,What type of food is the traditional Brazilian dish called Moqueca?,Dessert,Drink,Salad,Stew,D,medium,false,
Geography,On what day of the week does the parade of the famous Rio Carnival traditionally start?,Sunday,Thursday,Wednesday,Friday,A,medium,false,
