category_name,question_text,option_a,option_b,option_c,option_d,correct_answer,complexity,disabled,image_url
Literature,What does the word cretin refer to?,Cyst on the brain stem,None of these,An idiot,Swelling of the cerebrum caused by spinal fluid,C,medium,false,
Literature,Leaves of Grass,Carl Sandberg,T.S. Eliot,Robert Frost,Walt Whitman,D,medium,false,
Literature,At The Mountains of Madness,H.P. Lovecraft,Peter Straub,Edgar Allan Poe,C.S. Lewis,A,medium,false,
Literature,Ape and Essance; Eyeless in Gaza; Point Counter Point,J.D. Salinger,Aldous Huxley,Maya Angelou,William Butler Yeatts,B,medium,false,
Literature,1984; Animal Farm,Herman Hesse,Rudyard Kipling,George Orwell,Aldous Huxley,C,medium,false,
Literature,Return of the Native; Jude the Obscure; Far From the Madding Crowd,Thomas Hardy,William Faulkner,Rudyard Kipling,James Dickey,A,medium,false,
Literature,The Antichrist; The Gay Science; Beyond Good and Evil; Thus Spoke Zarathustra,none of these,Frederick Nietzche,Amari Baraka,Stephen King,B,medium,false,
Literature,What language can Harry Potter speak?,Goblin,English,Mermish,Parseltounge,D,medium,false,
Literature,Cornelia Fudge is the Minister of Magic.,False,True,,,A,medium,false,
Literature,Hermione was supposed to turn into this person after drinking the Polyjuice Potion.,Millicent Bulstrode,Crabbe,Millie Vanilli,Pansy Parkins,A,medium,false,
Literature,What was Hagrid buying in Knockturn Alley?,Flesh-Eating Slug Attractor,Fresh-Skin Slug Repellent,Flesh-Eating Ant Repellent,Flesh-Eating Slug Repellent,D,medium,false,
Literature,"This book by James Joyce was forbidden by the US authorities for 15 years, because it was considered obsene. The ban was lifted in 1933.",Ulysses,Portrait of the Artist,Dubliners,Fanny Hill,A,medium,false,
Literature,This book about the life of a prostitute was written by John Cleland. It has been banned in the past due to frank sexual descriptions.,Candide,Lysistrata,Fanny Hill,Decameron,C,medium,false,
Literature,This book tells the story of two women who meet and fall in love with each other. They openly declare their homosexuality to family and friends. Thats why the Kansas school system ordered the removal of all copies of this book from high school libraries.,Daddys Roommate,Andersonville,Annie on My Mind,Catch 22,C,medium,false,
Literature,This book led Austin Miles to the courts in 1992.  Miles was sued because his book was ...a vitriolic attack upon organized Christianity.,Leaves of Grass,Dictionary of American Slang,Jerusalem Delivered,Dont Call Me Brother,D,medium,false,
Literature,This book by Judy Blume was censored as it discussed adolescent sexuality in too much detail.,Grapes of Wrath,Lolita,Freedom and Order,Forever,D,medium,false,
Literature,This book by George Orwell was banned as it was pro-communist.,The Sun Also Rises,Coming Up for Air,1984,Deliverance,C,medium,false,
Literature,This Lewis Carrolls work was banned in China because in it humans and animals used the same language.,Sylvie and Bruno,Alices Adventures in Wonderland,Through The Looking Glass,The Hunting of the Snark,B,medium,false,
Literature,Its translation into local languages was forbidden in Burma.,The Quran,The Cabala,Arabian Nights,The Bible,D,medium,false,
Literature,"This book was censored in 1985 in Cairo, Egypt as it contained obscene passages which posed a threat to the countrys moral fabric.",Arabian Nights,Don Quixote,Analects,Brave New World,A,medium,false,
Literature,An edition of Miltons works was bound in:,Human skin,Golden plates,Bears fur,Used newspapers,A,medium,false,
Literature,Binding books with human hide was a common practice once. Why?,Because of lack of any other proper material,Because this sold the books more quickly than anything,Because the narrative in the book was about the story of the hides owner,Because it was fashionable at the time,C,medium,false,
Literature,The name of Cruella de Vil from 101 Dalmatians is meaningful because:,She actually likes cats and not dogs,She is the owner of the dalmatians,She doesnt give them any food,She wants the puppies for their fur,D,medium,false,
Literature,Who is the Shakespearean villain who had his own brother executed and innocent children killed because they were hindrances to his kingly ambition?,Edmund,Richard III,Aaron the Moor,Othello,B,medium,false,
Literature,"According to psychologists villains in fairy-tales actually have an important role for the childrens mind formation, namely:",They help children decide what is bad,They make the story really funny,They are interesting models of behaviour,They always lose the battle,A,medium,false,
Literature,The famous evil female Baba Yaga comes from:,A Norse legend,An Uzbekistanian fairy-tale,A Moroccan song,Russian folklore,D,medium,false,
Literature,"Harry Potter is concidered malicious literature by some, because:",Most of its characters are strange beings,Its characters are mainly clad in black clothes,It comprises too many volulmes,It is about witchcraft,D,medium,false,
Literature,It turns out that people like reading about crime. The top-selling English-language author of all time is:,Agatha Christie,Ben Johnson,Edgar-Allan Poe,Virginia Woolf,A,medium,false,
Literature,"Who wrote about the early whodunit archetype, inspector Auguste Dupin?",Georges Sands,Edgar Allan Poe,Washington Irving,Nathaniel Hawthorne,B,medium,false,
Literature,Dr. Alex Delaware is the creation of which of these authors?,Jonathan Kellerman,Kathy Reichs,Faye Kellerman,Ross McDonald,A,medium,false,
Literature,"Robert B. Parker completed Raymond Chandlers unfinished final novel, Poodle Springs.",False,True,,,B,medium,false,
Literature,"Kathy Reichs has written some great mysteries, where the primary character is Forensic Archaeologist, Kay Scarpetta.",False,True,,,A,medium,false,
Literature,"What is the name of Colin Creevys brother, who appears in the book Harry Potter and the Order of the Phoenix?",Carson Creevy,Darian Creevy,Dennis Creevy,James Creevy,C,medium,false,
Literature,Why was Hagrid missing in the beginning of Harry Potter and the Order of the Phoenix?,He went hunting unicorns.,He went looking for Dumbleodre.,He went looking for Sirius Black.,He went hunting giants.,D,medium,false,
Literature,What did Hermione do to Ron before she stormed out of the charms classroom in Harry Potter and the Half-Blood Prince?,She charmed a desk to fly over to Ron.,She charmed pencils to fly and poke Ron.,She charmed little yellow birds to fly at Ron and peck him.,She charmed a chair to fly across the room at Ron.,C,medium,false,
Literature,Draco Malfoy cries in a book of the Harry Potter series.,True,False,,,A,medium,false,
Literature,"Did Crabbe and Goyle ever become friends with Harry, Ron and Hermione in the Harry Potter books?",Yes,No,,,B,medium,false,
Literature,Harry liked Cho in the book Harry Potter and the Half-Blood Prince.,True,False,,,B,medium,false,
Literature,"In Harry Potter and the Philosophers Stone, before Harry went to fight Professor Quirrel and He-Who-Must-Not-Be-Named, Hermione helped him with a task that involved what?",A chess set by Professor Flitwick,An ancient textbook sent from Professor Binns,A set of potions sent from Professor Snape,A dragon sent from Hagrid,C,medium,false,
Literature,"What was the name of the handsome, selfish teacher in Harry Potter and the Chamber of Secrets?",Professor Gilderoy Lockhart,Professor Godric Gryffindor,Professor Severus Snape,Professor Cedric Diggory,A,medium,false,
Literature,"In Harry Potter and the Philosophers Stone, what was the password to the Gryffindor tower during Halloween?",Pig snout,Fairy lights,None of these,Zebras tail,A,medium,false,
Literature,"In Harry Potter and the Philosophers Stone, who gave Nearly-Headless Nick the rejection letter from the Headless Hunt?",Sir Delaney Patrick-Podmore,Sir Sturgis Podmore,Sir Patrick Delaney-Podmore,Sir Bloody Baron,C,medium,false,
Literature,"In the Harry Potter series, who created the Ravenclaw House when Hogwarts was built?",Rowena Ravenclaw,Ronald Ravenclaw,Rowana Ravenclaw,Ricky Ravenclaw,A,medium,false,
Literature,What was the name of the child who delivered Ron his parcels in Harry Potter and the Goblet of Fire?,Creevy,Dennis,Collin,Nigel,D,medium,false,
Literature,Filch is a wizard in the Harry Potter books.,False,True,,,A,medium,false,
Literature,Who took over the Fat Ladys job after she was scared out of her portrait in Harry Potter and the Prisoner of Azkaban?,Sir Cadogan,Trolls,Sirius Black,Sir Delaney Patrick-Podmore,A,medium,false,
Literature,Who lost the list of passwords for the Gryffindor tower in Harry Potter and the Prisoner of Azkaban?,Dean Thomas,Neville Longbottom,Ron Weasley,Padma Patil,B,medium,false,
Literature,"In Harry Potter and the Half-Blood Prince, who was bitten by the werewolf Fenfir Greyback?",Ron,Bill,Charlie,Percy,B,medium,false,
Literature,Who killed Dumbledore in Harry Potter and the Half-Blood Prince?,Professor Binns,Lucius Malfoy,Professor Snape,Bellatrix Lestrange,C,medium,false,
Literature,What is James Potter called by Lily Evans in Harry Potter and the Order of the Phoenix?,"A bullying, selfish git",A big-headed git,"A selfish, bullying toerag",An ignorant git,C,medium,false,
Literature,"What house was Cho Chang in, as explained in Harry Potter and the Prisoner of Azkaban, Order of the Pheonix, and Goblet of Fire?",Griffyndor,Slytherin,Hufflepuff,Ravenclaw,D,medium,false,
Literature,Who gave Dudley a pigs tail using a pink umbrella in the book Harry Potter and the Philosophers Stone?,Draco Malfoy,Rubeus Hagrid,Vernon Dursley,Harry Potter,B,medium,false,
Literature,Does Harry arrive at Privet Drive with Dumbledore in the first book of the Harry Potter series?,No,Yes,,,A,medium,false,
Literature,"In Harry Potter and the Philosophers Stone, after getting off the Hogwarts Express, how did Harry and his fellow First Years get to the castle?",by boat across the lake,on their broomsticks,in a flying car,walking,A,medium,false,
Literature,Who saved Harry from Voldemort in the Forbidden Forest in the first volume of the Harry Potter series?,Firenze,Fred and George Weasley,Albus Dumbledore,Hermione Granger,A,medium,false,
Literature,"In Harry Potter and the Philosophers Stone, Severus Snape bewitches Harrys broom during the Quidditch match between Gryffindor and Sytherin.",False,True,,,A,medium,false,
Literature,Why were Harry and Hermione at the top of the tallest astronomy tower when they were caught by Filch in Harry Potter and the Philosophers Stone?,They were giving Norbert to Charlies friends.,They were having a meal.,They were fighting Death Eaters.,They were doing their homework.,A,medium,false,
Literature,It is stated in the first book of the Harry Potter series that Harry received his first Nimbus Two Thousand broom in the second year of his education at Hogwarts.,False,True,,,A,medium,false,
Literature,What was Harry Potters first Famous Witch and Wizards card according to the first volume of the series?,Godric Gryffindor,Albus Dumbledore,Helga Hufflepuff,Merlin,B,medium,false,
Literature,"Did Harry, Ron and Hermione encounter a Venomous Tentacula in the first book of the series, after dropping through the trapdoor that Fluffy was guarding?",Yes,No,,,B,medium,false,
Literature,Who gave Harry his invisibility cloak in Harry Potter and the Philosophers Stone?,Dumbledore,Molly Weasley,Hermione,Hagrid,A,medium,false,
Literature,In which Stephen King story do we meet the evil Randall Flagg?,Salems Lot,It,Rose Madder,The Stand,D,medium,false,
Literature,In which Stephen King story do we meet a banker from Maine named Andy Dufresne?,Shawshank Redemption,Children of the Corn,Cujo,Needful Things,A,medium,false,
Literature,Paul Edgecomb is a character in which Stephen King story?,Misery,Dolores Claiborne,Graveyard Shift,The Green Mile,D,medium,false,
Literature,Jud Crandall and Louis Creed are characters in which Stephen King story?,Christine,Pet Sematary,The Lawnmower Man,Night Shift,B,medium,false,
Literature,In which Stephen King story do we meet a red-headed character named Malachai?,Children of the Corn,The Tommyknockers,Firestarter,The Shining,A,medium,false,
Literature,In which Stephen King story are we introduced to a recovering alcoholic named Jack Torrance?,The Shining,Creepshow,The Boogeyman,Thinner,A,medium,false,
Literature,"Billy Halleck, a rather rotund lawyer, is a character from which Stephen King story?",Insomnia,Thinner,Rose Madder,Storm of the Century,B,medium,false,
Literature,The paraplegic Marty Coslaw is a character in which Stephen King story?,The Stand,Bag of Bones,Night Shift,Silver Bullet,D,medium,false,
Literature,In which Stephen King story to we meet the intriguing stranger Andre Linoge?,Misery,Salems Lot,Carrie,Storm of the Century,D,medium,false,
Literature,The former nurse Annie Wilkes is a character from which Stephen King story?,Dolores Claiborne,Rose Madder,Firestarter,Misery,D,medium,false,
Literature,Pennywise is introduced to us in a storm sewer from which Stephen King story?,Creepshow,Pet Sematary,It,Needful Things,C,medium,false,
Literature,Johnny Smith is a character that awakens from a coma in which Stephen King story?,The Green Mile,The Dead Zone,The Tommyknockers,Graveyard Shift,B,medium,false,
Literature,Arnie Cunninghams character is a nerdy high school student from which Stephen King story?,Children of the Corn,Christine,Cujo,Carrie,B,medium,false,
Literature,"What fantasy series tells us first about a sword, then about the elfstones and finally about a wishsong?",Shannara,Dragon Riders of Pern,Sword of Truth,Chronicles of Narnia,A,medium,false,
Literature,"In this sci-fi story, a young boy is given advanced training and then tricked into destroying an invading an alien fleet.",Enders Game,The Boat of a Million Years,Wisdom Beyond Fear,Harsh Reality,A,medium,false,
Literature,Which author describes the worlds of the Belgariad and the Malloreon?,David Eddings,Terry Goodkind,J. R. R. Tolkien,Robert Jordan,A,medium,false,
Literature,The fictional spice-drug Melange has a central role in which Sci-fi epic?,The Black Legion,The Pirates of Orion,War of the Worlds,DUNE,D,medium,false,
Literature,"This fantasy series features channelers, who can control the One Power, a mighty force that comes from the True Source, and is separated into two halves: a male part -saidin, and a female one - saidar.",The Wheel of Time,Running with the Demon,Ring World,Corinthia,A,medium,false,
Literature,"This series depicts a unicorn-riding wizard, who is actually a contestant in a game show, in the futuristic world of Proton.",Endless Recursion,Xanth,Apprentice Adept,The Divided Wolrd,C,medium,false,
Literature,"This popular fantasy series tells the story of a small human-like character, sent on a mission to save the world. He has to destroy an item of dark and terrible power by casting it into the fires of the mountain, where it was made.",The Wheel of Time,The Chronicles of Narnia,The Sword of Truth,Lord of the Rings,D,medium,false,
Literature,"Which Fantasy Series tells the story of  the War Wizard, Richard Rahl?",The Wheel of Time,Greystone Trilogy,The Sword of Truth,Battle Mage Trilogy,C,medium,false,
Literature,Which sci-fi classic features the story of an alien invasion thwarted by earths microorganisms?,Speaker for the Dead,Close Encounters,2001: Space Odyssey,War of the Worlds,D,medium,false,
Literature,Which fantasy series by C.S. Lewis includes a book entitled The Voyage of the Dawn Treader?,The Magic of Xanth,The Chronicles of Narnia,Lord of the Rings,The Pirates of Psion,B,medium,false,
Literature,"In the novel Gone with the Wind, what is Scarlett O Haras first name?",Scarlett,Carreen,Melanie,Katie,D,medium,false,
Literature,Which war is described in the novel Gone with the Wind?,The war in Iraq,The war of 1812,The Revolutionary War,The Civil War,D,medium,false,
Literature,"In the novel Gone with the Wind, what was the name of Scarletts first house -- the house she had her childhood in and loved more than anything?",Tara,Leps,Ward,Yern,A,medium,false,
Literature,How many children did Scarlett have in the novel Gone with the Wind?,3,4,1,6,A,medium,false,
Literature,"In the novel Gone with the Wind, what were the names of the two slaves Scarletts father bought, and what relationship did they have?","Dilcey and Prissy, cousins","DIlcey and Prissy, mother and daughter","Mammie and Prissy, sisters","Mammie and Dilcey, best friends",B,medium,false,
Literature,"In the novel Gone with the Wind, Scarletts father bought two slaves from Raif Tarleton.",False,True,,,A,medium,false,
Literature,"In the novel Gone with the Wind, Dilcey had two children.",True,False,,,A,medium,false,
Literature,"Name the 19th century novel, which begins with the following sentence: ‘It is a truth universally acknowledged, that a single man in possession of a good fortune, must be in want of a wife.’",Sense and Sensibility,North and South,Pride and Prejudice,Vanity Fair,C,medium,false,
Literature,"This quote is from a novel which focuses on the myth of hedonism: ‘The only way to get rid of a temptation is to yield to it. Resist it, and your soul grows sick with longing for the things it has forbidden to itself, with desire for what its monstrous laws have made monstrous and unlawful.’  Name the novel.",Lady Chatterleys Lover,The Picture of Dorian Gray,A Portrait of the Artist As a Young Man,Ulysses,B,medium,false,
Literature,"The following quote is from a novel which describes a society, characterized mainly by the lack of freedom: ‘Freedom is the freedom to say that two plus two make four. If that is granted, all else follows.’  Name the novel.",A Good man in Africa,1984,Lord of the Flies,Heart of Darkness,B,medium,false,
Literature,"The main character from this literary work by Philip Roth addresses the following words to his domineering and meticulous Jewish mother: ‘Because to be bad, Mother, that is the real struggle: to be bad and to enjoy it. That is what makes men of us boys.’",Portnoys Complaint,My Life As a Man,The Sun Also Rises,The Catcher in the Rye,A,medium,false,
Literature,"In this novel, with the following sentences, David Lodge sums up the fact that his Catholic characters ceased to believe in the existence of hell: ‘At some point in the nineteen-sixties, Hell disappeared. No one could say for certain when this happened. First it was there and then it wasn’t.",The Remains of the Day,How Far Can You Go,The Bloody Chamber,The Silence in the Garden,B,medium,false,
Literature,"The following quote is from a literary work by Kurt Vonnegut in which the characters search for an important and dangerous substance called ‘ice-nine’: ‘Beware of the man who works hard to learn something, learns it, and finds himself no wiser than before. He is full of murderous resentment of people who are ignorant without having come by their ignorance the hard way.’  Name the literary work.",Breakfast of Champions,Cats Cradle,Catch-22,Slaughterhouse 5,B,medium,false,
Literature,"The following speculation is from a novel set in the gloomy Fen Country of East Anglia: ‘Realitys not strange, not unexpected. Reality doesnt reside in the sudden hallucination of events. Reality is uneventfulness, vacancy, flatness. Reality is that nothing happens. How many of the events of history have occurred, ask yourselves, for this and for that reason, but for no other reason, fundamentally, than the desire to make things happen?’  Can you name the novel?",Times Arrow,Last Orders,Waterland,Sugar and Rum,C,medium,false,
Literature,"This quote is from a novel by Somerset Maugham, which tells the story of a young man searching for the meaning of life:  ‘It is an illusion that youth is happy, an illusion of those who have lost it; but the young know they are wretched, for they are full of the truthless ideals which have been instilled into them and each time they come in contact with the real they are bruised and wounded.",Of Human Bondage,Theatre,Sons and Lovers,Dombey and Son,A,medium,false,
Literature,"In this novel, the following words are said by the protagonist, Isadora Wing, who is in pursuit of liberation: ‘I was nobody’s baby now. Liberated. Utterly free. It was the most terrifying sensation I’d ever known in my life. Like teetering on the edge of the Grand Canyon and hoping you’d learn to fly before you hit the bottom.",A Good Man Is Hard to Find,Editha,Tropic of Cancer,Fear of Flying,D,medium,false,
Literature,"This is a quote from a novel in which the action takes place in a mental institution: ‘You have to laugh at the things that hurt you just to keep yourself in balance, just to keep the world from running you plumb crazy.’  Name the novel.",‘One Flew Over the Cuckoo’s Nest’,Lost in the Funhouse,Something Happened,The Winter of Our Discontent,A,medium,false,
Literature,"After Dr. Seuss used 236 different words to write The Cat in the Hat, his publisher, Bennett Cerf, bet $50 that Seuss could not write a book of only fifty words. Seuss won the bet with this book in 1960.",Hop on Pop,Theres a Wocket in My Pocket!,Green Eggs and Ham,One Fish Two Fish Red Fish Blue Fish,C,medium,false,
Literature,"Published in January 1990, this is the last book written and illustrated by Dr. Seuss. In the US, its a popular graduation gift.",My Book about ME,I Am NOT Going to Get Up Today!,"Oh, the Places Youll Go!",Fox in Socks,C,medium,false,
Literature,The plot of this 1984 Seuss satire has been likened to the war between Blefuscu and Lilliput in Jonathan Swifts Gullivers Travel and their war over which end of an egg is supposed to be cracked.,The Butter Battle Book,Oh Say Can You Say?,Green Eggs and Ham,Theres a Wocket in My Pocket!,A,medium,false,
Literature,"Youre a Mean One, Mr. Grinch, one of the most famous songs from the 1966 animated TV special How the Grinch Stole Christmas!, was sung by the narrator Boris Karloff.",True,False,,,B,medium,false,
Literature,The title of this 1956 Dr. Seuss book has become a popular phrase used to introduce an opinion.,If I Ran the Circus,Oh Say Can You Say?,If I Ran the Zoo,And to Think That I Saw It on Mulberry Street,A,medium,false,
Literature,"Published in 1937, this is Dr. Seusss first book. Its main character Marco is based on Marco McClintock, the son of Mike McClintock, Seuss editor, and Helene McClintock, to whom he dedicated the book.",Theres a Wocket in My Pocket!,And to Think That I Saw It on Mulberry Street,Horton Hatches the Egg,The Cat in the Hat,B,medium,false,
Literature,In this 1954 Dr. Seuss book the moral of the story (and a repeated phrase throughout the book) is: a persons a person no matter how small. This was the first of two Seuss books starring this kind-hearted elephant.,Hop on Pop,Theres a Wocket in My Pocket!,Horton Hears a Who!,Hooper Humperdink...? Not Him!,C,medium,false,
Literature,"This 1971 Dr. Seuss book about a mossy,  bossy creature, the Once-ler and the Truffula trees has been banned by some schools and libraries for its anti-forestry industry content.",The Butter Battle Book,Horton Hears a Who!,Fox in Socks,The Lorax,D,medium,false,
Literature,"What book by Dr. Seuss contains the quote: When a Fox is in the bottle where the Tweetle Beetles battle with their paddles in a puddle on a noodle-eating poodle, THIS is what they call......a Tweetle Beetle Noodle Poodle Bottled Paddled Muddled Duddled Fuddled Wuddled Fox In Socks, Sir!?",The 500 Hats of Bartholomew Cubbins,If I Ran the Circus,Fox in Socks,"Oh, the Places Youll Go!",C,medium,false,
Literature,Voyage of the Dawn Treader was written by this author.,T S Elliot,C S Lewis,Lewis Carrol,Brothers Grimm,B,medium,false,
Literature,This famous childrens poet wrote Where the Sidewalk Ends and The Giving Tree.,Dr Seuss,none of these,Lewis Carrol,Shel Silverstien,D,medium,false,
Literature,"Dante Alighieri (1265-1321) probably began this work in 1306. Its first canto begins with: Midway upon the journey of our life I found myself within a forest dark, for the straightforward pathway had been lost.",Troilus and Cressida,The Divine Comedy,The Decameron,Gargantua and Pantagruel,B,medium,false,
Literature,The Canterbury Tales is a collection of stories written by Geoffrey Chaucer. It recounts the tales told by individuals on a pilgrimage to the shrine of Saint Thomas Becket at Canterbury Cathedral. Which of the following was not a character in this work?,Physician,Reeve,Tax Collector,Yeoman,C,medium,false,
Literature,"In the novel Don Quixote by Spanish author Miguel de Cervantes Saavedra, who is the witty squire and companion to Alonso Quixano?",Aldonzo Lorenzo,Antonio de la Gandara,Che Guevara,Sancho Panza,D,medium,false,
Literature,"In this tragic play by William Shakespeare, three witches tell a general in the army of King Duncan that he will never be vanquishd until Great Birnam wood to high Dunsinane Hill shall come against him.",The Tempest,Macbeth,Hamlet,Titus Andronicus,B,medium,false,
Literature,"This 1971 novel by Anthony Burgess relates the story of a fifteen-year-old boy named Alex, who, with his gang members (known as droogs) roam the streets at night, committing violent crimes for enjoyment.",Helter Skelter,A Clockwork Orange,Fahrenheit 451,Catcher in the Rye,B,medium,false,
Literature,"The famous line In the room the women come and go, talking of Michelangelo is from the poem The Love Song of J. Alfred Prufrock by this influential 20th century poet.",W. H. Auden,Robert Browning,Robert Frost,T. S. Eliot,D,medium,false,
Literature,"This great work of Russian literature by Fyodor Dostoevsky features the character Raskolnikov, an impoverished St. Petersburg student who kills an unscrupulous pawnbroker.",Dead Souls,And Quiet Flows the Don,The Brothers Karamazov,Crime and Punishment,D,medium,false,
Literature,"This novel by Charles Dickens, published in 1850, is considered his most autobiographical. It begins with: Whether I shall turn out to be the hero of my own life, or whether that station will be held by anybody else, these pages must show. Characters include Wilkins Micawber and Uriah Heep.",Great Expectations,David Copperfield,A Tale of Two Cities,Bleak House,B,medium,false,
Literature,As Gregor Samsa awoke one morning from uneasy dreams he found himself transformed in his bed into a gigantic insect is the opening line to this famous work of German fiction by Franz Kafka.,The Metamorphosis,Thus Spoke Zarathustra,As I Lay Dying,Heart of Darkness,A,medium,false,
Literature,"This novel by Charlotte Brontë includes the character Mr. Rochester, whose wife is a violent lunatic.",Jane Eyre,Wuthering Heights,A Room with a View,The Turn of the Screw,A,medium,false,
Literature,"Fifteen men on the dead mans chest— Yo-ho-ho, and a bottle of rum! is a famous line from Treasure Island, a novel by this author published in 1883.",James Fenimore Cooper,Robert Louis Stevenson,Ralph Waldo Emerson,William Makepeace Thackeray,B,medium,false,
Literature,"Death be not proud, though some have called thee mighty and dreadfull, for, thou art not so is a portion of a work by this poet who lived from 1572-1631.",John Milton,John Donne,Lord Byron,William Blake,B,medium,false,
Literature,"In what 1851 novel would you find the characters Ishmael, Captain Ahab, Queequeg and Starbuck?",Voyage of the Dawn Treader by C. S. Lewis,Heart of Darkness by Joseph Conrad,Moby Dick by Herman Melville,The Jungle by Upton Sinclair,C,medium,false,
Literature,"This early Anglo-Saxon work, possibly from the 800s, features the antagonist Grendel, a descendant of Cain who invades the mead-hall of the Danes and eats the men within. The title character ultimately beheads Grendel and keeps it as a trophy.",Oedipus Rex,Morte Arthure,Beowulf,Epic of Gilgamesh,C,medium,false,
Literature,"In Stephen Kings novel Bag of Bones, what is the location of the Noonans summer home?",Sarah Laughs,Black House,Parilloud,Lewiston,A,medium,false,
Literature,What is the name of Dolores Claibornes wealthy employer in the Stephen King novel Dolores Claiborne?,Jamie ONeal,Selena Cook,Joe St. George,Vera Donovan,D,medium,false,
Literature,"In the horror novel Misery, Annie Wilkes was referred to by the newspapers as what?",The Dragon Lady,The Baby Slayer,The Black Widow,Misery,A,medium,false,
Literature,What is Stephen Kings first published novel?,Salems Lot,Carrie,The Stand,The Shining,B,medium,false,
Literature,What novel did Stephen King and Peter Straub co-author in 1983?,Twilight Eyes,The Talisman,Black House,Shadowland,B,medium,false,
Literature,"In the novel Cristine, Dennis decides he does not like Christine, because, while sitting in it, he has a vision of the car and the surroundings as they would be in 1957 when the car was new.",False,True,,,B,medium,false,
Literature,"Once in a kingdom called Delain, there was a king with two sons. Delain was a very old kingdom and it had had hundreds of kings, perhaps, even thousands... is the beginning of what book?",The Stand,The Dark Tower I: The Gunslinger,The  Dark Tower IV: The Wizard and the Glass,The Eyes of the Dragon,D,medium,false,
Literature,"In the novel Pet Semetary, what is the name of the Creeds cat that is buried and returns to life?",Jud,Church,Gage,Louis,B,medium,false,
Literature,Who fell into the lake?,Neville,Colin,Hermione,Dennis,D,medium,false,
Literature,George used the Jelly-Legs curse on Goyle.,True,False,,,B,medium,false,
Literature,On what day did Percy say he would have the report ready for Mr Crouch?,Monday,Thursday,Friday,Tuesday,D,medium,false,
Literature,Goblet of Fire started a series of deaths in the books. Who died in Goblet of Fire?,Wormtail,Padfoot,Dumbledore,Cedric Diggory,D,medium,false,
Literature,Harry rescued Hermione from the Merpeople.,True,False,,,B,medium,false,
Literature,Where do Harry Potter and Ron leave the chocolate cakes for Crabbe and Goyle to find?,On the Floor,At the end of the banister,Floating near the entrance to the Slytherin Common Room,Floating mid-air in the exit of the Great Hall,B,medium,false,
Literature,"In chapter one of Harry Potter and the Prisoner of Azkaban, Harry has Snapes essay on Sleeping Draughts hidden under the floorboard.",True,False,,,B,medium,false,
Literature,"In chapter 7 of Harry Potter and the Prisoner of Azkaban, titled The Boggart in the Wardrobe, a severed hand comes out of the wardrobe for Seamus Finnegan.",No,Yes,,,A,medium,false,
Literature,"How long does Dudleys tongue become, after eating Fred and Georges candies, in the fourth book of the Harry Potter series?",1 ft.,2 ft.,2.5 ft.,3 ft.,A,medium,false,
Literature,Rons Christmas gift to Dobby in Harry Potter and the Goblet of Fire is a tea cozy.,False,True,,,A,medium,false,
Literature,What room does Harry Potter go to for his hearing in the 5th book of the series?,Courtroom 10,Courtroom13,Courtroom 11,Courtroom 7,A,medium,false,
Literature,"In chapter 24 of book 5, what breaks Snapes attempt to use Legilimency on Harry Potter?","Fluffys attack on Harry, Hermione and Ron",The vision of Cedrics dead body,Voldemorts re-birth,The Dementors kiss on Sirius,B,medium,false,
Literature,The weapon that Voldemort wanted in book 5 of the Harry Potter series was Harry.,No,Yes,,,A,medium,false,
Literature,Who wrote the novel Gone With the Wind?,Margaret Mitchell,Pansey OHara,Ann Marie Tyler,Jacqueline Susan,A,medium,false,
Literature,"In 2000, Alice Randall wrote a new version of Gone With the Wind in which the story is told from the point of view of the slaves. What was the name of this novel?",Scarletts Troubles,Went With the Wind,The Wind Done Gone,Tomorrow Aint  Another Day,C,medium,false,
Literature,"In 1962, the best known music theme from the movie Gone with the Wind often called Taras Theme, was made into a hit record on the pop charts. Which group had a 1962 hit with My Own True Love?",The Coasters,The Dovells,The Duprees,The Shangri-Las,C,medium,false,
Literature,Who portrayed Ashley Wilkes in the popular movie Gone with the Wind?,Gary Cooper,Groucho Marx,Leslie Howard,Voctor Jory,C,medium,false,
Literature,"Excluding the opening music, the intermission, and exit music, how long does the movie Gone with the Wind run?",148 minutes,127 minutes,180 minutes,222 minutes,D,medium,false,
Literature,Three men are given credit as directors of the movie Gone with the Wind. Which one of the following directors is not among them?,Sam Wood,Raoul Walsh,George Cukor,Victor Fleming,B,medium,false,
Literature,"The company that produced Gone with the Wind was fined because Rhett  Butler says the word damn in his famous line: Frankly my dear, I dont give a damn.",True,False,,,B,medium,false,
Literature,How much did David O. Selznick pay for the rights to the book Gone with the Wind?,"$5,000,000",nothing,"$5,000","$50,000",D,medium,false,
Literature,The producer of the movie Gone with the Wind was short of money and needed a male lead. With whom did he make a deal?,With his father-in-law,With Columbia Films,With his father,With  United Artists,A,medium,false,
Literature,A TV  sequel to  Gone with the Wind was released in 1994.,True,False,,,A,medium,false,
Literature,Which American author is popularly known as the chronicler of the Jazz Age - the period between World War I and World War II?,Ernest Hemingway,John Dos Passos,John Steinbeck,F. Scott Fitzgerald,D,medium,false,
Literature,Which novel by Ernest Hemingway was published in Great Britain under the title Fiesta?,Death in the Afternoon,A Farewell to Arms,The Sun Also Rises,For Whom the Bell Tolls,C,medium,false,
Literature,"Which 1929 novel narrates the decline of the distinguished Southern family, the Compsons?",East of Eden by John Steinbeck,The Sound and the Fury by William Faulkner,Manhattan Transfer by John Dos Passos,This Side of paradise by F. Scott Fitzgerald,B,medium,false,
Literature,The 1961 publication of this sexually explicit novel led to an obscenity trial in the USA.,Naked Lunch,Tropic of Cancer,A Spy in the House of Love,On the Road,B,medium,false,
Literature,"Which novel, set in the Great Depression of the 1930s, won the the Pulitzer Prize in 1940?",The Naked and the Death,Tortilla Flat,An American Tragedy,The Grapes of Wrath,D,medium,false,
Literature,Which of the following is not a character depicted by Joseph Heller in his anti-war novel Catch-22?,Papa Monzano,Major Major Major Major,Chief White Halfoat,Dunbar,A,medium,false,
Literature,Humbert Humbert is the protagonist and narrator of which 1955 novel?,Lolita,The Awakening,In Cold Blood,Something Happened,A,medium,false,
Literature,Which of these novels is not part of the popular Rabbit series written by John Updike?,Rabbit Redux,Rabbit in Love,"Rabbit, Run",Rabbit Is Rich,B,medium,false,
Literature,"Which author was not a reperesentative figure of the Harlem Renaissance, an African American cultural movement of the 1920s and early 1930s?",Carl Sandburg,ZoraNeale Hurston,Countee Cullen,Langston Hughes,A,medium,false,
Literature,"Who wrote the semi-autobiographical novel Junkie, which gives an account of the lifestyle of heroin addicts in the early 1950s?",Jack Kerouac,Philip Roth,Saul Bellow,William S. Burroughs,D,medium,false,
Literature,"In this book, a man loses his memory during the war, falls in love and marries, then hits his head and remembers his former life, forgetting his wife completely.",Random Harvest,The Razors Edge,Round the Bend,For Whom the Bell Tolls,A,medium,false,
Literature,This novel tells the story of a man that meets his double and changes identities with him.,Body Double,Dead Ringers,The Scapegoat,The Silent Partner,C,medium,false,
Literature,"A man who searches for inner peace, finally finding it by the side of a river is the protagonist of this 1922 German novel.",A River Runs Through It,On the Beach,In Search of the Miraculous,Siddhartha,D,medium,false,
Literature,"In this book, a man says that he will stop the motor of the world. He does so by removing the creative and visionary leaders from society one by one, tempting them to come live in an utopian society in the wilderness.",Giant,Utopia,Heart of Darkness,Atlas Shrugged,D,medium,false,
Literature,The main character of this novel can make people disappear from existence with an effort of will.,Steppenwolf,Stranger in a Strange Land,The Mote in Gods Eye,When the Bough Breaks,B,medium,false,
Literature,"In this novel, the son of a wealthy man is obsessed with creating more wealth, in a subconscious desire to rebel against his father. In the end, he discovers that he has become his father. During his life, he invests in airplanes and movies, among other things. He has many affairs with beautiful women along the way.",The Carpetbaggers,L.A. Confidential,Valley of the Dolls,The Tycoon,A,medium,false,
Literature,"Electrodes are implanted into the brain of this book’s protagonist in an effort to cure his seizures. But the electrodes fire too often, making him go on a murderous rampage.",The Electric Michelangelo,Altered States,The Electric Kool-Aid Acid Test,The Terminal Man,D,medium,false,
Literature,A mild-mannered coward is enlisted to help a group of hardened criminals pull off a museum theft in this 1962 English novel.,The Light of Day,The House on the Strand,The Empty Copper Sea,The Boomerang Heist,A,medium,false,
Literature,"In this novel, an adult man is obsessed with a teenage girl.",Obsession,Rebecca,Lolita,Studio Sex,C,medium,false,
Literature,This book tells the story of a pilot and a scientist on an air expedition to Greenland who have separate dreams of being two long-dead lovers.,Eaters of the Dead,An Old Captivity,The Interpretation of Dreams,Lost Horizon,B,medium,false,
Literature,Name the movie that ends with the following line: Louis. I think this is the beginning of a beautiful friendship.,Casablanca,The African Queen,The Maltese Falcon,Sahara,A,medium,false,
Literature,"They hand in hand, with wandering steps  and slow, Through Eden took their solitary way is from a work by this author.",William Shakespeare,Geoffrey Chaucer,James Joyce,John Milton,D,medium,false,
Literature,Which movie ends with these lines:  Yes! Yes! I believe it. I believe it because I want  to believe it. Gentlemen I give you a toast. Heres my hope that Robert Conway will find his Shangri-La. Heres my hope that we all find our Shangri-La.?,Jane Eyre,Wuthering Heights,Lost Horizon,Green Mansions,C,medium,false,
Literature,"So we beat on, boats against the current, borne back into the past. was  the last line in a book by this  author.",Herman Melville,F. Scott Fitzgerald,Werner Herzog,Thomas  Hardy,B,medium,false,
Literature,Mother of Mercy! Is this the end of Rico? is the  last line of this great movie.,Little Ceasar,The Great Santini,Carlitos Way,Midnight Cowboy,A,medium,false,
Literature,"Which Shakespearean play ends with this line: So thanks to all at once and  to each one, Whom we invite to see us crowned at Scone.","Henry IV, Part I",Hamlet,Macbeth,Othello,C,medium,false,
Literature,Which great movie ends with this line: Victory is Ours!?,Dr. Strangelove,Duck Soup,The Battleship Potempkin,The Great Dictator,B,medium,false,
Literature,"Which great movie ends with this line: The, uh, stuff that dreams are made of. Huh?",Casablanca,The Maltese Falcon,Sahara,Citizen Kane,B,medium,false,
Literature,"Which great movie ends with these lines: O-Lan, you are the Earth.?",The Day the Earth Stood Still,Green Mansions,The Good Earth,Lost Horizon,C,medium,false,
Literature,Which movie ends with these lines: Hello everybody. This is Mrs. Norman Maine.?,Citizen Kane,A Star is Born,Radio Star,A Day at the Races,B,medium,false,
Literature,"This movie is about a drifter, who works for a cruel boss at a textile mill, and comes across a mutated rat with no eyes or legs.",Cats Eye,Sometimes They Come Back,Pet Sematary,Graveyard Shift,D,medium,false,
Literature,"This actress played the little girl, Amanda, in the horror movie Cats Eye.",Drew Barrymore,Alyssa Milano,Molly Ringwald,Patricia Benson,A,medium,false,
Literature,"This Stephen King movie is about Jack Torrance, a writer who takes a job as a caretaker for the Overlook Hotel.",Misery,Rose Red,Pet Sematary,The Shining,D,medium,false,
Literature,What animal was the main character in the horror movie Cujo?,Snake,Alligator,Cat,Dog,D,medium,false,
Literature,What actress plays Annie Wilkes in the movie Misery?,none of these,Terri Garr,Cheryl Ladd,Kathy Bates,D,medium,false,
Literature,Which novel by Charles Dickens is generally regarded as the first Victorian novel?,Dombey and Son,The Pickwick Papers,David Copperfield,Barnaby Rudge,B,medium,false,
Literature,This highly symbolic story by Polish-born novelist Joseph Conrad served as a base for the movie Apocalypse Now.,Lord Jim,The Shadow Line,An Outcast of the Islands,Heart of Darkness,D,medium,false,
Literature,"Which novel by Thomas Hardy had the subtitle A Pure Woman, which shocked Victorian readers?",Tess of the dUrbervilles,The Hand of Ethelberta,The Return of the Native,Emma,A,medium,false,
Literature,"Which of the Bronte sisters wrote Shirley, a novel set in Yorkshire during the industrial depression?",Emily,Charlotte,Elizabeth,Anne,B,medium,false,
Literature,"Which list contains the names of the Bennet sisters, depicted by Jane Austin in Pride and Prejudice?","Cathrine, Jane, Lydia, Kitty, Mary","Elizabeth, Ann, Lydia, Kitty, Mary","Charlotte, Elizabeth, Emily, Mary, Kitty","Elisabeth, Jane, Lydia, Kitty, Mary",D,medium,false,
Literature,Which of these literary works was written in the form of a long letter while the author was in prison?,De Profundis,A Room with a View,The Canterville Ghost,The Importance of Being Earnest,A,medium,false,
Literature,"Which of these books were written by Victorian novelist Mary Anne Evans, commonly known as George Eliot?","The Mill on the Floss, Adam Bede, A Room of Ones Own","Middlemarch, The Mill on the Floss, Adam Bede","The Mill on the Floss, Vanity Fair, Adam Bede","Middlemarch, North and South, Vanity Fair",B,medium,false,
Literature,"This novel, which satirizes society in early 19th-century England, opens at Miss Pinkertons Academy for Young Ladies.",Jane Eyre,Wuthering Heights,Vanity Fair,The Book of Snobs,C,medium,false,
Literature,"This literary work by Mary Shelley, infused with some elements of the Gothic novel, was subtitled The Modern Prometheus.",Arms and the Man,The Mortal Immortal,Frankenstein,The Last Man,C,medium,false,
Literature,What are the two cities named in the title of Charles Dickens historical novel A Tale of Two Cities?,London and Manchester,Paris and London,Dublin and London,Edinburgh and London,B,medium,false,
Literature,"Ahab, Ishmael, Starbuck, Stubb, Queequeg and Elijah were characters in this 1851 novel.",Eastern Voices,Genesis,The Satanic Episodes,Moby Dick,D,medium,false,
Literature,"Jim, Marlowe, Stein, Sherif Ali, Rajah Tunka Allang and Gentleman Brown were characters in this novel.",Lord Jim,Darkest Passage,Eastern Visions,The Heart of Darkness,A,medium,false,
Literature,"The characters in this novel included Charles Marlow, Kurtz, Fresleven, Chief Accountant and General Manager.",Passage to India,Lord Jim,Eastern Visions,The Heart of Darkness,D,medium,false,
Literature,"The characters in this novel included Pierre Bezukov, Natasha Rostovic, Sonya Rostovic, Andrei N. Bolkov and Elene Kuragin.",War and Peace,The Gulag,Crime and Punishment,The Idiot,A,medium,false,
Literature,"Jim, Widow Douglas, Miss Watson, The Grangerford and the Shepardsons were characters in this novel.",Life on the Mississippi,The Adventures of Huckleberry Finn,Billy Budd,The Rise of Silas Lapham,B,medium,false,
Literature,"Raskolnikov, Sonya S. and Porfry were characters in this novel.",Crime and Punishment,Napoleon,The Idiot,War and Peace,A,medium,false,
Literature,"The characters in this novel included Hester Prynne, Pearl, Roger Chillingworth and Arthur Dimmsdale.",The Heiress,Jane Eyre,The Adventures of Huckleberry Finn,The Scarlet Letter,D,medium,false,
Literature,"The characters in this novel included Wilfred, Rebecca, Rowena, Isaac of York and Prior.",The Scarlet Letter,The Rise of Silas Lapham,Ivanhoe,The Day of the Locust,C,medium,false,
Literature,"Elizabeth Bennet, Mr. Darcy, Mr. Bennett, Charles Bingley and William Collins were characters in this novel.",Wuthering Heights,Great  Expectations,Pride and  Prejudice,Jane Eyre,C,medium,false,
Literature,"Clara, Mr. Chiilg, Mr. Creadle, Peggotty and Betsy Trotwood were characters in this novel.",Pickwick Papers,Great Expectations,A Take of Two Cities,David Copperfield,D,medium,false,
Literature,"The characters in this novel included Becky Sharp, Amelia Smedley, George Osborne and Pitt Crawley.",The Pillsbury man,The Scarlet Letter,Vanity Fair,The Rise of Sila Lapham,C,medium,false,
Literature,"In the novel Jurassic Park,  the zoo-like amusement park is on an island, situated off the shore of what country?",Costa Rica,El Salvador,Honduras,Mexico,A,medium,false,
Literature,"Ian Malcolm, a character from the book Jurassic Park, is an expert in which field?",Languages,Geology,Chaos Theory,History,C,medium,false,
Literature,Dennis Nedry was paid by a rival company to sabotage Jurassic Park in the self-titled book.,False,True,,,A,medium,false,
Literature,"The game warden, Muldoon, was killed by raptors in the book Jurassic Park.",True,False,,,B,medium,false,
Literature,"This dinosaur, depicted in the novel Jurassic Park, was a very beautiful carnivore but spat poison to blind its prey.",Microceratops,Styracosaur,Dilophosaur,Procompsognathid,C,medium,false,
Literature,"What was the occupation of Donald Gennaro, the character in the book Jurassic Park who originally tried to get Jurassic Park shut down?",Paleontologist,Lawyer,Mathematician,Senator,B,medium,false,
Literature,"The dinosaurs, featured in Michael Crichtons novel Jurassic Park, were supposedly not able to breed inside the park for what reason?",They were all neutered at birth,They were all female,They were all male,They were fed a special drug to keep them from breeding,B,medium,false,
Literature,How many T-Rexes were there in the novel Jurassic Park?,2,3,4,1,A,medium,false,
Literature,"The Institute of Vertebrate Paleontology and Paleoanthropology of the Chinese Academy of Sciences named the new ankylosaurus species Crichtonsaurus in honor of Michael Crichton, the author of Jurassic Park.",False,True,,,B,medium,false,
Literature,Why was a diagonal red line painted on the jeeps in the book Jurassic Park?,"The triceratops didnt like the red line, therefore they wouldnt charge the jeeps.",It was the symbol of Jurassic Park Theme Park.,The velociraptors regarded red as a color that signified some larger predator.,The apatosaurs thought that stripes were an indication of a predator so they stayed away.,A,medium,false,
Literature,In the movie Gone With the Wind Scarlett had three husbands. Who was the first?,Brent Tarleton,Frank Kennedy,Charles Hamilton,Stuart Tarleton,C,medium,false,
Literature,"In the film Gone with the Wind, Scarletts first husband died in the early days of the Civil War. What was the cause of his death?",He died under enemy attack.,Measles and pneumonia,Consumption,Flu,B,medium,false,
Literature,"In the film Gone with the Wind, when Rhett and Scarlett came back from their honeymoon they brought a gift for Mammy. What was it?",White silk nightgown,White silk petticoat,Red silk petticoat,Fur coat,C,medium,false,
Literature,The Oscar for Best Actress in a Supporting Role went to which cast member of Gone With the Wind?,Butterfly McQueen,Dorothy Dandridge,Hattie McDaniel,None of these,C,medium,false,
Literature,Clark Gable won the Oscar for Best Actor for his role as Rhett Butler.,True,False,,,B,medium,false,
Literature,Where did Gone with the Wind character Rhett get the inspiration for his and Scarletts daughters name from?,A nursery rhyme his mother had sung to him as a child,The southern skies,The confederate flag,Mammy,C,medium,false,
Literature,Which of the following lines from the movie Gone with the Wind was voted as the #1 movie quote by the American Film Institute?,"After all, tomorrow is another day!",I dont know nothin bout birthin no babies!,"As God is my witness, Ill never be hungry again!","Frankly my dear, I dont give a damn.",D,medium,false,
Literature,What was NOT true of Scarletts second husband in Gone with the Wind?,The physical affliction he returned from the war with was body lice.,He died on a mission to avenge Scarletts attack in Shantytown.,He owned a sawmill.,"He divorced Scarlett to marry her sister, Sue-Ellen.",D,medium,false,
Literature,What was the name of the Atlanta street where fictional character Scarlett OHara lived with Aunt Pittypat?,Weeping Willow,Elm,Peachtree,Southern Pine,C,medium,false,
Literature,There is only one scene in the movie Gone with the Wind that suggests Scarlett has a problem with alcohol consumption.,False,True,,,A,medium,false,
Literature,Which of the following caused the death of Scarlett and Rhetts daughter?,She succumbed to influenza.,She was a war casualty.,She mysteriously died in her crib.,She broke her neck while jumping her pony.,D,medium,false,
Literature,"What actress portrayed the character in Gone with the Wind who claimed she knew everythin bout birthin babies when, in reality, she knew nothin?",Dorothy McDaniel,Dorothy Dandridge,Butterfly McQueen,Hattie McDaniel,C,medium,false,
Literature,Vivian Leigh earned the same amount of money as Clark Gable for her work in Gone With the Wind.,False,True,,,A,medium,false,
Literature,How many actresses auditioned for the coveted role of Scarlett OHara?,1200,150,2500,1400,D,medium,false,
Literature,Vivian Leigh won the Best Actress Oscar for her performance as Scarlett OHara in Gone With the Wind. This was her only Academy Award.,True,False,,,B,medium,false,
Literature,Scarlett OHara wasted much of her life pining after Ashley Wilkes who was played by this actor.,Leslie Howard,Errol Flynn,George Reeves,Gary Cooper,A,medium,false,
Literature,"The play is the tragedy Man, and the hero, the Conquerer Worm.",Edgar Allan Poe,William Jennings Bryant,H.P. Lovecraft,None of these,A,medium,false,
Literature,"And Richard Cory, one calm summer night, Went home and put a bullet through his head.",John Berryman,Randall Jarrell,Edwin Arlington Robinson,Luke Havergall,C,medium,false,
Literature,"From my mothers sleep, I fell into the State. I hunched in its body till my wet fur froze. Sis miles from earth, loosed from its dream of life... When I died they washed me out of the turret with a hose.",Randall Jarrell,John Crowe Ransom,Wallace Stevens,Robinson Jeffers,A,medium,false,
Literature,Success is counted sweetest by those who never succeed. To comprehend a nectar requires the sorest need.,Emily Dickinson,None of these,Gertrude Stein,Hilda Doolittle,A,medium,false,
Literature,"A heap of broken images, where the Sun beats... I will show you fear in a handful of dust.",Gertrude Stein,Ezra Pound,Allen Ginsberg,T.S. Eliot,D,medium,false,
Literature,Pity this busy monster mankind not...,Sharon Olds,Rita Dove,Marianne Moore,e.e. cummings,D,medium,false,
Literature,"I spit upon this dreadful bankers grave who shot his heart out in a Florida dawn O ho alas alas When will indifference come, I moan  rave Id like to scrabble till I got right down away down under the grass",Hart Crane,None of these,John Berryman,Philip Booth,C,medium,false,
Literature,"I saw a man pursuing the horizon; Round and round they sped. I was disturbed at this; I accosted the man. It is futile, I said. You can never — You lie, he cried, And ran on.",Robert Lowell,Denise Levertov,Walt Whitman,Stephen Crane,D,medium,false,
Literature,"I have gone out, a possessed witch, haunting the black air, braver at night; dreaming evil, I have done my hitch over the plain houses, light by light: lonely thing, twelve-fingered, out of mind.",Gwendolyn Brooks,Emily Dickinson,Anne Sexton,Sylvia Plath,C,medium,false,
Literature,"I was ten when they buried you. At twenty I tried to die And get back, back, back to you. I thought even the bones would do.",,,,,A,medium,false,
Literature,"Which of these novels is not part of the Forsyte Saga, written by English novelist John Galsworthy?",To Let,In Chancery,The Man of Property,Money,D,medium,false,
Literature,"This massive novel, consisting of 18 chapters, chronicles the events of one single day in the life of the protagonist Leopold Bloom.",Ulysses,Finnegans Wake,Dubliners,A Portrait of the Artist as a Young man,A,medium,false,
Literature,Which of these influential 20th century authors was not Irish-born?,William Golding,James Joyce,William Butler Yeats,George Bernard Shaw,A,medium,false,
Literature,"In 1989, the author of this book and all those involved in its publication were sentenced to death by the Supreme Leader of Iran.",Songs of Enchantment,Lady Chatterleys Lover,The Gate at the End of the World,The Satanic Verses,D,medium,false,
Literature,"Which of these English authors was a member of the Bloomsbury group, a literary circle that rejected the Victorian taboos on religious, artistic, social, and sexual matters?",D. H. Lawrence,George Orwell,Virginia Woolf,John Fowles,C,medium,false,
Literature,Which allegorical novel by William Golding features a group of boys stranded on a desert island?,Fire Down Below,Rites of Passage,Lord of the Flies,Darkness Visible,C,medium,false,
Literature,"What do George Bernard Shaw, William Butler Yeats, Rudyard Kipling and William Golding have in common?",They were all born in Ireland.,They were members of The Fabian Society - a British socialist intellectual movement.,All of them served in WWI.,All of them received the Nobel Prize in Literature.,D,medium,false,
Literature,Which playwright received the 1938 Academy Award for Writing Adapted Screenplay?,John Boyd,George Bernard Shaw,Harold Pinter,John Osborne,B,medium,false,
Literature,"What name was applied to the group of British playwrights and novelists from the 1950s, which included John Osborne, John Braine, and Alan Sillitoe?",The Rebels,The Conformists,The Disappointed Young Men,The Angry Young Men,D,medium,false,
Literature,This novel focuses on Winston Smith and his attempt to rebel against the totalitarian state in which he lives.,The Invisible Man,Nineteen Eighty-Four,The War of the Worlds,Animal Farm,B,medium,false,
Literature,Into what creature did Mad Eye Moody turn Draco Malfoy in Harry Potter and the Goblet of Fire?,A rat,A ferret,A toad,A mouse,B,medium,false,
Literature,Draco Malfoy is a member of this fictional house at Hogwarts which values pure blood heritage.,Ravenclaw,Slytherin,Gryffindor,Hufflepuff,B,medium,false,
Literature,"Draco Malfoy is killed by Harry Potter in the last book of the series, Harry Potter and the Deathly Hallows.",True,False,,,B,medium,false,
Literature,In which book of the Harry Potter series is Draco Malfoy made Prefect of his house?,Prisoner of Azkaban,Order of the Phoenix,Goblet of Fire,Half-Blood Prince,B,medium,false,
Literature,"In the book Harry Potter and the Prisoner of Azkaban, Draco Malfoy was attacked by this kind of creature while in his Care for Magical Creatures class?",Werewolf,Blast-Ended Skrewt,Centaur,Hippogryph,D,medium,false,
Literature,Draco Malfoy became the master of the Elder Wand which was Dumbledores beloved wand.,True,False,,,A,medium,false,
Literature,"Ralph, Piggy, Jack Merridew, Simon, Ron are characters in this novel.","Lawdy, Lawdy, Miss Claudie",The Lord of the Flies,The Lord of the Ring,Lord Jim,B,medium,false,
Literature,"Humbert Humbert, Valeria and Charlotte Haze are characters from this literary work.",The Day of the Triffids,Lolita,All the Kings Men,Naked Lunch,B,medium,false,
Literature,Paul Sheldon and Annie Wilkes are characters in this novel.,Day for Night,Cujo,The Long Green Mile,Misery,D,medium,false,
Literature,"What novels includes characters named Sethe, Liz Granacher, Paul D. McKnight, Charlie McKnight?",Beloved,Satanic Verses,The Color Purple,A Passage to India,A,medium,false,
Literature,"Willie Stark, Anne Stanton, Judge Montague Irving are characters from this novel.",All the Kings Men,Lady Lovelace,The Sun Also Rises,The Grapes of Wrath,A,medium,false,
Literature,"Ari, Dov, Kitty Fremont, Akiva, Bruce Sutherland are characters in this novel.",The Glory,Ben-Hur,The Promise,Exodus,D,medium,false,
Literature,"This novel focuses on the lives of Jake Barnes, Brett Ashley, Robert Cohn, Pedro Romero, Bill Gorton, Michael Campbell.",Ragtime,The Sun Also Rises,The Dog Soldiers,Day of the Locust,B,medium,false,
Literature,"Which book includes the characters John Converse, Ray Hicks, Marge Converse?",Dog Soldiers,Day of the Locust,The Hearth,Day In Day Out,A,medium,false,
Literature,"What Southern novel centers on the lives of these characters: Jason, Quentin, Candice Compson, Dilsey Gibson?",Way of the  West,The Sound and the Fury,Dog Soldiers,Day of the Locust,B,medium,false,
Literature,"John Singer, Mick Kelly, Biff Brannon, Jack Blount, Dr. Copeland are characters described in this literary work.",Giant,Strangers on a Train,Butterflies are Free,The Heart is a Lonely Hunter,D,medium,false,
Literature,What novel by Erich Maria Remarque was banned in Nazi Germany for insulting the Wehrmacht?,The Night in Lisbon,Heaven Has No Favorites,The Black Obelisk,All Quiet on the Western Front,D,medium,false,
Literature,"Name the author of Animal Farm, an anti-Stalinist novella, which was confiscated in Germany by Allied troops.",William Faulkner,Erich Maria Remarque,George Orwell,Boris Pasternak,C,medium,false,
Literature,"What novel by Vladimir Nabokov was banned for obscenity in England, Argentina, New Zealand and South Africa?",Lolita,Lips to Lips,Fanny Hill or Memoirs of a Woman of Pleasure,Terra Incognita,A,medium,false,
Literature,"This book, published in 1988, was banned in Bangladesh, India, Singapore and Iran for blasphemous references and its author Salman Rushdie was condemned to death by former Iranian supreme leader Ayatollah Ruhollah Khomeini.",Midnights Children,The Satanic Verses,Shame,"East, West",B,medium,false,
Literature,Who is the author of the book My Struggle (Mein Kampf) which was banned due to anti-Nazi laws?,Hermann Esser,Joseph Goebbels,Adolph Hitler,Benito Mussolini,C,medium,false,
Literature,Which of these books by Henry Miller was banned in the US in the 1930s due to sexually explicit content?,Black Spring,All of these,Tropic of Cancer,Tropic of Capricorn,B,medium,false,
Literature,"This novel, which follows the adventures of junkie William Lee, was banned by Boston courts in 1962.",Naked Lunch,The Cat Inside,Interzone,On the Road,A,medium,false,
Literature,What classic satirical novel by Jonathan Swift was banned in Ireland for being wicked and obscene?,A Journal to Stella,A Modest Proposal,Gullivers Travels,Robinson Crusoe,C,medium,false,
Literature,"What Pulitzer Prize-winning novel, set during the Great Depression, was banned in some US States for vulgar language?",The Call of the Wild,The Grapes of Wrath,As I Lay Dying,The Sound and the Fury,B,medium,false,
Literature,What 2003 best-selling novel by Dan Brown was denounced by Roman Catholics for being anti-Christian?,Foucaults Pendulum,The Solomon Key,Digital Fortress,The Da Vinci Code,D,medium,false,
Literature,"What novel opens with this sentence: I was born in the year 1632 in the city of York, of a good  family thou not of that country, my father being from Bremen, who settled first at Hill.?",A Tale of Two Cities,Kidnapped,The Count of Monte Cristo,Robinson Crusoe,D,medium,false,
Literature,Last night I dreamt I went to Manderley again is the first sentence of this literary work.,Wuthering Heights,Emma,Jane Eyre,Rebecca,D,medium,false,
Literature,What novel opens with this line: It was a cold day in April and the clock was striking thirteen.?,Brave New World,A Clockwork Orange,The Time Machine,1984,D,medium,false,
Literature,This novel opens with the following sentence: You may rejoice to hear that a disaster has accompanied the commencement of an enterprise which you have regarded with such evil foreboding..,Fahrenheit  451,Dracula,The Time Machine,Frankenstein,D,medium,false,
Literature,"To begin at the beginning: It is spring, moonless night in the small town is the opening of this literary work.",Of Mice and Men,Under Milk Wood,The Road Not Taken,The Inferno,B,medium,false,
Literature,You better not tell nobody  but God is the beginning of this novel.,Gone with the Wind,The Da Vinci Code,The Color Purple,To Kill a Mockingbird,C,medium,false,
Literature,This novel opens with the question Who is John Galt?.,The Bridges of Madison County,Atlas Shrugged,The Metamorphosis,The Da Vinci Code,B,medium,false,
Literature,"All this happened, more or less is the first sentence of this book.",Stalag 17,Slaughterhouse  Five,Little Big Man,The Devils Advocate,B,medium,false,
Literature,Mother died today is the opening of this novel.,Mother Courage and Her Children,Animal Farm,The Stranger,No Exit,C,medium,false,
Literature,"Which literary work opens with this line: To be born again, sang Gibreel Farishta tumbling from the heavens, first you have to die.?",The Arabian Nights,The Metamorphosis,Satanic Verses,The  1001 Arabian Nights,C,medium,false,
Literature,Finish this quote by Oscar Wilde: Education is an admirable thing ........................,but it is well to remember that it is useless,but it is well to remember from time to time that nothing that is worth knowing can be taught,but it is well to remember that it is not for the faint of heart,but it is well to remember that it requires much energy,B,medium,false,
Literature,"A speaker who had a huge opinion of himself gave a long and boring speech after dinner. And then made the mistake of turning to Oscar Wilde, and asking him, How would you have delivered that speech? . What was Oscar Wildes reply?",In a dress,Parcel post,Under an assumed name,I wouldnt have,C,medium,false,
Literature,Finish this statement made by Oscar Wilde: America is the only country that went from barbarism to decadence without .............................,shame,missing a stride,civilization in between,looking back,C,medium,false,
Literature,"Finish this witty remark made by playwright Oscar Wilde: We are all in the gutter, but some of us ............",make the best of it,are looking at the stars,are gutter rats,claw our way out,B,medium,false,
Literature,How does this Oscar Wilde quote end: My wallpaper and I are fighting a duel to the death. ................................ ?,I will shred it off the walls if I have to,One or other of us has got to go,I have counted every flower twice,One or the other will win the battle,B,medium,false,
Literature,Finish this quote by Oscar Wilde: Anyone who lives within their means suffers from ...................................,a lack of friends with money,a lack of debtors,a lack of imagination,a lack of wealthy family members,C,medium,false,
Literature,"Finish this line from Oscar Wildes play The Importance of Being Earnest: To lose one parent, Mr Worthing, may be regarded as a misfortune; to lose both ................................",is fortunate,is foolish,looks like abandonment,looks like carelessness,D,medium,false,
Literature,"Complete this Oscar Wilde quote: We have really everything in common with America nowadays except, of course ..........................",language,class,the meaning of chips,they are barbarians,A,medium,false,
Literature,Complete this quote by Oscar Wilde: But what is the difference between literature and journalism?........................................,Literature is art and journalism is rubbish. That is all.,Journalism is unreadable and literature is not read. That is all.,Journalism is an account of facts and literature is fiction. That is all.,Literature is the only thing worth reading. That is all.,B,medium,false,
Literature,Complete this remark made by Irish author Oscar Wilde: There are only two kinds of people who are really fascinating ..................,"people who owe you money, and people you avoid","people who know absolutely everything, and people who know absolutely nothing.","people with a thirst for knowledge, and idiots","people who care, and people who dont give a damn",B,medium,false,
Literature,The protagonist of this Shakespearean tragedy is a Moor in the service of the Republic of Venice.,King Lear,Macbeth,Othello,Hamlet,C,medium,false,
Literature,"This tragedy, often referred to as The Scottish Play, opens with the appearance of three witches amid thunder and lightning.",Anthony and Cleopatra,The Tempest,Macbeth,King Lear,C,medium,false,
Literature,What Shakespeare play opens with a street brawl in Verona between the servants of two feuding noble families?,The Taming of the Shrew,The Two Gentlemen of Verona,Romeo and Juliet,The Two Noble Kinsmen,C,medium,false,
Literature,"This history play by Shakespeare, focusing on a kings Machiavellian rise to power and subsequent reign of terror, contains the following exchange: No beast so fierce but knows some touch of pity. But I know none, and therefore am no beast.",King John,Julius Caesar,Henry V,Richard III,D,medium,false,
Literature,"What Shakespearean tragedy, set in Denmark, explores the themes of treachery and revenge?",Hamlet,Winters Tale,Romeo and Juliet,Othello,A,medium,false,
Literature,"This comedy by Shakespeare, characterized by a lot of mix-ups and witty dialogue, involves two sets of identical twins.",As You Like It,Taming of the Shrew,The Comedy of Errors,The Merchant of Venice,C,medium,false,
Literature,"One of the major themes of this romantic comedy, incorporating mythological elements, is summed up in Lysanders comment, “The course of true love never did run smooth”.",The Tempest,Twelfth Night,Much Ado About Nothing,A Midsummer Nights Dream,D,medium,false,
Literature,Shakespeares history play Henry V depicts events occurring immediately before and after the Battle of Agincourt. During which war was this battle fought?,the Austro-Hungarian War,the Prussian War,the Hundred Years War,the War of the Rough Wooing,C,medium,false,
Literature,"This pastoral comedy contains one of Shakespeares most quoted monologues, which opens with the lines, All the worlds a stage, And all the men and women merely players.",The Winters Tale,A Midsummer Nights Dream,As You Like It,The Merry Wives of Windsor,C,medium,false,
Literature,What Shakespearean play features a character who possesses magical powers?,Hamlet,The Tempest,Othello,Richard III,B,medium,false,
Literature,"In the novel Pride and Prejudice, how many daughters do Mr. and Mrs. Bennet have?",four,five,six,three,B,medium,false,
Literature,Who does Lydia run away with in Jane Austins book Pride and Prejudice?,Bingley,Wickham,Darcy,Forster,B,medium,false,
Literature,How many marriage proposals does Elizabeth receive in the book Pride and Prejudice?,1,4,3,2,C,medium,false,
Literature,Which of these characters from the novel Pride and Prejudice is Elizabeth Bennets neighbour and friend?,Mrs. Hurst,Miss Bingley,Mrs. Gardner,Charlotte Lucas,D,medium,false,
Literature,Which sister has an uncontrollable cough in the beginning of the novel Pride and Prejudice?,Lydia,Elizabeth,Mary,Katherine,D,medium,false,
Literature,Which Bennet sister loves to exhibit her talent at parties according to the novel Pride and Prejudice?,Katherine,Lydia,Jane,Mary,D,medium,false,
Literature,Which of these professions has Mr. Wickham not tried in the book Pride and Prejudice?,Law,Clergy,Military,Groundskeeper,D,medium,false,
Literature,"In the book Pride and Prejudice, Mr. Wickham has his wife write a letter to Elizabeth asking for money.",False,True,,,B,medium,false,
Literature,"What is the real name of the American author and humorist whose nickname was a common riverboat phrase, meaning the water is two fathoms?",Theodore Geisel,Eric Blair,Samuel Clemens,William Porter,C,medium,false,
Literature,"What was the pen name of Eric Blair, the author of the novel Animal Farm, which satirizes totalitarian government and human stupidity?",Lewis Carroll,George Orwell,Daniel Defoe,O. Henry,B,medium,false,
Literature,"This Polish-born novelist, whose surname was Korzeniowski, wrote the influential work Heart of Darkness that inspired the movie Apocalypse Now.",George Eliot,George Orwell,Ayn Rand,Joseph Conrad,D,medium,false,
Literature,Which of these is not the pen name of a female author?,George Sand,Saki,Carson McCullers,George Eliot,B,medium,false,
Literature,"What prominent Victorian author began his career writing humorous sketches for The Morning Chronicle, using the pen-name Boz?",D. H. Lawrence,Charles Dickens,Thomas Hardy,Oscar Wilde,B,medium,false,
Literature,"How were the authors, writing under the pen names Ellis Bell, Acton Bell and Currer Bell, related?",They were sisters.,It was the same person.,They were brothers.,They were not related.,A,medium,false,
Literature,Which of these is both the name of a fictional character and a pseudonym used by two co-writers of detective fiction?,Mary Westmacott,Jack Higgins,Ellery Queen,Rosamund Smith,C,medium,false,
Literature,"Which of the following is one of the six novels by Agatha Christie, written under the pen name Mary Westmacott?",Murder on the Orient Express,The Body in the Library,Absent in the Spring,Death on the Nile,C,medium,false,
Literature,What is the pen name of the Russian-born American novelist known for her best-selling novels The Fountainhead and Atlas Shrugged?,Ayn Rand,Edith Van Dyne,Pearl S Buck,Silence Dogood,A,medium,false,
Literature,"Which of these is a pseudonym used by Theodor Geisel, the iconic American author of over 60 childrens books including Green Eggs and Ham and The Cat in the Hat?",All of these,Rosetta Stone,Theo. LeSieg,Dr. Seuss,A,medium,false,
Literature,Finish this popular thought by Mark Twain: Compliments embarass me - I always feel that they...,make me feel old and too revered.,praise me insincerely.,havent said enough.,give me too much credit for things other people have done.,C,medium,false,
Literature,Which is the correct ending of this quotation by Mark Twain: A classic is something everybody wants to have read and...?,everybody easily understands.,nobody wants to read.,nobody has ever willingly read.,everybody should have already read.,B,medium,false,
Literature,FInish the popular quote by Mark Twain: ...each place has its advantages - heaven for climate and hell for...,seeing ones enemies.,punishment.,pleasure.,society.,D,medium,false,
Literature,What is the correct answer to the following question according to writer an humorist Mark Twain: What’s the difference between a taxidermist and a tax collector?,The taxidemist only takes your skin.,The tax collector is an elected official.,There is no difference. They both skin you.,The tax collector has no warm blood.,A,medium,false,
Literature,Finish this humors remark by Mark Twain: The report of my death was...,an exaggeration.,based on rumor and hearsay.,a bit premature.,only wishful thinking.,A,medium,false,
Literature,What is the correct ending of the following quote by Mark Twain: Always obey your parents - especially when...?,they are in striking distance.,they are still alive.,they are present.,they are younger than you.,C,medium,false,
Literature,Finish this popular thought by humorist and author Mark Twain:Always do right. This will gratify some people and...,be an example to others.,get you into heaven.,shock the world.,astonish the rest.,D,medium,false,
Literature,How does this thought by Mark Twain end: Man is the only religious animal. He is the only animal that has the True Religion--?,several of them.,a guilty conscience.,money.,and endlessly betrays it.,A,medium,false,
Literature,"What is the correct ending of the following thought by Mark Twain: Everybody talks about the weather, but...?",thats all they do...talk.,no one understands it.,the weather doesnt really care.,no one does anything about it.,D,medium,false,
Literature,How does this thought by Mark Twain end: To be good is noble; but to show others how to be good is nobler and...?,is no trouble.,saintly.,practically impossible.,more rewarding.,A,medium,false,
Literature,Agatha Christie wrote romances under the name Mary Westmacott.,True,False,,,A,medium,false,
Literature,Agatha Christie has been called by the Guinness Book of World Records the 2nd best-selling author of all time.,False,True,,,B,medium,false,
Literature,Three authors were said to have influenced Agatha Christie. Which of these is not one of them?,Anna Katherine Green,Henry Wadsworth Longfellow,Sir Arthur Conan Doyle,Edgar Allen Poe,B,medium,false,
Literature,"In 1979, this actress played the part of Agatha Christie in the film Agatha.",Caroline Sullivan,Vanessa Redgrave,Lynn Redgrave,Katherine Hepburn,B,medium,false,
Literature,Agatha Christie died in 1985 at the age of 76.,False,True,,,A,medium,false,
Literature,What was the occupation of Agatha Christies second husband?,naval engineer,archaeologist,playwright,physician,B,medium,false,
Literature,Which detective novel by Agatha Christie introduced Miss Marple to readers?,The Murder at the Vicarage,Death On The Nile,Murder on The Orient Express,And Then There Were None,A,medium,false,
Literature,"Agatha Christie met her second husband at a theatre entrance in London, England.",True,False,,,B,medium,false,
Literature,Agatha Christies birth name was Mary Katherine Francis.,False,True,,,A,medium,false,
Literature,"What romantic period author created the Byronic hero, Heathcliff?",Lord Byron,Emily Bronte,Charlotte Bronte,Victor Hugo,B,medium,false,
Literature,"Who wrote the play, The Jew of Malta?",Shakespeare,Marlowe,Gardner,Jonson,B,medium,false,
Literature,Name the Faulknerian character from As I Lay Dying who states the following: My mother is a fish.,Darl,Jewel,Anse,Vardaman,D,medium,false,
Literature,Kurt Vonnegut created the character Billy Pilgrim in his novel Breakfast of Champions.,True,False,,,B,medium,false,
Literature,Which modern author created the character Ari Ben Canaan?,Saul Bellow,Albert Camus,Leon Uris,Chaim Potok,C,medium,false,
Literature,Which Shakespearean tragic hero had a run in with cannibals?,Othello,Julius Caesar,Pericles,Hamlet,A,medium,false,
Literature,Which Faulknerian character confuses his mother with a horse?,Cash,Darl,Vardaman,Jewel,D,medium,false,
Literature,Which of these is an innocent and ignorant protagonist created by Dostoevsky?,Forrest Gump,Mischkin,Boo Radley,Lenny,B,medium,false,
Literature,Which philosopher-writer created a character who later renames himself to Prometheus?,Nietzche,Ayn Rand,Albert Camus,Voltaire,B,medium,false,
Literature,In which of William Shakespeares tragedies does a minor character disappear in Act III with no explanation given?,King Lear,Macbeth,Othello,Hamlet,A,medium,false,
Literature,Which author created a series about a teenager who discovers he is a wizard and goes to Hogwarts School of Witchcraft and Wizardry?,J. K. Rowling,James Patterson,Jules Verne,J. R. R. Tolkien,A,medium,false,
Literature,Which of the following movies is a remake of a 1954 Japanese movie?,The Seventh Sign,Se7en,The Magnificent Seven,Seven Sinners,C,medium,false,
Literature,"Which of these is not one of the seven dwarfs in Snow White and the Seven Dwarfs, the first American animated feature film?",Dopey,Doc,Sleazy,Happy,C,medium,false,
Literature,The author of the autobiographical account Seven Pillars of Wisdom is popularly known by this name.,Lawrence of Arabia,Robin of Loksley,J. R. Tolkien,Dalai Lama,A,medium,false,
Literature,"The movie The Seven Year Itch contains the iconic scene, in which Marilyn Monroe has her dress blown up by a passing train. What line does she deliver when this happens?",Isnt it too windy?,Isnt this sweet?,Isnt it fantastic?,Isnt it delicious?,D,medium,false,
Literature,What book in the popular Harry Potter series contains a chapter titled The Seven Potters?,Harry Potter and the Deathly Hallows,Harry Potter and the Order of the Phoenix,Harry Potter and the Half-Blood Prince,Harry Potter and the Chamber of Secrets,A,medium,false,
Literature,"Jean-Jacques Annauds movie Seven Years in Tibet is based on the experiences of Austrian mountaineer Heinrich Harrer, who befriends the Tibetan spiritual leader, known as the Dalai Lama. The word lama is generally translated as guro or teacher. What does the word dalai mean in Mongolian?",ocean,mighty,wise,spirit,A,medium,false,
Literature,"This 1990s song, which is supposed to describe apocalyptic events, ends with the line one day all 7 will die.",7,7 Shades of Black,Seventh Heaven,Love Is the Seventh Wave,A,medium,false,
Literature,"In the crime thriller Se7en, that deals with a series of murders inspired by the seven deadly sins, Joe Doe, the murderer, admits that he, himself, is guilty of this sin.",wrath,none of these,envy,pride,C,medium,false,
Literature,What bands 7th studio album was titled Seventh Son of a Seventh Son?,The Rolling Stones,Judas Priest,Iron Maiden,Led Zeppelin,C,medium,false,
Literature,"In the Seinfeld episode The Seven, this character revealed that he wanted to name his first child Seven.",George Costanza,George Steinbrenner,Jerry Seinfeld,Cosmo Kramer,A,medium,false,
Literature,"Fannie Flag wrote this 1991 Academy Award-nominated movie, starring Kathy Bates and Jessica Tandy, which was based on her best selling-novel written 4 years earlier.",Misery,Scent of a Woman,Driving Miss Daisy,Fried Green Tomatoes,D,medium,false,
Literature,Based on a Pulitzer prize winning novel by Michael Cunningham this 2002 movie featured Nicole Kidman and Julianne Moore.,Home at the End of the World,The Others,The Hours,Mrs Dalloway,C,medium,false,
Literature,This film directed by Taylor Hackford was based on a novel by Andrew Neiderman and featured Keanu Reeves and Charlize Theron.,The Devils Advocate,Sweet November,Monster,The Long Walk Home,A,medium,false,
Literature,"This 1999 film, based on the novel The Positronic Man, was co-written by Isaac Asimov and Robert Silverberg and starred Robin Williams. It was nominated for Academy award for best make-up.",S1m0ne,Bicentennial Man,A.I.: Artificial Intelligence,"I, Robot",B,medium,false,
Literature,"This remake of a Dino Risi film from 1974 was based on the Italian novel Il buio e il miele (Darkness and Honey) by Giovanni Arpino, starred Al Pacino and was nominated for four Academy awards, winning one of them.",The Godfather: Part III,Carlitos Way,Scent of a Woman,The Devils Advocate,C,medium,false,
Literature,"This 1994 film, nominated for four Academy Awards and directed and produced by Robert Redford was based on Richard Goodwins book Remembering America: A Voice From the Sixties.",Promised Land,Quiz Show,Ordinary People,Accelerating America,B,medium,false,
Literature,"The biography of Nobel prize winning economist and mathematician John Nash, written by Sylvia Nasar, inspired this 2001 movie directed by Ron Howard, which was nominated for 8 Academy awards and won four of them.",Higher Learning,Beautiful Mind,The Missing,Cinderella Man,B,medium,false,
Literature,This 1990 film featuring Harrison Ford and Brian Dennehy was an adaptation of the Scott Turows novel of the same name about of a prosecutor charged with the murder of his female colleague.,Presumed Innocent,The Burden of Proof,The Pelican Brief,The Fugitive,A,medium,false,
Literature,"Based on a 1983 book by Dick King-Smith, this 1995 Australian film directed by Chris Noonan was nominated for seven Academy Awards.",Shine,Sophie,Crocodile Dundee,Babe,D,medium,false,
Literature,This 1997 science fiction movie directed by Robert Zemeckis was adapted from Carl Sagans novel of the same title.,Cosmos,Back to the Future,Contact,A.I.: Artificial Intelligence,C,medium,false,
Literature,This authors Pulitzer Prize-winning novel American Pastoral and his 1969 bestseller Portnoys Complaint were both included in Time magazines 100 Best Novels list.,Philip Roth,Jack Kerouac,John Fowles,Joseph Heller,A,medium,false,
Literature,"This novel by Theodore Dreiser, included in Time magazines 100 Best Novels list, tells the story of a young man, Clyde Griffiths and deals with subjects such as religion, abortion and capital punishment.",The Stoic,An American Tragedy,Death Comes for the Archbishop,Midnights Children,B,medium,false,
Literature,"This Pulitzer Prize-winning novel, set in the fictional tired old town of Maycomb, Alabama, is narrated by six-year-old Scout Finch.",The Prime of Miss Jean Brodie,To Kill a Mockingbird,To the Lighthouse,The Sound and the Fury,B,medium,false,
Literature,This British authors novels Brideshead Revisited and A Handful of Dust both appeared on the list of Time magazines list of 100 Greatest Novels.,Ian McEwan,Evelyn Waugh,Martin Amis,Salman Rushdie,B,medium,false,
Literature,"What allegorical novel, included on Time magazines 100 Greatest Novels list, follows a group of young boys marooned on a desert tropical island?",Native Son,The Lord of the Rings,American Pastoral,Lord of the Flies,D,medium,false,
Literature,"This novel by Jack Kerouac, regarded as the defining work of the Beat Generation, is based on the spontaneous trips made by the author and his friends.",Naked Lunch,A Passage to India,On the Road,Midnights Children,C,medium,false,
Literature,"Midnights Children, one of the books on Time magazines list of 100 Greatest Novels, was written by this author, who was sentenced to death following the publication of one of his literary works.",J.D. Salinger,Kazuo Ishiguro,Salman Rushdie,Zadie Smith,C,medium,false,
Literature,"Which of the following acknowledged literary works was left out of the list of 100 Best English-language Novels, published in Time magazine in 2006?",War and Peace,Moby Dick,all of these,The Adventures of Huckleberry Finn,C,medium,false,
Literature,"What novel on Time magazines Best Novels list follows Holden Caulfield, a character that has come to be associated with teenage angst and rebellion?",The Moviegoer,The Blind Assassin,A Clockwork Orange,The Catcher in the Rye,D,medium,false,
Literature,"What fantasy novel, focusing on the adventures of the Pevensie siblings and set approximately in 1940, appeared on Time magazines 100 Best English-language Novels?","The Lion, the Witch and the Wardrobe",The Painted Bird,The Lord of the Rings,The Chronicles of Prydain,A,medium,false,
Literature,"What 18th century English writer depicted Man Friday, whose name has become an expression used to describe a loyal male personal assistant?",Daniel Defoe,Robert Louis Stephenson,Johnathan Swift,Sir Walter Scott,A,medium,false,
Literature,"A neurological condition, characterised by altered perceptions of body image and visual illusions, was named after this character from childrens literature.",Pinocchio,Peter Pan,Alice in Wonderland,Peter Rabbit,C,medium,false,
Literature,"This economic term, derived from the name of a folklore hero, refers to income redistribution.",Robin Hood effect,King Arthur effect,Sir Galahad effect,Sir Lancelot effect,A,medium,false,
Literature,"Which of these eponyms, derived from Jonathan Swifts novel Gullivers Travels, means a crude person, lacking in intelligence?",lilliputian,struldbrug,brobdingnagian,yahoo,D,medium,false,
Literature,"Which of these eponyms, derived from the name of a character created by Charles Dickens, is not correctly matched with its definition?","Scrooge - a stingy, miserly person","Pickwickian - haughty, conceited",Gradgrind - a person interested only in cold facts,Fagin - an adult who instructs children in crime,B,medium,false,
Literature,"What Nobel Prize-winning author depicted fictional character George F. Babbitt, whose surname has become synonymous with a business or professional man who conforms unthinkingly to dominant middle-class standards?",William Faulkner,SAUL BELLOW,John Steinbeck,Sinclair Lewis,D,medium,false,
Literature,This authors best-selling novel brought the term Pollyana into the English language to describe an illogically and blindly optimistic person.,Harper Lee,Louisa May Alcott,Laura Ingalls Wilder,Eleanor H. Porter,D,medium,false,
Literature,"The adjective Falstaffian, meaning jovial and with zest for life, is derived from the name of the fat knight Sir John Falstaff, who is featured in this Shakespearean comedy.",The Taming of the Shrew,The Merchant of Venice,The Merry Wives of Windsor,The Comedy of Errors,C,medium,false,
Literature,"What is the definition of the term dogberrysm, which is derived from Shakespeares play Much Ado About Nothing?",a seemingly small but actually crucial weakness,trickery or deception,striving for power at the price of spiritual values,"the unintentional misuse of a word by confusion with one of similar sound, usually creating a comic effect",D,medium,false,
Literature,"Tartuffe, whose name has come to mean a hypocrite, especially one who affects religious piety, is the protagonist of a comedy by this playwright.",Eugène Ionesco,Molière,Samuel Beckett,Cyrano de Bergerac,B,medium,false,
Literature,"Earnest Hemingway was born in 1899 in a Chicago suburb, and later attended this high school.",Fenwick High School,Oak Park and River Forest High School,Carl Rogers High School,Cook County High School,B,medium,false,
Literature,"At the age of seventeen Ernest Hemingway began working as a reporter for The Kansas City Star, where he remained for how long?",one year,six months,tree years,one month,B,medium,false,
Literature,"On what date was Ernest Hemingway wounded, while performing his duties as a WW I ambulance driver?","July 9, 1918","July 8, 1918","May 6, 1916","June 8, 1916",B,medium,false,
Literature,"In 1920 Ernest Hemingway accepted a job at this Canadian newspaper, where he met Morley Callaghan.",The Ottawa Sun,The Calgary Sun,The Quebec Star,The Toronto Star,D,medium,false,
Literature,In Our Time was first published in 1925 and marked Hemingways American debut.  Which of the following short story titles is not part of this collection?,Indian Camp,The Battler,The Killers,Out of Season,C,medium,false,
Literature,"In his 1940 novel For Whom the Bell Tolls, Ernest Hemingway tells the story of Robert Jordan, a U.S. guerrilla warrior serving in the Spanish Civil War. who is given the assignment to blow up a bridge near what Spanish city?",Segovia,Valencia,Madrid,Barcelona,A,medium,false,
Literature,"What Ernest Hemingway novel was published in 1950, following For Whom the Bell Tolls?",Across the River and Into the Trees,The Sea When Young,The Garden of Eden,The Old Mean and the Sea,A,medium,false,
Literature,The Old Man and the Sea brought Ernest Hemingway enormous success and earned him the Noble Prize in Literature in what year?,1953,1960,1954,1952,C,medium,false,
Literature,"This Ernest Hemingway book, published posthumously, tells the story of a bullfighter named Antonio Ordonez.",Under Kilimanjaro,A Movable Feast,The Dangerous Summer,Islands in the Stream,C,medium,false,
Literature,"Ernest Hemingway belonged to this group of expatriate American writers, who lived in Paris from the end of World War I till the beginning of the Great Depression.",The Lost Generation,The G.I. Generation,The Greatest Generation,The Missionary Generation,A,medium,false,
Literature,"The novel One Hundred Years of Solitude, written by Nobel Prize-winning author Gabriel García Márquez, was first published in Spanish. What nationality is Márquez?",Mexican,Colombian,Chilean,Brazilian,B,medium,false,
Literature,"What dystopian novel is set in Oceania, an intercontinental super-state ruled by an enigmatic dictator?",Nine Tomorrows,Fahrenheit 451,Nineteen Eighty-Four,Twenty Thousand Leagues Under the Sea,C,medium,false,
Literature,"Name the author of the 19th century novels A Captain at Fifteen, Around the World in 80 Days and Twenty Thousand Leagues Under the Sea.",Jules Verne,Arthur C. Clarke,Ray Bradbury,Isaac Asimov,A,medium,false,
Literature,Which of the following novels by Agatha Christie features Belgian detective Hercule Poirot?,Five Little Pigs,Murder in Three Acts,All of these,"One, Two, Buckle My Shoe",C,medium,false,
Literature,"This post-World War II satirist wrote a popular anti-war novel, whose title has become a commonly used idiomatic phrase, referring to a a no-win situation or a double bind.",Kurt Vonnegut,Ray Bradbury,George Orwell,Joseph Heller,D,medium,false,
Literature,"Which one of the main characters, depicted by Alexandre Dumas in The Three Musketeers, has a mysterious past connecting him  with Milady de Winter, the female antagonist of the novel?",dArtagnan,Athos,Portos,Aramis,B,medium,false,
Literature,The title of Ken Keseys novel One Flew Over the Cuckoos Nest is derived from which of the following?,a country ballad,a nursery rhyme,a Shakespearean play,a short story by a friend of Keseys,B,medium,false,
Literature,"What post-modern novel, following the experiences of Billy Pilgrim, contains the prayer, God grant me the serenity to accept the things I cannot change, the courage to change the things that I can, and the wisdom to know the difference”?",Slaughterhouse-Five,Fahrenheit 451,Catch-22,Nineteen Nineteen,A,medium,false,
Literature,"What is the name of the fictional submarine, commanded by Captain Nemo, in the novel Twenty Thousand Leagues Under the Sea?",Gotengo,Thundersub,Nautilus,Subatilus,C,medium,false,
Literature,What does the number 451 in the title of Ray Bradburys novel Fahrenheit 451 refer to?,the temperature at which forests will burn,the temperature required to melt glass,None of these,the temperature at which books burn,D,medium,false,
Literature,"This novel by Nevil Shute is set in the future after WWIII. Due to the nuclear fallout, only land in the southern hemisphere is inhabitable.",The Rainbow and the Rose,On the Beach,Ruined City,The Shadowlands,B,medium,false,
Literature,"In 1946 this author received the Nobel Prize in Literature. He was born in Württemberg, Germany to a Christian missionary family that worked in India. He is best known for his novel Steppenwolf.",Theodor Mommsen,Heinrich Böll,Hermann Hesse,John Kay,C,medium,false,
Literature,Author Gabriel García Márquez stresses in this 1985 novel that love-sickness is a literal disease causing pain and other physical symptoms.,Love in the Time of Cholera,Of Love and Other Demons,Walking with Liberty,One Hundred Years of Solitude,A,medium,false,
Literature,"Originally written in French, this 1949 Samuel Beckett play is about Vladimir and Estragon who expect a man, they barely know, to arrive.",Imaginary Friends,A Portrait of the Artist as a Young Man,Endgame,Waiting for Godot,D,medium,false,
Literature,"Published in 1963, The Bell Jar is this poets only novel. It was published under the pseudonym Victoria Lucas.",Esther Greenwood,Sylvia Plath,Assia Wevill,W. D. Snodgrass,B,medium,false,
Literature,"In Nathanial Hawthornes The House of the Seven Gables, the destitute Hepzibah Pyncheon lives in the house and supports her brother, Clifford, who has just been released from jail. Why was he in jail?",Murder,Burglary,Kidnapping,Adultary,A,medium,false,
Literature,"This 1857 collection of poems by Charles Baudelaire caused him to be convicted in France of offending the morals of the time, resulting in fines and the banning of 6 of the poems.",Confessions of an English Opium-Eater,The Flowers of Evil,To the Reader,Artificial Paradises,B,medium,false,
Literature,Who wrote the poem Childe Roland to the Dark Tower Came that inspired Stephen King to write the first novel in The Drak Tower series?,Robert Browning,William Shakespeare,Bram Stoker,WB Yeats,A,medium,false,
Literature,Stephen Kings novel The Gunslinger was written in five parts and published individually in which of the following?,Weird Tales,Playboy,Realms of Fantasy,The Magazine of Fantasy and Science Fiction,D,medium,false,
Literature,How long did it take Stephen King to complete the novel The Dark Tower I: The Gunslinger?,5 years,12 years,3 years,10 years,B,medium,false,
Literature,How does the book The Gunslinger by Stephen King begin?,The Tower was the first thing Roland thought of when he woke and the last he thought of before sleep.,"The man in black fled across the desert, and the gunslinger followed.","The gunslinger sighted, cocked the pistol and prepared to kill the man in black.","Roland looked up, the man in black was silhouetted against the sun.",B,medium,false,
Literature,"In a saloon, the gunslinger from Stephen Kings self-titled novel hears a crowd singing what tune that is well known in our world?",Rock Around the Clock,Oh My Darlin Clementine,Gimme Shelter,Hey Jude,D,medium,false,
Literature,"In the Novel The Gunslinger, the gunslinger meets a boy called Jake. What is Jakes actual name?",Jack Mort,John Chambers,Jake Delgado,Juan Derer,B,medium,false,
Literature,What are Jakes final words to Roland in the novel The Gunslinger?,How come I cant have a gun?,"Well met, Sir",I have forgotten the face of my father,"Go then, there are other worlds than these.",D,medium,false,
Literature,"In the book The Gunslinger, a gas-pump is found in a tunnel under a mountain and is worshipped as a god. What is the gods name?",Amoco,Texaco,Opec,Elf,A,medium,false,
Literature,Where does Roland first meet Jake in the novel The Gunslinger?,An abandoned diner,An abandoned hospital,An abandoned way station,An abandoned railway station,C,medium,false,
Literature,"When Stephen King began to write The Gunslinger, he typed it on bright green paper.",True,False,,,A,medium,false,
Literature,What was Mark Twains birth name?,Booth Tarkington,Samuel Rogers Clinton,George F. Scott Harrison,Samuel L. Clemens,D,medium,false,
Literature,Where was Mark Twain born and where did he die?,Connecticut and Missouri,Missouri and Connecticut,Missouri and Mississippi,Mississippi and Connecticut,B,medium,false,
Literature,What was the name of Mark Twains wife?,Amelia,Josephine,Olivia,Amy,C,medium,false,
Literature,"At the height of his popularity, Mark Twain built one of the oddest and most elaborate homes at that time.  In which eastern city was ythe nineteen-room mansion built?","Hartford, Connecticut","Elmira, New York","Boston, Massachusetts","Newport, Rhode Island",A,medium,false,
Literature,It is generally accepted that the Mark Twain House was designed to resemble which of these?,a tower,a medieval castle,a Gothic cathedral,a Mississippi riverboat,D,medium,false,
Literature,How many children did Mark Twain and his wife have?,3 daughters and one son,4 sons,2 sons and 2 daughters,5 daughters,A,medium,false,
Literature,How many of Mark Twains children outlived him?,three,one,none,two,B,medium,false,
Literature,What was Mark Twains opinion about slavery?,"Being a southerner, he saw no evil in it.",He believed it was a necessary evil,He kept his true feelings on the subject to himself.,He was adamantly against it.,D,medium,false,
Literature,What were Mark Twains favourite animals?,Horses,Cats,Birds,Dogs,B,medium,false,
Literature,"Mark Twain made several costly investment mistakes in his lifetime, and even had to declare bankruptcy.  What was the invention in which he refused to invest?",The automobile,Gold mining in California,The Paige typesetting machine,The Telephone,D,medium,false,
Literature,What spell summons an item to the spell caster in the Harry Potter books?,Anapneo,Accio,Aguamenti,Aparecium,B,medium,false,
Literature,Which spell is used in the Harry Potter novels to unlock a door?,Avada Kedavra,Homenum Revelio,Avis,Alohomora,D,medium,false,
Literature,This charm helps some Harry Potter characters to breathe underwater or just to block out a bad smell.,Bubble-Head Charm,Colloportus,Anapneo,Aguamenti,A,medium,false,
Literature,"In the Harry Potter series of books, this spell places enormous pressure upon its target and blasts a hole.",Deletrius,Deprimo,Defodio,Descendo,B,medium,false,
Literature,This spell from the Harry Potter books causes objects to swell in size.,Ennervate,Engorgio,Growth Charm,Enlargement Charm,B,medium,false,
Literature,"In the Harry Potter series of novels, this charm produces bandages and splints.",Ferula,Tergeo,Furnunculus,Flesh Memory,A,medium,false,
Literature,What spell is used in the Harry Potter books to produce fire?,Fire Charm,Flagrate,Incarcerous,Incendio,D,medium,false,
Literature,In the Harry Potter books this spell creates a beam of light.,Illumino,Nox,Muffliato,Lumos,D,medium,false,
Literature,This spell was used by Hermione to create an exact replica of an object.,Geminio,The Twin curse,Confundus Charm,Reparo,A,medium,false,
Literature,This fun little charm from the Harry Potter series produces a lovely bouquet of flowers.,Confringo,Densaugeo,Petuniatum,Orchideous,D,medium,false,
Literature,"Entertainment Weeklys choice for the # 1book on the List of New Classics was the story of a father and son who trudge across an ashen American landscape in the wake of  some unnamed apocalypse, fighting off sexually predatory bandits, scavenging for food, uncovering charnel-house horror but always moving forward toward some mirage of a better future. What is the name of this post-apocalyptic novel by Cormac McCarthy?",There Will Be Blood,No Country for Young Men,The Road,All the Pretty Horses,C,medium,false,
Literature,Most writers dream of making the New York Times Best-Seller List. Which one of these books spent the most weeks on the New York Times Best-Seller List?,The Lovely Bones,The Da Vinci Code,Into Thin Air,Harry Potter and the Goblet of Fire,B,medium,false,
Literature,"The book ranked # 9 on the Entertainment Weeklys New Classics List tells the story of a deserting Confederate soldier, Inman, and his journey back to the genteel and lovely Ada. What was the destination for the war weary and lovelorn Inman?",Cold Mountain,Bridges of Madison County,West Point,Cold Comfort Farm,A,medium,false,
Literature,"This novel, that is over 850 pages, tells the story of cowboy Gus, the strong willed prostitute, Lorena and the evil murderer and rapist, Blue Duck. What is the title of this book that describes a long, long cattle drive?",Lonesome Dove,All the Pretty Horses,No Country for Old Men,New Riders of the Purple Sage,A,medium,false,
Literature,"Neil Gaiman, a fantasy and science fiction writer was asked to name his top 10 New Classic Monsters.  Gaimans # 8 choice was a monster found in master horror writer Steven Kings novel It. In what shape did It come to terrorize the children of Derry?",Buick 8,"Pennywise, the clown",Cujo,The Walking Dude,B,medium,false,
Literature,"In a book that made the list of Five Memoir Shockers, which sports legend bragged that he had bedded 20,000 ladies?",Jim Brown,Wilt Chamberlain,Willie Shoemaker,Joe Namath,B,medium,false,
Literature,"Which novel has the opening lines, My name was Salmon, like the fish; first name Susie. I was fourteen when I was murdered on December 6, 1963.?",All She Ever Really Wanted,The Handmaids Tale,The Lovely Bones,Case Histories,C,medium,false,
Literature,"On May 11, 1996, eight people died while trying to reach the summit of Mt. Everest, including famed mountain guides Rob Hall and Scott Fischer. Jon Krakauer was one of the survivors. What is the name of Krakauers book that gives his first person account of the events that led to one of the deadest days ever on Mount Everest?",Into Thin Air,Climb,Everest,Into the Wild,A,medium,false,
Literature,"In 2008, EW.com asked readers for their choice for favorite author of the last 25 years. Which author received the most votes?",Nora Roberts,John Grisham,J. K. Rowling,Steven King,C,medium,false,
Literature,What is the veterinarians full name in the book All Creatures Great and Small?,Dr. James Siegfried,Dr. Calvert James,Dr. James Tristan,Dr. James Herriot,D,medium,false,
Literature,"In the book All Creatures Great and Small, Mrs. Pumphreys dogs name is Tricki Woo.",True,False,,,A,medium,false,
Literature,"All Creatures Great and Small comprises James Herriots first two novels, If Only They Could Talk and It Shouldnt Happen to a Vet. What is the names of the editions in which the rest of James Herriots other books were published in the United states?","All Things Clean and Dirty, and All Things Sick and Gross.","All Things Loud and Annoying, and All Things Quite and Silent.","All Things Technical and Universal, and All Things Large and Small.","All Things Bright and Beautiful, and All Things Wise and Wonderful.",D,medium,false,
Literature,"In the book All Creatures Great and Small, which of Siegfrieds possessions does Tristan keep destroying?",Vehicles,Buildings,Pig pens,Tools,A,medium,false,
Literature,"In All Creatures Great and Small, James wanted to be a small animal surgeon before he became a veterinarian.",False,True,,,B,medium,false,
Literature,"In the book All Creatures Great and Small, what was Angus Griers way of getting all the attention for himself?","James would tell him that he was going to do something one way, then Grier would tell him to do it another way which would lead him doing it wrong, and then Grier did it the way James was going to at first.",He treated James as a pack mule.,"James killed the animal for Grier and while the owner would go crying, Grier would get a new animal that looked exactly alike and replace it and then pretend he had revived it.",He sacked James in front of lots of people and acted as if he were a runaway criminal.,A,medium,false,
Literature,"In the book All Creatures Great and Small, what was Tristans favorite type of cigarettes?",Woodbine,Garshaw,Duncan,Red Rover,A,medium,false,
Literature,"In All Creatures Great and Small, Mr. Worley had six pigs.",True,False,,,A,medium,false,
Literature,Who were William Shakespeares parents?,John and Lyn Shakespeare,John and Jane Shakespeare,John and Mary Shakespeare,William and Mary Shakespeare,C,medium,false,
Literature,How many siblings did William Shakespeare have?,He had no siblings,7,3,1,B,medium,false,
Literature,Where did William Shakespeare grow up?,Bath,London,Stratford-upon-Avon,Manchester,C,medium,false,
Literature,"What were the names of William Shakespeares three children, two of whom were twins, a boy and a girl?","Ophelia, Harry and Catherine","Anne, John and Susan","Susanna, Hamnet and Judith","Judith, Hamlet and Juliet",C,medium,false,
Literature,"What was the name of Shakespeares theatre, where his acting company performed?",The Theatre,The Oscar Theater,The Courtyard,The Globe Theater,D,medium,false,
Literature,What did Shakespeare leave to his wife Anne in his will?,30 pounds,all his silver plate,a silver bowl,his second best bed,D,medium,false,
Literature,"William Shakespeare died April 23, 1616.",True,False,,,A,medium,false,
Literature,Which of these is not one of the many pseudonyms used by American writer Dean Koontz?,Deanna Dwyer,Owen West,Brian Coffey,Chris McCarthy,D,medium,false,
Literature,In what year did Dean Koontzs first novel debut?,1981,1972,1968,1977,C,medium,false,
Literature,Dean Koontz is a confirmed bachelor.,False,True,,,A,medium,false,
Literature,Who is Trixie Koontz?,Dean Koontz dog,Dean Koontz niece,Dean Koontz wife,Dean Koontz pseudonym,A,medium,false,
Literature,Dean Koontz has undergone hair transplant surgery.,False,True,,,B,medium,false,
Literature,What is Dean Koontzs middle name?,Roy,He does not have a middle name.,Ray,Ron,C,medium,false,
Literature,What 70s television series did Dean Koontz write an episode for?,CHiPs,The Love Boat,Little House on the Prairie,All In The Family,A,medium,false,
Literature,Which of these is not one of Dean Koontzs pseudonyms?,Leonard Chris,Leigh Nichols,Marion Marquart,Richard Paige,C,medium,false,
Literature,Is fictional character Hermione Granger made a prefect?,No,Yes,,,B,medium,false,
Literature,"Who does Hermione turn into, using the Polyjuice Potion in Harry Potter and the Chamber of Secrets?",Millicent Bullstrodes cat,She stays herself.,Pansy Parkinson,Ginny Weasleys dog,A,medium,false,
Literature,What is the occupation of Hermiones parents in the Harry Potter books?,Dentists,Waiter/Waitress,Doctors,Teachers,A,medium,false,
Literature,Did Hermione punch Ron in Harry Potter and the Prisoner of Azkaban?,No,Yes,,,A,medium,false,
Literature,Which of these statements is true about Hermione Granger from the Harry Potter books?,She has green eyes.,She enjoys drinking the Polyjuice Potion.,She was born in a muggle family.,She can turn into a rabbit.,C,medium,false,
Literature,Which of these statements is NOT true about Harry Potter character Hermione Granger?,Her parents are dentists.,She was named after J.K Rowlings best friend.,She has bushy hair.,She passes her O.W.L.s,B,medium,false,
Literature,In what book does Hermione develop a crush on Gilderoy Lockhart?,Harry Potter and the Chamber of Secrets,Harry Potter and the Order of the Phoenix,Harry Potter and the Philosophers Stone,Harry Potter and the Goblet of Fire,A,medium,false,
Literature,"In the poem The Rime of the Ancient Mariner, the Ancient Mariner tells his tale to a person he pulls aside from what event?",A dance,A wedding,A play,A party,B,medium,false,
Literature,How did the Mariners ship end up in the Antarctic Ocean in the poem The Rime of the Ancient Mariner?,They were exploring the Antarctic.,The ships compass was broken.,It was blown south by a storm.,They were shipping supplies to Antarctica.,C,medium,false,
Literature,"In The Rime of the Ancient Mariner, what creature brings good luck to the ship and follows it out of the icebergs?",A dolphin,A whale,A seal,An albatross,D,medium,false,
Literature,What did the Ancient Mariner from The Rime of the Ancient Mariner do that cursed the crew and the ship?,He ate the dolphin,He drove the whale away,He killed the albatross,He wounded the seal,C,medium,false,
Literature,"Finish this stanza from the poem The Rime of the Ancient Mariner: Water, water everywhere, And all the boards did shrink, Water, water everywhere, ____________________.",Nor any drop to drink.,And then the ship did sink.,And boy did that water stink!,And the men were on the brink.,A,medium,false,
Literature,What did the crew of the ship in The Rime of the Ancient Mariner put around the Mariners neck to shame him?,A noose,A sign that said Kick me,A rock tied to a rope,The albatross,D,medium,false,
Literature,What does the Mariner from The Rime of the Ancient Mariner see on the horizon that gives the crew a fleeting sense of hope?,Another whale,Another ship,Land,Another albatross,B,medium,false,
Literature,"In the poem The Rime of the Ancient Mariner, how many men died onboard the ship when the Moon rose?",1,200,75,150,B,medium,false,
Literature,How long did the Mariner sail alone after the crew had died in The Rime of the Ancient Mariner?,One week,Thirteen days,Seven days and seven nights,A fortnight,C,medium,false,
Literature,What creatures does the Mariner watch swimming in the sea beyond the shadow of the ship in The Rime of the Ancient Mariner?,Water snakes,Dolphins,Whales,Schools of fish,A,medium,false,
Literature,What does the Mariner do that begins to lift the curse in the poem The Rime of the Ancient Mariner?,He swims with the whales.,He rides on the back of a dolphin.,He blesses the water snakes and says a prayer.,He clicks his heels three times saying Theres no place like home!,C,medium,false,
Literature,What happens after the Mariner from The Rime of the Ancient Mariner awakes after a blessed sleep?,A wind blows out of the East..,A storm ravages the ship.,He eats breakfast.,He drinks some sea water.,B,medium,false,
Literature,"In the English poem The Rime of the Ancient Mariner, which dead crew member helped the Mariner pull on a rope after the crew rose from the dead?",The ships cook,The Mariners nephew,The captain of the ship,The Mariners best friend,B,medium,false,
Literature,"In the beginning of Part 6 of The Rime of the Ancient Mariner, who is having a conversation with whom?",The mariner and the Second Voice,The First Voice and the Second Voice,The mariner and the ghost,The albatross and the whale,B,medium,false,
Literature,Where does the wind blow the ship after the conversation in the beginning of Part 6 of The Rime of the Ancient Mariner is over?,To the North Pole,Back to the Mariners home country,To the South Pole,To a strange new country,B,medium,false,
Literature,Who was in the boat that rowed nearer the Mariners ship in the harbor at the end of the poem The Rime of the Ancient Mariner?,The Pilot and his wife,"The Pilot, by himself","The Pilot, his daughter, and the Hermit","The Pilot, his son, and the Hermit",D,medium,false,
Literature,"At the end of the poem The Rime of the Ancient Mariner, the man who the Mariner told his story to does what?",Goes back to the wedding,Goes with the Mariner back to the ship,"Goes home, and gets up the next morning wiser than before",Goes back to the party,C,medium,false,
Literature,What Shakespeare historical play was being performed at the Globe Theatre in 1613 when a fire broke out from a misguided theatrical cannon shot?,The Tempest,Richard II,Henry IV Part II,Henry VIII,D,medium,false,
Literature,"Sporting a male pseudonym, what female French novelist maintained a romantic relationship with Frederic Chopin from 1837-1847?",George Eliot,George Sand,Elizabeth Barrett Browning,George Orwell,B,medium,false,
Literature,"A.A. Milne created the character of Christopher Robin as one of Winnie-the-Pooh’s best friends and based him on his real life son, Christopher Robin Milne.",True,False,,,A,medium,false,
Literature,"Known as the “Sage of Concord”, what American Transcendentalist owned the land where Henry David Thoreau built his cabin near Walden Pond in Massachusetts?",Nathaniel Hawthorne,Herman Melville,Henry Wadsworth Longfellow,Ralph Waldo Emerson,D,medium,false,
Literature,"What best-selling American author, born Howard Allen O’Brien, created the vampire Lestat de Lioncourt?",Anne Rice,Dean Koontz,Stephen King,Stephenie Meyer,A,medium,false,
Literature,"Based on Audrey Niffenegger’s novel, this 2009 movie starring Eric Bana and Rachel McAdams chronicles a romance over time between Henry DeTamble and Clare Abshire.",The Time Travelers Wife,Sunshine Cleaning,The International,Duplicity,A,medium,false,
Literature,"With characters such as Fiver, Bigwig, and General Woundwort, what Richard Adams heroic fantasy novel follows the story of a small group of rabbits?",Lord of the Flies,The Bureaucrats,Watership Down,"Rabbit, Run",C,medium,false,
Literature,"Often coming in at number one on 100 Best Novels of the 20th Century lists, what is the name of the James Joyce book that depicts a day in the life of Leopold Bloom?",Dubliners,Ulysses,Finnegans Wake,A Portrait of the Artist as a Young Man,B,medium,false,
Literature,"This Jacquelyn Mitchard’s novel, which was the first book chosen for Oprah’s Book Club in 1996, was made into a 1999 Michele Pfeiffer and Treat Williams movie.",The Heart of a Woman,Song of Solomon,Shes Come Undone,The Deep End of the Ocean,D,medium,false,
Literature,Which 19th century epistolary novel by Wilkie Collins is considered to be the first modern detective novel in the English language?,A Study in Scarlet,The Count of Monte Cristo,Murder on the Orient Express,The Moonstone,D,medium,false,
Literature,"Which anti-war science fiction novel by Kurt Vonnegut follows the journeys through time of American soldier, Billy Pilgrim, mostly set in Dresden, Germany?",Cats Cradle,Mother Night,Breakfast of Champions,Slaughterhouse Five,D,medium,false,
Literature,What is the slang term used for romance novels in literature?,Chick Lit,Torrid Teasers,Moonlighters,Bodice Rippers,D,medium,false,
Literature,This small publishing company is noted for its defence for freedom of speech. Can you name the publishing company that took on the United States Postal Service for the right to publish Lady Chatterleys Lover?,Random House,Simon  Schuster,Doubleday,Grove Press,D,medium,false,
Literature,In 1972 Kathleen Woodiwiss published a historical romance that took a historical romantic couple actually into the bedroom. Can you name the book that begins the saga of the Birmingham Family?,The Wiz of Fifth Avenue,Rebeccas,The Flame and the Flower,The Sword and Shield,C,medium,false,
Literature,With what book did Erica Jong debut in 1973 that introduced the character Isadora Zelda White Strollerman Wing and Isadoras search for emotional and sexual fulfilment?,J,Fear of Flying,Wings of a Dove,Coffee Tea or Me,B,medium,false,
Literature,What is the name of the mythical land that is the basis of Piers Anthonys most famous fantasy book series?,Xanth,Dinotopia,Oz,Garran,A,medium,false,
Literature,What was the title of Piers Anthonys famous horror novel written in 1990?,Firefly,Hasan,Ghost of Space,For Love of Evil,A,medium,false,
Literature,Which one of these fantasy books by Piers Anthony is not part of a series?,"Ogre, Ogre",Juxtaposition,Mercycle,On a Pale Horse,C,medium,false,
Literature,Who did Piers Anthony collaborate with to write the Kelvin of Rudd series?,R.L. Stine,Mercedes Lackey,Stephen King,Robert E. Margroff,D,medium,false,
Literature,Which of these is not a book from the Apprentice Adept series by Piers Anthony?,Phaze Doubt,Unicorn Point,Prostho Plus,Split Infinity,C,medium,false,
Literature,Piers Anthonys fantasy land of Xanth looks strikingly similar to what southern state of the USA?,Louisiana,Florida,Georgia,Mississippi,B,medium,false,
Literature,Piers Anthony wrote a historical/fantasy novel about Native Americans called Tatham Mound.,False,True,,,B,medium,false,
Literature,What is Piers Anthonys real last name?,Jacob,Martin,Rourque,Dillingham,A,medium,false,
Literature,"Apart from writing a bestselling horror fiction, he also worked as an acting and business manager of Irvings Lyceum Theatre, London. Who is he?",Nathaniel Hawthorne,James Joyce,William Hope Hodgson,Bram Stoker,D,medium,false,
Literature,This French writers grandmother was an Afro-Caribbean slave who married a white nobleman.,Victor Hugos,Jules Vernes,Voltaires,Alexandre Dumas,D,medium,false,
Literature,"She wrote her only best-seller novel bedridden, with a broken ankle only for her amusement, keeping it secret from her friends. Who is she?",George Elliott,Jane Austen,Emily Bronte,Margaret Mitchell,D,medium,false,
Literature,"What was the name of the only brother of the sister authors Charlotte, Emily and Anne Bronte?",Branwell,Arthur,Edward,Edmund,A,medium,false,
Literature,"According to many scholars, Miguel Cervantes penned the first modern novel. What is its title?",Don Quixote,The Iliad,The Impossible Dream,La Galatea,A,medium,false,
Literature,Which of the following Irish writers did not receive the Nobel Prize for Literature in the 20th century?,Seamus Heaney,Samuel Beckett,William Butler Yeats,James Joyce,D,medium,false,
Literature,"Ernest Hemingway fictionalized his experiences of World War I in this book which tells the story of an American soldier, Lt. Fredric Henry, who falls in love with a British nurse, named Catherine Barkley.",The Sun Also Rises,A Farewell to Arms,For Whom the Bell Tolls,The Old Man and the Sea,B,medium,false,
Literature,What white whale does Captain Ahab seek in Herman Melvilles novel Moby Dick?,Sperm Whale,Blue Whale,Pilot Whale,Killer Whale,A,medium,false,
Literature,English Baron George Bulwer-Lytton liked to use the words the last in the titles of his books. Which of the following books was not written by him?,The Last of the Mochicans,The Last Days of Pompeii,The Last Days of the Barons and Harold,The Last Days of the Saxon Kings,A,medium,false,
Literature,Who penned the childrens story The Old Man of Lochnager?,Eric Clapton,Prince Charles,Harold Wilson,David Beckham,B,medium,false,
Literature,The novel The Drawing of the Three begins seven days after the end of The Gunslinger novel.,True,False,,,B,medium,false,
Literature,In the opening scene of The Drawing of the Three Roland is attacked by a strange creature. What type of creature of our world did it resemble?,Lobster,Bear,Raven,Lion,A,medium,false,
Literature,"In the book The Drawing of the Three, during his battle with the creature on the beach Roland suffers a loss. What is it?",His right middle finger,All of these,His right index finger,Most of his right big toe,B,medium,false,
Literature,"The first door described in the book The Drawing of the Three leads Roland to Eddie Dean, a heroin addict in the process of smuggling some drugs. What is the label on this first door?",The Punisher,The Prisoner,The Pusher,The Poisoner,B,medium,false,
Literature,"The second door in the novel The Drawing of the Three leads to Odetta Holmes, a black woman who is involved with the civil rights movement. She has a split personality that leads to some interesting confrontations with her new companions. What is the label on the second door?",The Twins,The Lady of Shadows,Good Lies in Dark Places,The Darkness of Detta,B,medium,false,
Literature,"In the novel The Drawing of the Three, Roland doesnt find another companion through the third door. Instead he finds an adversary named Jack Mort who is closely linked to some of Rolands companions. What was the label on the third door?",The Poisoner,The Pusher,The Prisoner,The Pensioner,B,medium,false,
Literature,Rolands encounter with Jack Mort in The Drawing of the Three caused the characters of Odetta Holmes and Detta Walker to merge together. What was the name of the woman who was formed from this fusion?,Susan,Susannah,Hannah,Shannon,B,medium,false,
Literature,"In the novel The Drawing of the Three, Roland tells his companions they are all essential members of his group, but uses a special word meaning one made from many or sharing the same destiny. What is that word?",Ka-lel,Ka-tet,Ka-zaa,Ka-boom,B,medium,false,
Literature,"In the novel The Drawing of the Three, when in New York Roland hunts for ammunition for his guns and it is revealed that they take .38 Long Colt cartridges.",False,True,,,A,medium,false,
Literature,"What is the first name of Mary Shelleys character Frankenstein, who creates a humanoid creature by stitching together pieces of human corpses?",Ernest,Volfgang,William,Victor,D,medium,false,
Literature,"This fictional scientific genius, who travels in a submarine, was featured in the novels Twenty Thousand Leagues Under the Sea and The Mysterious Island.",Captain Duncan,Nautilus,Pierre Aronnax,Nemo,D,medium,false,
Literature,"Which author wrote a novella, centered around a good-natured doctor who transforms into a cruel and remorseless person after drinking a potion?",Robert Louis Stevenson,Arthur Conan Doyle,Walter Scott,Thomas Hardy,A,medium,false,
Literature,"What Jules Verne novel features Thomas Roch, a genius inventor, who created a powerful weapon?",Facing the Flag,Master of the World,From the Earth to the Moon,Twenty Thousand Leagues Under the Sea,A,medium,false,
Literature,H. G. Wells sci-fi novel The Island of Doctor Moreau focuses on experiments involving which of the following?,X-rays,potions,explosives,vivisection,D,medium,false,
Literature,Which of these stories is not part of the childrens series The Mad Scientists Club?,The Unidentified Flying Man of Mammoth Falls,The Voice in the Chimney,The Penultimate Peril,The Strange Sea Monster of Strawberry Lake,C,medium,false,
Literature,Which of these literary characters has a condition called dextrocardia (heart on the right side of the chest)?,Doctor Death,Dr. Jekyll,Dr. Moreau,Dr. Julius No,D,medium,false,
Literature,"What character, depicted by English writer H. G. Wells, discovers a formula capable of rendering a human being invisible?",Dr. Moreau,Dr. Montgomery,Griffin,Professor Lidenbrock,C,medium,false,
Literature,"In Don DeLillos novel, White Noise, professor Jack Gladney finds out that his wife participates in an experimental study of a new psychoactive drug, called Dylar. Which of the following does this medication treat?",the fear of reality,the fear of death,the fear of the future,the fear of being alone,B,medium,false,
Literature,"Who does Dr. Faustus summon, after he sells his soul to the devil for power and knowledge, in the play The Tragical History of Doctor Faustus?",Adam and Eve,Achilles,Hector,Helen of Troy,D,medium,false,
Literature,In what year did Ernest Hemingway die?,1955,1960,1961,1971,C,medium,false,
Literature,For which book did Ernest Hemingway win a Pulitzer Prize in 1953?,For Whom the Bell Tolls,A Farewell to Arms,Islands in the Stream,The Old Man and the Sea,D,medium,false,
Literature,Ernest Hemingways mother dressed him in girls clothing when he was little.,False,True,,,B,medium,false,
Literature,Ernest Hemingway served in the army.,False,True,,,A,medium,false,
Literature,Margaux Hemingway was Ernest Hemingways daughter.,False,True,,,A,medium,false,
Literature,Margaux Hemingway never appeared in a movie with her sister.,False,True,,,A,medium,false,
Literature,Mariel Hemingway is Margaux Hemingways mother.,False,True,,,A,medium,false,
Literature,Mariel Hemingway is famous for playing the role of Tracy in what 1979 Woody Allen film?,Star 80,Personal Best,The Contender,Manhattan,D,medium,false,
Literature,Mariel Hemingway never starred in a Superman movie.,False,True,,,A,medium,false,
Literature,Elizabeth Hadley Richardson married Ernest Hemingway in 1935.,True,False,,,B,medium,false,
Literature,The Hemingways have a history of suicides.,False,True,,,B,medium,false,
Literature,The novel Wizard and Glass picks up where Dark Tower III: The Waste Lands left off.,True,False,,,A,medium,false,
Literature,"In the book Wizard and Glass, the gunslingers and Oy disembark from the monorail train at which station?",Tower Heights,Topeka,Hambry,Grand Central Station,B,medium,false,
Literature,What is the name of the Kansas City baseball team whose stadium the ka-tet pass on their journey in the novel Wizard and Glass?,Royals,Twisters,Monarchs,Eagles,C,medium,false,
Literature,"In Wizard and Glass, one night, Roland begins to tell the rest of the ka-tet the story of his earlier life. At what age did he earn his guns to become the youngest ever gunslinger?",13,12,15,14,D,medium,false,
Literature,"When Roland first left Gilead in the novel Wizard and Glass, he was accompanied by two of his close friends. What were their names?",Cuthbert Allgood and Jamie De Curry,Jamie De Curry and Sheemie Ruiz,Cuthbert Allgood and Alain Johns,Alain Johns and Sheemie Ruiz,C,medium,false,
Literature,"In the book Wizard and Glass, Roland and his original ka-tet travel to the Barony of Mejis on order of Rolands father. What task had they been instructed to carry out?",Destroy the oil-fields of Mejis,Count how many horses were held within the Barony,Gather information about agents of John Farson and their activities,Capture the Wizards Glass,C,medium,false,
Literature,"In the book Wizard and Glass, Roland and his young friends defeat a troop of Farsons men by making them ride into a canyon which houses a thinny - an eerie dimensional hole through which people can travel across dimensions.  What is the name of the canyon?",Thunderbolt,Screamer,Thunderclap,Eyebolt,D,medium,false,
Literature,"During the battle in the book Wizard and Glass, Roland captures the Wizards Glass, a malevolent crystal ball that shows him visions of his future. What colour is the Wizards Glass?",No colour at all,Black,Green,Pink,D,medium,false,
Literature,"The author of the best-selling novel, The Call of the Wild, was a war reporter, covering the Russo-Japanese War. Can you guess his name?",Jack London,Jonathan Swift,O Henry,Charles Dickens,A,medium,false,
Literature,"The novel entitled Cosette ou le Temps des Illusions (Cosette or the Time of Illusions), written by Francois Ceresa, is sequel to what Victor Hugo novel?",Remembrance of Things Past,Madame Bovary,Les Miserables,The Three Musketeers,C,medium,false,
Literature,"Robert Southey, one of the English Lake Poets, became known for what fairy tale?",Little Red Riding Hood,Ali Baba and the Forty Thieves,Goldilocks and the Three Bears,Snow White and the Seven Dwarfs,C,medium,false,
Literature,"Famous fiction characters Tom Sawyer and Huckleberry Finn were from the small town of St. Petersburg, which was modeled by Mark Twain after his home town. Where was St. Petersburg?","Jackson, Mississippi","Lincoln, Nebraska","Boston, Massachusetts","Hannibal, Missouri",D,medium,false,
Literature,Stephen King wrote about half of this novel in room 217 of the Stanely Hotel in Colorado.,Misery,The Shining,Bag of Bones,Black House,B,medium,false,
Literature,What is Romeos last name in Shakespeares play Romeo and Juliet?,Montague,Boleyn,Capulet,Valentine,A,medium,false,
Literature,"Who did Ralph Nader criticize in his book Unsafe at Any Speed, published in 1965?",Internet,Video Games,Olympic Swimmers,Auto Industry,D,medium,false,
Literature,"On Friday 13th in 2006, American author Lemony Snicket released his last book of A Series of Unfortunate Events, featuring the Baudelaire children. How many books does the series contain?",12,14,13,11,C,medium,false,
Literature,"Why is Joseph K. arrested in Franz Kafkas popular novel, The Trial?",The reason is never explained.,He was accused of robbing a bank,Murder of his step-father,Treason,A,medium,false,
Literature,What novel by Jane Austen was originally titled Elinor and Marianne?,Persuasion,Emma,Sense and Sensibility,Pride and Prejudice,C,medium,false,
Literature,What was the title of Dorothy Parkers first poetry collection?,The Fan,Resume,Enough Rope,Death  Taxes,C,medium,false,
Literature,Dorothy Parker was a recluse all her life.,False,True,,,A,medium,false,
Literature,Dorothy Parker wrote the script for what famous 1937 movie starring Janet Gaynor?,Rebecca,The Awful Truth,Meet The Press,A Star Is Born,D,medium,false,
Literature,Martin Rothschild was Dorothy Parkers uncle.,True,False,,,A,medium,false,
Literature,What was Dorthy Parkers last film project?,Ziegfied Follies - 1946,A Star Is Born - 1937,The Fan - 1949,Saboteur - 1940,C,medium,false,
Literature,Dorothy Parker never married.,True,False,,,B,medium,false,
Literature,Dorothy Parker grew up in an extremely close family.,True,False,,,B,medium,false,
Literature,Dorothy Parker had an affair with F. Scott Fitzgerald.,False,True,,,B,medium,false,
Literature,When was Dorothy Parker born?,September 1900,August 1893,January 1899,June 1897,B,medium,false,
Literature,Dorothy Parker worked for 4 magazines. Which list shows the correct order in which she worked for them?,"Vogue, Vanity Fair, The New Yorker, Esquire","Vanity Fair, Esquire, Vogue, The New Yorker","Esquire, Vanity Fair, The New Yorker, Vogue","The New Yorker, Vogue, Vanity Fair, Esquire",A,medium,false,
Literature,Dorothy Parker wrote movie reviews for which magazine?,The New Yorker,Vanity Fair,Vogue,Esquire,B,medium,false,
Literature,"What is the name of the town, where Eragon from the self-titled book lives, until he becomes a dragon rider and makes his journey to the Varden?",Tarnag,Teirm,Therinsford,Carvahall,D,medium,false,
Literature,"Which of these cities, described by fantasy fiction writer Christopher Paolini, is not located in Du Weldenvarden?",Silthrim,Kirtan,Buragh,Nadindel,C,medium,false,
Literature,"Which of these words/phrases of the ancient language, featured in the books Eragon and Eldest, is not paired with its correct meaning?",jierda - break/ hit,blothr - stop,adurna - the morning star,the varden - the warders,C,medium,false,
Literature,"In the books Eragon and Eldest, wierda is the ancient language word meaning fate.",True,False,,,B,medium,false,
Literature,"In the novels Eragon and Eldest, zarroc is the ancient language word translated as misery. What else does the word refer to?",a dragon,a dragon rider,a place,a sword,D,medium,false,
Literature,The first word in the novel Eragon is a proper noun (excluding the prologue).,True,False,,,A,medium,false,
Literature,The books Eragon and Eldest are from which book series?,None of these,Legacy Trilogy,Ancient Trilogy,Inheritance Trilogy,D,medium,false,
Literature,"In the novel Left Behind, character Rayford Steele is a pilot for Pan-American Airways.",True,False,,,B,medium,false,
Literature,What is the name given to the mysterious disappearance of millions of people worldwide by Nicolae Carpathia in the Christian fiction book Left Behind?,The Vanishings,Doomsday,The Great Disappearance,The Rupture,A,medium,false,
Literature,"In the Christian-themed novel Left Behind, Cameron Buck Williams is senior writer for which news magazine?",Newsweek,The World Today,Global Weekly,Time,C,medium,false,
Literature,Joshua Todd-Cothran is the head of what financial institution from the novel Left Behind?,The World Stock Exchange,The London Stock Market,The New York Stock Exchange,The London Stock Exchange,D,medium,false,
Literature,"In the book Left Behind, Chaim Rozenzweig was a botanist who developed The Eden Formula, that caused the deserts of Israel to bloom.",False,True,,,B,medium,false,
Literature,"In the Christian-themed novel Left Behind, charter pilot Ken Ritz had his own theory on the vanishings. He thought they were caused by aliens abducting the millions of missing people.",False,True,,,B,medium,false,
Literature,Did Rayford Steele ever have an affair with senior flight attendant Hattie Durham in the novel Left Behind?,Yes,No,,,B,medium,false,
Literature,Left Behind character Buck Williams is drawn into a murder mystery when an old friend of his is mysteriously killed by a sniper.,False,True,,,A,medium,false,
Literature,"In the Christian fiction book Left Behind, Rayford and eventually Buck believe Nicolae Carpathia is the Antichrist described in several books of the New Testament.",False,True,,,B,medium,false,
Literature,"According to Pastor Bruce Barnes from the novel Left Behind, the Tribulation will begin when the Anti-Christ makes a peace treaty between which countries?",The United States and the West European countries,Israel and all of its enemies,The United States and Russia,Russia and Israel,B,medium,false,
Literature,Left Behind character Bruce Barnes believes The Tribulation would last how many years?,7,5,6,3 and a half,A,medium,false,
Literature,"Lord Byron was the lusty, adventurous poet of revolt. He wrote once, “I awoke one morning and found myself famous.” What widely popular travel poem did this bohemian baron write which garnered the fame to which he referred?",So We’ll Go No More A Roving,Childe Harold’s Pilgrimage,Stanzas for Music,Don Juan,B,medium,false,
Literature,"This conservative, aristocratic poet and novelist was the pride of both Scotland and England. His martial poetry was an inspiration during war. What author of “Waverly” penned the following poem?",,,,,A,medium,false,
Literature,This nature lover felt that poetry should reflect the simple tongue of the common man and that poetry is basically “emotion recollected in tranquility.” Which renowned poet penned “Tintern Abbey” and “I Wandered Lonely as a Cloud.”,William Wordsworth,Samuel Taylor Coleridge,Charles Lamb,William Blake,A,medium,false,
Literature,Who wrote these famous lines and in what poem can they be found?,,,,,A,medium,false,
Literature,What was Lord Byron’s original name?,Byron Thomas Hood,George Gordon,William Byron James,James Manchester,B,medium,false,
Literature,He was a close friend of Wordsworth. He wrote “Kubla Khan” and the following lines from his most popular poem:,,,,,A,medium,false,
Literature,"Coleridge, Southey, and Wordsworth all resided in the Lake Country of England near Grasmere.  What were these three referred to as?",The Grasmere Poets,The Lake Poets,The Nature Poets,The Country Poets,B,medium,false,
Literature,"He was a close friend of Byron and an incredibly popular singer, songwriter.  Which Irish entertainer and poet, who wrote the lyrics to “The Minstrel Boy,” wrote these lines as well?",,,,,A,medium,false,
Literature,"I weep for Adonais—he is dead! Oh, weep for Adonais! Though our tears Thaw not the frost which binds so dear a head!",,,,,A,medium,false,
Literature,Who wrote the book Running with Scissors?,Augusten Burroughs,David Sedaris,William S. Burroughs,Ann Coulter,A,medium,false,
Literature,Barack Obamas first memoir is entitled Dreams from My Father.,False,True,,,A,medium,false,
Literature,What is the title of William S. Burroughs semi-autobiographical novel depicting the lifestyle of heroin addicts?,Junky,Requiem for a Dream,Crack,"Sex, Drugs and Cocoa Puffs",A,medium,false,
Literature,David Sedaris wrote the book Dry which details his life.,True,False,,,B,medium,false,
Literature,Queer was a memoir penned by Allen Ginsberg.,True,False,,,B,medium,false,
Literature,"This actress, who won an Oscar at the age of 10, wrote a scathing memoir titled A Paper Life.",Angelica Huston,Murial Hemingway,Drew Barrymore,Tatum ONeal,D,medium,false,
Literature,Which Hollywood legends daughter penned the memoir Mommy Dearest?,Joan Crawford,Judy Garland,Katherine Hepburn,Betty Davis,A,medium,false,
Literature,Eli Weisels book Night is about the Holocaust.,False,True,,,B,medium,false,
Literature,Manfred Bloor is a character from which novel?,Midnight for Charlie Bone,Charmed Life,Shadowmancer,Mattimeo,A,medium,false,
Literature,Which novel features the characters King Swishbert and Queen Olympia?,Once upon a Marigold?,The Star of Kazan,Dragons breath,The Frog Princess,A,medium,false,
Literature,In which novel does the character Dustfinger appear?,The Purple Emperor,Inkheart,The Sphere of Secrets,The Amulet of Samarkand,B,medium,false,
Literature,Name the first novel of a popular series which has a main character named Twig.,Pure dead magic,"Wizard of Earthsea, A","Moorchild, The",Beyond the Deep Woods,D,medium,false,
Literature,Luke is the main character in which of the following books?,Turnabout,Double identity,Among the Hidden,Running out of Time,C,medium,false,
Literature,Which novel features the fictional Herdman family?,The Imp That Ate My Homework,Loser,Rules,The Best Halloween Ever,D,medium,false,
Literature,Soren is a fictional character depicted in which book??,The Capture,Poppy,Redwall,The Field Guide,A,medium,false,
Literature,In which popular hockey novel does the character Nish appear?,The Night They Stole the Stanley Cup,Penalty shot,The Million dollar goal,Woodsie,A,medium,false,
Literature,Parvana is the protagonist of this Canadian novel.,The Minstrels Daughter,Prisoner in the Promised Land,Still There Clare,The Breadwinner,D,medium,false,
Literature,Mrs. Granger is a popular teacher who appears in this novel.,My Life as a Fifth-Grade Comedian,Frindle,Superfudge,The Best School Year Ever,B,medium,false,
Literature,Shona Silkfin becomes friends with the title character of which novel?,Rani in the Mermaid Lagoon,Aquamarine,The Tail of Emily Windsnap,Sirena,C,medium,false,
Literature,Rocky is the best friend of the protagonist in which novel?,Molly Moons Incredible Book of Hypnotism,The wall and the wing,The Book of Lies,Peter  the Starcatchers,A,medium,false,
Literature,Who wrote the collection of stories titled The Canterbury Tales?,Edward Spenser,Sir Walter Raleigh,Geoffrey Chaucer,Christopher Marlowe,C,medium,false,
Literature,Who wrote the poems titled Epithalamion (a song in celebration of a wedding) and Amoretti?,Geoffrey Chaucer,Sir Walter Raleigh,Edward Spenser,John Milton,C,medium,false,
Literature,Who wrote The Passionate Sheppard to His Love in 1600?,John Milton,Alexander Pope,Sir Walter Raleigh,Christopher Marlowe,D,medium,false,
Literature,What poet wrote Farewell False Love and The Nymphs Reply to the Sheppard?,Edward Spenser,Christopher Marlowe,Sir Walter Raleigh,John Milton,C,medium,false,
Literature,Which poet wrote the poems LAllegro and il Penseroso in 1631?,William Blake,Christopher Marlowe,John Milton,Alexander Pope,C,medium,false,
Literature,Who wrote the epic poem The Rape of the Lock in 1714?,John Milton,Alexander Pope,William Wordsworth,William Blake,B,medium,false,
Literature,What poem was written by William Blake in 1794?,Khubla Khan,L Allegro,Amoretti,The Tyger,D,medium,false,
Literature,"In what year did William Wordsworth write the poem Ode, Intimations of Immortality from Recollections of Early Childhood?",1800,1810,1803,1799,C,medium,false,
Literature,Samuel Taylor Coleridge wrote the poem She Was a Phantom of Delight in 1803.,False,True,,,A,medium,false,
Literature,Which of these poems was written by Samuel Taylor Coleridge?,Khubla Khan in 1798,The Tyger in 1794,She Walks in Beauty in 1814,Ode to the West Wind in 1819,A,medium,false,
Literature,"Ironically, the essay Areopagitica, which dealt with censorship, was banned in England. Who wrote  this essay?",Dr. William Bowlder,John Milton,Phillip Marlowe,Felton Edward Lewis,B,medium,false,
Literature,"In 1931 the Province of Hunan, China banned this book.",1984,Go Ask Alice,Alices Adventures in Wonderland,Alices Restaurant,C,medium,false,
Literature,This famous anti-war novel by Erik Marie Remarque was banned in Nazi Germany.,To Hell and Back,1984,Dr. Caligari,All Quiet on the Western Front,D,medium,false,
Literature,Nadine Gordimer won the 1991 Nobel Prize in Literature but many of her works were banned in her  native country. What is her native country?,Romania,Belgium,The Soviet Union,The Union of South Africa,D,medium,false,
Literature,Who wrote the novel Dr. Zhivago which was banned in the Soviet Union until 1988?,Ivan Gogol,Boris Pasternak,William F. Buckley,Leon Trotsky,B,medium,false,
Literature,"Who wrote Uncle Toms Cabin, a book which was banned in most of the southern United States?",Clara Barton,Harriet Beecher Stowe,Thaddeus Stevens,Ambroise Beirce,B,medium,false,
Literature,"In Seinfeld, Jerry was accused of having this book overdue at the New York Public Library for over 15  years. It was banned in the USA from the 1930s until the 1950s.",Lady Chatterleys Lover,Moll Flanders,O,The Tropic of Cancer,D,medium,false,
Literature,"This book, which was in part the basis for the play Pippin, was banned in the USA for obscenity.",O,Madame Was Not a Lady,Candide,Madame  Bovary,C,medium,false,
Literature,"Who wrote the novel The Satanic Verses which was banned in Bangladesh, Iran, Singapore and Indonesia?",Sameer Mousheff,Kharam Patel,David Beck,Salmon Rushdie,D,medium,false,
Literature,Many communities in California banned this Pulitzer Prize-winning novel and labeled it communist propaganda.,The Old Man and the Sea,The Pearl,L.A. Land,The Grapes of Wrath,D,medium,false,
Literature,"This book by D. H. Lawrence was banned in the USA, the UK and Australia.",The Great Gatsby,Lady Chatterleys Lover,The Sun Also Rises,The Day of the Locust,B,medium,false,
Literature,"During the missile crisis of the 1960s, this book was banned in the USA and the UK.",The Lotus Eaters,1984,Brave New World,Down and Out in London and Paris,B,medium,false,
Literature,When the Nazis came to power they banned this short novel by Franz Kafka.,The Metamorphosis,The Rights  of  All men,The Satanic Verses,All Quiet on the Western Front,A,medium,false,
Literature,"This work was banned in Lebanon for showing Jews, Zionism, and Israel in a favorable light.",The Grapes of Wrath,The Diary of a Young  Girl,The Kite Runner,The Rubiyat of Omar Khayyam,B,medium,false,
Literature,This 18th century erotic novel is one of the most prosecuted and banned books in history.,O,Stella Dallas,Memoirs of a Woman of Pleasure,I Was Curious Yellow,C,medium,false,
Literature,Which of these poems was written by Lord George Gordon Byron?,Ode To A Grecian Urn,My Lost Youth,She Was A Phantom Of Delight,She Walks In Beauty,D,medium,false,
Literature,In what year did Edgar Allan Poe write the poem The City in the Sea?,Edgar Allan Poe never wrote The City in the Sea,1825,1831,1829,C,medium,false,
Literature,Oliver Wendell Holmes wrote The Chambered Nautilus and The Deacons Masterpiece in the same year.,True,False,,,A,medium,false,
Literature,Who is the author of the poems Meeting at Midnight and Parting in Morning?,Emily Bronte,Walt Whitman,Robert Browning,Elizabeth Browning,C,medium,false,
Literature,Which poet wrote the poem beginning with the words-Success is counted sweetest...?,Elizabeth Browning,Carol Channing,Emily Bronte,Emily Dickinson,D,medium,false,
Literature,Which of these poems was written by Lord Alfred Tennyson?,A Musical Instrument,"Peter, Peter, Pumpkin Eater",Ulysses,Calvary Crossing A Ford,C,medium,false,
Literature,"Who wrote the poem Break, Break, Break?",Emily Bronte,Oliver Wendell Holmes,Elizabeth Browning,"Alfred, Lord Tennyson",D,medium,false,
Literature,Victorian poets Elizabeth Browning and Robert Browning were brother and sister.,True,False,,,B,medium,false,
Literature,"Hans Christian Andersen was born on April 2, 1805. What was his nationality?",Swiss,German,Flemish,Danish,D,medium,false,
Literature,What kind of literary works did Hans Christian Andersen enjoy reading when he was a child?,Love stories,Gothic novels,Dramatic works,Poems,C,medium,false,
Literature,What was the name of Hans Christian Andersens first story which was published in 1822?,The Tinder Box,A Journey on Foot from Holmens Canal to the East Point of Amager,The Ghost at Palnatokes Grave,The Princess and the Pea,C,medium,false,
Literature,Which of these statements is true about the childhood of Hans Christian Andersen?,He wasnt a very good student.,He suffered from dyslexia.,He was often abused.,All of these,D,medium,false,
Literature,What present did Hans Christian Andersen receive from King Frederick VI in 1833?,A scholarship,A mansion,A traveling grant,A boat,C,medium,false,
Literature,Which of these fairy tales by Hans Christian Andersen starts with a woman who longs to have a child and is given a magic seed by a witch?,The Angel,The Wild Swans,The Princess and the Pea,Thumbelina,D,medium,false,
Literature,From which Hans Christian Andersens fairy tale are the characters Kai and Gerda?,The Steadfast Tin Soldier,The Red Shoes,The Little Mermaid,The Snow Queen,D,medium,false,
Literature,What unforgettable character from the novel David Copperfield by Charles Dickens is believed to be based on Hans Christian Andersens personality and appearance?,Edward Murdstone,David Copperfield,James Steerforth,Uriah Heep,D,medium,false,
Literature,Which of these fairy tales by Hans Christian Andersen ends with the death of a poor girl in the streets?,The Little Match Girl,The Shadow,The Happy Family,The Story of a Mother,A,medium,false,
Literature,In the harbor of Copenhagen there is a statue of this enchanting character created by Hans Christian Andersen.,The Little Mermaid,The Little Match Girl,The Ugly Duckling,The Snow Queen,A,medium,false,
Literature,Name the headstrong and sharp-tongued woman whose feisty spirit is tamed by Petruccio in Shakespeares comedy The Taming of the Shrew?,Ophelia,Bianca,Cordelia,Katherina (Kate),D,medium,false,
Literature,"What Shakespearean character, who is the epitome of honesty and loyalty, is disinherited by her father, King Lear?",Goneril,Regan,Cordelia,MIranda,C,medium,false,
Literature,What Shakespearean heroine elopes with a man of a different race and later becomes an innocent victim of his wrath?,Imogen,Ophelia,Anne,Desdemona,D,medium,false,
Literature,"What Shakespearean character is resented by her son for marrying her husbands brother, Claudius?",Lady Macbeth,Elizabeth Woodville,Lady Anne Neville,Queen Gertrude,D,medium,false,
Literature,"Having survived a shipwreck, this character from the comedy Twelfth Night poses as a boy, named Cesario, and enters the service of Duke Orsino.",Viola,Bianca,Cordelia,Olivia,A,medium,false,
Literature,"In a sleepwalking scene, depicted in one of the most popular Shakespearean tragedies, this Queen of Scotland, suffering from a guilty conscience, cries Out, damned spot!",Queen Gertrude,Imogen,Isabel,Lady Macbeth,D,medium,false,
Literature,How does young Juliet Capulet die in Shakespeares tragedy Romeo and Juliet?,She swallows poison.,She drowns herself.,She stabs herself with a dagger.,She is poisoned by Rosaline.,C,medium,false,
Literature,"In Shakespeares history play Richard III, this lady asked Richard, Did you not kill my husband? and got the following reply: Your beauty which did haunt me in my sleep could make me undertake the death of all the world.",Margaret of Anjou,Queen Elizabeth,The Duchess of York,Lady Anne,D,medium,false,
Literature,What Shakespearean tragic heroine is advised by her father to lock herself from Hamlets resort?,Gertrude,Viola,Rosaline,Ophelia,D,medium,false,
Literature,Which Shakespearean heroine is not correctly matched with the play in which she appears?,Titania - Twelfth Night,The Three Witches - Macbeth,Beatrice - Much Ado About Nothing,Lady Capulet - Romeo and Juliet,A,medium,false,
Literature,"In Calla Bryn Sturgis, in the book Wolves of the Calla, the ka-tet meet a priest who, together with most of the townsfolk, asks them to protect them against the Wolves. What is the priests name?",Father Brautigan,Father Callahan,Father ONeill,Father Ted,B,medium,false,
Literature,The priest in the novel Wolves of the Calla has appeared previously in which Stephen King novel?,Cujo,Pet Sematary,Salems Lot,Carrie,C,medium,false,
Literature,The crystal ball in the novel Wolves of the Calla is used by Roland and his ka-tet to travel to 1977 to a borough of New York. Which Borough did they travel to?,Queens,New Jersey,Brooklyn,Manhattan,D,medium,false,
Literature,"In the novel Wolves of the Calla, Roland and the ka-tet team travelled to New York to protect what?","Eddies brother, Henry, from a drug dealer",The headquarters of the Tet Corporation,Prevent Jake from being killed by Jack Mort,A single red rose growing in a vacant lot,D,medium,false,
Literature,Susannah begins to undergo yet another change of character in Wolves of the Calla. What is this characters name?,Coral,Rhea,Mia,Susan,C,medium,false,
Literature,"When the priest first appeared near Calla Bryn Sturgis in the book Wolves of the Calla, he was found by a religious group. What is their name?",Wolves,Taheen,Manni,Crimson Acolytes,C,medium,false,
Literature,Why are the Wolves such a problem to the people of Calla Bryn Sturgis in the novel Wolves of the Calla?,They always beat the Bryn Sturgis soccer team when they visit.,They have awful table manners.,"They come down from the mountains and kill all of the sheep, which are the main livestock in the area.",They abduct one twin of a pair from a family whenever they appear.,D,medium,false,
Literature,"The Wolves in the novel The Wolves of the Calla have an arsenal of weapons, including hand-grenades called what?",Landies,Starbombs,Sneetches,Loopers,C,medium,false,
Literature,This  type of  poem is usually a long poem that tells the story of a significant event or a significant persons life.,Hokku,Lyric Poetry,Epic Poetry,Iamb,C,medium,false,
Literature,This type of poem consists of 14 lines with this rhyme pattern: abba cddc effe gg,Acrostic,Sonnet,Ode,Strophe,B,medium,false,
Literature,Which word means a set of two lines in a poem?,iamb,caesura,bisody,couplet,D,medium,false,
Literature,This type of poem is one that is relatively short and tells a story.,Prosdic poem,Lyric poem,Narrative poem,Epode,C,medium,false,
Literature,"In this type of poem, the first letters of each line help give the meaning of the poem.",Iamb,Ode,Lyric,Acrostic,D,medium,false,
Literature,"This is a type of Japanese poem that is made of three parts; the first has five syllables, the second seven and the third have five.",Hokku,Haiku,Jintishi,Basho,B,medium,false,
Literature,This is a type of Chinese poetry .,Rubiyat,Hokku,Haiku,Jintishi,D,medium,false,
Literature,This expression means an audible pause that breaks up a line of poetry.,Rubiyat,Hokku,Shwa,Caesura,D,medium,false,
Literature,This  type of poem is typified by a great poem by Omar Khayyam,Jintishi,Haiku,Hokku,Rubiyat,D,medium,false,
Literature,In which book by Mark Twain does the following phrase appear:  Lead us into temptation?,The Prince and the Pauper,A Connecticut Yankee in King Arthurs Court,The Man That Corrupted Hadleyburg,The Mysterious Stranger,C,medium,false,
Literature,I wish I owned half of that dog.  Why? somebody asked.  Because I would kill my half is a conversation from what book by Mark Twain?,Puddnhead Wilson,The Adventures of Tom Sawyer.,The Autobiography of Mark Twain,Life on the Mississippi,A,medium,false,
Literature,What Mark Twain book is the following quote from: Tom lost his temper.  I notice a person most always does that’s got laid out in an argument. He told us to shut up.?,Innocents Abroad,Captain Stormfield Visists Heaven,Tom Sawyer Abroad,The Adventures of Tom Sawyer,C,medium,false,
Literature,From which Mark Twain book does the following line come: “I never felt so filled with a blessed peace as I did yesterday - when I learned that Michangelo was dead.?,The Prince and the Pauper,Roughing it,Life on the Mississippi,The Innocents Abroad,D,medium,false,
Literature,What book by Mark Twain is the following excerpt from: If man could be crossed with a cat - it would improve man - but it would deteriorate the cat.?,The Autobiography of Mark Twain,Puddnhead Wilson,Life on the Mississippi,Huckleberry Finn,A,medium,false,
Literature,The difference between a cat and a lie is that the cat only has nine lives. Which book by Mark Twain is this quote from?,Pudd nhead Willson,Tom Sawyer,Roughing It,The Innocents Abroad,A,medium,false,
Literature,"What book does the following quote come from: You dont know me without you have read a book by the name of The Adventures of Tom Sawyer, but that aint no matter. ?",Huckleberry Finn,The Gilded Age,Letters From the Earth,Life on the Mississippi,A,medium,false,
Literature,I came in with Halleys Comet...it will be the greatest disappointment of my life if I dont go out with it. is a quote from what book by Mark Twain?,The Autobiography of Mark Twain,Tom Sawyer,The Gilded Age,Letters From the Earth,A,medium,false,
Literature,"What Mark Twain book is the following line from: All right, then, Ill go to hell!?",Life on the Mississippi,Huckleberry Finn,Captain Stormfield Visits Heaven,The Diary of Adam and Eve,B,medium,false,
Literature,"What book by Mark Twain does this quote come from: In mans heaven...it shall contain each and every thing that is repulsive to a man, and not a single thing he likes....it pays no compliment to the intellect...in fact never even mentions it. ?",Letters From the Earth,Roughing It,The Innocents Abroad,Huckleberry Finn,A,medium,false,
Literature,"Which poet wrote the poems The Germ, Listen, A Word to Husbands, and Very Like a Whale?",Ogden Nash,W. H. Auden,C. Day Lewis,Langston Hughes,A,medium,false,
Literature,Which of the following poems was not written by C. Day Lewis?,Almost Human,The Unknown Citizen,Newsreel,"Come, Live With Me And Be My Love",B,medium,false,
Literature,Gwendolyn Brooks wrote all of the following poems except one. Can you find the odd one out?,We Real Cool,The Ballad of Sue Ellen Westerfield,Way Out Morgan,The Chicago Defender Sends A Man To Little Rock,B,medium,false,
Literature,All of these poems were written by Allen Ginsberg except one. Which one was written by poet James Dickey?,My Sad Self,Howl,The Beholders,A Supermarket in California,C,medium,false,
Literature,This poet wrote the poems Moss Gathering and My Papas Waltz in 1948 and Elegy for Jane in 1953.,Theodore Roethke,Gwendolyn Brooks,Robert Hayden,Elizabeth Bishop,A,medium,false,
Literature,Which of these poems was not written by Robert Lowell?,For the Union Dead,The Mouth of the Hudson,Grandparents,Digging for China,D,medium,false,
Literature,"Which poet wrote the poems Still I Rise, I Know Why the Caged Bird Sings, and Remembrance?",Elizabeth Bishop,Gwendolyn Brooks,Anne Sexton,Maya Angelou,D,medium,false,
Literature,"Which 20th century poet wrote the phrase Candy is Dandy, But Liquor is Quicker?",Ogden Nash,James Dickey,Dylan Thomas,Allen Ginsberg,A,medium,false,
Literature,John Steinbeck was born in 1902 in this city.,New York City,"Salinas, California","Moscow, Soviet Union","Heiligenhaus, Germany",B,medium,false,
Literature,Which of the following books by John Steinbeck won a Pulitzer prize?,East of Eden,none of these,Of Mice and Men,The Grapes of Wrath,D,medium,false,
Literature,Name the sequel to John Steinbecks 1945 book Cannery Row.,The Pearl,The Wayward Bus,East of Eden,Sweet Thursday,D,medium,false,
Literature,What was John Steinbecks first published novel?,Tortilla Flat,The Red Pony,Cup of Gold,The Pastures of Heaven,C,medium,false,
Literature,"In 1960 John Steinbeck set off on a trip around America, which he described in a book. What name did Steinbeck give to the vehicle he used during the trip?",America,Rocinante,Charley,Don Quihote,B,medium,false,
Literature,Upon its publishing in 1939 this book by John Steinbeck was banned from public schools and libraries in a lot of places in America.,To a God Unknown,In Dubious Battle,The Moon Is Down,The Grapes of Wrath,D,medium,false,
Literature,During World War II John Steinbeck worked as a war correspondent for this newspaper.,New York Herald Tribune,San Francisco Chronicle,The New York Times,Los Angeles Times,A,medium,false,
Literature,George Milton and Lennie Small were characters in which book by John Steinbeck?,The Wayward Bus,Of Mice and Men,The Pearl,Cannery Row,B,medium,false,
Literature,Which of the following women was not married to John Steinbeck?,Carol Henning Steinbeck Brown,Elaine Anderson Scott Steinbeck,Gwyndolyn Conger Steinbeck,Mary Steinbeck Dekker,D,medium,false,
Literature,What prize did John Steinbeck receive in 1962?,New York Drama Critics Circle Award,Nobel Prize for Literature,Commonwealth Club of California Gold Medal for Best Novel by a Californian,Pulitzer Prize Fiction Award,B,medium,false,
Literature,He graduated from Harvard in 1916. He wrote The Enormous Room (1922) about a prison camp during WWI.,Gary Porter,e.e. cummings,Robert Frost,Ernest Hemingway,B,medium,false,
Literature,He is largely considered to be the most popular American poet of the 19th century as well as the first professional American poet.,Nathaniel Hawthorne,Edgar Allen Poe,Robert Frost,Henry Wadsworth Longfellow,D,medium,false,
Literature,"She was born in 1830 in Amherst, Massachusetts, and bore the same first name as her mother.",Jane Austin,Emily Dickinson,Sylvia Plath,Elizabeth Barrett Browning,B,medium,false,
Literature,"He was born in 1902 in Joplin, Missouri and began writing in the 8th grade even though his father discouraged him.",Thurgood Marshall,E.G. Marshall,Langston Hughes,Barnard Hughes,C,medium,false,
Literature,She wrote Cold Comfort in 1986 and A Space Filled with Movement in 1992.,Maggie Anderson,Louise McNeil,Maude Anderson,Louisa Mae Alcott,A,medium,false,
Literature,Writer and artist Edward St. John Gorey was born on February 22 in what year?,1915,1925,1935,1920,B,medium,false,
Literature,"Edward Gorey, who gained fame for his illustrative and writing abilities, did not have any formal art education at all.",True,False,,,B,medium,false,
Literature,"Writer and illustrator Edward Gorey was fond of animals, which were also the subject of some of his works. What pets did Gorey keep in his house?",ferrets,lizards,cats,dogs,C,medium,false,
Literature,Writer and artist Edward Gorey never married.,True,False,,,A,medium,false,
Literature,Edward Gorey won a Tony Award for Best Costume Design for the 1977 Broadway production Dracula.,True,False,,,A,medium,false,
Literature,Writer and artist Edward Gorey died at the age of 75 at his home in Cape Cod. What caused his death?,Prostate Cancer,Car Accident,Heart Attack,Natural causes-old age,C,medium,false,
Literature,What are the names of Rolands mother and father in The Dark Tower series?,Gabrielle and Roland,Gillian and Roland,Gabrielle and Steven,Gillian and Steven,C,medium,false,
Literature,Which of the following Steven King books is not connected to the Dark Tower series?,Salems Lot,They are all connected.,The Eye of the Dragon,Rose Madder,B,medium,false,
Literature,"What was the name of the book that contained the short story The Little Sisters of Eluria, a prequel to The Gunslinger?",Nightmares and Dreamscapes,Skeleton Crew,Everything’s Eventual,Different Seasons,C,medium,false,
Literature,John Farson was the gunslinger who brought down the Affiliation in The Dark Tower series.,False,True,,,A,medium,false,
Literature,Oscar Wilde is associated with this art movement that began in the late Victorian period and is considered to have ended with Oscar Wildes trial in in 1895.,Art Nouveau,Neo-Classicism,Symbolism,Aestheticism,D,medium,false,
Literature,Oscar Wilde was imprisoned for two years after being convicted of this crime.,treason,domestic abuse,gross indecency,sexual assault,C,medium,false,
Literature,"This literary work, whose preface ends with the sentence, All art is quite useless, is Oscar Wildes only published novel.",A Woman of No Importance,The Importance of Being Earnest,The Picture of Dorian Gray,The Canterville Ghost,C,medium,false,
Literature,"What drama film, starring Scarlett Johansson as Meg Windermere, is based on Oscar Wildes play Lady Windermeres Fan?",A Good Woman,The Nanny Diaries,The Other Boleyn Girl,Lost in Translation,A,medium,false,
Literature,"This Oscar Wilde tragedy, originally written in French in 1891, was banned in England until 1931.",A Florentine Tragedy,Salome,"Vera; or, The Nihilists",An Ideal Husband,B,medium,false,
Literature,"While in prison Oscar Wilde wrote De Profundis, an extended letter in which he expressed his bitter criticism towards this English author, better known as Wildes intimate friend.",Lord Alfred Tennyson,Lord Alfred Douglas,Matthew Arnold,Robert Seymour Bridges,B,medium,false,
Literature,Which characters created by Oscar Wilde are not correctly paired with the literary work?,"The Picture of Dorian Gray - Basil Hallward, Sybil Vane","Lady Windermeres Fan - Mrs Erlynne, Lord Darlington","The Importance of Being Earnest - Gwendolen Fairfax, Algernon (Algy) Moncrieff","Salome - Simone Grosso, Beatrice",D,medium,false,
Literature,Name the witty nobleman who conveys to Dorian Gray his view of indulgent hedonism in one of Oscar Wildes most famous works?,Henry Wotton,Basil Hallward,Alan Campbell,James Vane,A,medium,false,
Literature,"The death penalty is the main theme of this poem by Oscar Wilde which contains the following often quoted lines: Yet each man kills the thing he loves By each let this be heard, Some do it with a bitter look, Some with a flattering word, The coward does it with a kiss, The brave man with a sword!",The Sphinx,The Fisherman and his Soul,A House of Pomegranates,The Ballad of Reading Gaol,D,medium,false,
Literature,Complete the following statement made by one of Oscar Wildes characters: Nothing makes one so vain as being told one is ..............,a genius,beautiful,a sinner,a good lover,C,medium,false,
Literature,The novel The Dark Tower begins where Song of Susannah left off.,False,True,,,B,medium,false,
Literature,"In the book The Dark Tower, Susannah becomes physically separated from Mia and gives birth to Mordred, while Mia is killed by a group of vampires.",False,True,,,A,medium,false,
Literature,"In Stephen Kings novel The Dark Tower, Mordred has the ability to transform himself into what type of creature?",Spider,Wolf,Crow,Snake,A,medium,false,
Literature,"Once reunited in the book The Dark Tower, the ka-tet travel to a town called Fedic to stop the activity of a group of individuals who use their psychic powers to break apart the beams that hold the Dark Tower and Mid-World together. What is the name given to this group of psychics?",Breakers,The Great Old Ones,Sanitisers,Crimson Acolytes,A,medium,false,
Literature,Which member of the ka-tet is mortally wounded in The Dark Tower in the battle to free the psychics of Fedic?,Oy,Eddie,Jake,Susannah,B,medium,false,
Literature,"In the final novel of The Dark Tower series, Jake, Roland and Oy travel to Maine in 1999 to do what important task?",Deliver a rose to Jakes dying mother,Open the Tet Corporation Tower,Close a tear between the worlds that was causing strange creatures to enter 1999,Save the life of Stephen King,D,medium,false,
Literature,"On their travels in the book The Dark Tower, the ka-tet come to a place called ODDS LANE (the S had been added by hand). The only person who lived here was an old guy who called himself Joe Collins, but what was his real name?",Dandelo,Cuthbert,Walter,Pennywise,A,medium,false,
Literature,"In the novel The Dark Tower, in Joe Collins basement the ka-tet discover a young man named Patrick Danville imprisoned in a cage. What particular skill does Patrick have?",He is blind and cannot be influenced by the all-seeing eye of The Crimson King.,He can travel between worlds simply by thinking about them.,He can block the destructive thoughts of the psychics who are destroying the Beams.,He is a gifted artist whose drawings become reality.,D,medium,false,
Literature,"When close to his goal, The Dark Tower, Roland is attacked by Mordred. Who saves Rolands life, but dies in the process?",Eddie,Oy,Jake,Susannah,B,medium,false,
Literature,"In The Dark Tower, Stephen King urges the reader to stop reading at a certain point in the book and not go any further.",False,True,,,B,medium,false,
Literature,"Driven by jealousy, anguish and ambition, this character from a history play by Shakespeare uttered the words, I am determined to prove a villain / and hate the idle pleasures of these days.",Henry V,King Lear,Claudius,Richard III,D,medium,false,
Literature,What Shakespearean character usurped the throne by murdering his brother and then married the late kings widow?,Julius Caesar,Claudius,Polonius,Iago,B,medium,false,
Literature,"Name the Scottish King whom Macbeth murdered, led by his thirst for power and desire to obtain the throne.",King Duncan,King Malcolm II,King Henry,King Kenneth,A,medium,false,
Literature,"This character, often regarded as one of Shakespeares most malevolent villains, is an expert manipulator, who states, I am not what I am.",Polonius,Claudius,Cassius,Iago,D,medium,false,
Literature,"This complex Shakespearean character, who is a villain at one point and a victim at another, demanded a pound of flesh and rendered no mercy.",Horatio,Tubal,Antonio,Shylock,D,medium,false,
Literature,"This character, who commits a number of villainous acts throughout the course of the play King Lear, is the illegitimate son of the Earl of Gloucester.",Edmund,Antonio,Edgar,Philip,A,medium,false,
Literature,What character from the play Julius Caesar incites the conspiracy against Caesar and plays a leading role in his assassination?,Brutus,Taurus,Arviragus,Cassius,D,medium,false,
Literature,Name King Lears brutal son-in-law who gouged out Gloucesters eyes in Shakespeares tragedy King Lear.,Duke of Burgundy,Edmund,Earl of Kent,Duke of Cornwall,D,medium,false,
Literature,"In the play Cymbeline, this dishonest Roman soldier tricked Posthumos into believing that he had seduced his wife, Imogen.",Iachimo,Philario,Brutus,Cassius,A,medium,false,
Literature,"In what Shakespearean comedy did Don John acknowledge, though I cannot be said to be a flattering honest man, it must not be denied but I am plain-dealing villain?",The Comedy of Errors,Much Ado About Nothing,The Taming of the Shrew,Measure for Measure,B,medium,false,
Literature,"Why does the group of eco-terrorists, featured in the book Ark Angel, call themselves Force Three?",It does not say.,The Earth is the third nearest planet to the sun.,The group has three main goals.,"When the group was created, there were three members in it.",B,medium,false,
Literature,"In the book Ark Angel, what are the nicknames Alex Rider gives to the four men who break into St. Dominics hospital looking for Paul Drevin?","Canvas Jacket, Spectacles, Steel Watch, Silver Tooth","Combat Jacket, Spectacles, Steel Watch, Silver Tooth","Canvas Jacket, Spectacles, Metal Watch, Silver Tooth","Combat Jacket, Spectacles, Metal Watch, Steel Tooth",B,medium,false,
Literature,Fictional character Alex Rider says that the leader of Force Three has what parts of the world tattooed on the back of his head?,Brazil and West Africa,Russia and China,The US and Canada,Europe,B,medium,false,
Literature,"In the novel Ark Angel, what natural disaster does Alex Rider think would occur if the leader of Force Three was to sneeze?",Landslide,Earthquake,Tsunami,Volcanic Eruption,B,medium,false,
Literature,"In the sixth book in the Alex Rider series, what were Force Three going to send with the ransom note to Nikolei Drevin in order to show him that they meant business?",One of their captives toes.,A picture of their captive.,A lock of their captives hair.,One of their captives fingers.,D,medium,false,
Literature,"In Ark Angel, after Force Three find out that the boy they captured is not Paul Drevin, but Alex Rider, they try to kill him by doing what?",They lock Alex in a room and leave him there to starve to death.,They lock Alex in a room and leave a time bomb right outside.,They lock Alex in a room and weaken the supports of the building so that it falls down.,They lock Alex in a room and set the building aflame.,D,medium,false,
Literature,What was the name of Alexs guardian in the novel Ark Angel?,Mrs. Jones,Alan Blunt,Jack Starbright,Diana Meacher,C,medium,false,
Literature,"Jack Starbright, a recurring character in the Alex Rider books, enjoys cooking.",True,False,,,B,medium,false,
Literature,"Living a life of self imposed isolation due to self doubt, fictional Navy officer Hornblower still considered one fellow officer his friend. Who was he?",Capt. Jack Aubrey,Stephen Maturin,ABS Brown,Lt. Bush,D,medium,false,
Literature,One aspect of the physical constitution of fictional officer Hornblowers isolates him from a simple human pleasure. What is it?,Hornblower has no sense of smell or taste resulting in joyless eating.,Poor eyesight and color blindness result in his inability to comprehend beauty and art.,"Dyslexia, or a dyslexia-like condition, prevents Hornblower from being able to read and write.",Tone deafness prevents Hornblower from enjoying or even comprehending music.,D,medium,false,
Literature,What was the name of the first wife of fictional British Royal Navy officer Horatio Hornblower?,Penny,Maggie,Mildred,Maria,D,medium,false,
Literature,Which of these is true about the second wife of fictional British Royal Navy officer Horatio Hornblower?,"She is the sister of Marie Antoinette, infamous for excesses, and executed early in the French Revolution.","She is the sister of Anglo-Irish statesman Arthur Wellesley, the future victor at Waterloo and Duke of Wellington.","She is the widow of Horatio Nelson, hero of the Nile and Trafalgar.",She is the illegitimate daughter of Benjamin Franklin.,B,medium,false,
Literature,"During the Peace of Amiens,” fictional adventure series character Hornblower is beached and penniless. How does Hornblower make ends meet during this period?",Gambling on horses,Playing whist,Prize fighting,Working as a fishing boat captain,B,medium,false,
Literature,"Fictional officer Horatio Hornblower is dispatched round the Horn to assist the Spanish in the Pacific. Hornblower meets and assists a despotic, psychopathic Spanish commander. What is his name?",Hugo Chavez,Augusto Pinochet,El Supremo,El Rey Del Mundo,C,medium,false,
Literature,Where does fictional character Stephanie Plum live?,"Philadelphia, Pennsylvania","Albany, New York","San Francisco, California","Trenton, New Jersey",D,medium,false,
Literature,What is the occupation of Janet Evanovichs character Stephanie Plum?,bounty hunter,police officer,spy,pastry chef,A,medium,false,
Literature,Fictional character Stephanie Plum is employed by her cousin.,False,True,,,B,medium,false,
Literature,"In the Stephanie Plum series of novels, what is the name of the plus-sized black woman who sometimes is Stephanies partner?",Latasha,Lula,Lila,Laila,B,medium,false,
Literature,"In Janet Evanovichs series of books, Stephanie Plums relationship with her boyfriend is often overshadowed by her crush on this character.",Vinnie,Alex,Ranger,Alfred,C,medium,false,
Literature,"Stephanie Plum has different cars throughout the various novels. However, the one that used to belong to her Uncle Sandor was affectionately called by this name.",Big Bertha,Big Ben,Big Betsy,Big Blue,D,medium,false,
Literature,"In the Stephanie Plum series of books, Stephanies mother approves of her job as a bounty-hunter.",False,True,,,A,medium,false,
Literature,Stephanie Plums eccentric Grandma Mazur has a weird obsession with attending viewings at the local funeral parlor.,True,False,,,A,medium,false,
Literature,What is the job of Stephanies boyfriend in the Stephanie Plums series of novels?,a police officer,a lifeguard,an EMS,a firefighter,A,medium,false,
Literature,How many children does Harry Potter have as revealed in the last book of the harry Potter series?,1,3,5,4,B,medium,false,
Literature,Harry Potter kisses Cho Chang.,False,True,,,B,medium,false,
Literature,Harry Potter marries Hermione in the last book of the series.,True,False,,,B,medium,false,
Literature,"Who does Hermione Granger kiss in the Battle of Hogwarts, in the final book of the Harry Potter series?",None of these,Harry,Ron,Krum,C,medium,false,
Literature,What year were fictional characters Harry Potter and Ron Weasley born?,1990,1982,1989,1985,C,medium,false,
Literature,Harry Potter once kissed Luna Lovegood.,False,True,,,A,medium,false,
Literature,In what book of the Harry Potter series do Harry and Ginny kiss for the first time?,Harry Potter and the Order of the Phoenix,Harry Potter and the Prisoner of Azkaban,Harry Potter and the Deathly Hallows,Harry Potter and the Half Blood Prince,D,medium,false,
Literature,"What potion do Harry Potter, Ron Weasley and Hermione Granger use to infiltrate the Ministry of Magic?",Amortentia,Draught of Living Death,Polyjuice Potion,Felix Felicis,C,medium,false,
Literature,Which student does Slughorn Horace NOT favour in the Harry Potter series?,Harry,Ron,Zabini,Hermione,B,medium,false,
Literature,What character does Harry Potter first meet at Madam Malkins?,Ron,Dudley,Draco,Ginny,C,medium,false,
Literature,"In The Silmarillion, Morgoth was a corrupt Ainu, a servant of Iluvatar, responsible for much evil on Middle Earth. What was his original name?",Melion,Mordred,The Evil One,Melkor,D,medium,false,
Literature,"The epic love story in The Silmarillion held great significance to Tolkien himself. This is evident by the fact that the names of the two lovers were engraved upon the tombstones of J.R.R. and his wife, Edith. What were these names?",Tuor and Idril,Thingol and Melian,Perseus and Andromeda,Luthien and Beren,D,medium,false,
Literature,What was the name of the Great Elven Prince of the Noldor who created the Silmarils described by J. R. Tolkien?,Fingon,Fangorn,Feanor,Finarfin,C,medium,false,
Literature,"In The Silmarillion, the Elves call themselves this, meaning The Speakers, signifying their value of communication.",Quenya,Quendi,Quizlings,Quintet,B,medium,false,
Literature,"Known as the Wildman of the Woods, this tragic hero, described in The Silmarillion, was cursed by Morgoth because his father refused to reveal the location of the secret Elvin kingdom of Gondolin.",Turok,Tuor,Turgon,Turin,D,medium,false,
Literature,What transgression did fictional character Melkor commit to warrant the revenge of the Valor?,Creation fo the Orcs,Seduction of the men of Numenor,Creation of the Balrogs,Deception of the Elves,A,medium,false,
Literature,"In Tolkiens writings, Numenor was created as a reward to men by the Valar for their part in the War of the Silmarills. The first king was the son of Earendil, a mortal, and Elwing, an Elf, and brother to Elrond. Who was he?",Elros,Elendil,El Cid,Elfin,A,medium,false,
Literature,What are the names of the Three Kindreds of Elves in Toliens fictional universe?,"Tanya, Ronald, and Valeri","Noldor, Baldar, and Teleporn","Vanya, Noldor , and Teleri","Vanwe, Manwe, and Elwe",C,medium,false,
Literature,"At the time of the fictional War of the Ring, who were the only surviving leaders of the Noldor?",Celebrimbor and Cirdan,Gil-galad and Celegorm,Galadriel and Celeborn,Elrond and Celebrian,C,medium,false,
Literature,"In Tolkiens book The Silmarillion, the kings of Numenor increasingly became rebellious against the Valar and mounted an attack against them. The result was that the island of Numenor sank into the sea. What was the reason for their revolt?",They wanted the Silmarils for themselves.,They were tired of Manna.,They wanted the riches of the Valor.,They lusted after immortality.,D,medium,false,
Literature,"There were a number of notable inter-racial marriages in The Silmarillion. The first one mentioned was between a mortal and a Maia, a servant of the Valar. What were their names?",Tuor and Idril,Thingol and Melian,Earendil and Elwing,Beren and Luthian,B,medium,false,
Literature,"In The Silmarillion, Carcharoth slew Beren after swallowing a Silmaril. What was Carcharoth?",wolf,dragon,spider,Balrog,A,medium,false,
Literature,"In the universe created by J. R. Tolkien, the Valar were gods and were to be worshipped by men and elves alike.",False,True,,,A,medium,false,
Literature,What is the name of the main character in The Dark Tower?,Roland King,Roland Gilead,Roland Eld,Roland Deschain,D,medium,false,
Literature,What is the name of the dog-like billy-bumbler in the Dark Tower series?,Doggie,Ogg,Oy,Aye,C,medium,false,
Literature,"In the Dark Tower series, the woman known as Susannah has a dissociative identity disorder. How many personalities does she have?",8,10,6,4,D,medium,false,
Literature,"In the Dark Towere series of books, Eddie Dean mysteriously resembles which one of Rolands dead friends?",Alain Johns,Jamie de Curry,Randall Flagg,Cuthbert Allgood,D,medium,false,
Literature,What is the name of Rolands first love in The Dark Tower?,Mia,Detta Walker,Susan Delgado,Susannah Dean,C,medium,false,
Literature,There are a number of evil spheres in the Dark Tower books. What is the name of the most sinister of them?,Blue Fog,White Mist,Purple Haze,Black Thirteen,D,medium,false,
Literature,"Roland, the protagonist of the Dark Tower books, is a descendant of this great king.",Arthur Eld,The Red King,The Prim lord,Steven Deschain,A,medium,false,
Literature,"In the Dark Tower series of books, Jake has a very special ability called The Touch. What is it?",The power to turn things into gold,A kind of telekinesis,The power to kill by thought,The power to start fires,B,medium,false,
Literature,"Among the servants of the Red King in the Dark Tower, there are bird-like creatures that can assume a human form. What are they called?",Grandfathers,Prims,Taheen,Slow muties,C,medium,false,
Literature,In 2007 Marvel started a series of comic books based on The Dark Tower. What is the name of the first volume?,Roland The Gunslinger,The Gunslinger Born,Roland of Gilead,The Last Gunslinger,B,medium,false,
Literature,"In the beginning of the novel Twilight, Isabella moved from Phoenix, Arizona to what city?","Forks, Washington","Baton Rouge, Louisiana","Miami, Florida","Albany, New York",A,medium,false,
Literature,"In the Twilight saga, both Edward and James are trackers.",True,False,,,B,medium,false,
Literature,Is Twilight character Edward able to read minds?,No,Yes,,,B,medium,false,
Literature,"In the book Breaking Dawn, how many children does Bella have?",4,1,3,0,B,medium,false,
Literature,In which book of the Twilight series did Edward propose to Bella?,Breaking Dawn,Eclipse,Twilight,New Moon,B,medium,false,
Literature,"In the Twilight series, the Cullens love to play football during a thunderstorm.",True,False,,,B,medium,false,
Literature,The Catcher in the Rye follows Holden Caulfields experiences in this city in the days following his expulsion from a fictional school in Pennsylvania.,Philadelphia,New York City,Boston,Los Angeles,B,medium,false,
Literature,What word does Holden Caulfield use to refer to everyone and everything he rejects?,crass,crap,phony,junk,C,medium,false,
Literature,The protagonist of what movie is programmed to buy the novel The Catcher in the Rye whenever he sees it?,Gattaca,Conspiracy Theory,The Fifth Element,The Matrix,B,medium,false,
Literature,"Holden Caulfields dream to be a catcher in the rye and to guard children playing in a rye field on the edge of a cliff is based on his mishearing of the poem Comin Through the Rye. What poet, known in Scotland as The Bard, wrote that poem?",Robert Burns,William Blake,Thomas Campbell,Lord Byron,A,medium,false,
Literature,"In the novel The Catcher in the Rye, Holden drops by to see his former English teacher, Mr. Antolini, who offers him advice and a place to sleep. Holden is upset when he wakes up in the middle of the night to find Mr. Antolini doing which of the following?",holding Holdens hand,drinking heavily,ransacking Holdens luggage,patting Holdens head,D,medium,false,
Literature,"At one point in the novel The Catcher in the Rye, Holden and his sister Phoebe seem to exchange roles as the catcher and the fallen. What is the Catchers symbol that Holden gives Phoebe?",his hunting hat,a gold ring,his diary,his fishing rod,A,medium,false,
Literature,Mark David Chapman was found with a copy of The Catcher in the Rye on the night he shot this person.,Rebecca Schaeffer,John Lennon,Ronald Reagan,Yoko Ono,B,medium,false,
Literature,"What was written on Allies left-handed baseball glove, one of the most significant symbols in the novel The Catcher in the Rye?",the name of his first girlfriend,poems,the titles of his favourite books,the names of his siblings,B,medium,false,
Literature,J. D. Salingers novel The Catcher in the Rye opens in the week before this major holiday.,Thanksgiving Day,Memorial Day,Christmas,Easter,C,medium,false,
Literature,"In this Academy Award-winning movie, Woody Allens character says that he only has books with the word death or dying in them. Diane Keatons character holds a copy of The Catcher in the Rye and asks, What about this one?.",Manhattan,Annie Hall,Husbands and Wives,Hannah and Her Sisters,B,medium,false,
Literature,Who was Nero Wolfes right-hand man?,Archie Goodwin,Theodore Horstmann,Fritz Brenner,Nathaniel Parker,A,medium,false,
Literature,Where was fictional detective Nero Wolfe born?,London,Switzerland,New York City,Montenegro,D,medium,false,
Literature,What color shirt did Nero Wolfe invariably wear?,Pink,Yellow,White,Blue,B,medium,false,
Literature,Fictional detective Nero Wolfe lived in a brownstone on West 34th Street in New York City.,True,False,,,B,medium,false,
Literature,What was the name of Nero Wolfes fictional chef who lived in the basement of Wolfes brownstone and also served as majordomo and butler?,Nathaniel Parker,Archie Goodwin,Theodore Horstmann,Fritz Brenner,D,medium,false,
Literature,"Who was the newspaperman who helped fictional detective Nero Wolfe on occasion, and was one of the regular poker players.",Nathaniel Parker,Saul Panzer,Lon Cohen,Johnny Keems,C,medium,false,
Literature,Which of the following was not one of the regular gang of fictional detectives Nero Wolfe regularly used?,Saul Panzer,Fred Durkin,Orrie Cather,Purley Stebbins,D,medium,false,
Literature,"What was Nero Wolfes hobby, which he engaged in for four hours each day?",Writing detective stories,Collecting stamps,Building intricate models,Raising orchids,D,medium,false,
Literature,Who was the love interest of Nero Wolfes right-hand man?,Carla Lovchen,Sally Colt,Lily Rowan,Del Bonner,C,medium,false,
Literature,What was the name of Nero Wolfes nemesis?,Anson Street,Arnold Zeck,Albert Hall,Arthur Dent,B,medium,false,
Literature,What beverage did detective Nero Wolfe consume copious amounts of?,Coffee,Beer,Tea,Fine wine,B,medium,false,
Literature,Who was the cigar-chomping fictional police inspector who had a love-hate relationship with Nero Wolfe?,Cramer,Noonan,Rowcliff,Stebbins,A,medium,false,
Literature,Which short story is listed with the WRONG author?,The Devil and Daniel Webster-Stephen Vincent  Benet,The Spinoza of Market Street-Isaac Bashevis Singer,Babylon Reconstructed-F. Scott Fitzgerald,The Devils Advocate-John Grisham,D,medium,false,
Literature,What is the essential element of a short story?,The description of scenery  is used to paint a complete picture.,They open with a historic scene.,The complete description of  the main characters psyche is used to set  the scene.,A short period of time is covered.,D,medium,false,
Literature,Which term refers to a prose fiction work that is longer than a short story but shorter than a novel?,An allegory,A novella,An intermediary tale,A tale,B,medium,false,
Literature,Which short story is  listed with the WRONG author?,The Death of Ivan Ilych-Leo Tolstoy,The Life in the Iron Mills-Rebecca H. Davis,The Diamond Lens-Fitz James OBrien,Death in the Afternoon-John Steinbeck,D,medium,false,
Literature,Which story is listed with the CORRECT author?,The Man Without a Country-E. E. Hale,Marjorie Drew-F. M. Crawford,The Upper Berth-Mary E. Wilkins,The Humble Romance-T. B. Aldrich,A,medium,false,
Literature,Which short story ids listed with the WRONG author?,Love in Old Clothes-H. C. Bunner,The Little Countess-Enrico Castlenuovo,A Man Called Horse-Louis LAmour,The Attack on the Mill-Emile Zola,C,medium,false,
Literature,Which story is listed with the WRONG author?,The Gift of Cochise-Leo G. Carroll,The Yellow Wallpaper-Charles Perkins Gilman,Eagles Over Croaked Creek-Max Brand,Dubliners-James Joyce,A,medium,false,
Literature,What is The Western Star from Agatha Christies short story The Adventure of The Western Star?,A jewel,A ship,A stage play,A hotel,A,medium,false,
Literature,Who is the murderer in Agatha Christies The Tragedy at Marsdon Manor?,The lover of the dead mans wife,The widow of the dead man,It is a suicide,The brother of the dead man,B,medium,false,
Literature,How does Mr Bleibner die in Agatha Christies short story The Adventure of the Egyptian Tomb?,Killed by a demon,Blood poisoning,Heart failure,Head trauma,B,medium,false,
Literature,What does Miss Violet Marsh have to do in order to inherit her Uncle Andrews possessions in Agatha Christies story The Case of the Missing Will?,Cut her long beautiful hair,Live as a beggar for one month,Prove her wits,Remain unmarried for the rest of her life,C,medium,false,
Literature,Who killed the French Deputy Paul Deroulard in Agatha Christies short story The Chocolate Box?,His cousin,His wife,His doctor,His mother,D,medium,false,
Literature,What type of poison does Mrs. Merrowdene use in Agatha Christies short story Accident?,Mouse poison,Arsenic,Lead,Atropine,B,medium,false,
Literature,What does the blue geranium mean according to the fortuneteller in Agatha Christies exciting short story The Blue Geranium?,Death,Adultery,Danger,Warning,A,medium,false,
Literature,What word was written with a capital letter in the middle of a sentence in the letter from some Georgine in Agatha Christies story The Four Suspects?,Love,Again,Honesty,Death,C,medium,false,
Literature,What is the plant employed for the murder in Agatha Christies The Herb of Death?,Thornapple,Hemlock,Foxglove,Belladonna,C,medium,false,
Literature,"What work by Alexandre Dumas, Sr. inspired Hercules Poirot how to solve the case in  The Augean Stables?",The Gold Thieves,The Queens Necklace,The Black Tulip,The Regents Daughter,B,medium,false,
Literature,Who wrote the novel The Grapes of Wrath?,John Ford,John Steinbeck,William Faulkner,Ernest Hemingway,B,medium,false,
Literature,When was the novel The Grapes of Wrath first published?,1961,1928,1950,1939,D,medium,false,
Literature,What statement about the novel The Grapes of Wrath is true?,The author of the novel won neither the Nobel Prize for Literature nor the Pulitzer Prize for Literature.,The author of the novel won the Nobel Prize for Literature but not the Pulitzer Prize for Literature.,The author of the novel won the Pulitzer Prize for Literature and the Nobel Prize for Literature.,The author of the novel won the Pulitzer Prize for Literature but not the Nobel Prize for Literature.,C,medium,false,
Literature,How did the author of The Grapes of Wrath come up with the title of the novel?,The author picked it out of The Bible.,The authors wife suggested he use a line from a song.,Marie Hemingway had published a poem containing the line  .. and the grapes of wrath poured forth from Pandoras box....,"When the author was growing up in Mississippi, it  was a common expression for mans  troubles.",B,medium,false,
Literature,When was the original movie The Grapes of Wrath released?,1960,1950,1940,1970,C,medium,false,
Literature,What is the name of the main family in the novel The Grapes of Wrath and in the movie adaptation?,Galati,Darwell,Joad,Adams,C,medium,false,
Literature,Where do the main characters travel in the novel The Grapes of Wrath?,From Oklahoma to California,From rural Mississippi to Texas,"From Chicago, Illinois to San Joaquin, California",From New York to Texas,A,medium,false,
Literature,"In the The Grapes of Wrath, we meet the first character, Tom, as he walks and hitchhikes home. Why is he away from home?",He served time in prison for burglary.,He served time in prison for homicide.,"He had no money for the subway, so he had to walk home.",He lost his job in the Chicago slaughterhouses and had to walk the two miles to the Adams home.,B,medium,false,
Literature,The director of the original film version of The Grapes of Wrath won an Oscar.,False,True,,,B,medium,false,
Literature,Which best describes the plot of the novel The Grapes of Wrath?,A middle-class family lose their home and must move to the Southwest to get work and stability.,A poor familys city home is foreclosed and they must travel to the mid-west to get work.,A poor family lose their home and farm and  travel West looking for work.,A poor family move from their Texas ranch to get work in the agricultural areas of California.,C,medium,false,
Literature,Which of these words best describes the attitudes of the novel The Grapes of Wrath?,Pro-labor,Pro-big business,Anti-union,Anti-American,A,medium,false,
Literature,"In the original movie The Grapes of Wrath, the part of Jim Casey, the ex-minister is played by an actor  with this last name.",Carradine,Fonda,Alda,Douglas,A,medium,false,
Literature,One of the characters in the novel and movie The Grapes of Wrath had this unusual name.,Rose of Sharon,Chicago Louie,Tainia,Brooklyn,A,medium,false,
Literature,What animal is used in the novel The Grapes of Wrath to symbolize the familys problems?,Turtle,Wolf,Dog,Horse,A,medium,false,
Literature,What two objects are used in the novel The Grapes of Wrath to symbolize evil?,the car and the bank,the telephone and the gun,the gun and the tractor,the tractor and the slot machine,D,medium,false,
Literature,What does the name Hudson have to do with the novel The Grapes of Wrath?,It is the name of the family the Adams live with in Texas.,It is the brand of car the family uses for transportation.,It is the name of the Texas ranch where the family gets part-time labor.,It is the name of the cruel Illinois governor whose laws force the Darwells out of Chicago.,B,medium,false,
Literature,Find the correct statement about the original movie The Grapes of Wrath.,The character of Nick Adams was played by Robert J. Douglas.,The director refused to let anyone use makeup for the movie.,"The producer had to raise $5,000,000 to make this movie.",Frank Galatai was portrayed by Robert J. Douglas.,B,medium,false,
Literature,Which of the following banned the movie The Grapes of Wrath?,Nikita Khrushchev,Charles de Gaulle,Josef Stalin,Adolf Hitler,C,medium,false,
Literature,Which of these performers did not write a song based on the novel The Grapes of Wrath?,Woody Guthrie,Bob Dylan,Kris  Kristofferson,Bruce Springsteen,B,medium,false,
Literature,The novel The Grapes of Wrath was made into an opera.,True,False,,,A,medium,false,
Literature,"The Pulitzer Prize, established by newspaper publisher Joseph Pulitzer, is administered by  this American university.",Columbia University,"University of California, Berkeley",Princeton University,Harvard University,A,medium,false,
Literature,Newspaper magnates Joseph Pulitzer and William Hearst are regarded as the originators of this type of journalism.,yellow journalism,ambush journalism,Gonzo journalism,investigating journalism,A,medium,false,
Literature,"What author, born in the American South, won the Pulitzer Prize for her only novel?",Harper Lee,Geraldine Brooks,Margaret Leech,Eudora Welty,A,medium,false,
Literature,"In 1918, politician William Cabell Bruce won the Pulitzer Prize for the biography of this Founding Father.",Benjamin Franklin,Thomas Jefferson,John Adams,John Hancock,A,medium,false,
Literature,"What poet, noted for his realistic depictions of rural life, received four Pulitzer Prizes?",George Dillon,John Gould Fletcher,Wallace Stevens,Robert Frost,D,medium,false,
Literature,"This Pulitzer Prize-winning work, written in Cuba by Ernest Hemingway, was also an important factor in Hemingways selection for the 1954 Nobel Prize in Literature.",Fiesta,A Farewell to Arms,The Old Man and the Sea,For Whom the Bell Tolls,C,medium,false,
Literature,"What Gus Van Sant movie mentions a fictional Pulitzer Prize-winning novel, titled Avalon Landing?",My Own Private Idaho,Psycho,Good Will Hunting,Finding Forrester,D,medium,false,
Literature,"Who composed Blood on the Fields, the first piece of jazz music to win the Pulitzer Prize for Music?",Duke Ellington,Wynton Marsalis,Don Ellis,Miles Davis,B,medium,false,
Literature,"Who portrays Joseph Pulitzer, the founder of the Pulitzer Prize, in the 1992 Disney film musical, Newsies?",Sean Connery,Christian Bale,Robert Duvall,Alan Menken,C,medium,false,
Literature,Which of the following authors is not a recipient of both the Pulitzer Prize and the Nobel Prize?,Doris Lessing,Sinclair Lewis,William Faulkner,John Steinbeck,A,medium,false,
Literature,"In Phillip Pullmans The Subtle Knife, who does Lyra, the protagonist of the first book, meet first in the new world?",Angelica,Tullio,Moxie,Will,D,medium,false,
Literature,"In the book The Subtle Knife what is the name of the city Lyra finds herself in, in the new world?",Oxford,Bolvanger,Aeshthaer,CittGazze,D,medium,false,
Literature,"In the book, The Subtle Knife by Phillip Pullman, who is Will Parrys father?",Lord Asriel,Lee Scoresby,Stanislaus Grumman,Sir Walter,C,medium,false,
Literature,"What does the alethiometer tell Lyra she must do, in the book The Subtle Knife?",Find Lord Asriel,Help Will find his father,Search for a scholar who knows about dust,Find The Subtle Knife,B,medium,false,
Literature,In The Subtle Knife” Angelica’s younger brother is Paolo. Who is her older brother?,Will,Oliver Payne,Asriel,Tullio,D,medium,false,
Literature,"In the second His Dark Materials book, how does the subtle knife indicate who it has chosen to be his bearer?",It gouges out an eye.,It splits a hair.,It leaves a scar across his forehead.,It cuts off the pinky and ring fingers on one hand.,D,medium,false,
Literature,"In His Dark Materials trilogy, what can be the subtle knife used for?",To cut windows between worlds.,All of these,"To cut through anything, even metals, stones and souls.",To destroy The Authority.,B,medium,false,
Literature,"In The Subtle Knife, what is the name by which the witches call Lyra, that if known by the wrong people, could mean her destruction?",Metatron,Lillith,Eve,Baroch,C,medium,false,
Literature,Does Will ever find his father in His Dark Materials trilogy?,Yes,No,,,A,medium,false,
Literature,What city does the typical family of four reside in in the classic story Tales of a Fourth Grade Nothing?,New York City,Chicago,Albuquerque,Boston,A,medium,false,
Literature,"In Tales of a Fourth Grade Nothing, what was the name of the turtle Peter got at Jimmy Fargos birthday party?",Buster,Dribble,Pickle,speedy,B,medium,false,
Literature,"In the book Tales of a Fourth Grade Nothing, what big account did Peters father lose because of Fudge?",Jelly-Yum,Juicy-O,Juice-Pop,Jell-O,B,medium,false,
Literature,What is Fudges real name in the novel Tales of a Fourth Grade Nothing?,Frank Oslow Hatcher,Farley Drexel Hatcher,Franklin Osmond Hatcher,Bartholomew Isaac Hatcher,B,medium,false,
Literature,How old is Peter in Tales of a Fourth Grade Nothing?,9,7,2,8,A,medium,false,
Literature,What did Fudge do to Peters turtle in the book Tales of a Fourth Grade Nothing?,He swallowed it.,He dropped it out of the window.,He hit it with a hammer.,He took it for a walk.,A,medium,false,
Literature,What classic line does Fudge say in Tales of a Fourth Grade Nothing when his mom discovers her flowers are missing?,ALL GONE yum yum,Done the hatch,Not me,"Mmm, mmm, good!",A,medium,false,
Literature,What happened when Fudge fell off the jungle gym in Tales of a Fourth Grade Nothing?,He got a black eye.,He bit his lip.,He swallowed his top front teeth.,He broke his arm.,C,medium,false,
Literature,Who said there was a missing four-year-old in the building?,a fisherman,Peter and Fudges father,a security guard,a waitress,C,medium,false,
Literature,What did Fudges father dump on top of his head in the book Tales of a Fourth Grade Nothing?,chowder,cheerios,cornflakes,chips,C,medium,false,
Literature,"What is the protagonists occupation in the novel, The Mezzanine?",Food Services Employee,Courier,Office Worker,Statistician,C,medium,false,
Literature,"When does the action in the novel, The Mezzanine take place?",During the protagonists lunch hour,During the 10 A.M. coffee break,Spring of 1987,During the protagonists morning commute to work,A,medium,false,
Literature,Where does most of the action in the novel The Mezzanine take place?,In line at the office supply store.,In the protagonists mind,On a park bench outside the office.,On the escalator in the Mezzanine.,B,medium,false,
Literature,"Which of the following does not happen with the protagonist in the novel, The Mezzanine?",He eats a hamburger,He rides an escalator.,He buys shoelaces at CVS.,He sits on a park bench across from the office.,A,medium,false,
Literature,"Why does the protagonist buy new shoelaces in the novel, The Mezzanine?",He did it on impulse.,Hes buying them for a co-worker.,He broke one earlier that morning.,His wife asked him to.,C,medium,false,
Literature,What object in the mens room does the author discuss in great detail in the novel The Mezzanine?,The toilet handle.,The faucets on the sink.,The hand drying air machine.,The mirror above the sink.,C,medium,false,
Literature,How much time elapses diegetically ( within the story )  in the novel The Mezzanine?,2 - 3 months,5 days,1  hour,2 to 3 minutes.,D,medium,false,
Literature,"According to the protagonist in The Mezzanine, how did the world change irrevocably in 1970?","New TVs increased the number of pixels, leading to greater picture quality and resolution.",The rise of the Womens Movement in the US changed workplace ethics in the office forever.,Drinking straws switched from being made of paper to being made of plastic.,Introduction of the B-747 jet aircraft shrunk the globe in terms of air travel.,C,medium,false,
Literature,Much attention is paid to the common stapler in the novel The Mezzanine.,False,True,,,B,medium,false,
Literature,"In the novel Nicolae, Nicolae Carpathia begins to establish his one world Government.",False,True,,,B,medium,false,
Literature,"In the novel Nicolae, Rayford Steele is able to gain secret information about Nicolaes plans via a secret one way intercom that had been installed in Nicolaes plane, The Condor 216.  Who placed the intercom in the plane?",Pontifex Peter Matthews,Chloe,Earl Halliday,Buck,C,medium,false,
Literature,"In the novel Nicolae, Buck Williams travels to Israel to rescue Tsion Ben-Judah, who is in hiding after his wife and children were murdered.  During a wild chase through the Israeli desert, they are aided aided by an angel.",True,False,,,A,medium,false,
Literature,Who tells Buck about Tsions family being murdered in the novel Nicolae?,Rayford,Hattie,Chaim,Nicolae,C,medium,false,
Literature,Hattie considers terminating her pregnancy once she finds out she is carrying Nicolaes child.,False,True,,,B,medium,false,
Literature,A massive earthquake effects the entire world simultaneously in the novel Nicolae.,True,False,,,A,medium,false,
Literature,"During the Wrath of the Lamb, how does Tsion get separated from Buck in the novel Nicolae?",Buck is arrested,The shelter Tsion is hiding in is caved in,Tsion is arrested,Buck gets lost looking for his wife,B,medium,false,
Literature,"In the novel Nicolae, where is Amanda during The Wrath of the Lamb?",She is on a train when the wrath of the lamb occurs,She is on a ship when the wrath of the lamb occurs,She is on the ground when the wrath of the lamb occurs,She is flying back to New Babylon when the wrath of the lamb occurs,D,medium,false,
Literature,Among the new characters introduced in the novel Nicolae is Mac Macullum.  What is Macs job?,He is First Officer of the Condor 216,He is Minister of Propaganda for Nicolae Carpathia,He is a military advisor,He is employed as a peace keeper,A,medium,false,
Literature,"As the novel Nicolae ends, which 2 members of the Tribulation Force are unaccounted for?",Amanda and Buck,Chloe and Amanda,Chloe and Rayford,Chloe and Buck,B,medium,false,
Literature,Who are Dr. Malones new friends in The Amber Spyglass?,Gallevespians,Tualapi,Consistorial Court,Mulefa,D,medium,false,
Literature,"What role will Dr. Malone play in Lyras destiny, in The Amber Spyglass?",Adam,The Serpent,Eve,God,B,medium,false,
Literature,"In the novel The Amber Spyglass, Father Gomez was sent by the Consistorial Court to guide Lyra to Dr. Malone.",False,True,,,A,medium,false,
Literature,Who are Lyra and Wills new guardians in The Amber Spyglass?,Chevalier Tialys and Lady Salmakia,Dr. Malone and Father Gomez,Serafina Pekkala  and Ruta Skadi,Iorek Byrnisen and Lee Scoresby,A,medium,false,
Literature,How does Lyra betray Pantalaimon in the book The Amber Spyglass?,She gives him to Mrs. Coulter to fight Lord Asriel.,She travels to the land of the dead without him.,She gives him to Lord Asriel to fight Metatron.,She has him severed from her.,B,medium,false,
Literature,Which character of the book The Amber Spyglass sacrifices his/her life to save Lyra?,Lord Asriel,Both Lord Asriel and Mrs. Coulter,Neither of them,Mrs. Coulter,B,medium,false,
Literature,How does Dr. Malone tempt Lyra in The Amber Spyglass?,With Stories of Love,With Stories Of Strength,With Stories of Power,With Stories of Knowledge,A,medium,false,
Literature,Which character of the novel The Amber Spyglass calls Lyra to the Land of the Dead?,Roger,John Parry,Lee Scoresby,Stanislaus Gruuman,A,medium,false,
Literature,What/who helps Lyra and Will get onto the boat of the dead in The Amber Spyglass?,Her death,Her father,Her daemon,Her angel,A,medium,false,
Literature,How do Lyra and Will bring an end to death in The Amber Spyglass?,They open a door to a new world for the dead to escape.,They discover the fountain of everlasting life.,They seal the doorway to the land of the dead forever.,They destroy the boatsmen to the land of the dead.,A,medium,false,
Literature,What is the price the dead must pay for the Harpys guidance in The Amber Spyglass?,A kiss,True stories of their life,Two silver pieces; one for each eye,Their soul,B,medium,false,
Literature,Who does Lyra inadvertently destroy in The Amber Spyglass when trying to help him?,The Authority,Balthamos,Metatron,Baruch,A,medium,false,
Literature,Do Lyra and Will end up together at the end of The Amber Spyglass?,No,Yes,,,A,medium,false,
Literature,What final form does Pantalaimon take at the end of The Amber Spyglass?,A pine marten,an ermine,A cat,A hummingbird,A,medium,false,
Literature,"What was the code name of the former head of the British Secret Service, who died of a heart attack a year prior to the events outlined in the book Tinker, Tailor, Soldier, Spy?",Chief,M,Control,C,C,medium,false,
Literature,"In the novel Tinker, Tailor, Soldier, Spy, what was the name of the Operation launched by the former Head of the British Secret Service in a desperate attempt to root out the traitor in the Service?",Testify,Eagle,Vengeance,Witchcraft,A,medium,false,
Literature,"What does the phrase Tinker, Tailor, Soldier, Spy refer to in the novel of the same name?",code names for the British Intelligence Officers suspected of being the traitor,a pass phrase used to identify friendly agents.,an encryption key used to decipher intelligence material,names of safe-houses used by the British Secret Service.,A,medium,false,
Literature,"Central to the plot of the novel Tinker, Tailor, Soldier, Spy is the fact that the New Head of the Service, Percy Alleline has come across a source supplying Soviet Intelligence. The name of the Intelligence supplied is codenamed Witchcraft, but what is the codename of the source supplying it?",Gandalf,Witch of the East,Genie,Merlin,D,medium,false,
Literature,"Is it true that in the novel Tinker, Tailor, Soldier, Spy, the name of the Soviet spymaster running the Mole is Karlov?",No,Yes,,,A,medium,false,
Literature,What is wrong with Meggies mother in the novel Inkspell?,She cannot hear.,She became mute.,She is mentally disable.,She is retarted.,B,medium,false,
Literature,What is Meggies mothers name in the book Inkspell?,Diane,Sally,Resa,Jenny,C,medium,false,
Literature,"In the novel Inkspell, what animal always goes around with the black prince?",A tiger,A dog,A bear,A snake,C,medium,false,
Literature,"In the book Inkspell, whose house do Meggie and her parents live in?",A house that they own,Meggies aunts house,Meggies uncles house,Elinors house,D,medium,false,
Literature,What does Farid secretly call Orpheus in the book Inkspell?,Moonhead,Junkface,Cheeseface,Fatty,C,medium,false,
Literature,What is Capricorns mothers name in the book Inkspell?,Julie,Tori,Mortola,Meggie,C,medium,false,
Literature,What is the name of the famous tight rope walker described in the novel Inkspell?,Sheer-Pearl,Cloud-Dancer,Billy,Ravenclaw,B,medium,false,
Literature,What does Inkspell character Dustfinger call Meggies father?,Smelly,Silvertongue,Killertongue,Bigfoot,B,medium,false,
Literature,Who is the author of the novel Inkspell?,Frank Baum,Cornelia Funke,Judy Blume,Clive Barker,B,medium,false,
Literature,"Jules Verne is often referred to as the Father of Science Fiction, along with what other author?",George Orwell,Charles Dickens,William Golding,H.G. Wells,D,medium,false,
Literature,"When he was twelve, Jules Verne crept onto a ship that was bound for India, and was caught and whipped by his father. What famous phrase did Jules Verne say after that?","This shall not stop me, for it is pain that makes man grow stronger.","You shall be sorry for this one day, father.","Being curious really, really hurts.",I shall from now on only travel in my imagination.,D,medium,false,
Literature,"What language did Jules Verne study at the boarding school at the Saint Donatien College, where he was sent at the age of nine?",Greek,English,Latin,Spanish,C,medium,false,
Literature,What did Jules Verne study in Paris after completing his studies at the Lyceum?,Medicine,Zoology,Law,Mathematics,C,medium,false,
Literature,With what great French writer did Jules Verne establish a close friendship?,"Alexandre Dumas, Sr.",George Sand,Stendhal,Alexandre Chatrian,A,medium,false,
Literature,"This novel by Jules Verne, often called his lost novel, was written in 1863 and published for the first time in 1994. It tells the story of a young man who lives in a highly technologically advanced world.",The Will of an Eccentric,Paris in the 20th Century,Back to the Future,The Flight to France,B,medium,false,
Literature,What was the reason for Jules Vernes permanent limp with his left leg?,He was shot.,He tripped in his cat and broke his leg.,He fell down a staircase.,He was born with it.,A,medium,false,
Literature,"Jules Vernes publisher, Pierre-Jules Hetzel suggested that Verne make what kind of major changes in all of his works?",Employing more female characters,Using shorter sentences.,Introducing a more optimistic tone,Simplifying his statements,C,medium,false,
Literature,Which of these inventions did Jules Verne predict in his novels written in the 19th century?,Air conditioning,Jukeboxes,The Internet,All of these,D,medium,false,
Literature,What novel by Jules Verne was used as a base for a 2008 3-D science fiction movie directed by Eric Brevig?,From the Earth to the Moon,Twenty Thousand Leagues Under the Sea,Off on a Comet,Journey to the Center of the Earth,D,medium,false,
Literature,What do the initials T. S. stand for in the name of the famous poet T. S. Eliot?,Tory Saunders,Terry Stephens,Theodore Sallings,Thomas Stearns,D,medium,false,
Literature,T. S. Eliot was the last of 6 children surviving. How old were his parents when he was born?,44,28,33,38,A,medium,false,
Literature,"T. S. Eliots father, who came from a prominent New England family, was on the Board of Directors of Washington University. He was also a Chairman at Hydraulic-Press Brick Company in St. Louis, a successful business man and a chemist. He married Eliots mother in 1868. What was her occupation?",A homemaker,A chemist and a painter,A poet and a social worker,A music teacher at Washington University,C,medium,false,
Literature,"T. S. Eliot attended this prestigious Ivy League college, editing its literary magazine with Pulitzer- winning poet Conrad Aiken.",Dartmouth,Harvard,Duke,Yale,B,medium,false,
Literature,"While a doctoral student, T. S. Eliot studied Buddhism and Indic philology, learning Sanskrit and Pāli to read the religious texts. What languages did Eliot study/learn in prep school and college?",Latin and Greek,"German, Polish, Russian","Latin, Greek, French, and German","Spanish, Italian, Latin",C,medium,false,
Literature,"In April 1915, T. S. Eliot met  Vivienne Haigh-Wood, a governess in Cambridge. They were married on 26 June 1915. Where were they married?",At the Eliot family church outside of Boston,At Eliots family home in St. Louis,In a local register office,At a church in Oxford,C,medium,false,
Literature,"After marriage, T. S. Eliot gave up writing his dissertation, and never received his PhD.",True,False,,,B,medium,false,
Literature,"After leaving college in Oxford, T. S. Eliot took a teaching job at Highgate School. There he taught this future British Poet Laureate, documentarian of Metro-land, and self-described poet and hack.",Scofield Thayer,James Joyce,Collin Brooks,Sir John Betjeman,D,medium,false,
Literature,"While a student at Harvard, T. S. Eliot befriended this Spanish-born philosopher, essayist, poet, and novelist who wrote in Reason in Common Sense, Those who cannot remember the past, are condemned to repeat it.",Ezra Pound,Bertrand Russell,Alexis de Tocqueville,George Santayana,D,medium,false,
Literature,What famous poem by T. S. Eliot was considered offensive and upsetting because of its opening lines describing the dusky sky as a patient etherised upon a table.?,The Hollow Men,The Love Song of J. Alfred Prufrock,The Waste Land,The Cocktail Party,B,medium,false,
Literature,"First published in 1915, this poem by T. S. Eliot portrays upper class society as quite empty and lonely. Its epigraph is from Marlowes The Jew of Malta- ...but that was in another country, / And besides, the wench is dead.",Portrait of a Lady,The Love Song of J. Alfred Prufrock,Sweeney Among the Nightingales,The Hollow Men,A,medium,false,
Literature,"In 1920, T. S. Eliot published the collection Poems. It included the poem Gerontion. What famous phrase, often used to describe espionage and counter-intelligence, comes from this poem?",a tumid river,three trees against a low sky,wilderness of mirrors,this was all folly,C,medium,false,
Literature,"In his book Lies and the Lying Liars Who Tell Them, Al Franken refers to this radio talk show host as a Big Fat Idiot.",Sean Hannity,Ed Schultz,Rush Limbaugh,Bill OReilly,C,medium,false,
Literature,"In his book Lies and the Lying Liars Who Tell Them, Franken writes that these two words are Bill OReillys answer to any intelligent liberal comment.",wrong again,dream on,no chance,shut up,D,medium,false,
Literature,"Al Franken is critical of this veteran news journalist, famous as managing editor of the Fox News Channel.",Brit Hume,Rupert Murdoch,Tony snow,Fred Barnes,A,medium,false,
Literature,"Who is Al Franken talking about when he says, He had us all supporting him and united after 9/11 and then he created a war in Iraq and he will never really have Mission Accomplished?",George W. Bush,Dick Cheney,Rush Limbaugh,Bill Clinton,A,medium,false,
Literature,Why did Al Franken choose to run as a Democrat according to Franken himself?,Ann Coulter will never say she likes me again.,They care more about the poor than the Republicans,Rush is a Republican.,Paul Wellstone would have wanted me to do that.,B,medium,false,
Literature,"What is the name of the church that Rayford Steele, Chloe Steele, Buck Williams and Bruce Barnes are members of in the second novel in the Left Behind series?",New Hope Christian Church,Hope Christian Church,New Beginnings Church,New Hope Village Church,D,medium,false,
Literature,Who coined the name Tribulation Force for the group portrayed in the second book of the series Left Behind?,Rayford,Bruce,Chloe,Buck,C,medium,false,
Literature,Fictional characters Both Buck and Rayford go to work for Nicolae Carpathia in Tribulation Force.,False,True,,,B,medium,false,
Literature,Hattie Durham becomes romantically involved with which character in Tribulation Force?,Ken Ritz,Nicolae,Rayford,Buck,B,medium,false,
Literature,"One of the most interesting characters introduced in Tribulation Force is Rabinnacal Scholar Tsion (pronounced Zee-own) Ben-Judah, who made a startling announcement to the whole world that put him and his family in jeopardy. What was his announcement?",He believed Jesus was the promised Messiah.,He believed Nicolae was the Messiah promised in the Torrah.,He believed Nicolae was the Anti-Christ.,He believed Nicolae would unite the world into a glorious utopia.,A,medium,false,
Literature,Both Rayford and his daughter Chloe are married in Tribulation Force,False,True,,,B,medium,false,
Literature,The American Military moves against Nicolae in the book Tribulation Force,False,True,,,B,medium,false,
Literature,"Nicolae Carpathia, the main antagonist in the Left Behind series, institutes a one-world religion.",True,False,,,A,medium,false,
Literature,What stunning announcement does Hattie make near the end of Tribulation Force?,Her and Nicolae are getting married.,She is pregnant with Rayfords child.,She is pregnant with Nicolaes child.,She is becoming a Christian.,C,medium,false,
Literature,Which member of the Tribulation Force dies at the end of the self-titled novel?,Buck,Bruce,Chloe,Rayford,B,medium,false,
Literature,What was Dick Franciss profession before he became a writer?,Jockey,Pharmacist,Bookmaker,Accounting clerk,A,medium,false,
Literature,What was the first novel Dick Francis wrote?,Nerve,Second Wind,Bolt,Dead Cert,D,medium,false,
Literature,In what novel by Dick Francis does the popular character Sid Halley first appear?,Blood Sport,Odds Against,Flying Finish,For Kicks,B,medium,false,
Literature,"Sid Halley, the protagonist of several novels by Dick Francis, is disabled. What is the nature of his disability?",He is deaf.,He has only one hand.,He is a paraplegic.,He is blind.,B,medium,false,
Literature,Only two Dick Francis characters appear as the protagonist of more than one book. Sid Halley is one of them. Who is the other?,Kit Fielding,William Derry,David Cleveland,Andrew Douglas,A,medium,false,
Literature,What is the profession of Charles Todd in the novel In the Frame?,Pilot,Painter,Architect,Jockey,B,medium,false,
Literature,How many non-fiction books did Dick Francis write in the 20th century?,three,two,five,none,B,medium,false,
Literature,Why didnt Dick Francis win the 1956 Grand National when he was a jump jockey for the Queen Mother?,He didnt ride in it.,He fell off.,His horse fell.,It wasnt held that year.,C,medium,false,
Literature,What was the popular rumor that circulated about Dick Franciss books?,He paid a ghostwriter to write them.,His son wrote them.,His wife wrote them.,They contained subliminal messages.,C,medium,false,
Literature,What did Dick Francis do after the death of his wife?,He began training racehorses.,He began collaborating with his older son Merrick.,None of these,He began collaborating with his younger son Felix.,D,medium,false,
Literature,"The members of the Pretty Committee, described in the novel The Clique, get kicked out of school.",False,True,,,B,medium,false,
Literature,Kristen Gregory from the book The Clique is rich and always wears designer clothes.,False,True,,,A,medium,false,
Literature,"In the novel The Clique, what school do the members of the Pretty Committee go to?",DDR,OCD,WHMS,CCD,B,medium,false,
Literature,Who is the Pretty Committees second in command in the book The Clique?,None of these,Massie,Dylan,Alicia,C,medium,false,
Literature,Who comes back with Alicia from Spain in Lisi Harrisons The Clique?,Spencer,Nina,None of these,Jose,B,medium,false,
Literature,What movie does The Clique character Claire get a part in?,Dial P for Popular,Dial D for Dead,Dial L for Loser,Dial A for Alive,C,medium,false,
Literature,The Clique protagonist Massie Block has a pet in the book.,False,True,,,B,medium,false,
Literature,"Call me Ishmael. With the above line, the narrator of this 1851 novel by Herman Melville laconically introduces himself in the very first sentence, making it one of the best-known opening sentences in English literature.",Mardi: And a Voyage Thither,Moby-Dick,Redburn,The Confidence-Man,B,medium,false,
Literature,"There were four of us. This is the beginning of a humorous story of 1889 by Jerome K. Jerome, which has some real-life characters and was initially intended to be a serious work, but ended up one of the most successful comedy books, with a humour that has proven to be fresh and witty even nowadays.",The Diary of a Pilgrimage,They and I,The Idle Thoughts of an Idle Fellow,Three Men in a Boat,D,medium,false,
Literature,"It was a pleasure to burn. This popular novel by Ray Bradbury, depicting a fictional world of the near future, is in fact an indirect condemnation of the present and a considerate warning about the forthcoming fate of human society.",Vanity Fair,The Good Life,Fahrenheit 451,The Martian Chronicles,C,medium,false,
Literature,"No one would have believed, in the last years of the nineteenth century, that human affairs were being watched keenly and closely by intelligences greater than mans and yet as mortal as his own; that as men busied themselves about their affairs they were scrutinized and studied, perhaps almost as narrowly as a man with a microscope might scrutinize the transient creatures that swarm and multiply in a drop of water. This is the beginning of this Herbert Wells intense and suspenseful novel, where the existence of the world and human kind has been put in jeopardy.",Little Wars,The Invisible Man,The Chronic Argonauts,The War of the Worlds,D,medium,false,
Literature,"It was the best of times, it was the worst of times. is the beginning of this famous Dickens historical novel, concerning the French Revolution and dealing with some timeless moral issues, such as guilt, treachery and patriotism.",Great Expectations,David Copperfield,Nicholas Nickleby,A Tale of Two Cities,D,medium,false,
Literature,"It can hardly be a coincidence that no language on Earth has ever produced the expression as pretty as an airport. As is typical for author Douglas Adams, this 1988 detective novel begins with a humorous and unusual line, grabbing attention from the very first sentence.",The Long Dark Tea-Time of the Soul,The Hitchhikers Guide to the Galaxy,"Life, the Universe and Everything",The Restaurant at the End of the Universe,A,medium,false,
Literature,"If you really want to hear about it, the first thing youll probably want to know is where I was born, and what my lousy childhood was like, and how my parents were occupied and all before they had me, and all that David Copperfield kind of crap, but I dont feel like going into it, if you want to know the truth. Being one of the most controversial and widely disputed literary works of the 20th century, this novel by J. D. Salinger has been banned several times in the United States for inappropriate and immoral content.",The Catcher in the Rye,Franny and Zooey,The Laughing Man,The Adventures of Huckleberry Finn,A,medium,false,
Literature,"It is a truth universally acknowledged that a single man in possession of a good fortune must be in want of a wife. Name the famous Jane Austens novel, beginning with those words, concerning the problems of love and marriage, which was initially entitled First Impressions�?.",Pride and Prejudice,Lady Susan,Emma,Sense and Sensibility,A,medium,false,
Literature,"This happened in 1932, when the state penitentiary was still at Cold Mountain. And the electric chair was there, too, of course. In this Stephen King novel, these are the leading character and narrators first words of the story of his life, and the unusual encounter which changes it forever.",It,Insomnia,The Eyes of the Dragon,The Green Mile,D,medium,false,
Literature,"Happy families are all alike; every unhappy family is unhappy in its own way. Arguably the best of his works, Tolstoy severely criticizes the highest circles of Russian society through this tragic love story of two of its members, one of them being Alexei Vronsky.",Anna Karenina,A Confession,The Power of Darkness,Family Happiness,A,medium,false,
Literature,"Both in the year when Mark Twain was born and the year when he died, the Halleys Comet passed by Earth. -Mark borrowed his pseudonym from Mississippi riverboat terminology, where calling “mark twain�? marked safe water.",Don Novello,Samuel Langhorne Clemens,Charles Farrar Browne,Johann Kaspar Schmidt,B,medium,false,
Literature,"This romantic hero is a wealthy gentleman who at first feels superior to Elizabeth Bennet and ignores her. Later, however, he falls in love with her, which is a blow to his pride.",Colonel Forster,Paul Morel,Mr. Bingley,Mr. Darcy,D,medium,false,
Literature,"This literary character from the only novel of Emily Bronte is passionately and intensely in love with Cathrine Earnshow, but she marries someone else because of her desire for social advancement.",Edward Rochester,Arthur Morel,Heathcliff,Roger Chillingworth,C,medium,false,
Literature,"This literary character has an obssessive love affair with Mildred Rogers, a shallow and self-centerd woman he encounters in London.",Philip Carey,Dorian Gray,Nick Caraway,Atticus Finch,A,medium,false,
Literature,"This fictional hero falls in love with his employee, the governess Jane Eyre, but their wedding ceremony is interrupted by the announcement that he has a wife who lives in the attic of his manor, Thornfield Hall.",William Lucas,Fitzgerald Darcy,Edward Rochester,Edward Gardiner,C,medium,false,
Literature,This romantic hero is obsessed with the beautiful Fermina Daza. He waits more than 50 years for her husband to die and declares his love for her.,Pedro Tercero,Esteban Trueba,Juvenal Urbino,Florentino Ariza,D,medium,false,
Literature,"This mysterious literary hero acquired an immense wealth in order to win back his beloved Daisy, who had married Tom Buchanan.",Jordan Baker,George Wilson,Jay Gatsby,Nick Caraway,C,medium,false,
Literature,"This American officer, the literary creation of Ernest Hemingway, deserts World War I  and escapes to Switzerland with his beloved Catherine Barkley.",Nick Caraway,Frederic Henry,Jake Barnes,Nick Carter,B,medium,false,
Literature,"This romantic literary character loves passionately Estella, a beautiful girl, brought up by the cold, wealthy and eccentric Miss Havisham.",David Copperfield,Pip,Oliver Twist,Wilkins Micawber,B,medium,false,
Literature,This pragmatic and opportunistic literary hero is attracted by the pretty and coquettish Scarlett OHara.,Oliver Mellors,Rhett Butler,Angel Clare,Gerald O’Hara,B,medium,false,
Literature,"This literary character, depicted by the Victorian writer Thomas Hardy, escapes with Tess, the woman he loves, although she had committed a murder.",Philip Carey,Oliver Mellors,Angel Clare,Alec dUrberville,C,medium,false,
Literature,"In this novel the main character, Rodion Razkolnikov, who lives in St. Petersburg, murders an old pawnbroker and her younger sister, and later, gets overwhelmed by feelings of paranoia and self-loathing.",War and Peace,Ana Karenina,Sleeping Murder,Crime and Punishment,D,medium,false,
Literature,"In this novel, American millionaire Samuel Edward Ratchett is found stabbed to death during a journey. The case is investigated by detective Hercule Poarot, who is also among the passengers.",‘Fatal Vision’,‘Murder on the Orient Express’,‘Death Upon the Nile’,‘A Carribean Mystery’,B,medium,false,
Literature,"In the novel ‘A Study In Scarlet’, the word ‘RACHE’ is written in blood on the wall of a deserted house beside a dead body. Name the literary detective who investigates the case.",Sherlock Holmes,Drury Lane,Hercule Poirot,Perry Mason,A,medium,false,
Literature,"In this famous play Claudius murders his brother, the King of Denmark, and marries the widowed Queen Gertrude.",‘The Merchant of Venice’,King Lear,‘The Tempest’,Hamlet,D,medium,false,
Literature,"In this novel, private eye Philip Marlowe is arrested on suspicion of the murder of Terry Lenox’s wife. After Marlowe is released, he finds out that Terry Lenox, himself, has committed suicide in Mexico. When Marlowe gets home, he finds a cryptic note from Lenox and a $5000 bill.",‘The Purloined Letter’,‘The Moving Finger’,‘The Long Goodbye’,‘Playback’,C,medium,false,
Literature,"In this book, based on a true story, Truman Capote recounts the murders of Herb Clutter, a rich farmer from Kansas, his wife Bonnie, his sixteen-year-old daughter Nancy, and his fifteen-year-old son, Kenyon.",‘In Cold Blood’,‘The Glass Key’,‘The Moving Target’,‘Red Harvest’,A,medium,false,
Literature,"In this bestseller, based on a real case and written by Joe McGinnis, Jeffrey MacDonald is accused of killing his pregnant wife and two young daughters.",‘Red Harvest’,‘The Thin Man’,‘The Big Knockover’,‘Fatal Vision’,D,medium,false,
Literature,"This author wrote ‘The Road to Gandolfo’, a story in which the former General MacKenzie Hawkins makes up an outrageous plan to kidnap the Pope and to demand a ransom of $400 million – a dollar for every Catholic in the world.",Robert Ludlum,Daniel de Silva,Dan Brown,Michael Avallone,A,medium,false,
Literature,"This novel is narrated by the fictional character Frank Chambers, a drifter who stops at a roadside diner and meets ‘femme fatale’, Cora. After starting an affair, Cora and Frank murder Cora’s husband, Nick Papadakis, who is the owner of the diner.",‘Death in the Afternoon’,‘Woman in the Dark’,‘The Partridge Family’,‘The Postman Always Rings Twice’,D,medium,false,
Literature,"In this novel, written by Agatha Christie, the Banty family discover in their library the dead body of a young woman. Later, the remains of another dead girl are found in a nearby quarry. Which detective investigates the case?",Father Brown,Auguste Dupin,Miss Jane Marple,Hercule Poirot,C,medium,false,
Literature,How many works did Stephen King write under the pseudonym Richard Bachman?,5,3,6,4,C,medium,false,
Literature,"In the horror novel From a Buick 8, strange reptiles crawled out of the trunk of a car.",True,False,,,B,medium,false,
Literature,What is the name of Jacks werewolf friend in the novel The Talisman?,Wolf,Mike,Harry,Jojo,A,medium,false,
Literature,What was one of Randall Flaggs nicknames in Stephen Kings novel The Stand?,the running man,Mutimbo,el diablo,the walking dude,D,medium,false,
Literature,"In Stephen Kings novel The Girl Who Loved Tom Gordon, what position did Tom Gordon play for the Boston Red Sox?",relief picher,shortstop,catcher,right field,A,medium,false,
Literature,"In the novel Dolores Claiborne, what is the name of Dolores Claibornes daughter?",Selena Claiborne,Crystal Claiborne,Anita Claiborne,Selena St. George,D,medium,false,
Literature,What is the name of the mouse in the book The Green Mile?,Mr. Mousie,Mr. Bojangles,Mr. Delacroix,Mr. Jingles,D,medium,false,
Literature,"In which of the parts that Tolkien originally divided the book in do Aragorn, Gimli, and Legolas decide to go after Merry and Pippin in The Two Towers?",Seventh,Second,Third,First,D,medium,false,
Literature,"In the book Lord of the Rings: The Two Towers,  does Gollum ever decide to be on Frodos side?",Yes,No,,,B,medium,false,
Literature,"In the book, Lord of the Rings: The Two Towers, does Eowyn have romantic interest in Aragorn?",No,Yes,,,B,medium,false,
Literature,"Does Aragorn ever really have a doubt about his place on the throne of Gondor In the book, Lord of the Rings: The Two Towers?",No,Yes,,,A,medium,false,
Literature,"Is Wormtongue really sad when he sees the army of Uruk-Hai in the book, Lord of the Rings: The Two Towers?",Maybe,Yes,A little,Not in the least,D,medium,false,
Literature,"In the book, Lord of the Rings: The Two Towers, does Aragorn fall off of a cliff?",Yes,No,,,B,medium,false,
Literature,"Do the orcs ride wolves in the book, Lord of the Rings: The Two Towers?",Yes,No,,,A,medium,false,
Literature,"They hand in hand, with wandering steps  and slow, Through Eden took their solitary way is from a work by this author.",John Milton,James Joyce,Geoffrey Chaucer,William Shakespeare,A,medium,false,
Literature,The Diary of a Madman,Edgar Allan Poe,Allen Adler,Guy de Maupassant,Sheridan le Fanu,C,medium,false,
Literature,Servant of the Bones,Agatha Christie,Leo Tolstoy,Anne Rice,James Patterson,C,medium,false,
Literature,The Hellbound Heart,Clive Barker,Edgar Allan Poe,None of these,Richard Matheson,A,medium,false,
Literature,The Tell-tale Heart,Richard Christian Matheson,none of these,Edgar Allan Poe,Clive Barker,C,medium,false,
Literature,The Talisman; Black House,Peter Straub,Both,Neither,Stephen King,B,medium,false,
Literature,As I Lay Dying,Mark Twain,Edgar Rice Burroughs,none of these,William Faulkner,D,medium,false,
Literature,Battlefield Earth,None of these,Henry Kissinger,Tom Robbins,Charles Beaumont,A,medium,false,
Literature,The Dunwich Horror; The Colour Out of Space; The Dream-Quest of Unknown Kadath,Lord Dunsany,Poppy Z. Brite,C.J. Cherryh,H.P. Lovecraft,D,medium,false,
Literature,The Devils Dictionary,Stephen King,Ambrose Bierce,Beelzebub,Truman Capote,B,medium,false,
Literature,The Doll Who Ate His Mother,Chucky,Ramsey Campbell,Clive Barker,Jack Kerouac,B,medium,false,
Literature,"Which Scottish poet, born in 1759, wrote the famous song Auld Lang Syne which goes like this: Should auld acquaintance be forgot, and never brought to mind? Should auld acquaintance be forgot, and auld lang syne.",Robert Burns,Walter Scott,Oscar Wilde,Bob Dylan,A,medium,false,
Literature,How old was the prominent English poet John Keats when he died in 1821?,26 years old,56 years old,46 years old,16 years old,A,medium,false,
Literature,Which one of these plays by English poet and playwright William Shakespeare is not a comedy?,Macbeth,A Midsummer Nights Dream,Loves Labours Lost,As You Like It,A,medium,false,
Literature,Which one of these poems was written by American Modernist poet T. S. Eliot and describes his feeling of depression and pessimism about society after World War I?,Childe Harold,The Times They Are a-Changin,The Hollow Men,The Road Not Taken,C,medium,false,
Literature,"This American poet, born in 1874, won the Pulitzer Prize four times and recited his poem The Gift Outright at the inauguration of U.S. President John F. Kennedy.",Robert Nesta Marley,Robert Louis Stevenson,Robert Frost,Robert Burns,C,medium,false,
Literature,"Which Anglo-Scottish poet, author of Childe Harolds Pilgrimage, died in Greece where he participated in the fight for the countrys independence?",Oscar Wilde,George Gordon Byron,William Blake,Walt Whitman,B,medium,false,
Literature,Which famous work by American poet Henry W. Longfellow was based on the legends of the Ojibway Indians?,Paul Reveres Ride,The Evening Star,The Song of Hiawatha,Evangeline,C,medium,false,
Literature,Which Norwegian band used William Blakes influential poem The Marriage of Heaven and Hell as lyrics for their 1998 album Themes from William Blakes The Marriage of Heaven and Hell?,Immortal,Isengard,Ulver,Dimmu Borgir,C,medium,false,
Literature,Which one of these poems from Walt Whitmans masterpiece collection Leaves of Grass was dedicated to U.S. President Abraham Lincoln?,O Captain! My Captain!,Out of the Cradle Endlessly Rocking,Song of Myself,I Sing the Body Electric,A,medium,false,
Literature,The title of the 2004 movie Eternal Sunshine of the Spotless Mind was taken from the poem Eloisa to Abelard written by which English poet?,Percy Bysshe Shelley,Edgar Allan Poe,Alfred Tennyson,Alexander Pope,D,medium,false,
Literature,"And Richard Cory, one calm summer night, Went home and put a bullet through his head.",Edwin Arlington Robinson,Randall Jarrell,John Berryman,Luke Havergall,A,medium,false,
Literature,"From my mothers sleep, I fell into the State. I hunched in its body till my wet fur froze. Sis miles from earth, loosed from its dream of life... When I died they washed me out of the turret with a hose.",Wallace Stevens,Randall Jarrell,John Crowe Ransom,Robinson Jeffers,B,medium,false,
Literature,Success is counted sweetest by those who never succeed. To comprehend a nectar requires the sorest need.,Hilda Doolittle,Gertrude Stein,None of these,Emily Dickinson,D,medium,false,
Literature,"A heap of broken images, where the Sun beats... I will show you fear in a handful of dust.",T.S. Eliot,Gertrude Stein,Ezra Pound,Allen Ginsberg,A,medium,false,
Literature,"I spit upon this dreadful bankers grave who shot his heart out in a Florida dawn O ho alas alas When will indifference come, I moan  rave Id like to scrabble till I got right down away down under the grass",Philip Booth,None of these,John Berryman,Hart Crane,C,medium,false,
Literature,"I saw a man pursuing the horizon; Round and round they sped. I was disturbed at this; I accosted the man. It is futile, I said. You can never — You lie, he cried, And ran on.",Stephen Crane,Walt Whitman,Denise Levertov,Robert Lowell,A,medium,false,
Literature,"I have gone out, a possessed witch, haunting the black air, braver at night; dreaming evil, I have done my hitch over the plain houses, light by light: lonely thing, twelve-fingered, out of mind.",Gwendolyn Brooks,Sylvia Plath,Anne Sexton,Emily Dickinson,C,medium,false,
Literature,"I was ten when they buried you. At twenty I tried to die And get back, back, back to you. I thought even the bones would do. But they pulled me out of the sack, And they stuck me together with glue. And then I knew what to do. I made a model of you,",Joyce Carol Oates,Anne Sexton,June Jordan,Sylvia Plath,D,medium,false,
Literature,In which book by Mark Twain is Jim a major character?,The Celebrated Jumping Frog of Calaveras County,Huckleberry Finn,The Adventures of Tom Sawyer,Puddnhead Wilson,B,medium,false,
Literature,In which novel does the evil Injun Joe appear?,The Adventures of Tom Sawyer,A Connecticut Yankee in King Arthurs Court,The Man That Corrupted Hadleyburg,Letters From the Earth,A,medium,false,
Literature,In which work by Mark Twain do we find Adam and Eve writing their diaries?,Innocents Abroad,The Mysterious Stranger,Letters from the Earth,The Gilded Age,C,medium,false,
Literature,Which story features a character named Jim Smiley who was responsible for one of the tallest tales of the Old West?,Roughing It,Innocents Abroad,The Celebrated Jumping Frog of Calaveras County,At Adams Tomb,C,medium,false,
Literature,Sir Boss is the protagonist of which novel?,A Connecticut Yankee in King Arthurs Court,Letters from the Earth,Roughing It,The Prince and the Pauper,A,medium,false,
Literature,Aunt Polly is a character from which book?,Roughing it,Life on the Mississippi,Huckleberry Finn,The Adventures of Tom Sawyer,D,medium,false,
Literature,In which novel did Mark Twain- Special Travelling Correspondent of the Alta appear?,The Innocents Abroad,Life on the Mississippi,The Damned Human Race,The Gilded Age,A,medium,false,
Literature,In this novel we find Cal Higbie and Mark Twain celebrating the curious time when the two were millionaires for ten days?,Life on the Mississippi,Innocents Abroad,The Gilded Age,Roughing It,D,medium,false,
Literature,In which novel do the Duke and the King do their best to swindle god-fearin folk?,A Connecticut Yankee in King Arthurs Court,Huckleberry Finn,A Tramp Abroad,The Mysterious Stranger,B,medium,false,
Literature,In which story does Danl Webster appear as a leading character?,The Celebrated Jumping Frog,The Prince and the Pauper,Innocents Abroad,Letters from the Earth,A,medium,false,
Literature,"This history play by Shakespeare, focusing on a kings Machiavellian rise to power and subsequent reign of terror, contains the following exchange: No beast so fierce but knows some touch of pity. But I know none, and therefore am no beast.",Henry V,Julius Caesar,Richard III,King John,C,medium,false,
Literature,"This pastoral comedy contains one of Shakespeares most quoted monologues, which opens with the lines, All the worlds a stage, And all the men and women merely players.",The Winters Tale,The Merry Wives of Windsor,As You Like It,A Midsummer Nights Dream,C,medium,false,
Literature,Dying is an art like everything else. I do it so it feels like hell. I do it so it feels real.,Gregory Corso,Anne Sexton,Emily Dickenson,Sylvia Plath,D,medium,false,
Literature,"I saw the best minds of my generation destroyed by madness, starving, hysterical, naked",Maye Swenson,Allen Ginsburg,Gregory Orr,Lawrence Ferlenghetti,B,medium,false,
Literature,Preface to a Twenty Volume Suicide Note,Anne Sexton,Immamu Amiri Baraka,Sylvia Plath,Hart Crane,B,medium,false,
Literature,Penetrating a Fresh Abyss,"David Payne, Jr.",Robert Haas,Robert Frost,Edgar Allan Poe,A,medium,false,
Literature,This is the way they ring the bells in Bedlam,Theodore Roethke,Anne Sexton,T.S. Eliot,Dylan Thomas,B,medium,false,
Literature,Why talk of beauty? What could be more beautiful than these heroic happy dead who rushed like lions to the roaring slaughter? They did not stop to think--they died instead. Then shall the voice of liberty be mute?,None of these,Allen Ginsberg,E. E. Cummings,Sharon Olds,C,medium,false,
Literature,"In the desert I saw a creature naked, bestial. Squatting on the ground he held his heart in his hands and ate of it. I asked Is it good, friend? It is bitter--bitter he replied but I like it because it is bitter and because it is my heart.",Stephen Crane,William Carlos Williams,Elizabeth Bishop,Hilda Doolittle,A,medium,false,
Literature,We are the hollow men. We are the stuffed men. Leaning together-- headpiece filled with straw--alas! Our dried voices when we whisper together are meaningless as wind in dry grass or rats feet over broken glass in our dry cellar....This is the way the world ends not with a bang but a whimper.,T.S. Eliot,June Jordan,Robert Penn Warren,Stephen King,A,medium,false,
Literature,The Book of Nightmares,Galway Kinnel,Gary Snyder,David Bottoms,James Tate,A,medium,false,
Literature,"In the novel Twilight, Bellas dad Charlie buys her an old Chevy truck as a homecoming gift. What colour is it?",Blue,Silver,Black,Red,D,medium,false,
Literature,"Though it is girls choice, who asks Bella to the spring dance in the book Twilight?",Tyler Crowley,Mike Newton,Eric Yorkie,All of these,D,medium,false,
Literature,"In the book Twilight, Edward says he is 17, but admits he has been 17 for a while. In what year was he actually born?",1917,1901,1801,1918,B,medium,false,
Literature,"Bella, the protagonist of the novel Twilight, is tracked by a vampire intent on killing her. What is his name?",Laurent,George,John,James,D,medium,false,
Literature,"In the novel Twilight, Jasper is the newest member of the Cullen family and the last to adopt their vegetarian diet.",False,True,,,B,medium,false,
Literature,"During his round of questions in the novel Twilight, Edward asks Bella what her favourite gemstone is, to which she immediately answers Topaz, the colour of Edwards eyes. Until recently she would have given a different answer. What did her favourite gemstone use to be?",Ruby,Onyx,Amethyst,Garnet,D,medium,false,
Literature,"In chapter 6 of the novel Twilight, Mike Newton organises a beach trip to this beach.",First Beach,Forks Beach,Forrest Beach,La Push Beach,A,medium,false,
Literature,"In the novel Twilight, Carlisle found Edward whilst working in a hospital in Chicago. What was Edward dying of?",Tuberculosis,Spanish Influenza,Typhoid Fever,Scarlet Fever,B,medium,false,
Literature,What game do the Cullens play in the thunderstorm in the novel Twilight?,Basketball,Football,Cricket,Baseball,D,medium,false,
Literature,"In the novel Twilight, who accompanied Bella, when she went to Phoenix to try escape the tracker?",Esme and Carlisle,Alice and Jasper,Edward and Carlisle,Rosalie and Emmett,B,medium,false,
Literature,"What American hero does Henry Wadsworth Longfellow write about in this poem: Through all our history, to the last, In the hour of darkness, and peril, and need, The people will waken and listen to hear The hurrying hoof-beats of that stead And the midnight message of?",Patrick Henry,Ethan Allen,Paul Revere,George Washington,C,medium,false,
Literature,"This poet, who is famous for his use of lowercase letters and word space, wrote the following: in Just- spring  when the world is mud luscious the little lamebaloonman whistles far and    wee.",e e cummings,A. E houseman,Carl Sandburg,T. S Elliot,A,medium,false,
Literature,"What is the name of this poem by Edna St. Vincent Millay: My candle burns at both ends; It will not last the night; But ah, my foes, and oh, my friends- It gives a lovely light!?",Candlelight,Friends and Foes,First Fig,Before Morning,C,medium,false,
Literature,"In 2008, EW.com asked readers for their choice for favorite author of the last 25 years. Which author received the most votes?",Nora Roberts,J. K. Rowling,John Grisham,Steven King,B,medium,false,
Literature,Lestat was made into a vampire by Marius.,False,True,,,A,medium,false,
Literature,In The Vampire Chronicles Akasha was known as the Mother of all Vampires,No,Yes,,,B,medium,false,
Literature,"What is the full name of Bastian, the main character in the book The Neverending Story?",Bastian Burrthar Buc,Bastian Benlazar Buz,None of these,Bastian Balzazar Bux,C,medium,false,
Literature,"In Michael Endes novel, The Neverending Story, Bastian stole The Neverending Story from Mr. Smith.",False,True,,,A,medium,false,
Literature,"Atreyu, one of the characters in the book The Neverending Story, is what kind of warrior?",Greenskin warrior,Orangeskin warrior,Blueskin warrior,Purpleskin warrior,A,medium,false,
Literature,"What is Ygramuls secrete in the fantasy novel, The Neverending Story?",It is afraid of fire.,It is an elfs servant.,"If direct sunlight hits it, it dies.",It has magic poison.,D,medium,false,
Literature,What kind of dragon is Falkor in Michael Endes novel The Neverending Story?,A Holy dragon,A Mystic dragon,A Luck dragon,A Moon-light dragon,C,medium,false,
Literature,"Where did Atreyus horse die in the fantasy novel, The Neverending Story?",in the Swamp of Misfortune,None of these,in the Swamp of Death,in the Swamps of Sadness,D,medium,false,
Literature,"In the book The Neverending Story, what kind of creature is Engywook?",Goblin,Gnome,Elf,Troll,B,medium,false,
Literature,"Uyulala, is a character in the novel The Neverending Story, that only speaks in rhymes.",True,False,,,A,medium,false,
Literature,How many wind giants are there in the book The Neverending Story?,5,3,4,2,C,medium,false,
Literature,What name does Bastian give to the Childlike Empress in The Neverending Story?,Moon Child,none of these.,Sun Child,Star Child,A,medium,false,
Literature,"This conservative, aristocratic poet and novelist was the pride of both Scotland and England. His martial poetry was an inspiration during war. What author of “Waverly” penned the following poem? Sound, sound the clarion, fill the fife! To all the sensual world proclaim, One crowded hour of glorious life Is worth an age without a name.",Rudyard Kipling,Sir Walter Scott,Thomas Carlyle,Thomas DeQuincy,B,medium,false,
Literature,"Who wrote these famous lines and in what poem can they be found? “Beauty is truth, truth beauty, That is all ye know on earth, And all ye need to know.",Shelly—Ozymandias,Shelly—To a Skylark,Keats—Ode to a Nightingale,Keats—Ode on a Grecian Urn,D,medium,false,
Literature,"He was a close friend of Wordsworth. He wrote “Kubla Khan” and the following lines from his most popular poem: The Mariner, whose eye is bright, Whose beard with age is hoar, Is gone; and now the Wedding-Guest Turned from the bridegroom’s door.",Coleridge,Keats,Carlyle,Sir Walter Scott,A,medium,false,
Literature,"He was a close friend of Byron and an incredibly popular singer, songwriter.  Which Irish entertainer and poet, who wrote the lyrics to “The Minstrel Boy,” wrote these lines as well? The Harp that once through Tara’s halls the soul of music shed, Now hangs as mute on Tara’s walls as if that soul were fled. So sleeps the pride of former days, so glory’s thrill is o’er, And hearts that once beat high for praise now feel that pulse no more.",Thomas Carlyle,Thomas Peacock,Thomas Campbell,Thomas Moore,D,medium,false,
Literature,"I weep for Adonais—he is dead! Oh, weep for Adonais! Though our tears Thaw not the frost which binds so dear a head! What poet wrote these elegiac lines from “Adonais” in memoriam to John Keats, who died of T.B. at the tender age of only 24 years?",William Wordsworth,Percy Bysshe Shelly,Lord Byron,William Blake,B,medium,false,
Literature,"Which of the following books, published in 1903, brought everlasting fame to Jack London?",White Fang,The Iron Heel,The Call of the Wild,The Sea-Wolf,C,medium,false,
Literature,"The life of which character, depicted by Jack London, resembles very much the authors life?",Martin Eden,Dick Forrest,Humphrey van Weyden,Wolf Larsen,A,medium,false,
Literature,"Which of the following novels by Jack London tells the story of the intellectual Humphrey van Weyden, who is forced to become a common seaman?",Burning Daylight,The Sea-Wolf,The Little Lady of the Big House,The Iron Hill,B,medium,false,
Literature,Which novel by Jack London depicts the rise of a fascist-like regime in America?,The Sea-Wolf,The Iron Heel,The Valley of the Moon,The Scarlet Plague,B,medium,false,
Literature,"What breed is the dog Buck, the protagonist in The Call of the Wild by Jack London?",St. Bernard/Collie mix,Wolf/Alaskan husky mix,St. Bernard/Wolf mix,Alaska Malamute/Alaskan husky mix,A,medium,false,
Literature,Which of the following tales is not part of the collection Children of the Frost (1902) by Jack London?,The Master of Mystery,Li-Wan the Fair,To Build a Fire,In the Forests of North,C,medium,false,
Literature,"In 1910 Jack London bought a ranch in Glen Ellen, California, and since then he began to write mostly to finance it.",True,False,,,A,medium,false,
Literature,"Which of the following novels played a decisive role in Jack Londons life according to his own words, and turned him to literature when he was only eight years old?",Henry Adamss Democracy,John Esten Cookes The Youth of Jefferson,Ouidas Signa,Louisa May Alcotts Little Men,C,medium,false,
Literature,The main story in The Little Lady of the Big House  (1916) by Jack London focuses on what?,The gold rush,A love triangle,The life of a widow,Human rights,B,medium,false,
Literature,"In Song of Susannah, Susannah is pregnant with whose baby?",Roland,Eddie,Oy,Jake,A,medium,false,
Literature,"Song of Susannah takes place mostly in our world, in New York and which other US State?",Maine,Colorado,Illinois,Maryland,A,medium,false,
Literature,"Once born, the child carried by Susannah/Mia was called what?",Stephen,Arthur,Mordred,Galahad,C,medium,false,
Literature,Jake and Father Callahan travel to New York of 1999 and store the Wizards Glass known as Black Thirteen in a deposit box under which famous building?,World Trade Center,Chrysler Building,Empire State Building,Trump World Tower,A,medium,false,
Literature,"In Song of Susannah, Roland and Eddie travel to New York of 1977 in an attempt to buy a plot of land from which man?","John Cullum, a retired businessman","Enrico Balazar, a gangster","Calvin Tower, a bookstore owner","Jack Andolini, a gangster",C,medium,false,
Literature,"While in Maine, Roland and Eddie hear that they are near the home of the author Stephen King, a name that interests them because of the link with which book in their possession?",The Stand,Desperation,Salems Lot,Hearts in Atlantis,C,medium,false,
Literature,"When he meets Stephen King, Roland the gunslinger hypnotises him.  What does Roland use to hypnotise people?",A bullet,A pendant in the shape of an eye,A watch,A pendulum,A,medium,false,
Literature,"While he has Stephen King hypnotised, Roland implants an instruction in the authors mind, what is it?",To collect a package from a location in New York City,To write an epic poem about Susan Delgado,To read Charlie the Choo-Choo,To continue writing the Dark Tower series of novels,D,medium,false,
Literature,"Jake and Father Callahan attempt to rescue Susannah from a restaurant in New York, where she is being held by the soldiers of The Crimson King. What is the name of the restaurant?",The Manhattan Restaurant of The Mind,The Dixie Pig,The Tower View,Mystic Pizza,B,medium,false,
Literature,"Susannah had left a scrimshaw ornament behind before she was taken into the restaurant, which gave Jake and Father Callahan hope when they found it.  What animal shape had the scrimshaw been carved into?",Bear,Crow,Turtle,Billy-Bumbler,C,medium,false,
Literature,Where was Edgar Allan Poe born?,England,Italy,Virginia,Massachusetts,D,medium,false,
Literature,What was Edgar Allan Poes first poem to be published?,The Raven,Eldorado,The Haunted Palace,A Dream Within A Dream,A,medium,false,
Literature,What branch of the military did Edgar Allan Poe enlist in?,Marines,Air Force,Coast Guard,US Army,D,medium,false,
Literature,What was Edgar Allan Poes only completed novel?,The Balloon Hoax,The Narrative of Arthur Gordon Pym of Nantucket,Eureka: A Pose Poem,The Philosophy of Composition,B,medium,false,
Literature,"What Edgar Allan Poe poem are the following lines from? Come up, in despite of the lion, To shine on us with her bright eyes. Come up, through the lair of the lion, with love in her luminous eyes.",The Bells,Lenore,Eldorado,Ulalume,D,medium,false,
Literature,Which of the following poems was not written by Edgar Allan Poe?,I Carry Your Heart With Me,Annabel Lee,The Raven,The City In The Sea,A,medium,false,
Literature,At what age did Edgar Allan Poe die?,60,30,80,40,D,medium,false,
Literature,What was the name of Edgar Allan Poes last book to be published?,Eureka,The Masque of the Red Death,The Pit and the Pendulum,Berenice,A,medium,false,
Literature,"The death penalty is the main theme of this poem by Oscar Wilde which contains the following often quoted lines: Yet each man kills the thing he loves By each let this be heard, Some do it with a bitter look, Some with a flattering word, The coward does it with a kiss, The brave man with a sword!",The Fisherman and his Soul,A House of Pomegranates,The Sphinx,The Ballad of Reading Gaol,D,medium,false,
Literature,What is the name of the main characters daemon in the novel The Golden Compass?,Prantolemon,Pantalaimon,Prentaleman,Pancedelamon,B,medium,false,
Literature,What is the mysterious substance that is being researched in the North by Lord Asriel in Phillip Pullmans book The Golden Compass?,Dust,Fairy Blood,Smoke,Glimmer,A,medium,false,
Literature,"In the novel The Golden Compass, the Master gives the main character an Alethiometer and instructs her to deliver it to Lord Asriel.",False,True,,,A,medium,false,
Literature,Who takes the main character of The Golden Compass as a personal assistant?,The Master,Lord Asriel,Mr. Scoresby,Mrs. Coulter,D,medium,false,
Literature,"In the book The Golden Compass, who is the main characters best friend that turns up missing?",Roger,Tony,Iorek,Billy,A,medium,false,
Literature,The story of the novel The Golden Compass begins in the fictional Jordan College in Oxford.,True,False,,,A,medium,false,
Literature,"In the novel The Golden Compass, are the main character and her friends often at war with the local children of Oxford?",No,Yes,,,B,medium,false,
Literature,"In The Golden Compass, what is Lyras daemons favorite form to sleep in?",Canary,Tiny Lion,Ermine,Moth,C,medium,false,
Literature,"In the novel The Golden Compass, what do the storytellers call those on the General Oblation Board?",The Skraelings,Gobblers,Panserbjorne,Oblates,B,medium,false,
Literature,Who is Lyras uncle in Philip Pullmans novel The Golden Compass?,Lord Asriel,The Librarian,Tony Makarios,The Master,A,medium,false,
Literature,"In the book The Golden Compass, can adult daemons change into any form they want?",No,Yes,,,A,medium,false,
Literature,In which English city was author Clive Barker born?,Manchester,London,Chester,Liverpool,D,medium,false,
Literature,"In Clive Barkers book Weaveworld, what is the name of the magical world which lies woven within a rug?",The Fugue,The Scourge,The Kingdom,The Ararat,A,medium,false,
Literature,"The novel Weaveworld was made into a comic series in 1991, published by which comic house?",Marvel Comics,Crossgen Comics,Epic Comics,D C Comics,C,medium,false,
Literature,What is the name of the magic sea in the book The Great and Secret Show?,Ataraxia,Quiddity,Aquaratine,Meritania,B,medium,false,
Literature,The 1987 movie Hellraiser was based upon the Clive Barker novella The Damnation Game.,False,True,,,A,medium,false,
Literature,"In the Hellraiser film series, what is the name of the puzzle-box used to open the gateway to the other world?",Midnight configuration,Lacrimal configuration,Lament configuration,Pandemonium configuration,C,medium,false,
Literature,"Complete the title of this Clive Barker novel, written as a fable for children: The Thief of _________.",Time,England,Baghdad,Always,D,medium,false,
Literature,Which Clive Barker novel tells a Hollywood ghost story?,Absolute Midnight,Everville,Tortured Souls,Coldheart Canyon,D,medium,false,
Literature,Clive Barker had his screenplay for the remake of the Japanese monster film Gojira rejected because it was too dark and disturbing.,True,False,,,A,medium,false,
Literature,This book that launched the Discworld series was first published in the U.K. in 1983.,Pyramids,The Light Fantastic,The Colour of Magic,Sourcery,C,medium,false,
Literature,"Which surly, jaded denizen of Ankh-Morpork, depicted by Terry Pratchett, is Commander of the Night Watch?",Fred Colon,Samuel Vimes,Mustrum Ridcully,Lord Vetinari,B,medium,false,
Literature,Which one of these is not a guild from the fictional city of Ankh-Morpork?,Sewer Workers Guild,Seamstresses Guild,Assassins Guild,Fools Guild,A,medium,false,
Literature,"In Terry Pratchetts Discworld series, Death once took over The Hogfathers job and attempted to deliver his version of holiday presents to all the children of Discworld, much like in Tim Burtons film, The Nightmare Before Christmas.",False,True,,,B,medium,false,
Literature,"Cohen the Barbarian, the greatest hero that Discworld has ever produced, is about 90 years old. He thinks that which one of these is not one of the greatest things in life?",Good dentistry,Hot water baths,A lovely bit of music,Soft lavatory paper,C,medium,false,
Literature,"What popular musical was parodied by Terry Pratchetts 18th Discworld book, Maskerade?",Oklahoma,Cats,The Sound of Music,The Phantom of the Opera,D,medium,false,
Literature,"Bloody Stupid Johnson, Discworlds famous dyslexic architect, is Terry Pratchetts version of Leonardo da Vinci.",True,False,,,B,medium,false,
Literature,"Discworld, the fictional planet on which Terry Pratchetts famous series of novels is set, is carried on the back of four great space elephants. What are the elephants standing on?",Four space mice,Nothing,"ATuin, the star turtle",The Milky Way,C,medium,false,
Literature,How many books of the Discworld series were published prior to 2007?,35,30,29,32,A,medium,false,
Literature,What pen name did Isaac Asimov use for his science fiction series for teenagers titled Lucky Starr?,Paul French,Ivan Efremov,Richard Philips,John Riverside,A,medium,false,
Literature,Isaac Asimov and these other two writers were considered the Big Three science-fiction writers during Asimovs lifetime.,Robert Heinlein and Frank Herbert,Robert A. Heinlein and Arthur C. Clarke,H. G. Wells and Arthur C Clarke,Frank Herbert and H.G. Wells,B,medium,false,
Literature,Which of these series was not written by Isaac Asimov?,Foundation series,Dune series,Galactic Empire series,Robot series,B,medium,false,
Literature,Isaac Asimov suffered from which of the following disorders?,fear of flying,claustrophobia,Frankenstein complex,agyrophobia,A,medium,false,
Literature,Which of these entries from the Oxford English dictionary is not a word created by Isaac Asimov?,robotics,cyberspace,positronic,psychohistory,B,medium,false,
Literature,What was the name of the first science fiction short story Isaac Asimov wrote?,Robbie,Liar!,Marooned Off Vesta,Cosmic Corkscrew,D,medium,false,
Literature,Which of these is not a science fiction novel co-written by Isaac Asimov and Robert Silverberg?,The Ugly Little Boy,Nightfall,The Shrouded Planet,The Positronic Man,C,medium,false,
Literature,In what genre of literature other than science fiction did Isaac Asimov write?,mystery,biography,historical fiction,horror,A,medium,false,
Literature,"This book penned by Isaac Asimov won the Hugo (1972), Nebula (1973) and Locus (1973) Awards for best science fiction novel.",The Caves of Steel,The Gods Themselves,The End of Eternity,Nemesis,B,medium,false,
Literature,What is the full name of English writer Terry Pratchett born in 1948?,Terry Joseph Pratchett,Terence Joseph Elias Pratchett,Terrance Dewar John Pratchett,Terence David John Pratchett,D,medium,false,
Literature,"What was the title of Terry Pratchetts first published work, a short story printed in his school magazine?",Night Dweller,Mort,The Carpet People,The Hades Business,D,medium,false,
Literature,Which of these books by Terry Pratchett does not belong to his Discworld series?,Feet of Clay,Guards! Guards!,The Unadulterated Cat,Equal Rites,C,medium,false,
Literature,What is fantasy writer Terry Pratchetts astrological sign?,Sagittarius,Libra,Leo,Taurus,D,medium,false,
Literature,"In Terry Pratchetts Discworld series, the lines of what  character are usually  typed in capital letters?",Samuel Vimes,Death,Magrat Garlick,Rincewind,B,medium,false,
Literature,When was Terry Pratchett appointed an Officer of the Order of the British Empire for services to literature?,1998,Never.,1963,2001,A,medium,false,
Literature,Which of these four books of Terry Pratchetts Discworld series was published first?,Soul Music,Pyramids,The Colour of Magic,Reaper Man,C,medium,false,
Literature,"Terry Pratchett supports this organization in many ways, one of which is fundraising by auctions where people bid money in order to get a Discworld character named after them in the writers next book.",Save the Newchurch Guinea Pigs,The Great Ape Project,The Shark Trust Organization,The Orangutan Foundation,D,medium,false,
Literature,Which British artist worked on the UK covers of Terry Pratchetts books of the Discworld series until 2001?,Frank Frazetta,Josh Kirby,Harry Clarke,Norman Rockwell,B,medium,false,
Literature,"What is the name of writer Terry Pratchetts daughter, born in 1976?",Mariah,Rhianna,Joan,Dorothy,B,medium,false,
Literature,How did Bilbo Baggins come across the One Ring in the novel The Fellowship of the Ring?,Gollum gives it to him after their riddles.,"When he gets lost in the goblins cave, he finds it in the dirt.",Thorin Oakenshield gave it to him as a gift after the Battle of Five Armies.,He found it in the dragons lair during his journey.,B,medium,false,
Literature,Tolkiens character Frodo was 33 when he left for Rivendell.,True,False,,,B,medium,false,
Literature,Which elf did the Hobbits talk to on their way to Bree in the novel The Fellowship of the Ring?,Glorfindel,Finarfin,Gildor,Gil-Galad,C,medium,false,
Literature,Which character helped Frodo and Sam rescue Merry and Pippin from the trees?,Beorn,Bard the Bowman,Barliman Butterbur,Tom Bombadil,D,medium,false,
Literature,"In the book The Fellowship of the Ring, Arwen was the elf that brought Frodo Baggins across the river into the land of Rivendell.",False,True,,,A,medium,false,
Literature,What was the name of the river that Glorfindel took Frodo Baggins across?,Bruinen,Baranduin,Isen,Anduin,A,medium,false,
Literature,24 October was the day that Tolkiens character Frodo awoke in Rivendell after his ailment.,True,False,,,A,medium,false,
Literature,It is stated in The Fellowship of the Ring that the emblems of Durin are wrought of ithildin that mirrors only starlight and moonlight.,False,True,,,B,medium,false,
Literature,What gift did Lady Galadriel give to Samwise Gamgee in The Fellowship of the Ring?,Three hairs from her golden head,Lembas bread,A wooden box with a silver rune,A dagger,C,medium,false,
Literature,"The Uruk-hai, which were described in The Fellowship of the Ring, could only run in the light of the moon.",True,False,,,B,medium,false,
Literature,Thorne Smiths Topper series consists of how many novels?,Four,Five,Two,Three,D,medium,false,
Literature,"In the Topper novels by Thorne Smith, who is Cosmo Topper?",A banker,An undertaker,A ghost,An accountant,A,medium,false,
Literature,Which of these best describes the plot line of the novel Turnabout by Thorne Smith?,A voodoo witch places a curse on a vain young man.,The husband and wifes bodies are magically interchanged.,A skeleton is returned to life.,A 17th century witch is transported to the 20th Century.,B,medium,false,
Literature,"In the novel The Glorious Pool by Thorne Smith, what happens to the middle-aged man, his wife, and his mistress?",They are made invisible by an alien.,"They are turned into a lion, a monkey and a donkey.",They become young again.,They die and become spirits.,C,medium,false,
Literature,The protagonist of which Thorne Smith novel has the ability to turn statues into living people?,The Glorious Pool,The Night Life of the Gods,Rain in the Doorway,Skin and Bones,B,medium,false,
Literature,"In the novel The Bishops Jaegers by Thorne Smith, what are the jaegers?",Animals,Paintings,Underwear,Communion wafers,C,medium,false,
Literature,Which of these is the most accurate description of plot line of Thorne Smiths novel Passionate Witch?,A witch is reborn as a man who seeks revenge on those who killed him.,A 17th Century witch is transported into the 20th Century.,A curse by a witch follows a elderly couple through life.,A living statue of Aphrodite complicates the life of a mild-mannered accountant.,B,medium,false,
Literature,In Night life of the Gods by Thorne Smith what object is responsible for the transformations that occur throughout the story?,A ring,A magic amulet,A voodoo doll,A magic wand,A,medium,false,
Literature,In which novel by Thorne Smith do all the main characters end up in court before a totally befuddled judge?,Nightlife of the Gods,Topper,The Glorious Pool,all of these,D,medium,false,
Literature,The main character of which novel by Thorne Smith is turned into a skeleton?,Skin and Bones,Bats in the Belfry,Topper Takes a Trip,Did She Fall?,A,medium,false,
Literature,"First published in 1915, this poem by T. S. Eliot portrays upper class society as quite empty and lonely. Its epigraph is from Marlowes The Jew of Malta- ...but that was in another country, / And besides, the wench is dead.",The Love Song of J. Alfred Prufrock,Portrait of a Lady,Sweeney Among the Nightingales,The Hollow Men,B,medium,false,
Literature,"William Shakespeare had two daughters and one son, named Susanna, Judith, and Hamlet.",True,False,,,B,medium,false,
Literature,"From what Shakespeare play did Aldous Huxley derive the title of his famous novel, Brave New World?",Richard III,The Winters Tale,A Midsummer Nights Dream,The Tempest,D,medium,false,
Literature,The popular Globe Theatre was owned by actors in what famous playing company of the Elizabethan age?,Shakespeares Troupe,The Burbage Players,King Jamess Merry Men,Lord Chamberlains Men,D,medium,false,
Literature,"Shakespeare died on April 23, 1616. What other famous author died on the same day?",Miguel de Cervantes Saavedra,Dante Alighieri,Ben Jonson,Christopher Marlowe,A,medium,false,
Literature,"What character from the play Hamlet made famous the line, Something is rotten in the state of Denmark!?",Horatio,Ophelia,King Claudius,Marcellus,D,medium,false,
Literature,"Which Shakespeare comedy contains the following lesser known characters:  Quince, Snug, Snout, Flute, Bottom, and Starveling?",As You Like It,Much Ado About Nothing,The Tempest,A Midsummer Nights Dream,D,medium,false,
Literature,"The drama, My Own Private Idaho, starring Keanu Reeves and the late River Phoenix, is adapted from this Shakespeare play.",Richard III,Henry IV,King John,Henry VI,B,medium,false,
Literature,For what role did Laurence Olivier win a Best Actor Oscar in 1948?,Richard III,Hamlet,Henry V,Othello,B,medium,false,
Literature,The famous Wedding March is incorporated in the music that German composer Felix Mendelssohn wrote in 1842 for what Shakespeare play?,Romeo and Juliet,King Lear,Much Ado About Nothing,A Midsummer Nights Dream,D,medium,false,
Literature,"What English poet wrote the poem In the Bleak Midwinter in which Snow had fallen, snow on snow, Snow on snow?",Elizabeth Barret Browning,Christina Rossetti,Robert Browning,Matthew Arnold,B,medium,false,
Literature,"What American Modernist poet wrote the poem The Snow Man, which opens with the lines, One must have a mind of winter To regard the frost and the boughs Of the pine-trees crusted with snow;?",Emily Dickinson,Ezra Pound,Walt Whitman,Wallace Stevens,D,medium,false,
Literature,Name the play by William Shakespeare in which the character Sir Andrew Aguecheek appears.,Twelfth Night,Alls Well That Ends Well,The Taming of the Shrew,Much Ado about Nothing,A,medium,false,
Literature,In which play by William Shakespeare is the character King Claudius introduced?,Henry VIII,Hamlet,The Tempest,King Lear,B,medium,false,
Literature,Shylock is a character depicted in this Shakespearean play.,The Taming of the Shrew,The Merchant of Venice,The Two Noble Kinsmen,Loves Labours Lost,B,medium,false,
Literature,Angelo is a character from this famous play by William Shakespeare.,As You Like It,Titus Andronicus,Measure for Measure,Macbeth,C,medium,false,
Literature,Iago is the antagonist of which play by William Shakespeare?,A Midsummer Nights Dream,The Comedy of Errors,Hamlet,Othello,D,medium,false,
